x_real,student_t_mean_real,student_t_std_pred_real,student_t_1sig_upper_real,student_t_1sig_lower_real,student_t_2sig_upper_real,student_t_2sig_lower_real,sample_0_real,sample_1_real,sample_2_real,sample_3_real,sample_4_real,sample_5_real,sample_6_real,student_t_mean_norm,student_t_std_pred_norm,student_t_1sig_upper_norm,student_t_1sig_lower_norm,student_t_2sig_upper_norm,student_t_2sig_lower_norm,sample_0_norm,sample_1_norm,sample_2_norm,sample_3_norm,sample_4_norm,sample_5_norm,sample_6_norm
0.07943282247242814,-0.0316196685363303,4.5249140372483995e-05,-0.03157441939595782,-0.031664917676702785,-0.03152917025558533,-0.03171016681707527,-0.021563093836096482,-0.026322922491223245,-0.016712849107145898,-0.031651410339342094,-0.02341832845268166,-0.03101478256063624,-0.0333243577524878,1.7735041693836646,0.0025379626930441134,1.7760421320767088,1.7709662066906204,1.7785800947697528,1.7684282439975765,1.677623875954284,1.928291474227228,1.859025433975127,1.7734659934405976,2.6554068950528524,1.237602679470087,2.0157458282977823
0.08132431905650853,-0.03162412660866416,4.431849295144548e-05,-0.03157980811571272,-0.03166844510161561,-0.03153548962276127,-0.03171276359456705,-0.021765231285322904,-0.02642292295113521,-0.017722544079276936,-0.03165582095676793,-0.023523992327863445,-0.03097073701788056,-0.03347867437068268,1.773754216592807,0.0024857639459401845,1.7762399805387472,1.771268452646867,1.7787257444846873,1.7687826887009268,1.693350311762817,1.935617029903325,1.9713371422730162,1.7737131255567005,2.6673881337344536,1.2358451020430463,2.0250802341301086
0.0832608569619369,-0.031626701111035854,4.3522282009057106e-05,-0.031583178829026795,-0.03167022339304491,-0.03153965654701774,-0.031713745675053966,-0.021953404827045633,-0.02651601948948483,-0.018819358983164922,-0.0316583524577827,-0.02362541245943835,-0.030924545716165038,-0.03362243461694629,1.773898616926575,0.0024411055579367734,1.7763397224845117,1.7714575113686382,1.7787808280424484,1.7690164058107014,1.7079903457401526,1.9424368372875351,2.09333948846897,1.7738549685556038,2.6788881738515498,1.2340019010256098,2.0337760991437204
0.08524350873658111,-0.03162735467375183,4.286335600934811e-05,-0.03158449131774248,-0.03167021802976118,-0.03154162796173313,-0.031713081385770524,-0.022125226853898085,-0.026601625046300783,-0.019943726778619945,-0.03165896101260829,-0.023722215717094607,-0.03087617192646832,-0.03375463633507795,1.7739352743697232,0.002404147295504121,1.7763394216652273,1.7715311270742191,1.7787435689607314,1.769126979778715,1.7213582203528393,1.9487078911725937,2.218406633842748,1.77388906660295,2.689864706116156,1.2320716107961769,2.0417728042504466
0.08727337246838893,-0.03162605196361523,4.234289240977089e-05,-0.03158370907120546,-0.031668394856025,-0.03154136617879569,-0.031710737748434775,-0.022278074453936102,-0.026679120554423827,-0.020984781208703274,-0.03165760203158594,-0.023814009644801067,-0.03082557841619033,-0.03387421729680112,1.7738622071313332,0.0023749552006280448,1.7762371623319613,1.7714872519307052,1.7786121175325893,1.7691122967300772,1.7332498712056885,1.954384841657647,2.334206558276332,1.7738129212873692,2.700273229894795,1.2300527456385244,2.049006096682596
0.08935157239356134,-0.031622753093671255,4.196016700618601e-05,-0.03158079292666507,-0.03166471326067744,-0.03153883275965888,-0.03170667342768363,-0.02240906982534384,-0.02674785343933593,-0.021752109225294095,-0.03165423015349214,-0.023900381612597832,-0.030772727442904213,-0.033980052114743566,1.7736771780064018,0.0023534886536841085,1.7760306666600858,1.7713236893527178,1.77838415531377,1.7689702006990335,1.743441403292111,1.9594198842529076,2.419558989205305,1.7736239909658047,2.710066957029942,1.227943799492485,2.055407903263256
0.09147925951920907,-0.03161736070574741,4.1712410519551095e-05,-0.03157564829522786,-0.03165907311626696,-0.031533935884708306,-0.03170078552678651,-0.022515081544767047,-0.026807140696188735,-0.02193749269152329,-0.03164879960170495,-0.023980900425244023,-0.030717580552190222,-0.0340709569960508,1.7733747263075523,0.0023395923295802044,1.7757143186371325,1.7710351339779722,1.7780539109667128,1.7686955416483918,1.7516891896713378,1.9637629852880492,2.4401798047556107,1.7733197107199343,2.7191969942447747,1.2257432378867847,2.06090661794601
0.09365761226083551,-0.03160982485305474,4.1589663775737837e-05,-0.031568235189279,-0.03165141451683048,-0.031526645525503265,-0.031693004180606214,-0.022595008221317534,-0.0268567460596202,-0.021404820479058694,-0.031641302123331654,-0.024055372332992847,-0.03066007837484178,-0.03414651019368567,1.7729520505873764,0.0023327076317953125,1.7752847582191718,1.770619342955581,1.777617465850967,1.7682866353237858,1.7579075413571386,1.967396837092032,2.380928914342193,1.7728996181304086,2.7276413722337307,1.2234486917740508,2.065476729816679
0.09588783709499979,-0.03160029194699521,4.1571362694400696e-05,-0.03155872058430081,-0.03164186330968961,-0.03151714922160641,-0.031683434672384006,-0.022651774342031864,-0.02689729545788206,-0.02047139661512115,-0.0316317999627494,-0.024124063840525695,-0.030600123068219617,-0.03420776660526912,1.772417362862124,0.00233168114905346,1.7747490440111775,1.7700856817130706,1.777080725160231,1.767754000564017,1.762323985499131,1.9703672921765487,2.277101093447353,1.7723672008233704,2.735430309992583,1.2210562568769507,2.0691820482214007
0.09817116922752188,-0.031588843065988664,4.1636444738884045e-05,-0.03154720662124978,-0.03163047951072755,-0.03150557017651089,-0.031672115955466436,-0.022688488115187363,-0.026929476892431362,-0.019378846633571086,-0.03162036235432941,-0.024187272083251242,-0.030537612104512474,-0.0342558814370192,1.7717752107100058,0.002335331512342708,1.7741105422223484,1.769439879197663,1.776445873734691,1.7671045476853204,1.7651803428887618,1.9727247502395928,2.1555731486565275,1.7717263380826056,2.7425974997387144,1.218561841962741,2.072092450039189
0.10050887327759882,-0.03157553876904098,4.17649326808578e-05,-0.03153377383636012,-0.03161730370172183,-0.03149200890367926,-0.031659068634402696,-0.022707989653678737,-0.02695394390373689,-0.01827180363839471,-0.03160705776974486,-0.0242452727326378,-0.030472442388446933,-0.03429194452400143,1.7710289908032306,0.0023425382261178435,1.7733715290293484,1.7686864525771129,1.7757140672554663,1.766343914350995,1.7666975763080313,1.974517086531887,2.0324330980677296,1.770980866457026,2.7491741998908967,1.215961333154874,2.0742738579354763
0.10290224397821154,-0.03156044252895916,4.1938320985710726e-05,-0.031518504207973454,-0.03160238084994487,-0.03147656588698774,-0.031644319170930586,-0.02271286966266544,-0.026971317000088018,-0.01723185657915877,-0.031591953936093355,-0.024298320469673746,-0.03040451023941628,-0.03431698316686306,1.770182263245149,0.0023522633401311583,1.77253452658528,1.7678299999050178,1.7748867899254113,1.7654777365648866,1.7670772444416114,1.9757897565245897,1.9167563501528195,1.7701345807760926,2.755189288755024,1.2132505932198727,2.075788411952374
0.10535260689321052,-0.03154361980401474,4.213984121884602e-05,-0.03150147996279589,-0.03158575964523359,-0.03145934012157705,-0.03162789948645243,-0.022705486644349824,-0.026982185021881235,-0.016300506744804055,-0.031575117853854945,-0.024346649422645132,-0.030333711373538564,-0.03433196482250806,1.7692386995011125,0.002363566335710317,1.7716022658368227,1.7668751331654022,1.7739658321725331,1.7645115668296918,1.7665028404206935,1.9765858958504021,1.8131592304221302,1.7691912351560248,2.7606693141637635,1.2104254608513836,2.0766946322640063
0.10786131915147663,-0.03152513572136633,4.235461136025562e-05,-0.031482781110006075,-0.031567490332726586,-0.03144042649864582,-0.03160984494408684,-0.02268798270630596,-0.026987106443667776,-0.015494543099249851,-0.031556615814694565,-0.02439047356983877,-0.03025994088561764,-0.03433779965408208,1.7682019524648014,0.002375612500609592,1.770577564965411,1.7658263399641918,1.7729531774660205,1.7634507274635822,1.765141021722096,1.976946415685357,1.7235092308117137,1.7681545439972912,2.765638539139104,1.2074817499503558,2.0770475734216878
0.11042977019856483,-0.031505054716634756,4.256969160112592e-05,-0.03146248502503363,-0.03154762440823588,-0.031419915333432503,-0.03159019409983701,-0.022662298053012724,-0.02698661061614586,-0.014816222696440609,-0.031536513419103435,-0.024429987107729895,-0.030183093231024888,-0.03433534294536712,1.767075636242481,0.0023876760585655283,1.7694633123010466,1.7646879601839156,1.771850988359612,1.7623002841253501,1.7631427376197373,1.9769100937312305,1.64805741089027,1.7670281829730798,2.770118983641197,1.204415248902056,2.076898970397428
0.11305938256624523,-0.03148344078149745,4.277407182466136e-05,-0.03144066670967279,-0.03152621485332211,-0.03139789263784813,-0.03156898892514677,-0.022630184233834963,-0.02698119895018384,-0.014259919075682909,-0.03151487559389326,-0.024465364785166258,-0.03010306220748623,-0.03432539738442519,1.7658633400402373,0.002399139467113382,1.7682624795073507,1.7634642005731238,1.770661618974464,1.7610650611060106,1.7606442598868943,1.97651366095142,1.586177920842171,1.765815790009517,2.7741304624615277,1.201221719849304,2.076297376718484
0.1157516126603703,-0.031460357571473474,4.295861339657124e-05,-0.0314173989580769,-0.031503316184870046,-0.03137444034468033,-0.03154627479826662,-0.0225932162146163,-0.026971346044868113,-0.01381639213708504,-0.03149176660953726,-0.02449676220401269,-0.0300197409367777,-0.03430871522107734,1.76456863420949,0.002409490152694755,1.7669781243621847,1.7621591440567952,1.7693876145148795,1.7597496539041004,1.757768121974618,1.9757918842063409,1.536842953822453,1.7645209662573071,2.7776906193130357,1.1978968979620597,2.075288294970377
0.11850795156750221,-0.031435868354381336,4.311596348559618e-05,-0.03139275239089574,-0.03147898431786693,-0.03134963642741014,-0.03152210028135253,-0.02255280333426803,-0.026957500761477807,-0.013475475202511375,-0.03146725009736808,-0.024524316086674047,-0.029933021846324664,-0.03428600030256235,1.7631950673560632,0.002418315705012547,1.7656133830610758,1.7607767516510506,1.7680316987660882,1.7583584359460382,1.7546239714420608,1.9747776449276784,1.498921636626195,1.763147277055352,2.780814957164573,1.1944364907031644,2.073914299931169
0.12132992588074816,-0.03141003592630507,4.324045561128582e-05,-0.031366795470693785,-0.031453276381916355,-0.0313235550150825,-0.03149651683752764,-0.02251019920223608,-0.02694008724520171,-0.01322772420733417,-0.03144138906663286,-0.02454814451086798,-0.0298427966507053,-0.0342579099914811,1.7617461616268357,0.0024252982988911746,1.764171459925727,1.7593208633279445,1.766596758224618,1.7568955650290534,1.7513093399863715,1.9735020139644863,1.471363474736841,1.7616982528863647,2.783516864861814,1.190836177090263,2.072215154585348
0.12421909854526168,-0.031382922556844516,4.332800602200893e-05,-0.031339594550822504,-0.03142625056286653,-0.0312962665448005,-0.03146957856888853,-0.022466510587477853,-0.026919505896327214,-0.013065398351067707,-0.031414245921409234,-0.02456834711197348,-0.029748956333052783,-0.03422505696990626,1.760225409638905,0.002430208882260203,1.7626556185211653,1.7577952007566446,1.7650858274034253,1.7553649918743846,1.747910335011349,1.9719943227278456,1.453307433336807,1.760177390324696,2.785807640071579,1.187091606953683,2.0702279192520123
0.12717706972387618,-0.0313545899686275,4.337601204222816e-05,-0.031311213956585274,-0.031397965980669726,-0.03126783794454304,-0.03144134199271196,-0.02242270534455843,-0.026896134292548755,-0.012983018178091279,-0.031385882477387356,-0.024585005253235898,-0.029651391126358145,-0.03418801093331306,1.7586362733304526,0.0024329014745913496,1.761069174805044,1.7562033718558612,1.7635020762796352,1.75377047038127,1.744502256283306,1.9702822307547736,1.444144014470483,1.7585881529766487,2.787696508581403,1.183198400190351,2.067987054048477
0.1302054776833524,-0.03132509933821727,4.33832557403648e-05,-0.0312817160824769,-0.031368482593957636,-0.031238332826736537,-0.031411865849698,-0.022379619417660257,-0.02687032806396393,-0.012977659420870535,-0.03135635997851694,-0.024598182164064224,-0.029549990494659954,-0.034147300177773586,1.7569821840116413,0.0024333077637601406,1.7594154917754015,1.7545488762478811,1.7618487995391616,1.752115568484121,1.7411501408479504,1.9683917898062555,1.4435479421967494,1.7569339724132318,2.789190639981077,1.1791521460131924,2.065524514897534
0.13330599970172946,-0.03129451130670833,4.334981409660511e-05,-0.03125116149261172,-0.03133786112080494,-0.031207811678515118,-0.03138121093490154,-0.0223379629586695,-0.02684242172224696,-0.013049076858592464,-0.03132573911352926,-0.024607923046611933,-0.02944464311413705,-0.03410341308364683,1.755266542958921,0.002431432067480444,1.7576979750264015,1.7528351108914404,1.7601294070938818,1.75040367882396,1.7379092390218116,1.966347504608529,1.4514919397942407,1.7552182490959083,2.790295159747864,1.1749484021966623,2.062869843273877
0.136480352997282,-0.031262885994313566,4.327697517555015e-05,-0.031219609019138016,-0.03130616296948912,-0.031176332043962467,-0.031349439944664666,-0.022298325591035183,-0.026812729445414716,-0.01319970268675362,-0.03129408003233092,-0.024614255150788137,-0.02933523685408415,-0.03405679949879394,1.7534927222332,0.002427346631542494,1.7559200688647425,1.7510653756016574,1.758347415496285,1.7486380289701149,1.7348254239241845,1.964172390341293,1.468246548405254,1.7534443532951562,2.7910131577520194,1.1705826943176034,2.060050249872945
0.13973029567959844,-0.031230283019854803,4.316715850150411e-05,-0.0311871158613533,-0.03127345017835631,-0.031143948702851795,-0.03131661733685781,-0.022261180846774673,-0.026781545819527054,-0.013434521012402818,-0.031261442362275835,-0.02461718781780188,-0.02922165875777814,-0.03400787202415068,1.7516640657730447,0.002421187163771201,1.7540852529368158,1.7492428786092735,1.756506440100587,1.7468216914455024,1.7319355366792784,1.961888026971127,1.4943661667268642,1.751615626002209,2.7913456931942875,1.166050514991741,2.0570906923734777
0.14305762772330644,-0.031196761532770147,4.30238367811181e-05,-0.031153737695989028,-0.031239785369551267,-0.03111071385920791,-0.03128280920633238,-0.022226889799800243,-0.02674914653859186,-0.013760777505949217,-0.03122788522431887,-0.02461671249229816,-0.029103795023229278,-0.03395700720429595,1.7497838911899282,0.0024131484435557823,1.752197039633484,1.7473707427463723,1.7546101880770397,1.7449575943028166,1.729267669091582,1.9595146105231904,1.5306567546220764,1.7497353798341608,2.7912917959820023,1.1613473231055869,2.054013947453416
0.14646419196498553,-0.0311623802713652,4.285145523982265e-05,-0.03111952881612538,-0.031205231726605023,-0.031076677360885555,-0.031248083181844848,-0.02219570391464951,-0.02671578906387648,-0.014187434414011903,-0.0311934672490546,-0.024612802703100563,-0.028981530983811538,-0.033904546625468164,1.7478554930354604,0.00240347979754006,1.7502589728330005,1.7454520132379203,1.7526624526305405,1.7430485334403802,1.726841385279096,1.957071001379226,1.578115212398171,1.7478068999326384,2.7908484645454963,1.156468543043518,2.050840677207441
0.14995187512381894,-0.031127197661392228,4.2655344100298925e-05,-0.03108454231729193,-0.031169853005492527,-0.03104188697319163,-0.031212508349592827,-0.02216776712569638,-0.026681713243759203,-0.014724218747223017,-0.03115824659264035,-0.024605414012531107,-0.028854751088780113,-0.03385079792329674,1.7458821483305602,0.002392480190659036,1.7482746285212192,1.7434896681399012,1.7506671087118784,1.741097187949242,1.724667883437407,1.9545747696849165,1.6378235075907703,1.7458334448559878,2.7900106600914683,1.1514095639103556,2.047589490103306
0.15352260884654892,-0.031091271947979907,4.244161914879997e-05,-0.031048830328831108,-0.031133713567128705,-0.031006388709682305,-0.031176155186277508,-0.022143117157983883,-0.026647141895189505,-0.01538002648805175,-0.031122280952612047,-0.024594483934234218,-0.028723338883656625,-0.03379603570233814,1.7438671239652153,0.0023804926490391984,1.7462476166142544,1.741486631316176,1.7486281092632936,1.739106138667137,1.722750098601413,1.9520422379448823,1.7107711697267916,1.743818247465455,2.7887712972850376,1.1461657387486626,2.044276996603341
0.15717837077731625,-0.031054661291467153,4.2217064969314555e-05,-0.031012444226497838,-0.03109687835643647,-0.030970227161528523,-0.031139095421405784,-0.022121686096934524,-0.026612281347760926,-0.016160326305968968,-0.03108562758359466,-0.02457993181938758,-0.028587176990500535,-0.03374050236932887,1.7418136820736712,0.0023678977107617046,1.744181579784433,1.7394457843629094,1.7465494774951946,1.7370778866521477,1.7210827469691878,1.9494885208788597,1.7975664969827554,1.741764515805461,2.7871212313471787,1.1407323837515015,2.0409178595668127
0.16092118565297428,-0.031017423693817207,4.198899534481665e-05,-0.03097543469847239,-0.031059412689162024,-0.030933445703127574,-0.03110140168450684,-0.022103300210343877,-0.026577321951338623,-0.017063036492270915,-0.031048343312906953,-0.02456165871113823,-0.028446147088041922,-0.033684408881897054,1.739725075907097,0.0023551055959584745,1.7420801815030555,1.7373699703111385,1.744435287099014,1.73501486471518,1.7196523120529597,1.94692756260807,1.8979779340205143,1.7396754339779543,2.7850492415492125,1.13510477746966,2.0375248395384844
0.16475312642448575,-0.030979616800276173,4.176508554009977e-05,-0.030937851714736075,-0.03102138188581627,-0.030896086629195973,-0.031063146971356374,-0.02208767902222785,-0.026542438548122094,-0.01807210649114091,-0.031010484556067544,-0.024539547167058234,-0.028300129891691155,-0.03362793541430448,1.7376045387088834,0.0023425467997846626,1.739947085508668,1.7352619919090988,1.7422896323084527,1.7329194451093142,1.718436972623775,1.9443721712362765,2.0102201244773465,1.737554163011233,2.782542011081038,1.129278160013964,2.034108835018465
0.168676315405023,-0.030941298403012928,4.155317175126715e-05,-0.030899745231261662,-0.030982851574764193,-0.030858192059510393,-0.031024404746515463,-0.0220744336342595,-0.02650779090996362,-0.019147688664938323,-0.030972107332203618,-0.02451346104936898,-0.028149005133412657,-0.033571231941625916,1.7354553119631198,0.002330660843813533,1.7377859728069334,1.7331246511193061,1.7401166336507468,1.7307939902754927,1.7174064721181013,1.941834050885644,2.129860683941544,1.7354038417233144,2.7795841032646385,1.1232477322521677,2.0306789177984315
0.1726929254454066,-0.03090252893185616,4.1361014736105774e-05,-0.030861167917120055,-0.030943889946592265,-0.030819806902383947,-0.030985250961328373,-0.022063064286677172,-0.026473524141705493,-0.020211293696702458,-0.030933267279366936,-0.024483245282638778,-0.027992651541464502,-0.03351441874360783,1.7332807850966434,0.002319883018385874,1.7356006681150293,1.7309609020782575,1.7379205511334153,1.7286410190598716,1.7165219288747655,1.939323831243296,2.248168986318787,1.733227587580109,2.7761579340793863,1.1170086550004896,2.027242363439371
0.17680518113753527,-0.03086337160621903,4.119602886687743e-05,-0.030822175577352152,-0.03090456763508591,-0.030780979548485275,-0.030945763663952786,-0.022052957146656907,-0.02643976905123999,-0.021123624047681647,-0.030894019669755943,-0.024448725578612593,-0.027830946819996823,-0.033457586829288954,1.731084504000288,0.0023106291855498444,1.733395133185838,1.728773874814738,1.7357057623713876,1.7264632456291884,1.7157355862680648,1.93685109467014,2.3496505060635315,1.731028497548332,2.772243740960457,1.110556048209515,2.023804676956309
0.1810153600464715,-0.03082386466207869,4.1064991947365575e-05,-0.030782799670131325,-0.030864929654026055,-0.03074173467818396,-0.03090599464597342,-0.02204338030819999,-0.02640664248694173,-0.021651789943307794,-0.030854419424854434,-0.024409708127787158,-0.027663767628514243,-0.03340079828330485,1.7288686132779676,0.002303279503094114,1.7311718927810618,1.7265653337748734,1.733475172284156,1.7242620542717793,1.714990501496204,1.934424400919548,2.4084001439638367,1.7288096489437423,2.7678195478264938,1.103884990144672,2.0203696137658107
0.18532579397186677,-0.03078396611305562,4.097260148463988e-05,-0.03074299351157098,-0.03082493871454026,-0.03070202091008634,-0.0308659113160249,-0.022033599091018277,-0.02637423912265086,-0.021511688619484014,-0.03081451117994269,-0.02436599512413305,-0.027491001323756998,-0.033344101376665616,1.7266307579708042,0.002298097447796253,1.7289288554186004,1.724332660523008,1.7312269528663968,1.7220345630752116,1.714229515915718,1.9320506853444936,2.392816210748606,1.7265735427339377,2.762862925429591,1.0969909859300144,2.0169400937167143
0.18973887023942462,-0.030743705787063917,4.0914236161138254e-05,-0.03070279155090278,-0.030784620023225056,-0.03066187731474164,-0.030825534259386195,-0.022023605846339295,-0.026342579614645263,-0.020874261265237695,-0.03077426846331168,-0.024317481434352833,-0.027312617851612604,-0.03328762155235698,1.7243726110858997,0.0022948238162444666,1.7266674349021442,1.722077787269655,1.7289622587183886,1.7197829634534108,1.7134520344467254,1.9297314611251548,2.321913059750329,1.7243186956777214,2.757361952693337,1.0898728362970946,2.013523704687443
0.19425703302311598,-0.030703073390258285,4.0881459193717234e-05,-0.030662191931064568,-0.030743954849452002,-0.03062131047187085,-0.03078483630864572,-0.02201363563976687,-0.026311645037272315,-0.020026440771040793,-0.030733633796538113,-0.024264090473610517,-0.027128622333405385,-0.03323150202908912,1.7220935952554826,0.0022929854007558872,1.7243865806562384,1.7198006098547267,1.7266795660569942,1.7175076244539709,1.7126763453586367,1.927465341858688,2.227607184548985,1.7220418871909875,2.751307945654572,1.0825307456053883,2.010129109786216
0.19888278469888093,-0.03066200603791312,4.086609988747473e-05,-0.030621139938025645,-0.030702872137800593,-0.030580273838138168,-0.03074373823768807,-0.022003799066950894,-0.026281403044528317,-0.019147131053495133,-0.030692549233685237,-0.024205725380214257,-0.026939018950856715,-0.03317585871011166,1.7197901833608886,0.0022921239181749225,1.7220823072790636,1.7174980594427136,1.7243744311972384,1.7152059355245388,1.711911053070847,1.9252499580314804,2.129798658978085,1.7197398704942977,2.7446899211551727,1.0749648807207948,2.0067633198455805
0.20361868723056442,-0.030620438799456442,4.086058081817096e-05,-0.03057957821863827,-0.030661299380274613,-0.0305387176378201,-0.030702159961092785,-0.021994081618509166,-0.026251807942265053,-0.018344175695074953,-0.030650956470435326,-0.024142268681240704,-0.02674381080216926,-0.033120780410685335,1.7174587335347153,0.002291814361089904,1.7197505478958053,1.7151669191736254,1.7220423622568952,1.7128751048125355,1.7111550287432105,1.9230819623086588,2.040483281086503,1.717409378727703,2.737494558927158,1.0671753652728737,2.003431707181866
0.20846736358885526,-0.030578310489541318,4.085819453315873e-05,-0.03053745229500816,-0.030619168684074476,-0.030496594100475,-0.030660026878607635,-0.021984343693688423,-0.026222800623670627,-0.01768017251520909,-0.030608796829531815,-0.02407358212008473,-0.026542999904083278,-0.033066329196397924,1.7150958139741352,0.002291680517611638,1.7173874944917469,1.7128041334565236,1.7196791750093585,1.710512452938912,1.710397411338876,1.920957024807723,1.9666240131844666,1.7150471241350504,2.729706182038535,1.0591622797368998,2.000138026059462
0.21343149920401377,-0.030535560814782706,4.0853317870632495e-05,-0.030494707496912073,-0.03057641413265334,-0.03045385417904144,-0.030617267450523972,-0.021974319771301137,-0.026194308473774144,-0.017189726662666664,-0.03056601124612705,-0.023999506448617862,-0.026336587193780844,-0.033012540648713,1.7126980429052487,0.0022914069922483657,1.7149894498974971,1.7104066359130004,1.7172808568897455,1.708115228920752,1.709617543122587,1.918869826103016,1.9120701003226461,1.7126497972429986,2.72130673332612,1.0509256615098483,1.99688442875351
0.21851384345319164,-0.030492129225912563,4.084156488799748e-05,-0.030451287661024565,-0.03053297079080056,-0.030410446096136568,-0.030573812355688557,-0.02196361673394025,-0.026166245242834615,-0.016890695583282097,-0.030522540253043035,-0.023919861183682722,-0.026124572530648194,-0.03295942405835186,1.7102620242020274,0.002290747783449831,1.7125527719854772,1.7079712764185777,1.7148435197689271,1.7056805286351278,1.7087848392834102,1.9168140479507987,1.8788078852113248,1.7102140660351617,2.7122757477844144,1.0424655049807183,1.9936714772473139
0.22371721118317,-0.030447955083720314,4.081988321647884e-05,-0.030407135200503834,-0.030488774966936794,-0.030366315317287357,-0.03052959485015327,-0.021951711337203837,-0.026138510888420778,-0.01679113808935142,-0.030478323965935212,-0.0238344443276017,-0.025906954697885176,-0.032906962546963715,1.707784356693689,0.0022895316880061573,1.710073888381695,1.705494825005683,1.7123634200697013,1.7032052933176767,1.70785859103863,1.9147823617207749,1.8677337761726198,1.7077365751208164,2.702590320874053,1.033781761594756,1.99049815059201
0.2290444842693565,-0.030402977930717993,4.078659889527754e-05,-0.030362191331822715,-0.03044376452961327,-0.030321404732927437,-0.03048455112850855,-0.021937946811353214,-0.02611099138593608,-0.016893052996538066,-0.03043330206835941,-0.02374303205232863,-0.02568373140397232,-0.0328551131173935,1.705261649402024,0.002287664815734622,1.7075493142177587,1.7029739845862895,1.7098369790334933,1.7006863197705548,1.7067877012403607,1.9127664145160557,1.8790701080778833,1.7052139448981878,2.6922250727077275,1.0248743399119962,1.9873618479471984
0.23449861321190668,-0.030357137547458536,4.07414132702856e-05,-0.03031639613418825,-0.030397878960728823,-0.030275654720917963,-0.03043862037399911,-0.0219215285784651,-0.026083558507289124,-0.017193503325255967,-0.03038741379673711,-0.023645378346821466,-0.025454899283984554,-0.03280380663271255,1.7026905247002144,0.0022851304155328193,1.7049756551157473,1.7004053942846815,1.70726078553128,1.6981202638691488,1.7055103511669698,1.9107568129596149,1.912490190982476,1.7026427707120326,2.6811521080657315,1.0157431056596846,1.9842583873125357
0.24008261876985326,-0.030310373777493252,4.0685353672450085e-05,-0.0302696884238208,-0.030351059131165703,-0.030229003070148353,-0.03039174448483815,-0.021901519063699176,-0.026056069567355962,-0.01768330857370886,-0.030340597925220845,-0.023541214627163774,-0.025220453900764855,-0.032752947724033386,1.7000676084949342,0.002281986108995228,1.7023495946039295,1.6977856223859389,1.7046315807129246,1.6955036362769438,1.7039535968360404,1.908743104621328,1.9669728473345343,1.7000196220056327,2.6693409721875976,1.00638788177911,1.9811819999515778
0.24579959363414708,-0.030262626178858405,4.0620677643968304e-05,-0.030222005501214438,-0.03030324685650237,-0.030181384823570467,-0.030343867534146342,-0.021876831574767615,-0.026028367137826365,-0.018343097506574178,-0.03029279275044884,-0.023430249308911685,-0.024980389745947264,-0.032702414626985504,1.6973895106787076,0.002278358518590862,1.6996678691972984,1.6951111521601168,1.7019462277158892,1.692832793641526,1.7020328928227966,1.906713757055718,2.0403633506166763,1.6973410414665768,2.656758602280467,0.9968084484664274,1.9781253205004148
0.2516527041405391,-0.030213834140532247,4.0550728552406375e-05,-0.03017328341197984,-0.030254384869084654,-0.030132732683427435,-0.03029493559763706,-0.021846223219043566,-0.02600027872797087,-0.01913609742497274,-0.030243936076194498,-0.02331216734109059,-0.024734700240836262,-0.032652058946585134,1.6946528316618246,0.002274435169255712,1.6969272668310802,1.692378396492569,1.699201702000336,1.690103961323313,1.699651541206156,1.904656134416476,2.1285713520167966,1.6946035441666545,2.6433692746789217,0.9870045432077468,1.9750793727449605
0.2576451920232487,-0.030163938897651163,4.047973913162369e-05,-0.03012345915851954,-0.030204418636782786,-0.030082979419387916,-0.03024489837591441,-0.021808286822958874,-0.025971616431809928,-0.01999654010526166,-0.030193965197900994,-0.02318662970121349,-0.024483377737137473,-0.03260170535008746,1.6918542754030725,0.0022704534692706037,1.694124728872343,1.689583821933802,1.6963951823416137,1.6873133684645314,1.696700062892186,1.902556471609759,2.224281234687304,1.691803616695311,2.629134547585061,0.9769758608082926,1.9720335510419933
0.26378037621039246,-0.030112885429648614,4.041257988551225e-05,-0.030072472849763103,-0.030153298009534125,-0.03003206026987759,-0.03019371058941964,-0.02176144181339731,-0.025942176541109776,-0.020811927504249067,-0.03014281688710366,-0.023053272850639562,-0.02422641351754258,-0.032551151187264205,1.688990755873765,0.0022666865985693993,1.6912574424723343,1.6867240692751955,1.6935241290709038,1.684457382676626,1.6930554881800808,1.9003998459441167,2.314979469532989,1.6889377162868149,2.6140131993115467,0.9667220534157427,1.9689755973502538
0.2700616546621662,-0.030060604408464153,4.035445443721219e-05,-0.03002024995402694,-0.030100958862901366,-0.029979895499589727,-0.03014131331733858,-0.021703924015666023,-0.025911739123572124,-0.02139654370980724,-0.030090427375730085,-0.02291170814953748,-0.0239637977961722,-0.032500166037403126,1.6860583845573565,0.002263426421291165,1.6883218109786475,1.6837949581360654,1.6905852373999388,1.681531531714774,1.6885805630371598,1.8981701462306855,2.3800082619476823,1.6860022699405737,2.5979611619442293,0.9562427305379012,1.9658915738290523
0.27649250625279875,-0.03000695155854526,4.031024567623741e-05,-0.02996664131286902,-0.030047261804221497,-0.029926331067192783,-0.030087572049897735,-0.021633944199934745,-0.025880075982152858,-0.0214818489126844,-0.030036734832714077,-0.022761571994214833,-0.023695541832402096,-0.03244850301386925,1.6830490692344857,0.002260946812062435,1.6853100160465482,1.6807881224224233,1.6875709628586106,1.6785271756103608,1.6831360841234173,1.8958506558448296,2.389497041555657,1.6829938131887467,2.580937206419563,0.9455383414648314,1.962766546636056
0.28307649269731994,-0.029951920993360283,4.027922276112739e-05,-0.029911641770599157,-0.02999220021612141,-0.029871362547838027,-0.03003247943888254,-0.021552233536143404,-0.025847076811780785,-0.021113383671371652,-0.029981716842477427,-0.022603288985114465,-0.023422010587936554,-0.032396076211879274,1.6799624797376047,0.002259206778980468,1.682221686516585,1.6777032729586243,1.6844808932955657,1.6754440661796437,1.6767789369747574,1.893433294364308,2.3485114351671386,1.6799110900599494,2.562989478229479,0.9346234494965416,1.9595953195058227
0.28981726052420964,-0.02989559235483242,4.025637051774815e-05,-0.02985533598431467,-0.029935848725350166,-0.029815079613796924,-0.029976105095867914,-0.02146151951942159,-0.025812722756058077,-0.0205647404770978,-0.029925382632476343,-0.022437914657967167,-0.023143853879090095,-0.03234292368901532,1.6768030830737817,0.002257925027754446,1.679061008101536,1.6745451580460273,1.6813189331292906,1.6722872330182728,1.6697213226317973,1.890916680459552,2.2874840396707987,1.6767546175794772,2.5442376646891165,0.9235239846685058,1.956380194490592
0.29671854309502094,-0.029837975378725515,4.023700142445984e-05,-0.029797738377301056,-0.029878212380149975,-0.029757501375876596,-0.029918449381574435,-0.02136441074760254,-0.02577698068779612,-0.020014634771256923,-0.02986774177407985,-0.022266500057448003,-0.02286172877194842,-0.032289059042854035,1.673571425308759,0.0022568386416759664,1.675828263950435,1.671314586667083,1.6780851025921109,1.6690577480254072,1.6621661918418211,1.888298387391077,2.2262939641799733,1.6735249320424683,2.5248009438722985,0.9122661663084484,1.9531219940895883
0.30378416267209496,-0.029779071762694464,4.021716709715752e-05,-0.029738854595597306,-0.02981928892979162,-0.02969863742850015,-0.02985950609688878,-0.021263353047381316,-0.025739800084049913,-0.019571835452161998,-0.029808803269824134,-0.022090075260823648,-0.022576291572655463,-0.032234467193803136,1.670267601661689,0.00225572616125489,1.6725233278229439,1.6680118755004343,1.674779053984199,1.6657561493391793,1.65430383164301,1.885574714089439,2.1770399326819945,1.6702225378716835,2.504796116356056,0.9008761834196516,1.9498198061584437
0.3110180325355143,-0.029718887455226252,4.0193900109033206e-05,-0.02967869355511722,-0.029759081355335285,-0.029638499655008185,-0.02979927525544432,-0.021160647023500987,-0.025701112957693017,-0.01929858920118752,-0.0297485755567564,-0.021909651527161834,-0.02228819794653276,-0.032179104441539604,1.66689194577511,0.002254421147560643,1.6691463669226705,1.6646375246275493,1.6714007880702313,1.6623831034799885,1.646313230703476,1.8827406801427435,2.146645849240966,1.666847907804866,2.4843378489197265,0.8893801994342524,1.946470987323069
0.31842415915046524,-0.029657430084654646,4.016537666415627e-05,-0.02961726470799049,-0.029697595461318803,-0.029577099331326333,-0.02973776083798296,-0.02105846467582393,-0.02566083375154241,-0.0192250184477689,-0.02968706650965296,-0.021726223414868902,-0.02199810303711541,-0.03212289844598619,1.6634448855118795,0.002252821306361919,1.6656977068182415,1.6611920642055176,1.6679505281246034,1.6589392428991556,1.6383633721411055,1.879790018040739,2.138462331222877,1.6634014830750554,2.4635389146527764,0.8778043569632105,1.943071161828948
0.3260066443862111,-0.02959470708630422,4.013099864434728e-05,-0.02955457608765987,-0.029634838084948566,-0.029514445089015524,-0.029674969083592913,-0.020958865170036825,-0.025618859194881598,-0.01935654616713169,-0.029624283444114663,-0.021540770870703066,-0.02170666158511353,-0.032065748132853594,1.6599268379092327,0.002250893090024156,1.662177730999257,1.6576759448192084,1.664428624089281,1.6554250517291844,1.6306144604955055,1.876715162664384,2.153092594082345,1.6598836735840286,2.442510429828247,0.8661747825433026,1.9396142158275103
0.333769687787905,-0.029530725693998464,4.0091395825412126e-05,-0.02949063429817305,-0.029570817089823877,-0.02945054290234764,-0.029610908485649286,-0.020863809843498695,-0.025575068122166773,-0.019675421644125377,-0.02956023311953461,-0.021354261293369328,-0.021414528047315345,-0.03200752352362549,1.6563382087024827,0.0022486718218150937,1.6585868805242978,1.6540895368806676,1.660835552346113,1.6518408650588525,1.6232190891935427,1.8735072380051287,2.188562167115752,1.6562948580685832,2.421362087894018,0.8545175913817892,1.936092287092153
0.34171758890249965,-0.02946549477779241,4.004834846800103e-05,-0.029425446429324407,-0.02950554312626041,-0.029385398080856405,-0.029545591474728412,-0.020775176523873527,-0.025529321253639735,-0.02013657388200391,-0.02949492174194446,-0.0211676515747687,-0.02112235671545585,-0.031948065489711686,1.6526794954009427,0.002246257354131417,1.654925752755074,1.6504332380468114,1.6571720101092056,1.6481869806926799,1.6163233545490383,1.8701560410936653,2.239857654417446,1.6526353842600208,2.400202390930282,0.842858892099706,1.9324957501472932
0.34985474966004393,-0.029399027665048795,4.000462966031898e-05,-0.029359023035388475,-0.029439032294709115,-0.029319018405728158,-0.029479036924369432,-0.020694773234673242,-0.02548146093750664,-0.020657199972751627,-0.029428354966737243,-0.02098189012194123,-0.020830801835057616,-0.03188718543034413,1.6489514455182486,0.0022438052257159813,1.6511952507439644,1.6467076402925327,1.6534390559696805,1.6444638350668166,1.6100679220636565,1.8666500231131755,2.297768614905759,1.6489055690367078,2.3791388789178947,0.831224791474045,1.9288131967847302
0.3581856768116829,-0.029331331581625784,3.996376749456456e-05,-0.02929136781413122,-0.02937129534912035,-0.029251404046636655,-0.029411259116614914,-0.02062435135865741,-0.025431310853279373,-0.021098604151848433,-0.029360537901265315,-0.020797918862715904,-0.02054051772426611,-0.031824664873637845,1.6451544643429492,0.0022415133224579745,1.6473959776654072,1.6429129510204912,1.649637490987865,1.6406714376980334,1.604589050548666,1.8629762676675383,2.346867460371492,1.6451056985696435,2.35827835715924,0.8196413991797162,1.9250314119323535
0.3667149844257136,-0.029262345790621182,3.9929690615444725e-05,-0.029222416100005737,-0.029302275481236626,-0.029182486409390293,-0.02934220517185207,-0.020565585635779645,-0.025378678903115983,-0.021243325779418874,-0.02929147480948563,-0.02061667688696503,-0.020252158076202523,-0.03176025712217099,1.6412851452248718,0.002239601996691571,1.6435247472215633,1.6390455432281803,1.645764349218255,1.6368059412314886,1.600017035951094,1.8591207025871088,2.3629653252403067,1.6412360117733842,2.337727309160476,0.8081347999508862,1.921135473193079
0.3754473964430785,-0.02919203111998705,3.99032567689787e-05,-0.02915212786321807,-0.029231934376756027,-0.02911222460644909,-0.029271837633525005,-0.020518467077883233,-0.025323516632706017,-0.02103398928364889,-0.029221154370077575,-0.02043918407022362,-0.01996633565819707,-0.03169379177521651,1.6373412910571663,0.002238119358223477,1.6395794104153898,1.6351031716989428,1.6418175297736133,1.6328650523407193,1.596351178986022,1.8550797783407216,2.3396801350611387,1.6372958743009325,2.3176013787231344,0.796729445433743,1.917115073254843
0.3843877492937105,-0.0291204403673262,3.98808757079082e-05,-0.029080559491618294,-0.02916032124303411,-0.029040678615910386,-0.029200202118742018,-0.020480559076108806,-0.0252659926481745,-0.0206919582635593,-0.029149542896933923,-0.020266580743176072,-0.019683603842861518,-0.03162522269244473,1.6333258631855097,0.0022368640349718074,1.6355627272204813,1.631088999150538,1.6377995912554533,1.628852135115566,1.5934019097693737,1.850865846207134,2.301634894451437,1.6332833986798196,2.298029868071671,0.7854474172090852,1.912967421150817
0.3935409945751816,-0.02904754615890793,3.9859219646047985e-05,-0.02900768693926188,-0.029087405378553977,-0.028967827719615834,-0.029127264598200024,-0.02044918990171659,-0.025206275144877832,-0.020374143189687662,-0.02907660443885367,-0.020100018722003204,-0.019404511830809556,-0.03155448469263658,1.6292373262546056,0.0022356493759390157,1.6314729756305446,1.6270016768786666,1.6337086250064836,1.6247660275027276,1.5909613659249064,1.8464912273741567,2.2662832735614096,1.6291965705216906,2.2791433817722733,0.7743106303798075,1.9086885741562412
0.40291220179513465,-0.028973304446668645,3.9835847656330626e-05,-0.028933468599012316,-0.029013140294324974,-0.028893632751355983,-0.029052976141981306,-0.02042162314216784,-0.02514451380226893,-0.020171044156080307,-0.029002302483774802,-0.019940654213123923,-0.019129609445127007,-0.03148148130075667,1.6250732096685234,0.0022343384728483366,1.6273075481413717,1.6228388711956752,1.6295418866142202,1.6206045327228267,1.5888166526312948,1.8419668866430208,2.243691896910351,1.625033344012484,2.2610730222007174,0.7633410248877075,1.9042726966252619
0.41250656117902174,-0.02889767500257354,3.980939769599624e-05,-0.028857865604877544,-0.028937484400269536,-0.028818056207181548,-0.02897729379796553,-0.020395039650528364,-0.02508084019592982,-0.02012515587041535,-0.028926599950460527,-0.019789650201470724,-0.018859447231504164,-0.031406084616413706,1.6208312570915466,0.0022328549305753,1.6230641120221219,1.6185984021609714,1.6252969669526973,1.616365547230396,1.5867484382730213,1.837302462611915,2.2385875912575104,1.620791641446602,2.2439506603491983,0.7525605695091308,1.8997120520342805
0.4223293865446997,-0.028820620429293942,3.9779677912707496e-05,-0.028780840751381234,-0.02886040010720665,-0.028741061073468528,-0.028900179785119356,-0.02036651889538676,-0.025015368171481516,-0.020240027579779548,-0.028849459180067972,-0.019648178845145168,-0.018594576558466247,-0.03132813510210266,1.616509370958413,0.002231187988383442,1.6187405589467965,1.6142781829700297,1.6209717469351799,1.6120469949816463,1.58452950345089,1.8325062950668347,2.2513651510848733,1.616469352754494,2.227909207356581,0.7419912658545303,1.8949969901730028
0.4323861182454792,-0.028742106655756935,3.97476526689439e-05,-0.028702359003087992,-0.028781854308425878,-0.028662611350419046,-0.028821601961094824,-0.020333019617729313,-0.024948194181044783,-0.0204812441099573,-0.02877084192758414,-0.01951742387999321,-0.018335549717708805,-0.0312474412908916,1.6121056402690184,0.002229391736051606,1.61433503200507,1.6098762485329667,1.6165644237411216,1.607646856796915,1.58192323607328,1.8275854496290929,2.278196462839129,1.6120643350228037,2.21308288716347,0.7316551523722146,1.890115929462808
0.4426823261832533,-0.028662102084416528,3.971532299228501e-05,-0.028622386761424243,-0.028701817407408813,-0.028582671438431958,-0.028741532730401097,-0.020291359697699806,-0.02487939758286495,-0.02076947328501531,-0.028690709353136293,-0.01939858303765189,-0.018082920024560262,-0.031163779413055006,1.6076182927600167,0.002227578408493049,1.6098458711685097,1.6053907143515236,1.6120734495770028,1.6031631359430305,1.5786820649758908,1.8225457397043971,2.3102571464372,1.6075744120074789,2.199607510694792,0.7215743083571686,1.885055334372297
0.4532237128933777,-0.028580545046519183,3.9685509578126166e-05,-0.028540859536941056,-0.02862023055609731,-0.028501174027362932,-0.028659916065675434,-0.020238195130222753,-0.024809040904652354,-0.020964622060539388,-0.0286090220131688,-0.019292870480633086,-0.01783724191857797,-0.031076892940997695,1.6030438695149616,0.002225906214673132,1.6052697757296348,1.6008179633002884,1.6074956819443078,1.5985920570856154,1.5745458242104315,1.817391745773916,2.331964189609944,1.6029973736394003,2.18762075197422,0.7117708579652023,1.8797996878903491
0.46401611670300874,-0.02849730616209909,3.966077665981844e-05,-0.028457645385439274,-0.028536966938758908,-0.028417984608779454,-0.028576627715418728,-0.020170693959070164,-0.02473716509669512,-0.02090521162297273,-0.028525740170313136,-0.01920138093182291,-0.017599004526624287,-0.030986556480713478,1.5983751137876756,0.0022245189789502342,1.6005996327666259,1.5961505948087253,1.6028241517455761,1.593926075829775,1.5692941855893123,1.812126467660008,2.3253557703169827,1.5983309933867642,2.1772467417528376,0.7022643191379381,1.874335356235
0.47506551496465016,-0.028412416560210402,3.96393737598869e-05,-0.028372777186450517,-0.028452055933970287,-0.028333137812690628,-0.028491695307730176,-0.020089871983615837,-0.024663765746404512,-0.02070181825219823,-0.028440825320214743,-0.019124425457278854,-0.017368311226745675,-0.030892885747749302,1.5936137715644347,0.0022233185194254334,1.59583709008386,1.5913904530450094,1.5980604086032857,1.5891671345255838,1.5630061790187064,1.806749582117516,2.3027316535701825,1.5935731138049998,2.1685207518458616,0.6930588170355978,1.868669338884912
0.48637802736669844,-0.028325882092941745,3.961851616435934e-05,-0.028286263576777385,-0.028365500609106104,-0.028246645060613026,-0.028405119125270464,-0.019998010535472677,-0.024588811663620744,-0.02050696722643808,-0.028354238997092465,-0.01906204669821678,-0.017145127140189655,-0.030796098362227152,1.5887601710809247,0.0022221486452824154,1.5909823197262072,1.5865380224356422,1.5932044683714894,1.58431587379036,1.555859293703635,1.8012588043044273,2.281057730087598,1.5887215796108487,2.1614476173455506,0.6841529598690419,1.862814799390192
0.4979599193228207,-0.028237658821382475,3.9596335783842346e-05,-0.028198062485598634,-0.028277255157166316,-0.02815846614981479,-0.02831685149295016,-0.019897214407389636,-0.02451225532575648,-0.020404121797512748,-0.028265942097153825,-0.019014308845844194,-0.01692941853075582,-0.03069637960702774,1.5838118478634546,0.002220904577929837,1.5860327524413844,1.5815909432855249,1.5882536570193142,1.579370038707595,1.5480172840012618,1.7956506529431588,2.2696178931744213,1.583774199772524,2.1560346169001385,0.6755454014411164,1.8567829452644735
0.5098176054420425,-0.028147703056976465,3.957205066074573e-05,-0.02810813100631572,-0.02818727510763721,-0.028068558955654972,-0.028226847158297957,-0.01978942508963038,-0.02443403287968825,-0.02042370961157581,-0.028175894868944663,-0.018981298213059283,-0.016721152987952088,-0.0305938829174255,1.5787663514803776,0.002219542458430818,1.5809858939388084,1.5765468090219468,1.5832054363972392,1.574327266563516,1.5396311992204663,1.7899204504591124,2.2717967104607952,1.578728746968987,2.15229153753885,0.6672348484552533,1.8505830576022837
0.5219576530814659,-0.028055979296098675,3.954602275597094e-05,-0.028016433273342703,-0.028095525318854647,-0.027976887250586734,-0.028135071341610616,-0.01967643496864634,-0.02435406409494534,-0.020549279679538977,-0.02808405690445434,-0.01896312344565921,-0.01652029942294147,-0.030488730472013895,1.5736216905816902,0.002218082588679642,1.57583977317037,1.5714036079930105,1.5780578557590494,1.569185525404331,1.5308404882886022,1.7840623195515175,2.285764284067961,1.5735829570915627,2.150230698620835,0.6592200603537318,1.8442225268233243
0.5343867859835897,-0.02796245258592301,3.9519688549560676e-05,-0.02792293289737345,-0.02800197227447257,-0.027883413208823888,-0.028041491963022133,-0.019559900601956306,-0.024272252282179902,-0.020714452889044124,-0.027990387130079987,-0.01895991576294731,-0.01632682806464704,-0.030381013704787675,1.568375904710953,0.0022166055388866514,1.5705925102498395,1.5661592991720663,1.5728091157887263,1.5639426936331795,1.52177403254647,1.7780691772209396,2.3041370459778427,1.5683345287376549,2.1498669791176463,0.6514998491622531,1.8377068836476425
0.5471118880002395,-0.027867037471130958,3.9495376017966764e-05,-0.02782754209511299,-0.027906532847148925,-0.027788046719095023,-0.027946028223166892,-0.019441355494458905,-0.02418848421858013,-0.020790433850361098,-0.027894843791278906,-0.018971828924342453,-0.01614071034277847,-0.03027079382893588,1.563024200795667,0.002215241882082326,1.5652394426777492,1.5608089589135847,1.5674546845598316,1.5585937170315023,1.5125511397544211,1.771932729305408,2.312588659385023,1.5629811223508034,2.151217813827069,0.6440730748222726,1.831039830779169
0.5601400069051777,-0.0277696189330963,3.9474549142413334e-05,-0.027730144383953888,-0.027809093482238714,-0.027690669834811475,-0.027848568031381127,-0.019322459232701844,-0.024102657821438455,-0.020681505819645857,-0.02779738033277634,-0.018998837058860674,-0.015961843391156152,-0.030158161787507066,1.557560127597644,0.002214073730980843,1.5597742013286249,1.5553460538666632,1.5619882750596057,1.5531319801356824,1.503300926913838,1.7656454977137368,2.300472234574733,1.5575201293838468,2.154280269235324,0.6369356325989186,1.8242268692412729
0.5734783582974986,-0.027670229784134633,3.945512033167827e-05,-0.027630774663802954,-0.027709684904466313,-0.027591319543471278,-0.02774914002479799,-0.01920542201838691,-0.024014730284024864,-0.020516815996733846,-0.027697938259581816,-0.019040383443469568,-0.015789919110206285,-0.030043342056387302,1.5519855255150041,0.0022129839954320592,1.5541985095104363,1.549772541519572,1.5564114935058682,1.54755955752414,1.4941953492725986,1.7592043466295075,2.2821532413529617,1.5519482722932163,2.1589912184552,0.6300752281980967,1.81728157728006
0.5871343295979751,-0.027568831167426387,3.943516755818546e-05,-0.0275293959998682,-0.027608266334984574,-0.027489960832310017,-0.027647701502542758,-0.01909248089771889,-0.02392465483945406,-0.020400148562123317,-0.027596456465937662,-0.019095839630793456,-0.015624595699566245,-0.029926557986090962,1.5462982151216271,0.00221186487152538,1.5485100799931526,1.5440863502501017,1.5507219448646778,1.5418744853785764,1.4854084505998058,1.7526058501342563,2.2691759370724567,1.5462621272509665,2.165279401768144,0.6234782225416092,1.810217465069408
0.6011154841405668,-0.027465356869340395,3.941381601635276e-05,-0.02742594305332404,-0.02750477068535675,-0.02738652923730769,-0.0275441845013731,-0.01898580622496717,-0.02383236788900925,-0.020374428790784143,-0.027492873123500065,-0.019164597903378353,-0.01546553253956864,-0.029808005027387362,1.5404944825850666,0.0022106672926064377,1.542705149877673,1.5382838152924603,1.5449158171702795,1.5360731479998537,1.4771090859850529,1.7458453492900017,2.266315041915143,1.540458229941795,2.1730759100237518,0.6171310236652945,1.8030463551649327
0.6154295653613598,-0.02735974869414637,3.939131718303791e-05,-0.027320357376963332,-0.027399140011329405,-0.027280966059780292,-0.027438531328512445,-0.018887517537862053,-0.023737788972989973,-0.020430188473368388,-0.027387125666888404,-0.019246070048306294,-0.015312390131888993,-0.02968785146562042,1.5345710637860237,0.0022094053636698865,1.5367804691496936,1.5323616584223538,1.5389898745133634,1.530152253058684,1.4694621569554291,1.7389169500036978,2.2725173756674515,1.5345330747533543,2.1823140456931496,0.6110200843506536,1.795778426922002
0.6300845010872527,-0.02725193851037997,3.936898949602147e-05,-0.02721256952088395,-0.027291307499875992,-0.027173200531387928,-0.027330676489372013,-0.018799699020319954,-0.023640820706443487,-0.020504097723735334,-0.02727915077908087,-0.01933968615707477,-0.01516483004034842,-0.029566239085343893,1.5285241373234,0.002208153034096259,1.5307322903574963,1.5263159842893037,1.5329404433915925,1.5241078312552074,1.4626298144864225,1.7318135183192211,2.2807385458196694,1.5284831139579516,2.192929186787192,0.6051318997626615,1.7884222566986323
0.6450884079267692,-0.027141776524120833,3.934886464816734e-05,-0.027102427659472666,-0.027181125388769,-0.0270630787948245,-0.027220474253417167,-0.018724290898907817,-0.023541353574181936,-0.02048043303651396,-0.027168881846866534,-0.019444900315761782,-0.015022514567314328,-0.029443275829691803,1.5223453014600927,0.002207024258772871,1.5245523257188656,1.5201382772013199,1.5267593499776384,1.517931252942547,1.456763009570419,1.724527031677408,2.278106244459826,1.522304615138515,2.2048594320649104,0.5994529945369776,1.780984373830624
0.6604495957654266,-0.027029170268261928,3.9330660858260196e-05,-0.026989839607403667,-0.02706850092912019,-0.02695050894654541,-0.027107831589978447,-0.018661208592508697,-0.0234393407360225,-0.020372675459693228,-0.027056210222868218,-0.019561294584308064,-0.014885102645659884,-0.029318914796341484,1.5160293698419294,0.0022060032329748996,1.5182353730749043,1.5138233666089544,1.5204413763078792,1.5116173633759795,1.4518551617369937,1.7170540587903682,2.266120013103999,1.5159914906538732,2.2180573912560173,0.5939697588541806,1.7734619412592116
0.6761765723681499,-0.026914049255690495,3.931246078400402e-05,-0.02687473679490649,-0.0269533617164745,-0.026835424334122487,-0.026992674177258504,-0.018608718057303148,-0.023334783218066053,-0.02028579879574447,-0.026940992862101644,-0.019688557287032806,-0.01475225058045304,-0.029192978381557922,1.5095723889426982,0.002204982415582733,1.511777371358281,1.5073674065271154,1.5139823537738637,1.5051624241115327,1.4477713611566225,1.7093946748253468,2.2564564346881206,1.5095357255242066,2.2324877234200384,0.5886684780358586,1.765844215972014
0.6922780480912811,-0.026796273143021722,3.9293309049770006e-05,-0.02675697983397195,-0.026835566452071493,-0.026717686524922183,-0.02687485976112126,-0.018565020625607845,-0.023227666939667418,-0.02026528965702066,-0.02682308489863175,-0.019826393770294198,-0.01462361539898922,-0.029065260363337713,1.5029664870929722,0.0022039082208777532,1.50517039531385,1.5007625788720944,1.5073743035347278,1.4985586706512166,1.4443716702176905,1.7015478483015856,2.2541751354152044,1.5029292027396663,2.248117017747415,0.5835354662231046,1.7581187238758722
0.7087629407067948,-0.02667569758326452,3.927336764747259e-05,-0.02663642421561705,-0.026714970950911993,-0.026597150847969576,-0.026754244318559467,-0.018528289279148322,-0.02311796092395624,-0.02030079865468944,-0.02670234058649934,-0.019974523063168298,-0.014498854892912458,-0.02893552863963622,1.4962035680664978,0.002202789734765946,1.4984063578012636,1.494000778331732,1.5006091475360297,1.4917979885969659,1.4415139456126391,1.6935113100016368,2.2581249185657626,1.4961637559816103,2.264913414913505,0.5785570680573018,1.7502714254285483
0.7256403803413883,-0.02655215085516813,3.925387024411394e-05,-0.02651289698492402,-0.026591404725412243,-0.026473643114679903,-0.02663065859565636,-0.018496656854573527,-0.02300561736357384,-0.02032447658869126,-0.026578613263586258,-0.020132677206287097,-0.014377627558290383,-0.028803524835524008,1.4892740002520564,0.0022016961519502696,1.4914756964040066,1.4870723041001062,1.493677392555957,1.4848706079481557,1.439052920718699,1.6852815577869293,2.2607586934087696,1.4892311675979246,2.282846530975456,0.5737196562888983,1.7422866918761435
0.742919714533185,-0.02642540484156802,3.923632126725148e-05,-0.02638616852030077,-0.02646464116283527,-0.026346932199033515,-0.026503877484102524,-0.018468221425108598,-0.022890697340635237,-0.020243424175715216,-0.026451765092929194,-0.020300478053209364,-0.014259600578297718,-0.028668982981271383,1.4821649888683892,0.002200711853724682,1.4843657007221138,1.4799642770146646,1.4865664125758387,1.4777635651609398,1.4368406242942626,1.6768630662412285,2.251742965674885,1.4821237144203696,2.3018734878658007,0.5690099503155256,1.73414843506545
0.7606105134088513,-0.026295447776800603,3.921958157311321e-05,-0.02625622819522749,-0.026334667358373715,-0.026217008613654377,-0.026373886939946828,-0.018441109868342916,-0.02277391602097868,-0.020119244701959544,-0.02632170941298364,-0.020476905128202206,-0.014144484627473445,-0.028531712009441913,1.4748758739954404,0.002199772947065546,1.477075646942506,1.4726761010483749,1.4792754198895715,1.4704763281013093,1.4347313260975327,1.6683082249952448,2.237930072456652,1.474836540700008,2.3218785737265017,0.5644164049985035,1.7258450975827948
0.7787225749839934,-0.026162254381855286,3.9202349643675505e-05,-0.02612305203221161,-0.026201456731498964,-0.026083849682567935,-0.026240659081142637,-0.018413403115468744,-0.022656196504013487,-0.02001816022196549,-0.02618837587899897,-0.020660730181250628,-0.014032005165532322,-0.02839152728286709,1.467405237767914,0.0021988064315984664,1.4696040441995126,1.4652064313363156,1.471802850631111,1.4630076249047173,1.4325757212246797,1.6596846558991531,2.226686111712177,1.467365704937181,2.3427225171503263,0.5599280651814653,1.7173655109728123
0.7972659305897695,-0.02602575481573684,3.918443043931816e-05,-0.025986570385297524,-0.026064939246176158,-0.025947385954858203,-0.02610412367661548,-0.018383092516716097,-0.022538449493475686,-0.019944278976667323,-0.026051693134568062,-0.020850731632454156,-0.013921888149359192,-0.028248216459480578,1.4597491628994512,0.0021978013678166214,1.4619469642672678,1.4575513615316347,1.4641447656350846,1.455353560163818,1.430217535309967,1.6510590727553556,2.218468056656302,1.4597072089479188,2.3642668030550755,0.5555339955469394,1.7086968309479222
0.8162508504287225,-0.025885848600493956,3.916673283400769e-05,-0.025846681867659947,-0.025925015333327965,-0.02580751513482594,-0.02596418206616197,-0.01834806662373248,-0.022421575346113085,-0.019841050801199103,-0.02591158878372938,-0.021045692185521856,-0.013813859975632994,-0.028101539152393596,1.4519020137185275,0.002196808733223689,1.454098822451751,1.4497052049853039,1.4562956311849748,1.44750839625208,1.427492496185592,1.6424974313953575,2.20698564558037,1.4518569963007866,2.386373402077518,0.551223278326839,1.6998245168267456
0.8356878492629152,-0.02574237355428374,3.91505650906604e-05,-0.02570322298919308,-0.0257815241193744,-0.02566407242410242,-0.02582067468446506,-0.018306253327324676,-0.022306232496087344,-0.01962408509879311,-0.025767990144180183,-0.021244535807874037,-0.013707672470385776,-0.027951253908355896,1.4438546936663272,0.002195901906505914,1.446050595572833,1.4416587917598214,1.448246497479339,1.4394628898533155,1.4242393922980292,1.6340479655584292,2.1828518335362848,1.4438109945203133,2.4089203027625152,0.5469860104767978,1.6907339634251248
0.8555876922375074,-0.025595334349787707,3.913494352178828e-05,-0.02555619940626592,-0.025634469293309495,-0.02551706446274413,-0.025673604236831283,-0.01825629544463792,-0.022191806811147893,-0.019355799562748945,-0.02562082762983344,-0.021446941547038027,-0.013603213398349127,-0.0277972386779987,1.4356074648271968,0.0021950257139710305,1.437802490541168,1.4334124391132257,1.4399975162551388,1.4312174133992548,1.4203526338660306,1.625665686851537,2.1530095468096904,1.4355653046156598,2.4318711122731225,0.5428177134012093,1.6814177881399863
0.875961400843016,-0.025444708527866088,3.911885419203144e-05,-0.025405589673674057,-0.02548382738205812,-0.025366470819482026,-0.02552294623625015,-0.01819698162279341,-0.022077249838658174,-0.019104453690558125,-0.025470031970755293,-0.021652841710798943,-0.013500416539580902,-0.027639392475578412,1.4271590674985561,0.0021941232853648113,1.429353190783921,1.4249649442131913,1.4315473140692858,1.4227708209278265,1.415737976783109,1.6172737906462862,2.125051514870803,1.4271160453104228,2.455218154981486,0.5387157446834233,1.671869882478771
0.8968202590195415,-0.025290418976656702,3.9102411010943635e-05,-0.02525131656564576,-0.025329521387667645,-0.025212214154634816,-0.02536862379867859,-0.018126954288799145,-0.021961502807623427,-0.018881036188464168,-0.025315532793916583,-0.021862167171726787,-0.01339921602743187,-0.027477585486821995,1.418505176581016,0.0021932010097190802,1.420698377590735,1.416311975571297,1.4228915786004541,1.4141187745615778,1.4102898009150642,1.6087947164406833,2.100200047827385,1.4184592735204644,2.4789535925205506,0.5346774760044628,1.6620823941497327
0.918175819406362,-0.025132322658467775,3.9086765879799676e-05,-0.025093235892587974,-0.025171409424347577,-0.025054149126708176,-0.025210496190227374,-0.01804473542648813,-0.02184351008688984,-0.01864596082470761,-0.02515725787129395,-0.022074835807995137,-0.013299548208875205,-0.027311662719978518,1.409637769285139,0.0021923234956084414,1.4118300927807474,1.4074454457895305,1.414022416276356,1.405253122293922,1.4038931155639176,1.6001511337424734,2.074051838307708,1.4095909422241244,2.503068113087188,0.5307003673769395,1.6520459479091627
0.9400399097403379,-0.02497030792029999,3.907210914401176e-05,-0.02493123581115598,-0.025009380029444,-0.024892163702011968,-0.02504845213858801,-0.017949860455860542,-0.021722726660819165,-0.018400237438635267,-0.024995108731938963,-0.022290386034975997,-0.013201414836388637,-0.027141568362745238,1.4005505831461689,0.0021915014192479773,1.4027420845654168,1.398359081726921,1.4049335859846648,1.396167580307673,1.3965117760787245,1.5913031173112548,2.046719214079343,1.400505533977583,2.527509377548556,0.5267844887310915,1.6417571677455185
0.9624246394066807,-0.024804327072939683,3.9057274407612866e-05,-0.02476526979853207,-0.024843384347347296,-0.024726212524124457,-0.02488244162175491,-0.01784314028924869,-0.02159923486971612,-0.018209896564403985,-0.024828955005854865,-0.022507891089828855,-0.013104897677080334,-0.02696737470511711,1.391240943341023,0.0021906693590755272,1.3934316127000987,1.3890502739819475,1.3956222820591742,1.386859604622872,1.3882088720096362,1.5822566990041522,2.0255469696551582,1.3911957439955762,2.5521723001620185,0.5229331028720656,1.6312204263839054
0.9853424061457166,-0.024634252887901036,3.9042087696877067e-05,-0.02459521080020416,-0.024673294975597913,-0.024556168712507282,-0.02471233706329479,-0.017725314073256428,-0.021473141089016774,-0.018105155554004878,-0.02465866325629112,-0.022726390641396445,-0.013010083676715422,-0.026789135210800487,1.3817017137971077,0.002189817557141607,1.3838915313542492,1.3795118962399662,1.386081348911391,1.3773220786828244,1.379041909482623,1.573019671377121,2.013896280950685,1.381654095658996,2.576947988869728,0.519149679252265,1.6204389577724116
1.0088059029193472,-0.024459886852630654,3.9027467109860365e-05,-0.024420859385520792,-0.024498914319740515,-0.024381831918410934,-0.024537941786850374,-0.01759697814319653,-0.021344549045128898,-0.01808060241504823,-0.02448409985496095,-0.022944897181419798,-0.01291706075132127,-0.026606878987807097,1.3719217602155067,0.0021889975083165167,1.3741107577238232,1.3697327627071902,1.3762997552321397,1.3675437651988738,1.369057283804703,1.5635996329309674,2.011165154168429,1.3718731016167314,2.6017244699992217,0.5154377260410867,1.6094145226157337
1.0328281249410278,-0.024281120596240737,3.901368871174003e-05,-0.024242106907528996,-0.02432013428495248,-0.024203093218817258,-0.024359147973664216,-0.017459074278040488,-0.021214107173617432,-0.01812784079263388,-0.024305177364184645,-0.023161505765351774,-0.01282594663244472,-0.026420772999830377,1.3618950042206313,0.0021882246967202864,1.3640832289173515,1.359706779523911,1.3662714536140719,1.3575185548271906,1.3583282660426566,1.5540440849555603,2.0164196350070007,1.3618478626320705,2.626285741674218,0.5118019411556466,1.59815722032437
1.0574223768731374,-0.02409801533214199,3.899974574222015e-05,-0.024059015586399772,-0.02413701507788421,-0.024020015840657553,-0.02417601482362643,-0.017313093313328358,-0.021083232002700313,-0.018247584302581523,-0.02412187333380784,-0.023373030041243525,-0.012736900576347712,-0.026231188448737192,1.3516248791893677,0.0021874426545382603,1.353812321843906,1.3494374365348294,1.3559997644984443,1.347249993880291,1.346970844250708,1.5444567955369308,2.0297391013121766,1.351577120796286,2.650270503089147,0.508248679500291,1.586689504402755
1.0826022801957422,-0.023910551369983955,3.898561802733437e-05,-0.02387156575195662,-0.02394953698801129,-0.023832580133929287,-0.023988522606038624,-0.017160448503995934,-0.020953388674347276,-0.018405970864537657,-0.023934168962754944,-0.023576169598552948,-0.01265008529627701,-0.026038488263968422,1.34111028071676,0.0021866502502401247,1.3432969309670002,1.33892363046652,1.3454835812172403,1.3367369802162798,1.3350949706574722,1.5349450939721851,2.047356961988633,1.3410598226628534,2.6733045203217327,0.50478443392564,1.5750333279673407
1.1083817807508276,-0.023718623289848844,3.897221998117083e-05,-0.023679651069867674,-0.023757595509830014,-0.023640678849886503,-0.023796567729811185,-0.01700242403071282,-0.020825920020155615,-0.018535097625856305,-0.023742047553207562,-0.023767686922481684,-0.012565662704414627,-0.025843032608604072,1.330345295943111,0.0021858987720674385,1.3325311947151786,1.3281593971710435,1.3347170934872459,1.3259734983989762,1.3228005554228148,1.5256073496852065,2.0617201583508598,1.33029503263324,2.6950206912051504,0.5014156653169153,1.56321047680111
1.1347751564661754,-0.023522290363263698,3.895922447066043e-05,-0.02348333113879304,-0.023561249587734357,-0.023444371914322377,-0.02360020881220502,-0.016840068073043436,-0.020700854537791736,-0.01863301504069372,-0.023545529256792954,-0.02394531801457188,-0.012483781330263056,-0.025645399698771342,1.3193332493276957,0.002185169871571629,1.3215184191992673,1.317148079456124,1.3237035890708388,1.3149629095845525,1.3101691476545274,1.516445650278813,2.0726118359723618,1.3192838798269784,2.7151623006998307,0.4981483005417292,1.551255926424218
1.1617970252631677,-0.02332166086817922,3.8945988026876305e-05,-0.023282714880152343,-0.023360606856206098,-0.02324376889212547,-0.023399552844232972,-0.016674249198102564,-0.020577391124216943,-0.018716337720650247,-0.023344656997993492,-0.024107396089118407,-0.012404581459798947,-0.02544629872265383,1.3080802140333871,0.0021844274574564404,1.3102646414908437,1.3058957865759306,1.3124490689483,1.3037113591184744,1.2972683224854131,1.5074013107737811,2.081880093004607,1.308028769353634,2.733540351787352,0.494987937521017,1.5392125746813348
1.1894623531528963,-0.02311671750292328,3.8933015429697824e-05,-0.023077784487493584,-0.02315565051835298,-0.023038851472063887,-0.023194583533782676,-0.01650573980429242,-0.020454719305859993,-0.01874643499560509,-0.023139473666551037,-0.02425222718825305,-0.012328203560407694,-0.02524642251795822,1.296585219632946,0.00218369984213823,1.2987689194750842,1.2944015197908076,1.3009526193172223,1.2922178199486696,1.2841581730547573,1.4984149597504657,2.0852279123545987,1.296532104376221,2.749962766394667,0.4919401814145827,1.5271223303986496
1.2177864625250556,-0.022907537608692068,3.8920687865505766e-05,-0.022868616920826562,-0.022946458296557573,-0.022829696232961057,-0.02298537898442308,-0.016334830974263793,-0.020332774927979986,-0.018700676872911035,-0.02293010259455688,-0.024378424364907725,-0.012254770209645412,-0.025046440672589036,1.2848526040887935,0.0021830084058422476,1.2870356124946358,1.2826695956829512,1.2892186209004781,1.280486587277109,1.2708613457976468,1.4894818975392174,2.080138085159137,1.284800795337827,2.764272278437857,0.4890099235129454,1.5150256960529171
1.2467850406342253,-0.022694491746232108,3.8908243904769165e-05,-0.02265558350232734,-0.022733399990136877,-0.02261667525842257,-0.022772308234041645,-0.016161010620396557,-0.020212856238197123,-0.01863486717114422,-0.022716814488658622,-0.02448519249098811,-0.012184371028993638,-0.02484699610386301,1.2729031516488178,0.0021823104410225135,1.2750854620898404,1.2707208412077953,1.2772677725308628,1.268538530766773,1.2573379999368433,1.480697227554876,2.072817854562756,1.272850010252407,2.776378728252949,0.4862007400393294,1.5029615608527085
1.2764741482882205,-0.022477834151809,3.889588658719431e-05,-0.02243893826522181,-0.022516730038396195,-0.02240004237863461,-0.02255562592498339,-0.015983609382267876,-0.02009640299189387,-0.01856152045369818,-0.02249989472466724,-0.0245717556306401,-0.012117092639861531,-0.024648717813343244,1.2607511220791048,0.0021816173358997883,1.2629327394150045,1.258569504743205,1.2651143567509044,1.2563878874073051,1.2435360587603723,1.472166419394516,2.0646592568062268,1.2606957390645066,2.786194132386244,0.4835160875031544,1.4909679722612703
1.3068702287433454,-0.02225781522609672,3.888414125714816e-05,-0.022218931084839574,-0.02229669936735387,-0.022180046943582426,-0.022335583508611017,-0.01580238520032217,-0.019984364815701577,-0.018467816637446465,-0.022279668452397823,-0.024637389348911302,-0.012053006161763288,-0.02445193277148562,1.2484105600126267,0.0021809585563245465,1.2505915185689513,1.2462296014563021,1.2527724771252757,1.2440486428999777,1.2294366898644553,1.4639590381657943,2.054236271679293,1.2483562003032105,2.793636347077077,0.4809588038318237,1.4790647082841486
1.3379901168114567,-0.02203497069820793,3.887234515864553e-05,-0.021996098353049283,-0.022073843043366577,-0.02195722600789064,-0.02211271538852522,-0.015618425472268316,-0.01987633804786285,-0.018368616279283975,-0.02205657268075171,-0.0246815986460237,-0.011992138850045691,-0.02425615238634552,1.2359115137661105,0.0021802969292156844,1.2380918106953263,1.2337312168368948,1.240272107624542,1.231550919907679,1.215124493556123,1.4560455135379269,2.0432018880322422,1.2358558800946358,2.7986492442449897,0.4785299766128496,1.4672222146481166
1.3698510481838917,-0.0218097277182746,3.8860657471794907e-05,-0.021770867060802807,-0.021848588375746394,-0.02173200640333101,-0.021887449033218192,-0.015432986225794256,-0.019771690823103726,-0.0182390327887812,-0.021831062968303457,-0.024703884158131306,-0.011934510846365317,-0.02406074007557605,1.223277941609047,0.0021796413827688196,1.2254575829918157,1.221098300226278,1.2276372243745846,1.2189186588435093,1.2006971896734546,1.4483795580813532,2.0287878881735986,1.2232203039250509,2.801176200967366,0.4762304095716199,1.4554019853384554
1.4024706689774262,-0.021582494433026515,3.884947925179784e-05,-0.021543644953774716,-0.021621343912278313,-0.021504795474522918,-0.02166019339153011,-0.015247459515264836,-0.019670241880338692,-0.018035888988333495,-0.021603610813946957,-0.024703742564534104,-0.011880118511575354,-0.023865055054252907,1.2105327359359643,0.0021790144116243153,1.2127117503475886,1.20835372152434,1.2148907647592129,1.2061747071127158,1.1862630810257246,1.4409478934754034,2.0061915319589554,1.2104758904356885,2.801160145653467,0.474059957492935,1.4435652601321598
1.4358670455075404,-0.021353873082623112,3.883823181691769e-05,-0.021315034850806193,-0.02139271131444003,-0.021276196618989277,-0.021431549546256947,-0.015063639316425915,-0.019572833346158412,-0.017742177131264008,-0.02137472501380943,-0.024680729016076968,-0.01182890334995115,-0.02366845992656295,1.1977096755776722,0.002178383558311229,1.1998880591359833,1.195531292019361,1.2020664426942946,1.1933529084610497,1.171961740188511,1.4338122098886197,1.9735209915231668,1.1976511480759209,2.798550636807599,0.4720162861845295,1.4316734838090253
1.4700586742944162,-0.021124323661484097,3.88272386311663e-05,-0.021085496422852932,-0.021163150900115262,-0.021046669184221763,-0.02120197813874643,-0.014883321826856295,-0.019480387860645165,-0.017292918161299516,-0.021144921009183356,-0.024634362650907453,-0.01178079914633799,-0.023470341602749304,1.1848345609950544,0.002177766965485707,1.18701232796054,1.1826567940295687,1.1891900949260257,1.180479027064083,1.1579329125975582,1.4270400955230726,1.9235484317129812,1.1847749576315971,2.7932931494502737,0.47009675342078927,1.4196895713896809
1.505064492307198,-0.020894402969791295,3.8816564988832014e-05,-0.020855586404802465,-0.020933219534780126,-0.02081676983981363,-0.02097203609976896,-0.014707617979641669,-0.01939197088036304,-0.016715677055848307,-0.020914768624313382,-0.024564221215185228,-0.011735721162698125,-0.023271129457127632,1.171938622352426,0.002177168295415506,1.1741157906478414,1.1697614540570105,1.176292958943257,1.167584285761595,1.1442630296287772,1.4205630901939044,1.8593399960542825,1.17187924702976,2.7853398041710817,0.4682979778456668,1.407639495152183
1.5409038874521974,-0.020664803475006897,3.880584248628937e-05,-0.02062599763252061,-0.020703609317493186,-0.020587191790034317,-0.020742415159979478,-0.014536872309538467,-0.01930453356292885,-0.01616203242155191,-0.020684899714632513,-0.02446995606230913,-0.011693563504610443,-0.023072441769789634,1.159060699207196,0.0021765668848427243,1.1612372660920387,1.156884132322353,1.1634138329768813,1.1547075654375105,1.1309788963286924,1.414157850282042,1.797756273856923,1.1589994198783748,2.774651067892736,0.4666157338864356,1.3956211426947884
1.5775967093108507,-0.02043610090612398,3.8795530243803736e-05,-0.020397305375880175,-0.020474896436367785,-0.020358509845636374,-0.020513691966611586,-0.014371440669497925,-0.019215049376320164,-0.015757677609213403,-0.02045596113186156,-0.024351216992247172,-0.011654215677520658,-0.022876051324366445,1.1462330834149375,0.0021759884851981185,1.1484090719001356,1.1440570949297393,1.1505850603853336,1.1418811064445413,1.118108198307349,1.4076026665187944,1.752778551885741,1.146171720045167,2.7611872313942523,0.4650456124083167,1.3837417473282032
1.6151632801333684,-0.02020906217008023,3.878526659248026e-05,-0.02017027690348775,-0.02024784743667271,-0.02013149163689527,-0.02028663270326519,-0.014212036308163698,-0.019121305544639026,-0.015616576577985356,-0.02022866784290867,-0.02420788312799451,-0.011617544463549626,-0.02268430203786359,1.1334987897419173,0.0021754128109656586,1.135674202552883,1.1313233769309516,1.1378496153638487,1.129147964119986,1.1057064268111882,1.4007354415192754,1.73708341791239,1.1334362079724498,2.744934588418468,0.4635822975331845,1.3721430894570443
1.6536244060941794,-0.019984405986618055,3.8775191640576916e-05,-0.01994563079497748,-0.02002318117825863,-0.019906855603336902,-0.020061956369899207,-0.014059492498485497,-0.019021467583380948,-0.01585915656200369,-0.020003759665033156,-0.02403989752181734,-0.011583408494673365,-0.022499703807701037,1.1208981302002081,0.002174847720626828,1.123072977920835,1.1187232824795812,1.1252478256414618,1.1165484347589545,1.0938384110621318,1.3934217897177943,1.7640663911428813,1.1208343364971327,2.725886681655447,0.46222014816247803,1.360976989419196
1.6930013888153899,-0.019762863068633462,3.876536383994191e-05,-0.01972409770479352,-0.019801628432473403,-0.019685332340953578,-0.019840393796313346,-0.01391427584192241,-0.018916546616581494,-0.016440722894757717,-0.019781973107227034,-0.0238476945288041,-0.01155165973418952,-0.022323420284327475,1.108472089481544,0.00217429649266623,1.1106463859742104,1.1062977929888778,1.1128206824668765,1.1041234964962117,1.0825404529820777,1.3857357812278737,1.828755936127232,1.108407373089992,2.70409276267748,0.4609532570931036,1.3503138348738886
1.7333160371646428,-0.019545191796563777,3.8755575907657864e-05,-0.01950643622065612,-0.019583947372471433,-0.01946768064474846,-0.019622702948379093,-0.013776433262786493,-0.01881083350335471,-0.01711114496340514,-0.019564040944719238,-0.023632284842270004,-0.011522142381176792,-0.022155063543033062,1.0962632041123923,0.0021737475008671713,1.0984369516132595,1.0940894566115251,1.1006106991141267,1.091915709110658,1.0718162033155283,1.3779917438772644,1.9033291982397273,1.0961963760146376,2.6796674341131643,0.4597754073013794,1.3401301607742824
1.7745906793339266,-0.019332074872147467,3.874611078728831e-05,-0.019293328761360178,-0.019370820982934755,-0.01925458265057289,-0.019409567093722043,-0.013645677564633857,-0.018707511848908176,-0.01768280161446416,-0.019350698972280346,-0.02339499177560332,-0.011494702360144526,-0.02199299269515362,1.0843097659040102,0.0021732166151490037,1.086482982519159,1.0821365492888613,1.0886561991343082,1.0799633326737121,1.061643317977028,1.370422893365368,1.9669164565824944,1.0842425727231733,2.652760746616312,0.4586804506145848,1.3303267119598106
1.8168481752059913,-0.01912431897237561,3.873665604435345e-05,-0.019085582316331257,-0.01916305562841996,-0.0190468456602869,-0.019201792284464315,-0.013520895820358569,-0.01860645262848481,-0.01816043109270281,-0.01914269010938204,-0.023137946015136128,-0.011469190511291237,-0.0218325301676667,1.0726570202708263,0.0021726863114870233,1.0748297065823134,1.0704843339593393,1.0770023928938004,1.0683116476478522,1.051935210454488,1.363019777955238,2.02004476177866,1.07258758987314,2.623614298949569,0.45766243501388415,1.3206205482947138
1.8601119290152626,-0.018922584241605266,3.8727506546795954e-05,-0.01888385673505847,-0.018961311748152063,-0.018845129228511674,-0.01900003925469886,-0.013400685661270402,-0.01850690110895053,-0.018543100613583996,-0.018940746505662305,-0.0228635509696152,-0.011445465088104585,-0.02166869481435232,1.061341993811279,0.0021721731286227777,1.0635141669399018,1.059169820682656,1.0656863400685244,1.0569976475540335,1.0425827754768604,1.3557271095052086,2.0626103571217684,1.0612724506755469,2.592500613900832,0.4567157042976537,1.3107103669065518
1.904405902310225,-0.018727614832965197,3.871838817576581e-05,-0.01868889644478943,-0.018766333221140963,-0.018650178056613665,-0.01880505160931673,-0.013282922941183358,-0.01840767032423343,-0.018843776780702693,-0.018745544438407348,-0.02257497534084239,-0.011423412431474931,-0.021497302057292673,1.050406425061463,0.002171661691603083,1.052578086753066,1.04823476336986,1.0547497484446693,1.046063101678257,1.0334207529759598,1.3484579365547256,2.0960555607779674,1.0503350477473852,2.559778990923519,0.4558357230538409,1.3003430482740526
1.9497546272244826,-0.01853996960504586,3.870954009282133e-05,-0.018501260064953038,-0.018578679145138683,-0.01846255052486022,-0.018617388685231502,-0.013165381594822933,-0.018307514172699674,-0.019045979210668352,-0.018557710425420447,-0.022275649915853287,-0.011402928864782886,-0.021314808984728224,1.0398816596390323,0.002171165414674213,1.0420528250537064,1.0377104942243582,1.0442239904683808,1.035539328809684,1.024275953506787,1.3411209756546452,2.118547205243124,1.0398104856229071,2.525838447345155,0.4550183542080778,1.2893042864036135
1.9961832200638372,-0.018360142569181732,3.870074116204775e-05,-0.018321441828019685,-0.01839884331034378,-0.018282741086857637,-0.018437544051505828,-0.013046404753310406,-0.01820552676591019,-0.01915243223942265,-0.018377677023886187,-0.02196939854679562,-0.011383922178978692,-0.021120082395342635,1.0297954059673184,0.002170671894623706,1.0319660778619422,1.0276247340726947,1.0341367497565659,1.025454062178071,1.0150194715045189,1.3336498657482023,2.130388327406628,1.0297230009932703,2.4911125701905035,0.4542599182837528,1.2775255354632942
2.043717395216903,-0.018188391044811555,3.869219129955745e-05,-0.018149698853512,-0.01822708323611111,-0.01811100666221244,-0.01826577542741067,-0.012924721291329362,-0.01810098335160403,-0.019148779911800987,-0.018205761829073425,-0.021660203303304117,-0.011366303659062271,-0.0209129931196961,1.0201620967433926,0.0021701923444741914,1.0223322890878668,1.0179919043989185,1.0245024814323411,1.0158217120544442,1.005552412524956,1.3259915149491834,2.129982066936115,1.0200903890973896,2.45605288678296,0.4535568752295502,1.2649989821664478
2.0923834793969758,-0.018024835555605512,3.868369766772302e-05,-0.01798615185793779,-0.018063519253273236,-0.017947468160270066,-0.01810220295094096,-0.012800134153039856,-0.01799351505168885,-0.019077938809421335,-0.01804202805019946,-0.02135221808976178,-0.011349981767876533,-0.02069444438692427,1.0109884919758656,0.0021697159482256265,1.0131582079240913,1.00881877602764,1.015327923872317,1.0066490600794142,0.995859445485068,1.3181189010118353,2.1221021770232515,1.0109161916225438,2.4211304088073384,0.45290557237982054,1.2517792616353989
2.142208426223033,-0.017869343400064408,3.8675435851833444e-05,-0.017830667964212576,-0.01790801883591624,-0.01779199252836074,-0.017946694271768076,-0.012672910479974969,-0.01788297232559572,-0.018971363196221277,-0.017886395837918793,-0.021049695613852035,-0.011334864089057461,-0.020465946942906852,1.002267148618273,0.0021692525542178747,1.004436401172491,1.0000978960640552,1.0066056537267087,0.9979286435098373,0.9859613541841356,1.3100210693089045,2.1102474193867637,1.0021959345153708,2.386827351265791,0.4523023219853587,1.237957756867751
2.19321983114794,-0.017721652582432103,3.866724651970805e-05,-0.017682985335912397,-0.01776031982895181,-0.017644318089392687,-0.01779898707547152,-0.012543830600335279,-0.01776961248966367,-0.018856243626723935,-0.017738554833630626,-0.020757057064646686,-0.011320857900116072,-0.02023008894269887,0.9939833716852663,0.002168793225725795,0.9961521649109921,0.9918145784595405,0.9983209581367178,0.9896457852338147,0.9759188487053368,1.301716869605378,2.097442289257735,0.9939122280160346,2.353645033284032,0.4517434240814595,1.223691021901061
2.2454459467421484,-0.01758131623026089,3.8659249142739016e-05,-0.017542656981118152,-0.017619975479403627,-0.01750399773197541,-0.01765863472854637,-0.012413546199469857,-0.01765406845149077,-0.018738808956359414,-0.017598093850679643,-0.020478600560640374,-0.011307874093621332,-0.019989772682159637,0.9861120967095095,0.0021683446637371573,0.9882804413732467,0.9839437520457723,0.9904487860369838,0.9817754073820352,0.9657826306274677,1.293252665686498,2.0843796428089747,0.9860420328494331,2.322070819001202,0.4512253229573844,1.209154612729967
2.2989156983413195,-0.017447842408184182,3.8651368727527006e-05,-0.017409191039456654,-0.01748649377691171,-0.01737053967072913,-0.017525145145639236,-0.012282211918427011,-0.01753759691601952,-0.018621512517917493,-0.01746449771285666,-0.02021823488211449,-0.011295831100935768,-0.019748075057345868,0.9786257317058842,0.00216790266197427,0.9807936343678585,0.9764578290439099,0.9829615370298327,0.9742899263819357,0.9555647311329184,1.2847205177491154,2.0713323723537536,0.9785564830826488,2.292547925452684,0.4507447637276895,1.1945346466815152
2.3536587000665743,-0.01732066995830485,3.8643614462422556e-05,-0.017282026343842426,-0.017359313572767272,-0.017243382729380002,-0.017397957187229696,-0.012149830812817088,-0.017422044499342558,-0.018502477851927813,-0.01733720769335062,-0.01997870489698234,-0.011284647054468007,-0.019508359546943025,0.9714928020917551,0.0021674677357992078,0.9736602698275544,0.9693253343559559,0.9758277375633536,0.9671578666201567,0.9452653879503246,1.2762557000610784,2.0580917531044043,0.9714242725909804,2.265387593519643,0.4502984795775828,1.1800345760826532
2.4097052712262164,-0.01719921403499043,3.863603138013148e-05,-0.0171605780036103,-0.017237850066370564,-0.01712194197223017,-0.017276486097750694,-0.012016405854597241,-0.017309765198187707,-0.018379386580003897,-0.017215652038955295,-0.0197613298140784,-0.011274238308869467,-0.01927417047289855,0.9646805046716551,0.002167042411035143,0.9668475470826903,0.96251346226062,0.9690145894937254,0.9603464198495848,0.9348848323000442,1.2680306551702127,2.0443999041718923,0.9646133653653844,2.240739408440075,0.44988313275329056,1.165868792227364
2.4670864531080188,-0.017083055976923292,3.862853886020287e-05,-0.01704442743806309,-0.017121684515783494,-0.017005798899202885,-0.0171603130546437,-0.011882568625962668,-0.017202940812701042,-0.01825473848677146,-0.01709938804414783,-0.019565512622159355,-0.011264518024644989,-0.019048370116883647,0.9581653573021346,0.002166622165790722,0.9603319794679254,0.9559987351363438,0.962498601633716,0.9538321129705531,0.9244722017213536,1.260205211325891,2.030534884860701,0.9580989560912959,2.2185356750420078,0.4494952580429679,1.1522104307055665
2.5258340261713927,-0.016971842651835215,3.8621202844936955e-05,-0.016933221448990277,-0.017010463854680153,-0.016894600246145343,-0.017049085057525087,-0.01175021269437644,-0.01710222770229802,-0.0181261709373683,-0.016988081779702725,-0.019388930271127418,-0.011255405714123111,-0.018833558662741324,0.9519275532749323,0.002166210698679806,0.9540937639736121,0.9497613425762524,0.9562599746722918,0.9475951318775727,0.91417481709552,1.2528274502813943,2.016233891487756,0.9518623343188708,2.1985129824137832,0.4491316436956485,1.1392167731601142
2.585980527648923,-0.016865367779048585,3.861399807335146e-05,-0.016826753780975232,-0.016903981777121938,-0.016788139782901883,-0.016942595775195288,-0.011623639197192398,-0.01700549027729993,-0.017994452378714568,-0.01688151912771491,-0.019227129389322445,-0.011246838935668618,-0.018632343599402072,0.9459555225876175,0.0021658065928482836,0.9481213291804658,0.9437897159947692,0.950287135773314,0.941623909401921,0.904327309935693,1.245740928945296,2.0015824009433256,0.9458915027683938,2.180166362242378,0.4487897980628771,1.1270455431088315
2.6475592695670653,-0.01676350676271341,3.860689335261362e-05,-0.016724899869360797,-0.016802113656066025,-0.016686292976008182,-0.01684072054941864,-0.011510539005700525,-0.016913546877535712,-0.01785966805161836,-0.016779566671794068,-0.019074127379478986,-0.011238776937992401,-0.018446731048656736,0.9402422768285571,0.002165408098732623,0.9424076849272898,0.9380768687298244,0.9445730930260223,0.9359114606310919,0.8955280354408547,1.2390055949816785,1.9865898948441751,0.9401789859615639,2.162817447151526,0.4484680950199343,1.1158180881756097
2.71060435719594,-0.016666159791798967,3.859993010489383e-05,-0.016627559861694074,-0.01670475972190386,-0.016588959931589178,-0.016743359652008755,-0.011420779789484364,-0.016827806603067697,-0.017719106196656488,-0.016682135186083687,-0.018923178876407074,-0.011231201814692877,-0.0182780005276111,0.9347822177328942,0.00216501753964598,0.9369472352725401,0.9326172001932482,0.9391122528121861,0.9304521826536022,0.8885447052491964,1.2327246723254004,1.970954735228624,0.934719784468006,2.1457013794242767,0.4481658200362397,1.1056118046387915
2.775150707938475,-0.01657325561391948,3.85930918226662e-05,-0.016534662522096812,-0.016611848705742147,-0.01649606943027415,-0.01665044179756481,-0.011363931828644761,-0.016745977971609434,-0.017572777279578223,-0.016589147755551998,-0.018767761155220396,-0.01122412174383064,-0.01812657902918371,0.9295713488512953,0.0021646339897036966,0.931735982840999,0.9274067148615917,0.9339006168307027,0.925242080871888,0.8841218938878608,1.226730297937782,1.9546780862365487,0.92950958864743,2.128078546552734,0.44788329944616906,1.0964525207289066
2.8412340706693446,-0.016484785370788586,3.8586353222162903e-05,-0.016446199017566422,-0.01652337172401075,-0.01640761266434426,-0.016561958077232913,-0.011342743284238854,-0.016664520772273973,-0.017431370960664123,-0.016500590037010345,-0.01860249706281415,-0.011217561358032977,-0.017992434333358655,0.924609173334536,0.0021642560307736504,0.9267734293653096,0.9224449173037623,0.9289376853960832,0.9202806612729887,0.8824734102211728,1.2207631328919797,1.9389489941050515,0.9245475948339952,2.1093392325420472,0.4476215161811834,1.0883382875002874
2.9088910455344137,-0.01640073618474539,3.8579727623800714e-05,-0.01636215645712159,-0.016439315912369194,-0.01632357672949779,-0.016477895639992992,-0.011354143209222534,-0.01658002397163049,-0.017324521068022167,-0.016416453697726905,-0.018423909200742727,-0.0112115668685739,-0.017875143398440662,0.9198949688921446,0.0021638844099798877,0.9220588533021244,0.9177310844821648,0.9242227377121044,0.9155672000721848,0.8833603324078533,1.2145733011840971,1.9270637274598823,0.919833336134872,2.089089134791672,0.4473823142392673,1.0812435157266156
2.9781591042216626,-0.016321048885057313,3.857322708085045e-05,-0.016282475657976463,-0.016359622112138164,-0.016243902430895612,-0.016398195339219015,-0.011391438319954384,-0.016490492772367974,-0.017279873941870475,-0.016336684034433543,-0.01823102033491379,-0.011206209550796669,-0.017774042432596917,0.9154254167182706,0.002163519803373961,0.9175889365216445,0.9132618969148967,0.9197524563250186,0.9110983771115226,0.8862619182700534,1.2080146734985575,1.9220974800811272,0.9153637474611837,2.067217444618054,0.4471685377659707,1.0751280535277623
3.0490766107148097,-0.016245641918835818,3.856683464010126e-05,-0.016207075084195718,-0.01628420875347592,-0.016168508249555614,-0.016322775588116022,-0.011446553150288885,-0.01639700668272503,-0.017228105105595543,-0.016261196742090738,-0.018025103608498384,-0.01120157198032849,-0.01768881402010633,0.9111959426224008,0.00216316126007335,0.9133591038824741,0.9090327813623275,0.9155222651425475,0.906869620102254,0.890549890858363,1.2011663294487116,1.9163390613515976,0.9111341051017571,2.043868523868436,0.4469834818292919,1.06997270085131
3.1216828425411283,-0.016174410415228088,3.856054746826458e-05,-0.016135849867759823,-0.016212970962696353,-0.016097289320291558,-0.01625153151016462,-0.011511503096446272,-0.01630553630927167,-0.017122977957848597,-0.016189886757311457,-0.017807633457568455,-0.011197723067072686,-0.017619798989477485,0.907200664541145,0.0021628086211627567,0.9093634731623078,0.9050378559199822,0.9115262817834705,0.9028750472988195,0.8956030423793742,1.1944656471314914,1.904645421313929,0.9071385222306322,2.019209559014717,0.4468298961851198,1.0657980739578763
3.1960180125252373,-0.01610732072987694,3.855437641049597e-05,-0.016068766353466445,-0.016145875106287438,-0.01603021197705595,-0.016184429482697934,-0.01157832095848119,-0.01622108316242539,-0.016967081722568663,-0.016122721553490735,-0.017579032793984407,-0.011194722445825946,-0.017568087644437423,0.9034376954083033,0.0021624624949321937,0.9056001579032356,0.9012752329133711,0.9077626203981677,0.899112770418439,0.9008015190702444,1.1882790132921204,1.8873045679029776,0.9033751763436245,1.9932885040802764,0.4467101604788391,1.062670123861602
3.272123291060891,-0.01604448242386528,3.8548339443899276e-05,-0.01600593408442138,-0.016083030763309178,-0.01596738574497748,-0.016121579102753077,-0.011639106420371088,-0.016142318335064083,-0.016774149235300427,-0.016059812951939798,-0.017339433137107788,-0.011192627791276192,-0.01753493757655508,0.8999131803558875,0.0021621238896929462,0.9020753042455805,0.8977510564661946,0.9042374281352734,0.8955889325765016,0.9055306707843968,1.1825090785472063,1.8658440497966795,0.8998503329211872,1.9661202720603,0.4466265761403621,1.0606649205944323
3.350040828913131,-0.015986125848065996,3.8542459161333024e-05,-0.015947583388904663,-0.01602466830722733,-0.01590904092974333,-0.016063210766388662,-0.011687210720620953,-0.016064999857792736,-0.01653614345413259,-0.016001393621462284,-0.017091237296455855,-0.011191486669056828,-0.017520772178648735,0.8966400394508187,0.0021617940726476976,0.8988018335234664,0.894478245378171,0.9009636275961141,0.8923164513055233,0.9092732191983055,1.1768450964961144,1.8393698802647505,0.8965770286718451,1.9379773177959825,0.4465810412115414,1.0598080746216465
3.4298137805634057,-0.015932566040055465,3.853676427883875e-05,-0.015894029275776624,-0.015971102804334305,-0.015855492511497787,-0.016009639568613142,-0.011718500403957829,-0.015990847695714325,-0.016286122588863413,-0.015947777364131267,-0.016839493901122153,-0.011191327645845864,-0.017525369082990492,0.8936359427219449,0.0021614746544401297,0.8957974173763851,0.8914744680675047,0.8979588920308251,0.8893129934130647,0.9117075785827237,1.1714130635606002,1.8115592332242567,0.893572846297263,1.9094321059076174,0.4465746956067769,1.0600861352168065
3.5114863281105926,-0.015884142763790344,3.853129967343089e-05,-0.015845611464116914,-0.015922674063463774,-0.01580708016444348,-0.015961205363137207,-0.011731683973747454,-0.01591740402876065,-0.016056246747435148,-0.01589930387253619,-0.01659080197709299,-0.01119216112695706,-0.01754703730686035,0.8909199470671285,0.0021611681521609,0.8930811152192895,0.8887587789149676,0.8952422833714503,0.8865976107628067,0.9127332695905863,1.166032931591212,1.7859893837550325,0.8908568191753895,1.8812329006934048,0.44660795453595004,1.0613968170969106
3.5951037057411823,-0.015841149085850513,3.8526127035494574e-05,-0.01580262295881502,-0.015879675212886007,-0.015764096831779525,-0.0159182013399215,-0.01172749690747365,-0.015843213234944115,-0.01582355093770246,-0.015856267459987746,-0.01635085060502309,-0.01119398938541464,-0.017582211318188632,0.88850849019193,0.0021608780259397406,0.8906693682178698,0.8863476121659902,0.8928302462438095,0.8841867341400506,0.9124075128877436,1.160598068679228,1.7601058598926922,0.8884454380294607,1.854024787648136,0.4466809087009983,1.063524445996051
3.6807122247821336,-0.015803748848613623,3.852132292538382e-05,-0.01576522752568824,-0.015842270171539007,-0.015726706202762855,-0.01588079149446439,-0.011707963504862152,-0.015770260554182965,-0.01559735969059653,-0.015818832047252415,-0.016122486414540418,-0.011196800927740955,-0.01762510907713121,0.8864107617922995,0.0021606085699426986,0.8885713703622422,0.8842501532223568,0.8907319789321849,0.8820895446524141,0.9108878004175033,1.1552539040113174,1.7349458600257224,0.8863478875340883,1.8281305464252355,0.4467930994703415,1.066119274057677
3.7683592993503265,-0.015771978802676986,3.851697423039759e-05,-0.01573346182844659,-0.015810495776907383,-0.01569494485421619,-0.015849012751137783,-0.011675677333642127,-0.015700797137715286,-0.015404319674506936,-0.015787034198742323,-0.01590493654535445,-0.011200578942982157,-0.017667966329621206,0.8846288231592174,0.0021603646575601063,0.8867891878167775,0.8824684585016573,0.8889495524743376,0.8803080938440973,0.9083759135744756,1.1501653461663448,1.7134733811332945,0.8845662164365724,1.8034625423095056,0.44694385602575015,1.0687116519381648
3.8580934726127776,-0.015745716425191993,3.8513168955764576e-05,-0.01570720325623623,-0.015784229594147756,-0.015668690087280463,-0.015822742763103522,-0.011633123626323917,-0.015633626296691676,-0.015245733272426426,-0.01576075218293204,-0.015694757172868133,-0.01120532077246559,-0.017701853226167664,0.8831558021528763,0.002160151224885455,0.8853159533777617,0.8809956509279908,0.8874761046026471,0.8788354997031054,0.9050652051970027,1.1452447314395535,1.6958332915794303,0.883093603975425,1.7796302796428618,0.447133072276511,1.0707614249857005
3.949964443672174,-0.015724533264445475,3.850998043354735e-05,-0.01568602328401193,-0.01576304324487902,-0.01564751330357838,-0.01580155322531257,-0.011582225425608796,-0.01556751943621868,-0.015099538407144987,-0.015739558367050994,-0.01548701947653381,-0.01121103245232284,-0.01771901802195602,0.8819676674998672,0.002159972385014318,0.8841276398848815,0.8798076951148529,0.8862876122698958,0.8776477227298386,0.9011052893606276,1.140402058841915,1.6795715536116915,0.8819060893802363,1.7560748789094935,0.4473609890862384,1.0717997005246005
4.044023095092643,-0.015707622798558776,3.8507443717326203e-05,-0.01566911535484145,-0.015746130242276103,-0.015630607911124122,-0.01578463768599343,-0.01152405846052103,-0.015504952599294608,-0.014960022296127274,-0.01572264539156323,-0.015276316855788978,-0.011217719255906313,-0.01771565968089111,0.8810191824858064,0.0021598301040543022,0.8831790125898606,0.8788593523817521,0.8853388426939149,0.8766995222776978,0.8965798585405064,1.1358187114476324,1.6640527155507214,0.8809584353403731,1.7321832850640129,0.4476278168808817,1.071596558965448
4.140321521080947,-0.015693736549385294,3.8505524462473896e-05,-0.01565523102492282,-0.01573224207384777,-0.015616725500460346,-0.015770747598310243,-0.011458657632379143,-0.015446102554571588,-0.014832735687511605,-0.015708763185119785,-0.015058766021152319,-0.011225392478486444,-0.017691928606366883,0.8802403216708052,0.0021597224556620122,0.8824000441264672,0.8780805992151433,0.8845597665821293,0.8759208767594812,0.8914916280837829,1.13150763848318,1.6498942054544512,0.8801805988781928,1.7075151714757206,0.4479340063828321,1.070161098008375
4.2389130563387765,-0.01568132472314957,3.8504083479779156e-05,-0.01564282063966979,-0.015719828806629352,-0.015604316556190012,-0.01575833289010913,-0.011385599199808402,-0.015390064952525461,-0.01470268908709352,-0.015696360393096877,-0.014833651371780191,-0.011234057242494697,-0.017650357844366575,0.8795441592314859,0.0021596416329040446,0.8817038008643899,0.8773845175985818,0.883863442497294,0.8752248759656778,0.8858076306132856,1.127402591625343,1.635428692349576,0.879485655757475,1.6819893960845356,0.4482797619957442,1.0676465382168954
4.339852305602068,-0.01566881553859839,3.850284496378639e-05,-0.015630312693634605,-0.015707318383562176,-0.015591809848670818,-0.015745821228525962,-0.011305080197102217,-0.015336020244419251,-0.01458054549632401,-0.01568386277865659,-0.014603756159344661,-0.011243688916902844,-0.017594437796716378,0.878842536096771,0.0021595721662278048,0.8810021082629987,0.8766829639305432,0.8831616804292266,0.8745233917643154,0.8795431955357087,1.123443534651215,1.6218422571234912,0.878785399624451,1.655921552110341,0.4486641008519655,1.0642640093289777
4.443195173883727,-0.01565480043884654,3.850138367434525e-05,-0.015616299055172193,-0.015693301822520885,-0.015577797671497848,-0.01573180320619523,-0.011217924134901578,-0.015284205388408923,-0.014463055698912323,-0.01566985970795999,-0.014374651276886244,-0.011254236625780978,-0.017527404253592536,0.8780564482282128,0.0021594902044920717,0.8802159384327048,0.8758969580237208,0.882375428637197,0.8737374678192287,0.8727623925584854,1.1196478259826073,1.6087734787111063,0.8780007909950751,1.62994332374107,0.4490849928167674,1.0602092399644332
4.5489988974365305,-0.015638205549258728,3.8499156416186554e-05,-0.015599706392842541,-0.015676704705674914,-0.015561207236426355,-0.0157152038620911,-0.01112499678103432,-0.015234494050625245,-0.014343574600428056,-0.01565327605460025,-0.014153793591617853,-0.011265621332499452,-0.01745138999999736,0.8771256634592127,0.0021593652806135622,0.8792850287398263,0.8749662981785992,0.8814443940204398,0.8728069328979856,0.8655325790279246,1.1160062110041542,1.595483201300143,0.8770715892639298,1.6049002459880148,0.4495392840410317,1.0556112394353996
4.657322075453299,-0.01561840514408406,3.8495860957555096e-05,-0.015579909283126506,-0.015656901005041617,-0.015541413422168951,-0.015695396865999172,-0.011027014385720688,-0.01518682145534872,-0.014211722833190173,-0.015633485182018486,-0.013949205446215399,-0.011277735171214167,-0.017367706915589025,0.8760150856841039,0.002159180442824507,0.8781742661269284,0.8738559052412794,0.8803334465697529,0.871696724798455,0.857909479715238,1.1125139445562833,1.5808168935247089,0.8759626832427455,1.5817019731887645,0.4500226702850813,1.0505493615877284
4.768224702521965,-0.015595009721933851,3.849216277767895e-05,-0.015556517559156172,-0.01563350188471153,-0.015518025396378494,-0.01567199404748921,-0.010924885386740876,-0.015137674328343264,-0.014074577261643321,-0.015610095349301292,-0.013768117160622947,-0.01129046651320058,-0.017276568774618525,0.874702868300161,0.002158973016948997,0.87686184131711,0.872543895283212,0.879020814334059,0.870384922266263,0.8499637717190585,1.1089136609624315,1.5655617384025555,0.8746521232243615,1.5611683521343365,0.4505306971566168,1.0450365373399335
4.881768201853454,-0.015568048127092855,3.848881402305973e-05,-0.015529559313069794,-0.015606536941115915,-0.015491070499046735,-0.015645025755138976,-0.010819811898095059,-0.015086241312889468,-0.013941886745778145,-0.015583134196322231,-0.013616635604849166,-0.011303729251986739,-0.017177164444726167,0.8731906291440547,0.0021587851898605312,0.8753494143339152,0.8710318439541941,0.8775081995237757,0.8688730587643336,0.8417889803546137,1.1051459241077406,1.5508021338456537,0.8731414579036164,1.5439918415013167,0.4510599286940868,1.0390237023804871
4.998015459300811,-0.015537964632806977,3.848627972468827e-05,-0.015499478353082288,-0.015576450912531665,-0.0154609920733576,-0.015614937192256354,-0.010713359384394616,-0.015035400648114068,-0.013810567367489838,-0.015553047464089196,-0.0134998248051923,-0.01131748969816287,-0.017069170379618324,0.8715032868974295,0.002158643044514413,0.8736619299419439,0.8693446438529151,0.8758205729864583,0.8671860008084007,0.8335068998703995,1.101421580032225,1.5361950454523658,0.8714556626768958,1.5307466518007702,0.45160902056745356,1.0324912858268387
5.117030858188424,-0.01550552626289957,3.8484660008197935e-05,-0.015467041602891373,-0.015544010922907768,-0.015428556942883174,-0.015582495582915967,-0.010607380561945833,-0.014989151733880662,-0.013677570684774792,-0.01552060462402842,-0.013421019687395914,-0.011331749745499732,-0.016953319711955538,0.86968386288251,0.0021585521968211325,0.8718424150793311,0.8675253106856888,0.8740009672761523,0.8653667584888677,0.8252616728989352,1.0980336056521658,1.5214013849450214,0.869637851939189,1.5218109306375454,0.4521780483450615,1.0254836338930415
5.238880314970591,-0.015471720104255987,3.8483676037383514e-05,-0.015433236428218604,-0.01551020378029337,-0.01539475275218122,-0.015548687456330755,-0.010503751681751803,-0.014948016032507413,-0.0135448514143653,-0.015486793720279274,-0.013380693664315872,-0.011346510673614606,-0.016831062010910475,0.8677877214591313,0.002158497007237474,0.8699462184663688,0.8656292244518938,0.8721047154736062,0.8634707274446564,0.8171992730887147,1.0950202008043248,1.5066385819251358,0.8677433869733713,1.5172383583485722,0.4527670630882962,1.0180884290795154
5.363631315739237,-0.015437656696400414,3.8482834247208134e-05,-0.015399173862153205,-0.015476139530647623,-0.015360691027905998,-0.01551462236489483,-0.010404317423463772,-0.014909746495793606,-0.013417581592565148,-0.015452727152994124,-0.01337682278187542,-0.011361773386426362,-0.01670423982009091,0.8658771512776045,0.002158449792372332,0.8680356010699768,0.8637187014852321,0.8701940508623491,0.8615602516928598,0.8094632178148393,1.0922167574787418,1.4924819390818276,0.8658345968769511,1.5167994385536312,0.45337610086680974,1.0104171243846474
5.491352953600956,-0.01540443646630736,3.8482238239403664e-05,-0.015365954228067956,-0.015442918704546763,-0.015327471989828553,-0.015481400942786166,-0.010310617750257175,-0.014871642389222195,-0.013300431888034077,-0.015419506703126296,-0.013405972534726055,-0.01137754223858095,-0.016574840881510074,0.8640138737890937,0.00215841636310583,0.8661722901521995,0.8618554574259878,0.8683307065153053,0.859697041062882,0.8021733172961409,1.08942543277461,1.4794509903243942,0.8639732157411424,1.520104732305278,0.4540053354468211,1.0025899556641635
5.622115966944088,-0.015373051023594134,3.8482126105325775e-05,-0.015334568897488809,-0.01541153314969946,-0.015296086771383482,-0.015450015275804786,-0.01022351289353787,-0.014831684236935885,-0.013191379543531886,-0.015388119136915077,-0.013462930534829928,-0.011393836639465657,-0.016444790671716402,0.8622535070273136,0.0021584100736580314,0.8644119171009716,0.8600950969536556,0.8665703271746297,0.8579366868799976,0.7953964981414022,1.0864982895440187,1.4673207376807855,0.8622145332465657,1.5265632063381216,0.4546555413335091,0.9947233924191068
5.755992778617059,-0.015344302509501162,3.8482314785282864e-05,-0.01530582019471588,-0.015382784824286445,-0.015267337879930596,-0.015421267139071729,-0.010143096819845336,-0.01478919619463322,-0.013084304273106001,-0.015359360674814018,-0.013539641860146858,-0.011410681218389791,-0.01631564754320863,0.8606410420026127,0.0021584206564600043,0.8627994626590727,0.8584826213461527,0.8649578833155327,0.8563242006896927,0.7891400710135261,1.0833858186640792,1.4554104015199465,0.8606031625678796,1.5352615121367956,0.4553277013259352,0.9869116973077904
5.893057536039618,-0.015318889650737244,3.8482576639213784e-05,-0.01528040707409803,-0.015357372227376457,-0.015241924497458816,-0.015395854804015672,-0.010068727594021127,-0.014744629613790724,-0.012975958922335619,-0.015333937270817005,-0.013625891058313373,-0.011428092050838085,-0.016188262550191623,0.8592156693450219,0.00215843534349057,0.8613741046885125,0.8570572340015313,0.8635325400320031,0.8548987986580407,0.783354092905409,1.0801210839864348,1.4433587901253953,0.8591786591431408,1.5450413184097715,0.456022456894435,0.9792063494607609
6.033386152269268,-0.015297450032214381,3.8483071899792636e-05,-0.015258966960314589,-0.015335933104114173,-0.015220483888414797,-0.015374416176013966,-0.009998980432584985,-0.014699957249649198,-0.012870157100783548,-0.015312494824413402,-0.013711434907737687,-0.011446103574203404,-0.01606297003233428,0.8580131503244128,0.002158463121982318,0.8601716134463951,0.8558546872024305,0.8623300765683775,0.8536962240804482,0.7779277146595639,1.0768486001299633,1.431590103890916,0.8579772134854194,1.5547411451096005,0.4567411822162933,0.9716275726374023
6.177056348045559,-0.015280443447779745,3.8483550363235065e-05,-0.01524195989741651,-0.01531892699814298,-0.015203476347053275,-0.015357410548506215,-0.009931499702759227,-0.014657454042451376,-0.012768762946003352,-0.015295495844757102,-0.013787883664296964,-0.011464750113369124,-0.015940383030543903,0.857059274151829,0.002158489958345548,0.8592177641101746,0.8549007841934835,0.8613762540685201,0.8527422942351379,0.7726776663880583,1.0737350183422951,1.4203116969966538,0.8570247405301729,1.5634096782073363,0.4574852469792566,0.96421244886224
6.324147694835562,-0.015268106240129416,3.848390888929026e-05,-0.015229622331240126,-0.015306590149018707,-0.015191138422350836,-0.015345074057907996,-0.009863481822052747,-0.014618933549100342,-0.012682985527271514,-0.015283177703867695,-0.013849267720970889,-0.011484027429285072,-0.015821206807800723,0.8563672969673981,0.002158510067583979,0.858525807034982,0.8542087868998142,0.8606843171025661,0.8520502768322301,0.7673858274000007,1.070913191133079,1.4107703912587208,0.8563345405126835,1.570370023292068,0.45825448202979824,0.9570036385496417
6.474741658904403,-0.015260430829194207,3.848407302772717e-05,-0.01522194675616648,-0.015298914902221933,-0.015183462683138752,-0.015337398975249661,-0.009792743573308461,-0.014584362852636727,-0.012635037889134077,-0.01527552957696863,-0.013892106696421299,-0.011503929320110877,-0.015705373181861333,0.8559367936153567,0.00215851927388549,0.8580953128892421,0.8537782743414712,0.8602538321631277,0.8516197550675857,0.7618823418640823,1.068380707163219,1.4054370170252144,0.8559060069079061,1.5752275395327284,0.45904863989192035,0.9499970174468988
6.6289216464351695,-0.015257207981088898,3.8484124151630646e-05,-0.015218723856937268,-0.015295692105240528,-0.015180239732785636,-0.01533417622939216,-0.009718402824175906,-0.014552316526639911,-0.012633938549230431,-0.015272335126792278,-0.01391492559133448,-0.011524480614558517,-0.015592195378625225,0.8557560284518798,0.0021585221413556494,0.8579145505932355,0.8535975063105241,0.8600730727345911,0.8514389841691685,0.756098579262617,1.066033146506891,1.4053147338149516,0.8557270180826132,1.5778149765913716,0.4598687113215766,0.9431510435072492
6.786773049723291,-0.015258004543750864,3.84840324304177e-05,-0.015219520511320446,-0.015296488576181282,-0.015181036478890029,-0.0153349726086117,-0.009640687416509381,-0.01452142870655851,-0.012653799919485937,-0.01527316241314606,-0.013916465236768458,-0.011545772130820501,-0.01548058557139593,0.8558007065673556,0.0021585169968376607,0.8579592235641933,0.853642189570518,0.860117740561031,0.8514836725736803,0.750052265852218,1.063770452456096,1.4075239796605803,0.8557733719164405,1.5779895571601592,0.4607183202951135,0.9363999155488184
6.948383294470898,-0.015262221852628108,3.848385995006928e-05,-0.015223737992678038,-0.015300705712578178,-0.01518525413272797,-0.015339189572528247,-0.009560951374361346,-0.014490116041994726,-0.012627352631989245,-0.015277418397815448,-0.013894805334784066,-0.011567906687765276,-0.015369266330785785,0.8560372496819293,0.002158507322649688,0.858195757004579,0.8538787423592796,0.8603542643272286,0.85172023503663,0.743848745657091,1.0614766363293413,1.404582160476981,0.8560118397761296,1.5755335384399616,0.4616015696595151,0.92966636357654
7.113841888207363,-0.01526921665543199,3.848347335414365e-05,-0.015230733182077847,-0.015307700128786133,-0.015192249708723703,-0.015346183602140278,-0.009481879987544134,-0.0144583501978205,-0.012550157932209554,-0.015284455022513617,-0.013847273397589328,-0.01159093826231972,-0.015257491455768886,0.8564295786502879,0.002158485639010431,0.8585880642892983,0.8542710930112775,0.8607465499283088,0.852112607372267,0.7376969361144682,1.0591496224305914,1.3959955389297811,0.856406110188633,1.5701438867397064,0.46252061329057287,0.9229052508884192
7.283240469862901,-0.015278379823532914,3.8483022895505564e-05,-0.015239896800637408,-0.01531686284642842,-0.015201413777741903,-0.015355345869323925,-0.00940619172302396,-0.014429292923536341,-0.012459667864628352,-0.015293665060039333,-0.013770516061691208,-0.011614849305302249,-0.015145470501765875,0.8569435282767073,0.0021584603733985582,0.8591019886501058,0.8547850679033088,0.8612604490235044,0.8526266075299102,0.7318083358675023,1.0570210254146215,1.3859300296873351,0.8569221594949689,1.5614403637960603,0.4634747509120844,0.9161292532115652
7.456672860522611,-0.015289185240052116,3.84827017016467e-05,-0.01525070253835047,-0.015327667941753761,-0.015212219836648822,-0.015366150643455409,-0.009335681672392113,-0.014405916448205599,-0.012372070229528126,-0.015304525469381765,-0.013664387347013198,-0.011639500418923247,-0.015034270978565016,0.8575495893815767,0.0021584423580722043,0.8597080317396488,0.8553911470235045,0.8618664740977211,0.8532327046654322,0.7263226043053311,1.055308576574916,1.376186255267822,0.8575306810880717,1.5494064169117423,0.4644584200450091,0.9094029427852496
7.63423511538909,-0.015301345428278728,3.8482486656413866e-05,-0.015262862941622313,-0.015339827914935142,-0.0152243804549659,-0.015378310401591556,-0.009270806676217295,-0.014388278236992824,-0.012281730601904333,-0.01531673363478578,-0.013531277209994474,-0.011664599533103347,-0.014925461013513074,0.8582316377874797,0.0021584302964778013,0.8603900680839575,0.8560732074910019,0.8625484983804352,0.8539147771945241,0.7212752839457115,1.0540164855347378,1.366137479958969,0.8582147190489144,1.534313043515979,0.46545996603040773,0.9028211735352688
7.816025576982457,-0.015314737713010037,3.848250384330683e-05,-0.01527625520916673,-0.015353220216853343,-0.015237772705323423,-0.01539170272069665,-0.009210260562022668,-0.014375843632327306,-0.012203003627490177,-0.015330166577604276,-0.013374584319037059,-0.011689786840237875,-0.014820581243796248,0.8589827928092745,0.0021584312604672343,0.8611412240697417,0.8568243615488073,0.8632996553302089,0.85466593028834,0.7165647536506976,1.0531055858361995,1.3573804184407596,0.8589673827383053,1.516545619000826,0.4664650312356009,0.8964771365443762
8.002144929607143,-0.015329206046659435,3.848256304085246e-05,-0.015290723483618582,-0.015367688609700288,-0.01525224092057773,-0.015406171172741139,-0.00915182373063604,-0.01436810997672647,-0.01215662036047017,-0.015344683366259932,-0.013195840068175705,-0.011714617442296201,-0.014721406415044793,0.8597943019502308,0.0021584345807769928,0.8619527365310078,0.8576358673694537,0.8641111711117847,0.8554774327886768,0.7120183270426005,1.0525390551949048,1.352221054376126,0.8597807755931182,1.4962777883079847,0.4674558626102901,0.8904781838019795
8.192696255115719,-0.015344532638755983,3.848239136138549e-05,-0.015306050247394598,-0.015383015030117369,-0.015267567856033212,-0.015421497421478754,-0.009093762673331996,-0.014367848322093667,-0.012155191703659465,-0.015360063746729873,-0.012992837108218566,-0.011738572374983956,-0.014629629200680056,0.8606539496392772,0.00215842495150937,0.8628123745907866,0.8584955246877678,0.8649707995422959,0.8563370997362585,0.7075011359225879,1.0525198876272537,1.3520621401580597,0.8606425565196923,1.4732592598645255,0.46841175159074416,0.8849267028593438
8.387785090000587,-0.015360394728966657,3.8481864009331365e-05,-0.015321912864957326,-0.015398876592975988,-0.015283431000947995,-0.01543735845698532,-0.00903620964073561,-0.01438031204803101,-0.012214630839507497,-0.015375969065907477,-0.012763515540095647,-0.01176110407204383,-0.014546195690242313,0.8615436326886567,0.0021583953730504543,0.8637020280617071,0.8593852373156063,0.8658604234347577,0.8572268419425558,0.7030234694823648,1.053432920610962,1.3586737516556917,0.8615337503835322,1.4472564614834054,0.4693108482908352,0.8798799214073423
8.587519483845169,-0.015376154727364479,3.848100897734154e-05,-0.015337673718387138,-0.01541463573634182,-0.015299192709409796,-0.015453116745319162,-0.008981638159053163,-0.01440638946431782,-0.012277026854855865,-0.015391771138441356,-0.012504078657054466,-0.01178166346625262,-0.014470738614466237,0.8624275895472147,0.002158347415469964,0.8645859369626846,0.8602692421317447,0.8667442843781545,0.8581108947162748,0.6987777698015787,1.05534322747421,1.3656142666311857,0.8624191592156903,1.4178388841592782,0.4701312429304343,0.8753156238193469
8.792010059166936,-0.01539073115764303,3.847995966258603e-05,-0.015352251197980444,-0.015429211117305617,-0.015313771238317859,-0.015467691076968201,-0.008934420810550571,-0.014436500697118434,-0.012310351779680309,-0.015406391635517741,-0.01221493774999868,-0.011799743747270067,-0.014401347838115378,0.8632451616809654,0.0021582885608335926,0.865403450241799,0.8610868731201319,0.8675617388026327,0.8589285845592982,0.6951042268578198,1.0575490324530172,1.3693211081419765,0.8632383629760971,1.3850531642139312,0.470852711932805,0.8711182685697578
9.001370072685514,-0.015402575699573593,3.847890158764165e-05,-0.015364096797985952,-0.015441054601161235,-0.01532561789639831,-0.015479533502748877,-0.008901183153983448,-0.01446074439604995,-0.012158222684893277,-0.015418272224412612,-0.011903533093021165,-0.011814929323578026,-0.014334822599152761,0.8639095059157621,0.002158229214850151,0.8660677351306123,0.8617512767009119,0.8682259643454624,0.8595930474860618,0.6925183137851589,1.0593250099482578,1.3523992862166063,0.8639040464373144,1.34974295516291,0.4714586716841359,0.8670942458440567
9.215715478049708,-0.015409794643206456,3.8478043371556265e-05,-0.0153713165998349,-0.015448272686578012,-0.015332838556463344,-0.015486750729949568,-0.008890328929341825,-0.014471032032444391,-0.01168596992241411,-0.01542553305676212,-0.011582788662220329,-0.011826970132216057,-0.014267220946644016,0.8643144066381311,0.002158181078678075,0.8664725877168091,0.862156225559453,0.8686307687954873,0.8599980444807749,0.6916738474691392,1.0600786330140843,1.2998690508817816,0.8643108794699619,1.3133737081084385,0.471939143762387,0.8630051123026798
9.435164990058185,-0.015410554099733758,3.847753325843604e-05,-0.015372076566475322,-0.015449031632992194,-0.015333599033216886,-0.01548750916625063,-0.008906410108509684,-0.014461150463771772,-0.011545175527257156,-0.015426313651113124,-0.01127212529197694,-0.011835850254908279,-0.01419472129814195,0.8643570035210202,0.0021581524671274973,0.8665151559881477,0.8621988510538927,0.8686733084552751,0.8600406985867652,0.6929249745258854,1.0593547565284944,1.2842080250519003,0.8643546170955949,1.2781475536435076,0.4722934929704277,0.8586197055348574
9.65984015040946,-0.015403591022184722,3.847743499439652e-05,-0.015365113587190326,-0.015442068457179119,-0.015326636152195929,-0.015480545892173516,-0.008945877446118666,-0.014431968185755291,-0.011844220643260558,-0.015419354674598396,-0.010995359949631443,-0.011841740821956782,-0.014115422342966845,0.8639664539790234,0.0021581469556312717,0.8661246009346547,0.8618083070233921,0.8682827478902859,0.8596501600677608,0.6959955611678792,1.057217002336631,1.3174718015027191,0.8639646974027374,1.2467651003714535,0.4725285480300134,0.8538230178006232
9.889865395017523,-0.01538866830536295,3.8477670151521445e-05,-0.015350190635211428,-0.015427145975514471,-0.015311712965059907,-0.015465623645665992,-0.00899909087216464,-0.014388794035428564,-0.012288030861392994,-0.015404420831233995,-0.010773144646394431,-0.011844943325382795,-0.01402969146938154,0.863129459104408,0.0021581601452743265,0.8652876192496823,0.8609712989591336,0.8674457793949566,0.8588131388138593,0.700135603164386,1.054054270462547,1.366838278641167,0.8631279364788422,1.221568082164364,0.47265633956984754,0.8486372719246055
10.125368122930446,-0.015366476336517925,3.847800712847289e-05,-0.015327998329389452,-0.015404954343646398,-0.01528952032226098,-0.015443432350774871,-0.009056751322054234,-0.014339145560522928,-0.012841883640493533,-0.015382205621221251,-0.010612627368582796,-0.011845817992729497,-0.013939521752014157,0.8618847417782836,0.0021581790458528602,0.8640429208241365,0.8597265627324306,0.8662010998699893,0.8575683836865778,0.704621626745618,1.0504172605180455,1.428445153472908,0.8618831919612252,1.203367009994018,0.47269124197968415,0.8431830263252729
10.36647876689011,-0.015338264554672368,3.847830949260364e-05,-0.015299786245179765,-0.015376742864164971,-0.01526130793568716,-0.015415221173657576,-0.009112430595691152,-0.014290636891223252,-0.013004025300131308,-0.0153539652758424,-0.010507180881946696,-0.01184476113789019,-0.013847742471899679,0.8603023813347719,0.0021581960050453936,0.8624605773398173,0.8581441853297265,0.8646187733448627,0.8559859893246811,0.708953513420095,1.0468637472837965,1.446480706073253,0.8603008519758832,1.1914104210240424,0.4726490696259563,0.8376314204281983
10.613330865572118,-0.015305370154176864,3.847867040986496e-05,-0.015266891483767,-0.015343848824586729,-0.015228412813357135,-0.015382327494996594,-0.009162618712730936,-0.014247644050395003,-0.011081312760887769,-0.015321068105294147,-0.01044678598456116,-0.011842214157631663,-0.013757209858700969,0.8584573791848878,0.002158216248403322,0.8606155954332911,0.8562991629364846,0.8627738116816945,0.8541409466880812,0.7128581842467918,1.0437142972768847,1.2326110367091978,0.858457584563081,1.1845622368221849,0.4725474358457953,0.8321552237454108
10.866061137545968,-0.015268946500425052,3.8478987970792396e-05,-0.01523046751245426,-0.015307425488395844,-0.015191988524483467,-0.015345904476366638,-0.00920622817928797,-0.014209566650737325,-0.005686572898433915,-0.015284710144537054,-0.010422617472677186,-0.01183862385106251,-0.013670467565954239,0.8564144260236678,0.002158234059963497,0.8585726600836313,0.8542561919637043,0.8607308941435948,0.8520979579037408,0.7162510314360593,1.04092492899359,0.6325362948333126,0.8564204049776454,1.1818217665435506,0.4724041695494279,0.8269082984771166
11.124809556996311,-0.01523002441873089,3.847929299913338e-05,-0.015191545125731757,-0.015268503711730023,-0.015153065832732623,-0.015306983004729158,-0.009243066119161618,-0.014173711082573256,-0.0018884138235417819,-0.015245816447381683,-0.010421606602921987,-0.011834374494565574,-0.013590243915565913,0.8542313394398734,0.0021582511685879564,0.8563895906084613,0.8520730882712855,0.8585478417770493,0.8499148371026974,0.719117049083747,1.0382983214648325,0.2100545098760786,0.8542411450797541,1.1817071439084048,0.4722346047628185,0.8220556771662373
11.389719431247471,-0.015189317184061513,3.8479575733167814e-05,-0.015150837608328346,-0.01522779675979468,-0.015112358032595178,-0.015266276335527849,-0.009271676540441542,-0.014139571148293189,-0.0008604549559303768,-0.015205080678402158,-0.010428551072055203,-0.011829652818598322,-0.013518971683403196,0.8519481260555437,0.0021582670267551065,0.8541063930822989,0.8497898590287886,0.8562646601090539,0.8476315920020335,0.7213429599945442,1.035797393073432,0.0957112481306718,0.8519586717167255,1.182494578043855,0.47204619271068704,0.8177445151710825
11.660937480133882,-0.015147355195096695,3.847990976387427e-05,-0.01510887528533282,-0.01518583510486057,-0.015070395375568946,-0.015224315014624444,-0.009289905670088897,-0.014107282895772748,-0.00033600358710892265,-0.015163077561814573,-0.010430969900436913,-0.011824436012498237,-0.01345763439585601,0.8495945352106798,0.002158285762082769,0.8517528209727626,0.8474362494485971,0.8539111067348454,0.8452779636865143,0.722761199110263,1.033432110036428,0.0373747893215459,0.8496051873668033,1.18276884926589,0.4718380231645966,0.8140343046874878
11.93861391726061,-0.015104700504130647,3.848025606650652e-05,-0.01506622024806414,-0.015143180760197154,-0.015027739991997635,-0.01518166101626366,-0.009297066614765124,-0.014079266895614855,-0.0008318017816264865,-0.015120364916863645,-0.010419310644762739,-0.011818525021456264,-0.013405808569440755,0.847202091653432,0.0021583051857260453,0.849360396839158,0.845043786467706,0.8515187020248841,0.8428854812819798,0.7233183256457474,1.0313797917855034,0.0925240608681314,0.847211947302672,1.181446804954703,0.4716021531133535,0.8108994297659498
12.222902533198889,-0.01506203200303258,3.848072201683515e-05,-0.015023551281015745,-0.015100512725049416,-0.014985070558998911,-0.01513899344706625,-0.00929364761190142,-0.014059218427144275,-0.004804776868242261,-0.015077569244006305,-0.010390777167824588,-0.011811676869834059,-0.01336366745542453,0.8448088735046766,0.0021583313202457543,0.8469672048249224,0.8426505421844308,0.8491255361451681,0.8404922108641851,0.7230523248167521,1.0299111368200062,0.5344512084907527,0.8448140550866478,1.178211390798031,0.47132888694485825,0.8083503701438874
12.513960780662677,-0.015019891319630458,3.8481333897400336e-05,-0.014981409985733057,-0.015058372653527859,-0.014942928651835658,-0.015096853987425258,-0.00928151071516734,-0.01404723547121818,-0.009691493781167522,-0.015035286205913042,-0.010351071837059488,-0.011803691629306902,-0.013333747539261875,0.8424452599320527,0.0021583656397937997,0.8446036255718464,0.8402868942922589,0.8467619912116403,0.838128528652465,0.72210806570923,1.02903332274917,1.0780168789233429,0.8424448864033632,1.1737091988804038,0.4710102467914636,0.806540554433834
12.811949861713638,-0.014978619866521204,3.848196002151068e-05,-0.014940137906499694,-0.015017101826542714,-0.014901655946478182,-0.015055583786564226,-0.009263151103349047,-0.014038520717147167,-0.01027761136018374,-0.014993959314526727,-0.010308509766736437,-0.011794521539621378,-0.013320470818618728,0.8401304003034109,0.002158400758242906,0.8422888010616538,0.837971999545168,0.8444472018198967,0.8358135987869251,0.7206796749887825,1.0283949215237465,1.1432126740690784,0.8401292917520519,1.168883080943254,0.4706443268452703,0.8057374633600712
13.117034817042512,-0.014938664053632129,3.848253029980081e-05,-0.014900181523332329,-0.014977146583931929,-0.014861698993032527,-0.01501562911423173,-0.009239779743320548,-0.014026549244499935,-0.009184352081230139,-0.01495397327088563,-0.010270906355774394,-0.011784288894100175,-0.013328642437365609,0.8378893331439475,0.0021584327443759706,0.8400477658883235,0.8357309003995715,0.8422061986326995,0.8335724676551955,0.7188613667304518,1.027517948663028,1.0216058317841767,0.8378888263873356,1.164619225948314,0.4702360070548494,0.8062317536483286
13.429384617376673,-0.014900515969343915,3.8483014573229095e-05,-0.014862032954770687,-0.014938998983917144,-0.014823549940197456,-0.014977481998490375,-0.009210436811850227,-0.014007081046346573,-0.008727764539618389,-0.014915782614243544,-0.010242045875216986,-0.011773308425699725,-0.013360855060564175,0.8357496590211334,0.0021584599066133987,0.8379081189277469,0.83359119911452,0.8400665788343602,0.8314327392079066,0.7165784660113214,1.0260918015271918,0.9708180907323236,0.8357489586817339,1.161346732814505,0.4697978464103998,0.808180252140432
13.74917225706419,-0.014864853657876776,3.8483375463106255e-05,-0.01482637028241367,-0.014903337033339882,-0.014787886906950563,-0.01494182040880299,-0.009172656643832358,-0.013977184420493546,-0.009399393162989626,-0.014880061559420997,-0.010222016113225854,-0.011762047907268218,-0.013415899650797494,0.8337494085123667,0.0021584801484353868,0.835907888660802,0.8315909283639313,0.8380663688092375,0.8294324482154959,0.7136391423508993,1.0239017176275118,1.045525561913822,0.8337474656898444,1.159075555851342,0.4693485107506766,0.8115098257801487
14.076574849886402,-0.014832525797546793,3.848352107663823e-05,-0.014794042276470154,-0.014871009318623432,-0.014755558755393517,-0.01490949283970007,-0.009123816448151866,-0.013941003005740195,-0.009966372340317994,-0.014847683022081861,-0.010210500883419281,-0.011750990291728236,-0.013488285350294171,0.8319361828292257,0.002158488315700195,0.8340946711449259,0.8297776945135255,0.8362531594606261,0.8276192061978253,0.7098393407545851,1.0212512401352185,1.1085925293967664,0.8319332579097591,1.1577698426494678,0.46890727165463986,0.8158883399250448
14.411773727152124,-0.014804487853438335,3.848342815009979e-05,-0.014766004425288236,-0.014842971281588435,-0.014727520997138135,-0.014881454709738536,-0.009061696434168287,-0.013905358851535172,-0.009878137727332053,-0.014819616044722372,-0.010204766551909945,-0.011740523381961581,-0.013569436329695796,0.8303635727077704,0.0021584831035771396,0.8325220558113475,0.8282050896041933,0.8346805389149247,0.8260466065006161,0.7050063599483237,1.0186401197825106,1.0987779018221249,0.8303606319397925,1.1571196261551873,0.46848960386839444,0.8207970541276131
14.754954538127595,-0.01478168109123783,3.848327030733567e-05,-0.014743197820930493,-0.014820164361545166,-0.014704714550623159,-0.0148586476318525,-0.008982516426164412,-0.013872404402741824,-0.009568853063638312,-0.014796793976752487,-0.010202415646787928,-0.011730823806126119,-0.013653258186332682,0.8290843724591572,0.0021584742503913466,0.8312428467095486,0.8269258982087658,0.8334013209599399,0.8247674239583745,0.6988460996009339,1.0162260343910705,1.0643751466450158,0.8290818844523773,1.156853056759202,0.4681025554981464,0.8258673261217782
15.106307352858021,-0.014764882622845525,3.84830710242691e-05,-0.014726399551821256,-0.014803365693869794,-0.014687916480796988,-0.014841848764894063,-0.00887893468071279,-0.013839928276063155,-0.009154857788954392,-0.014779990581423583,-0.010204796331237604,-0.011721869538579868,-0.013737672509185797,0.8281421692321126,0.0021584630728753947,0.830300632304988,0.8259837061592372,0.8324590953778633,0.8238252430863618,0.6907873669068448,1.013846988591301,1.0183250841901434,0.828140370318547,1.1571230028364972,0.46774524764063463,0.8309734356049249
15.466026767437457,-0.01475465758072044,3.84828886842079e-05,-0.014716174692036232,-0.014793140469404647,-0.014677691803352023,-0.014831623358088856,-0.008739878381090973,-0.01380895688431499,-0.00846355629900906,-0.014769785350260436,-0.010212010101733126,-0.01171363677023121,-0.01382402190148799,0.8275686605370379,0.002158452845669553,0.8297271133827074,0.8254102076913684,0.8318855662283771,0.8232517548456988,0.6799686889323096,1.011578172479684,0.9414293350504122,0.8275685591344955,1.1579409730836838,0.4674167302264682,0.8361965948508432
15.834312011785466,-0.014751308698177812,3.8482743091837434e-05,-0.014712825955085974,-0.01478979144126965,-0.014674343211994137,-0.014828274184361487,-0.008555636491351914,-0.01378686227785704,-0.008223027788611932,-0.014766465070808622,-0.01022465137513741,-0.011706213520562902,-0.013915742025538738,0.8273808262735225,0.002158444679591665,0.8295392709531142,0.8252223815939308,0.8316977156327058,0.8230639369143392,0.6656345402462909,1.0099596272260756,0.9146745540099237,0.8273825199459292,1.1593743684956497,0.4671205155532906,0.8417446224767453
16.211367059990366,-0.014754830470256412,3.848264247563692e-05,-0.014716347827780776,-0.014793313112732048,-0.014677865185305138,-0.014831795755207686,-0.008324446233893794,-0.013782128686735808,-0.008992801548187835,-0.01477000555929264,-0.010246243424697304,-0.011699793008736806,-0.014015572910497109,0.8275783576757837,0.002158439036165931,0.8297367967119497,0.8254199186396177,0.8318952357481155,0.8232614796034519,0.6476477755107731,1.0096128669678028,1.0002990330131114,0.8275808977072755,1.161822693421808,0.466864313768738,0.8477832591816069
16.597400743279756,-0.014764841576041705,3.84824731119328e-05,-0.014726359102929772,-0.014803324049153637,-0.01468787662981784,-0.01484180652226557,-0.00805929507413912,-0.013797751142334986,-0.008756343743564888,-0.014780071960286502,-0.010275752256029308,-0.0116947470757504,-0.014123792539629367,0.8281398669727568,0.002158429536786294,0.830298296509543,0.8259814374359705,0.8324567260463294,0.8238230078991842,0.6270188286758446,1.01075729338734,0.9739970500275755,0.8281449300725809,1.1651687031228115,0.4666629626816493,0.8543293198013947
16.992626865681363,-0.014780772847007871,3.848216507000093e-05,-0.01474229068193787,-0.014819255012077872,-0.014703808516867868,-0.014857737177147874,-0.007789870652413948,-0.013827796216431567,-0.009199890106404788,-0.014796049993182864,-0.010312539349237763,-0.011691499913803858,-0.01423974918964808,0.8290334302765471,0.0021584122591336245,0.8311918425356807,0.8268750180174135,0.8333502547948143,0.8247166057582799,0.6060574190522083,1.0129582518957383,1.023334177669922,0.8290401981721687,1.1693399957559327,0.4665333891043445,0.861343382466148
17.39726432243801,-0.014801835999214225,3.8481750782661145e-05,-0.014763354248431563,-0.014840317749996886,-0.014724872497648903,-0.014878799500779546,-0.007554934551498499,-0.013859863686525425,-0.00980555549935684,-0.014817160203120785,-0.01035692561524807,-0.01169036460549567,-0.014361319756775933,0.8302148338138868,0.0021583890223206394,0.8323732228362075,0.8280564447915661,0.8345316118585281,0.8258980557692456,0.5877792250594899,1.0153073614675436,1.090704340755699,0.8302230282273829,1.1743729594470678,0.4664880861717351,0.8686970234680806
17.811537221242236,-0.014827273300834961,3.8481321887475746e-05,-0.014788791978947486,-0.014865754622722436,-0.01475031065706001,-0.014904235944609913,-0.007385748163298151,-0.013870329318937075,-0.009805873356407173,-0.014842653674920632,-0.01040566253114312,-0.011691558136605702,-0.014483351990376467,0.8316415774380463,0.0021583649661734766,0.8337999424042198,0.8294832124718728,0.8359583073703933,0.8273248475056993,0.5746164049888263,1.0160740236707435,1.0907396970457697,0.8316514576340678,1.1798992438175693,0.4665357124059968,0.8760785900574555
18.235675006358072,-0.014856531173230771,3.8480981822975586e-05,-0.014818050191407795,-0.014895012155053747,-0.01477956920958482,-0.014933493136876723,-0.007290552365329065,-0.013842739771922451,-0.008163779714450885,-0.014871993316411414,-0.010449571362708167,-0.011695136961580784,-0.014601846114405665,0.8332826116766451,0.0021583458924185387,0.8354409575690637,0.8311242657842265,0.8375993034614821,0.828965919891808,0.5672101049106753,1.0140529453385854,0.9080841949351004,0.8332953924820188,1.184878071163301,0.466678520544982,0.883246141131169
18.6699125856982,-0.014889478126702684,3.848079577609945e-05,-0.014850997330926584,-0.014927958922478784,-0.014812516535150486,-0.014966439718254882,-0.007254765787909001,-0.013780166131704082,-0.003952920073595536,-0.014905078609617563,-0.010481839657223345,-0.011700918191549194,-0.014715320262184717,0.835130561451444,0.0021583354573024923,0.8372888969087465,0.8329722259941416,0.839447232366049,0.8308138905368391,0.5644258840017959,1.009469099567483,0.43969636225237674,0.8351492006300615,1.1885369767047589,0.4669092126572207,0.8901100405558531
19.114490460927296,-0.014926588753466535,3.848073984389764e-05,-0.014888108013622637,-0.014965069493310433,-0.01484962727377874,-0.01500355023315433,-0.007252706109818116,-0.013693312135119798,-0.0021074473621785607,-0.014942285324115895,-0.010501213681382165,-0.011708435464301217,-0.014821851861545983,0.8372120459938424,0.002158332320141424,0.8393703783139838,0.835053713673701,0.8415287106341252,0.8328953813535596,0.5642656395967809,1.0031065909527244,0.2344183341773011,0.8372339368924588,1.1907337994814229,0.4672091791935658,0.896553994512575
19.569654860663444,-0.01496861268059898,3.848072859596443e-05,-0.014930131952003014,-0.015007093409194944,-0.01489165122340705,-0.015045574137790908,-0.007254421044664481,-0.013596593413118179,-0.004072257366947422,-0.014984341860420471,-0.010505853911256599,-0.011716894169737957,-0.014918152497596262,0.8395691108662218,0.00215833168926016,0.8417274425554819,0.8374107791769616,0.8438857742447421,0.8352524474877014,0.5643990627347516,0.9960214397087446,0.4529706437432596,0.8395904144123676,1.1912599556683643,0.4675467123196772,0.9023790911827811
20.035657876851307,-0.015016390484571797,3.848078240857157e-05,-0.014977909702163224,-0.01505487126698037,-0.014939428919754654,-0.01509335204938894,-0.007225738752683577,-0.013506077569158545,-0.008968256062469393,-0.01503210495182672,-0.01048898478484328,-0.011725444562184675,-0.015003266014132184,0.8422489028587415,0.0021583347075360484,0.8444072375662776,0.8400905681512055,0.8465655722738137,0.8379322334436694,0.5621675602328375,0.9893906816594421,0.997568757525831,0.8422666369706177,1.1893471635285686,0.4678879040911137,0.907527493956612
20.512757604382895,-0.015070447958426143,3.8480903703873945e-05,-0.015031967054722269,-0.015108928862130017,-0.014993486151018394,-0.015147409765833892,-0.007140910112903307,-0.013435868520612196,-0.010407780865644306,-0.015086236361644717,-0.010448059704802448,-0.01173348986079551,-0.015081063780513512,0.8452809129874017,0.0021583415108244585,0.8474392544982262,0.8431225714765772,0.8495975960090506,0.8409642299657528,0.5555678323578941,0.9842475023726182,1.1576918583079698,0.8452996839489347,1.184706664103488,0.4682089407805839,0.9122333767885876
21.001218284042853,-0.015131049538590275,3.848109888493988e-05,-0.015092568439705335,-0.015169530637475215,-0.015054087340820395,-0.015208011736360156,-0.00699566173710763,-0.013395967055881662,-0.009607019968627221,-0.015146966478507835,-0.010388273166263253,-0.011740539425676558,-0.015157849014772188,0.8486799731315281,0.0021583524582647782,0.8508383255897929,0.8465216206732633,0.8529966780480577,0.8443632682149985,0.5442674064992216,0.981324511801388,1.068620577609875,0.8487024642952038,1.177927461779586,0.4684902440710012,0.9168780129067508
21.50131044885775,-0.015197844891133988,3.8481299398612374e-05,-0.015159363591735376,-0.0152363261905326,-0.015120882292336763,-0.015274807489931213,-0.006802917079084492,-0.01339062092528059,-0.010041103997846225,-0.015213875346638733,-0.01031620295857645,-0.011745988749611762,-0.015239664173677865,0.8524264335378292,0.002158363704803741,0.8545847972426329,0.8502680698330255,0.8567431609474367,0.8481097061282217,0.5292717364566895,0.980932879828852,1.1169051786151871,0.8524514473900348,1.169755412830571,0.4687076919247891,0.9218269024391628
22.0133110739303,-0.015269737764350776,3.848150162147501e-05,-0.0152312562627293,-0.01530821926597225,-0.015192774761107825,-0.015346700767593726,-0.006583260490147582,-0.013416030362287758,-0.012434502889768271,-0.015285849040079756,-0.010236536305436519,-0.011749102323170765,-0.015329057185231445,0.85645880694024,0.0021583750472088524,0.8586171819874489,0.8543004318930312,0.8607755570346577,0.8521420568458223,0.5121822992491971,0.9827942537231136,1.3831308463757217,0.8564842186432422,1.1607220020779203,0.4688319348393353,0.9272341661426816
22.537503729841415,-0.015345084779036764,3.8481732216799664e-05,-0.015306603046819965,-0.015383566511253563,-0.015268121314603166,-0.015422048243470363,-0.006352226306180291,-0.013462843451681316,-0.014593504747229554,-0.015361281242973023,-0.01015039177702442,-0.01174937922224827,-0.0154242914466725,0.8606849184360856,0.0021583879809867396,0.8628433064170724,0.8585265304550989,0.8650016943980591,0.8563681424741122,0.4942076771411061,0.9862235568785642,1.623283757425697,0.8607107742755907,1.1509540643201608,0.4688429841200965,0.932994759239078
23.074178739705363,-0.015421955444096158,3.848200487631321e-05,-0.015383473439219844,-0.015460437448972473,-0.015344991434343532,-0.015498919453848785,-0.006119491954085739,-0.013530339049705839,-0.014455100805055764,-0.015438286740801565,-0.010055946462104674,-0.011746770817353074,-0.015521907122524086,0.864996489407473,0.002158403274087726,0.8671548926815607,0.8628380861333853,0.8693132959556484,0.8606796828592975,0.476100780756183,0.9911679617508558,1.60788862958041,0.8650254834857877,1.1402448994474383,0.468738899273423,0.938899400907967
23.623633339964602,-0.015498631469363025,3.848225867192692e-05,-0.015460149210691098,-0.015537113728034952,-0.01542166695201917,-0.015575595986706879,-0.005906799216101052,-0.013612134232465163,-0.013451708604690926,-0.015515101118810062,-0.009947150859398252,-0.0117414501525697,-0.01561760861959601,0.8692971432978296,0.0021584175091382478,0.8714555608069678,0.8671387257886913,0.8736139783161061,0.8649803082795531,0.4595531360537384,0.9971598858466796,1.4962779994136517,0.8693294840262007,1.127908553829868,0.4685265853879527,0.9446882564627356
24.186171845013636,-0.01557368043459566,3.848240013042661e-05,-0.015535198034465233,-0.015612162834726086,-0.015496715634334806,-0.015650645234856514,-0.0057500510931532975,-0.013681956997516702,-0.012363959319743175,-0.015590281473960207,-0.009819818294822352,-0.011733761816951582,-0.015705977035834782,0.8735065376055238,0.0021584254433529505,0.8756649630488768,0.8713481121621708,0.8778233884922296,0.8691896867188179,0.4473580217734318,1.002274767851166,1.3752840519698544,0.8735419283313394,1.1134703000226929,0.4682197928207939,0.9500335437660832
24.762105815742988,-0.015645750618567367,3.848239425573262e-05,-0.015607268224311634,-0.0156842330128231,-0.015568785830055902,-0.015722715407078834,-0.005656885588709356,-0.013713647713196562,-0.011731800889965734,-0.015662462217181858,-0.009673655624370862,-0.011724166944196713,-0.015780509710798547,0.8775488561268332,0.0021584251138493608,0.8797072812406825,0.8753904310129839,0.8818657063545319,0.8732320058991345,0.4401096799604012,1.004596278195544,1.3049669808514677,0.8775863008288818,1.096896898394116,0.4678369224844508,0.9545419255853507
25.35175423209653,-0.01571316229118471,3.8482180780103075e-05,-0.01567468011040461,-0.015751644471964813,-0.015636197929624503,-0.01579012665274492,-0.005596543808671944,-0.013700775853861999,-0.011287599133275643,-0.015729974885141634,-0.009510104559455742,-0.011713102153730934,-0.015836164773609863,0.8813298850871658,0.00215841314029187,0.8834882982274577,0.879171471946874,0.8856467113677495,0.8770130588065821,0.4354150470066233,1.0036533473100937,1.2555569515854084,0.8813691155429637,1.078351824763162,0.4673953970827669,0.9579084258947884
25.955443669738056,-0.0157737182709539,3.848178930613353e-05,-0.015735236481647766,-0.015812200060260035,-0.015696754692341632,-0.01585068184956617,-0.005525987157605682,-0.013654284052989303,-0.010771339265473296,-0.015790627963634712,-0.009333969708154631,-0.01170107844441943,-0.015872537470183336,0.8847263875672086,0.0021583911830497693,0.8868847787502583,0.8825679963841588,0.8890431699333081,0.880409605201109,0.4299256898978586,1.0002475802158746,1.19813166050354,0.8847675793381538,1.058379874179707,0.4669156073298646,0.9601085616611392
26.573508480924513,-0.015824676415347617,3.848132249741273e-05,-0.015786195092850203,-0.01586315773784503,-0.015747713770352792,-0.01590163906034244,-0.005442223320681107,-0.013594587639664955,-0.010326668226131647,-0.015841671859472637,-0.009154356024867754,-0.011688804216781546,-0.015894716188597138,0.8875845605250455,0.0021583650003840125,0.8897429255254296,0.8854261955246615,0.8919012905258136,0.8832678305242775,0.4234088044344669,0.9958745063334564,1.1486694313773984,0.8876276292528573,1.0380134584464271,0.4664258209841641,0.9614501226734073
27.206290979686358,-0.015862916732891124,3.8480903903643074e-05,-0.01582443582898748,-0.015901397636794767,-0.015785954925083837,-0.01593987854069841,-0.0053921745754491705,-0.013538503332909802,-0.010005133813009595,-0.01587997332781008,-0.00898136467790057,-0.011677092337944932,-0.0159119325749653,0.8897294078856067,0.002158341522029237,0.8918877494076359,0.8875710663635775,0.8940460909296652,0.8854127248415482,0.4195149768325067,0.9917660381118916,1.1129040960919512,0.8897737058689399,1.0183979501726697,0.4659584744018856,0.9624915188574763
27.85414163141766,-0.015885296405941593,3.848062553944445e-05,-0.01584681578040215,-0.015923777031481037,-0.015808335154862706,-0.01596225765702048,-0.005436820875429046,-0.013493706383443842,-0.009626007665378102,-0.015902376037931345,-0.008825371062630477,-0.011666697335743097,-0.015935164338799556,0.8909846532851227,0.002158325908960229,0.8931429791940829,0.8888263273761624,0.8953013051030432,0.8866680014672021,0.4229884903917658,0.9884844277300884,1.0707326418645209,0.8910289562396189,1.0007098166062882,0.46554367598913077,0.9638967771787533
28.51741924698045,-0.015889648464412473,3.8480508115999563e-05,-0.015851167956296472,-0.015928128972528474,-0.015812687448180474,-0.015966609480644472,-0.0056332923392610175,-0.013462628964474227,-0.009346322981466532,-0.01590669784028217,-0.008693383030721804,-0.01165822692356306,-0.0159733135814305,0.8912287543209901,0.002158319322839035,0.8933870736438292,0.8890704349981511,0.8955453929666682,0.886912115675312,0.4382741085490474,0.9862078445710536,1.0396223902520298,0.8912711119419205,0.9857436788350584,0.4652056757213638,0.9662043738399465
29.19649118143166,-0.015875613698803154,3.848052005762977e-05,-0.015837133178745525,-0.015914094218860784,-0.015798652658687896,-0.015952574738918413,-0.006035860263068864,-0.013444094713723478,-0.009288010371350875,-0.015892567750367848,-0.008589079695940471,-0.011652102620779427,-0.016029604283920806,0.8904415634212548,0.0021583199926288195,0.8925998834138836,0.888283243428626,0.8947582034065125,0.8861249234359971,0.4695941763374111,0.9848501139575256,1.0331360859342262,0.8904793862753975,0.9739167119823648,0.4649612937554386,0.9696093231433824
29.891733537482033,-0.01584407306180443,3.8480654360277644e-05,-0.01580559240744415,-0.015882553716164708,-0.015767111753083873,-0.015921034370524986,-0.0066621208950751,-0.013439288887395127,-0.009073458162441126,-0.01586087411591054,-0.008513661989641595,-0.011648701565215823,-0.016102602295543483,0.8886724920232425,0.0021583275254815335,0.890830819548724,0.886514164497761,0.8929891470742055,0.8843558369722795,0.5183176942523187,0.9844980620932744,1.009270734747143,0.8887035544146381,0.9653650897895274,0.46482557926283125,0.9740248752297976
30.60353137379975,-0.01579682198407357,3.84808479725093e-05,-0.015758341136101063,-0.01583530283204608,-0.015719860288128554,-0.01587378368001859,-0.007499538997452621,-0.013443301111075865,-0.008747213498386879,-0.015813415903149,-0.008464914097098397,-0.011648319055346015,-0.016188829285434504,0.8860222433886855,0.0021583383849280735,0.8881805817736136,0.8838639050037574,0.8903389201585417,0.8817055666188294,0.5834694119688697,0.9847919784211,0.9729814626854334,0.8860444145677971,0.9598375607756588,0.4648103157271649,0.9792406305175804
31.332278918274582,-0.01573627021554036,3.848107868380926e-05,-0.01569778913685655,-0.01577475129422417,-0.01565930805817274,-0.01581323237290798,-0.008530403936443842,-0.013433697097577335,-0.008627257478582864,-0.015752605538048824,-0.008439057579285775,-0.011650991997287597,-0.01628530907639314,0.8826259771111369,0.002158351325210858,0.8847843284363477,0.8804676257859261,0.8869426797615586,0.8783092744607152,0.6636714297164722,0.984088434300809,0.959638358206692,0.8826371378177996,0.9569056873150733,0.464916975836824,0.9850765640285688
32.07837978636012,-0.015665271870110485,3.84813266355745e-05,-0.01562679054347491,-0.01570375319674606,-0.015588309216839336,-0.015742234523381634,-0.009702753285559867,-0.01339192220000264,-0.008882977450472352,-0.0156813072429256,-0.008431123893745387,-0.011656369813212612,-0.016387994600670943,0.8786437765547158,0.002158365232487873,0.8808021417872037,0.8764854113222279,0.8829605070196915,0.8743270460897401,0.754881034144579,0.9810282049947029,0.9880829357093215,0.878642209931943,0.9560060858200436,0.465131570260805,0.9912878740477125
32.842247204615575,-0.015586901925883209,3.848153287118271e-05,-0.015548420393012026,-0.015625383458754392,-0.015509938860140843,-0.015663864991625573,-0.010884176746600971,-0.013318910859666366,-0.009267435164315677,-0.015602625151672725,-0.008437043800676627,-0.011663821056364864,-0.016490590786596388,0.874248113055532,0.002158376799962422,0.8764064898554944,0.8720897362555695,0.8785648666554569,0.8699313594556071,0.8467966108665647,0.97567974320672,1.030847437664711,0.8742335592072605,0.9566773447322691,0.4654289019758535,0.9974937801094141
33.62430423957054,-0.015504317289685399,3.848159775499293e-05,-0.015465835691930406,-0.015542798887440392,-0.015427354094175413,-0.015581280485195385,-0.01190224612216301,-0.013225167636902336,-0.009343118057470701,-0.015519755024985767,-0.008456907282376972,-0.011672736182308834,-0.016587192928899357,0.8696160532205098,0.002158380439207021,0.8717744336597169,0.8674576727813028,0.8739328140989239,0.8652992923420958,0.926003124774215,0.9688125628135577,1.0392658959652683,0.8695902478989882,0.958929667154573,0.4657846479410074,1.0033371144895733
34.42498403203942,-0.015420679532419747,3.848151150911428e-05,-0.015382198020910632,-0.015459161043928861,-0.015343716509401518,-0.015497642555437976,-0.01267777455117284,-0.013123314167298412,-0.009169888363875113,-0.015435873260424867,-0.00849379559118947,-0.01168279907398287,-0.016674119812671116,0.8649249252582384,0.0021583756017930803,0.8670833008600315,0.8627665496564453,0.8692416764618246,0.8606081740546522,0.986339782346528,0.9613512645050892,1.0199969847072696,0.8648902533229601,0.9631124366364116,0.4661861939352331,1.0085952054220766
35.24473003701584,-0.01533902821600245,3.848134734162703e-05,-0.015300546868660822,-0.015377509563344077,-0.015262065521319196,-0.015415990910685703,-0.013211351494705604,-0.013027754603046348,-0.009111636845182241,-0.015354014197284233,-0.008546996702973174,-0.011694002702734088,-0.01674806775133677,0.8603452140593256,0.0021583663938621756,0.8625035804531878,0.8581868476654635,0.86466194684705,0.8560284812716012,1.0278524440699963,0.9543510276168956,1.0135174757902996,0.8603035931021873,0.9691449166804236,0.4666332594897049,1.0130682173247705
36.08399626927919,-0.015262197798619787,3.848122130999162e-05,-0.015223716577309795,-0.015300679019929778,-0.015185235355999803,-0.01533916024123977,-0.013541543679795648,-0.012956269368647971,-0.009463448011324586,-0.015277002158793606,-0.0086120345103457,-0.01170676574091234,-0.016808357855326982,0.8560359005253434,0.0021583593249192923,0.8581942598502627,0.8538775412004241,0.860352619175182,0.8517191818755048,1.053541628450082,0.94911436105491,1.0526505943640458,0.8559885174109502,0.9765195609674863,0.4671425511546296,1.016715085075638
36.94324755485002,-0.015192611734498419,3.848122871956522e-05,-0.015154130505778853,-0.015231092963217984,-0.015115649277059289,-0.015269574191937548,-0.013718747524911607,-0.01292581678430916,-0.009569128576022394,-0.01520726654716321,-0.008681038205843506,-0.011721953291534037,-0.016857149319230196,0.8521329129052029,0.00215835974051219,0.854291272645715,0.8499745531646907,0.8564496323862273,0.8478161934241785,1.0673282123112435,0.9468835502941256,1.064405792797931,0.8520811485312587,0.9843438977547696,0.4677485896882628,1.0196664154673571
37.82295978843295,-0.0151320209309874,3.848139286300124e-05,-0.015093539538124399,-0.0151705023238504,-0.015055058145261396,-0.015208983716713403,-0.013790912329824608,-0.012941402323009013,-0.00880696672640525,-0.01514656776516945,-0.008745121415417665,-0.011740780385502365,-0.016897381029946878,0.8487344572088811,0.002158368947094094,0.8508928261559752,0.846576088261787,0.8530511951030693,0.8444177193146929,1.0729426849210584,0.9480252723580866,0.9796280116930931,0.8486801239148171,0.9916103000901956,0.4684998592448455,1.0220999778377042
38.72362019699008,-0.015081556968036793,3.848163686390306e-05,-0.015043075331172889,-0.015120038604900696,-0.015004593694308987,-0.015158520241764598,-0.013797253167973813,-0.012989072157818094,-0.008070663224515159,-0.015096016813777955,-0.008797750602102148,-0.011764530092486325,-0.016931367080827348,0.8459040022155375,0.0021583826327725574,0.8480623848483101,0.843745619582765,0.8502207674810827,0.8415872369499924,1.0734360065915722,0.9515173365873082,0.8977265400551201,0.8458476942610442,0.9975779294829329,0.4694475589729514,1.0241557485982826
39.6457276095908,-0.015041974884595367,3.848188373879935e-05,-0.015003493000856568,-0.015080456768334166,-0.014965011117117769,-0.015118938652072965,-0.013765838766803295,-0.013046151147391638,-0.007991111529359093,-0.015056355862289997,-0.00883217550633137,-0.011794345852846734,-0.01696022899098666,0.8436838970320943,0.002158396479649459,0.8458422935117438,0.8415255005524449,0.8480006899913932,0.8393671040727955,1.0709919440719238,0.9556986705174167,0.8888777421234899,0.8436254441945452,1.001481373242231,0.4706373163036803,1.025901566940303
40.58979273368708,-0.015013682747124587,3.848208094264363e-05,-0.014975200666181942,-0.015052164828067231,-0.0149367185852393,-0.015090646909009874,-0.013715765002581488,-0.01310756510780922,-0.008047090326927653,-0.01502800354018873,-0.008845347342521109,-0.011831275485924822,-0.016984978069692673,0.8420970295509393,0.0021584075405446626,0.844255437091484,0.8399386220103947,0.8464138446320286,0.8377802144698501,1.067096169974944,0.9601975636897548,0.8951044487595716,0.8420368300208769,1.0029749292280652,0.4721109430415087,1.0273986056087268
41.55633843796817,-0.014996569878159945,3.848216486824802e-05,-0.014958087713291697,-0.015035052043028194,-0.01491960554842345,-0.015073534207896441,-0.01365810613177627,-0.013157797093112747,-0.008341419557670184,-0.01501084608695779,-0.008843078882658529,-0.01187618875711454,-0.017006993945202102,0.8411371920237357,0.0021584122478175783,0.8432956042715533,0.8389787797759182,0.8454540165193709,0.8368203675281005,1.0626102692475876,0.9638773188167395,0.9278436617091307,0.8410754776036262,1.0027177083093128,0.4739031459905215,1.0287303164715156
42.54590004195022,-0.014989731235848602,3.848207921530745e-05,-0.014951249156633295,-0.01502821331506391,-0.014912767077417987,-0.015066695394279217,-0.013597333740082544,-0.013168262692723372,-0.008845658039116213,-0.015003979558689401,-0.008832661196835545,-0.011929589591736671,-0.017026900992024054,0.8407536218848471,0.0021584074436607277,0.8429120293285078,0.8385952144411865,0.8450704367721686,0.8364368069975257,1.057882134403896,0.9646439786170932,0.9839317742617871,0.8406907378954607,1.0015364457430822,0.4760340336046803,1.0299344671076096
43.55902561246206,-0.01499132219729167,3.8481856004372785e-05,-0.014952840341287297,-0.015029804053296044,-0.014914358485282924,-0.015068285909300417,-0.013535615542350006,-0.013138424816126608,-0.009131926479007216,-0.015005564904079751,-0.008821161596247108,-0.01199164387234003,-0.017043255468538104,0.8408428567466665,0.0021583949240632236,0.8430012516707297,0.8386844618226033,0.8451596465947929,0.83652606689854,1.0530804151847528,0.9624581984070968,1.015774358807962,0.8407795666745735,1.000232504740009,0.4785102252012894,1.0309237275174288
44.59627626719089,-0.014998619089349064,3.848158282424238e-05,-0.014960137506524822,-0.015037100672173306,-0.014921655923700579,-0.01507558225499755,-0.013470760486743926,-0.013089251808140983,-0.008860973691482133,-0.015012879259943365,-0.008814969272982795,-0.01206215131865959,-0.017054072521061597,0.8412521294900686,0.0021583796017615457,0.8434105090918301,0.839093749888307,0.8455688886935917,0.8369353702865454,1.0480346462154146,0.9588560188963527,0.9856353848851843,0.841189398693083,0.9995303565091616,0.4813237288690027,1.0315780365565004
45.658226485456424,-0.015008568294932256,3.848135155100363e-05,-0.014970086943381252,-0.015047049646483259,-0.014931605591830249,-0.015085530998034263,-0.01339798125414951,-0.013048266748993925,-0.00828383903019451,-0.015022859347494906,-0.008820356257674604,-0.012140559947885767,-0.01705759033737196,0.8418101668889607,0.0021583666299603795,0.8439685335189211,0.8396518002590003,0.8461269001488815,0.8374934336290399,1.0423723706995685,0.9558536493779104,0.9214387893625472,0.8417485948140285,1.0001411873087669,0.4844525184851857,1.0317908245599483
46.74546442638496,-0.015018208852757203,3.848120890641313e-05,-0.01497972764385079,-0.015056690061663616,-0.014941246434944377,-0.01509517127057003,-0.013315769060559379,-0.013031393320160959,-0.00857739018039356,-0.01503251563830052,-0.008841493032089613,-0.012226184792527451,-0.0170526719883479,0.842350892655206,0.002158358629219458,0.8445092512844254,0.8401925340259866,0.846667609913645,0.8380341753967671,1.0359762041796,0.9546175826391036,0.9540914538420796,0.8422896482199567,1.002537888535082,0.487869261354512,1.0314933202058958
47.85859225466043,-0.015025149221055559,3.848113533062309e-05,-0.014986668085724936,-0.015063630356386182,-0.014948186950394312,-0.015102111491716806,-0.013227362985972943,-0.013038431935787867,-0.010010396426890762,-0.015039446026627728,-0.008877911627877414,-0.012318445654826645,-0.017038827935605193,0.8427401684662427,0.002158354502453542,0.8448985229686962,0.8405818139637892,0.8470568774711498,0.8384234594613356,1.0290981493590377,0.9551331979743026,1.1134894740243169,0.8426779660828217,1.0066673972042628,0.4915508054752379,1.0306559119722516
48.99822647403202,-0.015028155846931276,3.848112218943837e-05,-0.014989674724741837,-0.015066636969120716,-0.0149511936025524,-0.015105118091310153,-0.013143795370203437,-0.013056999399943977,-0.010741352621725112,-0.015042452963661959,-0.008925244461410565,-0.012416720896140458,-0.01701538657966926,0.8429088060191707,0.0021583537653823777,0.8450671597845532,0.8407504522537883,0.8472255135499355,0.838592098488406,1.0225965300396054,0.9564933616431424,1.1947961470282469,0.8428464483247646,1.0120344725179546,0.4954723452035193,1.0292379757050785
50.16499826876365,-0.015027156210903421,3.848116946715066e-05,-0.014988675041436271,-0.015065637380370572,-0.01495019387196912,-0.015104118549837722,-0.013083829419866511,-0.013070781035509226,-0.010342550535627883,-0.015041468863713846,-0.008979138535439548,-0.012520184683393824,-0.016984627834743023,0.8428527377950137,0.0021583564171249086,0.8450110942121386,0.8406943813778888,0.8471694506292635,0.8385360249607638,1.0179311369010238,0.9575029383863872,1.150436073145925,0.8427913080395952,1.0181455276288358,0.499600926794654,1.0273774203650703
51.35955385321414,-0.01502309726952038,3.8481248703737644e-05,-0.014984616020816643,-0.015061578518224119,-0.014946134772112906,-0.015100059766927855,-0.013074367679719309,-0.01308360996138986,-0.00924874427267079,-0.015037429434215674,-0.009039244288521727,-0.012627765213905533,-0.01695252580781221,0.8426250772976294,0.00215836086139722,0.8447834381590266,0.8404667164362322,0.8469417990204238,0.838308355574835,1.0171950068586617,0.958442724172231,1.0287683880228005,0.8425649740225292,1.024960925725641,0.5038937814216308,1.025435611693278
52.58255482974195,-0.015017817704822432,3.848132342199241e-05,-0.01497933638140044,-0.015056299028244425,-0.014940855057978448,-0.015094780351666417,-0.01314234095346947,-0.013118438419088285,-0.00841675850468915,-0.015032149892319458,-0.009109801342762005,-0.0127384428559124,-0.01692555035720565,0.8423289536999521,0.0021583650522424276,0.8444873187521945,0.8401705886477097,0.8466456838044369,0.8380122235954672,1.0224833753941247,0.960994090498016,0.9362238617444004,0.8422691550396308,1.032961398035303,0.5083102220669048,1.0238039027664176
53.83467855513231,-0.015013788030317117,3.8481394131255545e-05,-0.014975306636185862,-0.015052269424448372,-0.014936825242054606,-0.015090750818579628,-0.013277446324236618,-0.013198720576156873,-0.008705194163913355,-0.01502808383263688,-0.009191770060687634,-0.012851811862742658,-0.016906732973797977,0.8421029347419031,0.002158369018228752,0.8442613037601319,0.8399445657236744,0.8464196727783606,0.8377861967054456,1.0329946683232127,0.966875177564224,0.9683075132586065,0.842041328901805,1.0422558401727149,0.5128340579618584,1.0226656644128016
55.11661851574995,-0.015013750021591506,3.848146052683438e-05,-0.014975268561064672,-0.01505223148211834,-0.014936787100537837,-0.015090712942645175,-0.013425354549464951,-0.013316686982223158,-0.009160390555628728,-0.015028007020065971,-0.00928563254738416,-0.0129679567600476,-0.0168948673020866,0.8421008028842187,0.002158372742266395,0.8442591756264851,0.8399424301419524,0.8464175483687515,0.837784057399686,1.044502032339674,0.9755168325756952,1.018940512110416,0.8420370250025185,1.0528989180877069,0.5174686619875468,1.0219479258016089
56.42908471162537,-0.015020438026909047,3.848149420276452e-05,-0.014981956532706283,-0.01505891952111181,-0.014943475038503518,-0.015097401015314576,-0.013571722174708875,-0.013402978706354493,-0.009454689273244807,-0.015034672509692166,-0.009392254044744452,-0.013087023438763175,-0.016887922041593107,0.8424759239991632,0.0021583746311034787,0.8446342986302666,0.8403175493680597,0.8467926732613701,0.8381591747369562,1.055889536593117,0.9818381517982968,1.051676330984089,0.8424105002775522,1.0649887416557486,0.5222198557231761,1.0215278162838146
57.772804049686734,-0.015036289194101538,3.848149124470686e-05,-0.014997807702856832,-0.015074770685346245,-0.014959326211612124,-0.015113252176590953,-0.013724635328788431,-0.013410492764560465,-0.009350323072721033,-0.01505052989333131,-0.009509436351808957,-0.013208845354347168,-0.016883808049923888,0.8433649943913205,0.0021583744651900508,0.8455233688565106,0.8412066199261304,0.8476817433217007,0.8390482454609404,1.0677862875965332,0.9823885957841518,1.040067333620612,0.8432990082564212,1.0782760566229983,0.5270809934354966,1.021278966430309
59.1485207463563,-0.015063154656682658,3.848146465071998e-05,-0.015024673192031938,-0.015101636121333379,-0.014986191727381219,-0.015140117585984098,-0.013889353938677964,-0.013355626323694034,-0.008836615329749789,-0.01507743148769762,-0.009629262705563364,-0.013332730088383527,-0.016882673306011994,0.8448718416198199,0.002158372973569525,0.8470302145933895,0.8427134686462503,0.8491885875669589,0.8405550956726808,1.0806015113703171,0.9783693425960149,0.9829259238172308,0.8448063364375823,1.09186318034156,0.5320244451101644,1.0212103272888264
60.55699673973282,-0.015102115605079144,3.8481441385777184e-05,-0.015063634163693367,-0.015140597046464921,-0.01502515272230759,-0.015179078487850698,-0.014056105842806366,-0.013282542998752398,-0.008432534172683137,-0.01511644793378698,-0.009745141570562808,-0.013457571226002635,-0.01688626672218365,0.8470571081840446,0.0021583716686705504,0.8492154798527151,0.8448987365153741,0.8513738515213857,0.8427403648467034,1.093574926866861,0.9730156075599404,0.937978641426234,0.8469924741035675,1.1050026978665686,0.5370060607679056,1.0214276882267672
61.999012111590126,-0.015153310696818795,3.8481442966738004e-05,-0.015114829253852057,-0.015191792139785533,-0.01507634781088532,-0.01523027358275227,-0.014181762337470294,-0.013230429684535389,-0.008398569290127443,-0.015167711041736604,-0.009856319219640154,-0.013581846853715943,-0.01689676257510876,0.8499285711959964,0.002158371757344491,0.8520869429533409,0.847770199438652,0.8542453147106854,0.8456118276813074,1.1033510905852624,0.9691980352697857,0.9342006153022492,0.8498648067324149,1.1176091439898377,0.5419651105226514,1.0220625683317448
63.47536551942328,-0.015215724205390375,3.848144332386913e-05,-0.015177242762066506,-0.015254205648714244,-0.015138761318742637,-0.015292687092038112,-0.014237562642211776,-0.013207093675159496,-0.008588179749972984,-0.015230207955295973,-0.009963230370471515,-0.01370390635698071,-0.016915432308324367,0.8534292599382068,0.00215837177737549,0.8555876317155824,0.8512708881608313,0.8577460034929578,0.8491125163834559,1.1076923935648528,0.9674885507724992,0.9552916133206462,0.8533665827892869,1.129731811397516,0.546835728847959,1.0231918755227285
64.98687463878393,-0.015287235530290561,3.848146483969431e-05,-0.015248754065450867,-0.015325716995130256,-0.015210272600611172,-0.01536419845996995,-0.014222730474620087,-0.0131910304452387,-0.008889131175853023,-0.015301822950169412,-0.010066038902813625,-0.013822460370927072,-0.016941240531330004,0.8574402328148805,0.002158372984168838,0.8595986057990493,0.8552818598307116,0.8617569787832181,0.8531234868465428,1.1065384404877523,0.9663118353331268,0.9887674349184643,0.8573792557370892,1.1413892824336371,0.5515664653938334,1.024752980413205
66.53437661614826,-0.015364538162373716,3.848151345315972e-05,-0.015326056648920556,-0.015403019675826876,-0.015287575135467395,-0.015441501189280036,-0.014133738383143975,-0.013175310705347611,-0.009231998328071297,-0.0153792488821801,-0.010164895782454724,-0.013936858514855217,-0.01697262965055527,0.8617760322286626,0.0021583757108319434,0.8639344079394946,0.8596176565178306,0.8660927836503265,0.8574592808069987,1.0996147931407507,0.9651602823313976,1.0269056812678472,0.8617175223722641,1.152598675125895,0.556131367603774,1.0266516662514202
68.11872853256911,-0.015442804767553275,3.848157552108716e-05,-0.015404323192032188,-0.015481286343074363,-0.0153658416165111,-0.01551976791859545,-0.013969790770877993,-0.013180335846286065,-0.009575602891001716,-0.015457649953324121,-0.010259946577823352,-0.014047246292701284,-0.017010609346752716,0.8661658995813191,0.00215837919213751,0.8683242787734565,0.8640075203891816,0.8704826579655941,0.861849141197044,1.0868595535246857,0.9655284001356286,1.0651259522475234,0.8661104272075476,1.1633764954947612,0.5605362416142865,1.0289490072756236
69.74080787836839,-0.0155160098902395,3.848163033417898e-05,-0.01547752825990532,-0.015554491520573678,-0.015439046629571141,-0.015592973150907857,-0.013732547264508566,-0.013218706432536689,-0.00989710140142168,-0.015530990672252974,-0.010351331648941258,-0.014154339285707784,-0.017056972284822843,0.8702718752703144,0.002158382266529222,0.8724302575368436,0.8681134930037852,0.8745886398033728,0.865955110737256,1.06840184176376,0.9683392458672471,1.1008872939567766,0.8702197945172606,1.173738658978876,0.5648096417207742,1.0317534393879126
71.40151303913396,-0.015579513239945624,3.848168653303993e-05,-0.015541031553412583,-0.015617994926478664,-0.015502549866879545,-0.015656476613011703,-0.013459307086426479,-0.013279157709216043,-0.010185296838898003,-0.015594619699258768,-0.0104391863298671,-0.014259454294625384,-0.01711163869424966,0.8738336917183342,0.002158385418646838,0.8759920771369811,0.8716753062996874,0.8781504625556279,0.8695169208810406,1.0471435636101325,0.972767617430694,1.1329442248121504,0.8737850042308457,1.1837005111223595,0.5690041130647085,1.0350601373764703
73.10176379328809,-0.01563138033678953,3.848175628926405e-05,-0.015592898580500267,-0.015669862093078794,-0.015554416824211003,-0.015708343849368058,-0.013212009888618915,-0.013330327228949869,-0.010436172993604217,-0.015646594420037314,-0.010523641104851782,-0.01436424602007226,-0.017169642541912104,0.8767428465818903,0.002158389331178501,0.8789012359130688,0.8745844572507118,0.8810596252442473,0.8724260679195333,1.0279036675798112,0.9765160518484884,1.1608500085230389,0.8766972093689765,1.193276847549086,0.5731856842218106,1.038568712539995
74.84250182150569,-0.0156716455341657,3.8481812646555306e-05,-0.015633163721519145,-0.015710127346812253,-0.01559468190887259,-0.01574860915945881,-0.01302605716844821,-0.013342223860087344,-0.010649951905556962,-0.015686948422380047,-0.01060482177841909,-0.01447033606387735,-0.017222177506836304,0.879001266696119,0.0021583924921822575,0.8811596591883013,0.8768428742039367,0.8833180516804835,0.8746844817117545,1.0134364150821755,0.9773875421779558,1.1846293433342268,0.8789582918953721,1.2024819332481458,0.5774190630056721,1.0417464823014488
76.62469122826194,-0.01570151718841479,3.8481803718074e-05,-0.015663035384696714,-0.015739998992132864,-0.015624553580978641,-0.015778480795850938,-0.012907395883743823,-0.013326690160049625,-0.010829187240544734,-0.01571688935103389,-0.010682849639578624,-0.01457898985531004,-0.01726152915899521,0.8806767271234247,0.0021583919913958937,0.8828351191148206,0.8785183351320288,0.8849935111062165,0.8763599431406329,1.0042044836216608,0.9762496175665861,1.2045662819299836,0.8806359175749338,1.211329521193968,0.5817547446487332,1.044126811106736
78.44931907580003,-0.015722868405490142,3.848172711473577e-05,-0.015684386678375406,-0.01576135013260488,-0.01564590495126067,-0.015799831859719615,-0.012831944565686697,-0.013314802061436964,-0.010977556060343504,-0.015738292347825266,-0.010757841620371682,-0.014691052595391147,-0.01728104083559615,0.8818742878271698,0.00215838769481892,0.8840326755219887,0.8797159001323509,0.8861910632168076,0.877557512437532,0.9983343179762764,0.9753787522891,1.221069836042541,0.8818351528241777,1.2198328703238568,0.5862264557472067,1.0453070463269782
80.31739593081346,-0.015737978685355394,3.848163181736612e-05,-0.015699497053538028,-0.01577646031717276,-0.015661015421720662,-0.015814941948990125,-0.012748960411284439,-0.013317203509341695,-0.011099116371917775,-0.015753446254045463,-0.010829910448941538,-0.014806991275710942,-0.01727758149269433,0.8827218028575943,0.0021583823497191693,0.8848801852073135,0.8805634205078751,0.8870385675570326,0.878405038158156,0.9918780923618398,0.9755546708833228,1.2345913911962871,0.8826842441304156,1.2280047628946462,0.5908528309648139,1.0450977953018037
82.22995642414644,-0.015749207621258334,3.8481572075576804e-05,-0.015710726049182756,-0.015787689193333912,-0.015672244477107182,-0.015826170765409486,-0.01261222095152535,-0.01331305678905444,-0.011197871166797413,-0.015764722958641765,-0.010899164797316375,-0.014926992414604205,-0.017253363290033862,0.8833516185882281,0.002158378998883524,0.8855099975871116,0.8811932395893446,0.8876683765859952,0.879034860590461,0.9812396661591524,0.9752509019770175,1.2455762133670172,0.8833160912394451,1.235857521239825,0.5956413130618078,1.0436328686153151
84.18805982382285,-0.015758426228008195,3.848156025437552e-05,-0.01571994466775382,-0.01579690778826257,-0.015681463107499443,-0.015835389348516946,-0.012380070860946845,-0.013242921944379633,-0.011277530690484091,-0.015774009982300854,-0.010965709424084381,-0.01505114530408823,-0.017214269897847186,0.8838686776930066,0.0021583783358484344,0.886027056028855,0.8817102993571582,0.8881854343647034,0.8795519210213097,0.9631782257313648,0.9701131585111172,1.254437005422428,0.8838364541699777,1.243403023947481,0.6005954651145904,1.0412681616103192
86.19279062171874,-0.015766602884147607,3.8481572755877306e-05,-0.01572812131139173,-0.015805084456903484,-0.015689639738635852,-0.01584356602965936,-0.012023311672499077,-0.01310647806219007,-0.011341400023370439,-0.01578228143709626,-0.01102964531213472,-0.015179711425844457,-0.01717069371229822,0.8843272952062864,0.0021583790370406533,0.886485674243327,0.8821689161692458,0.8886440532803677,0.8800105371322051,0.9354221097929296,0.9601179319239356,1.261541402376265,0.8842999135747456,1.2506527214787646,0.6057257211937199,1.0386322964306849
88.24525913420746,-0.015773825680621228,3.8481603842227745e-05,-0.015735344076779,-0.015812307284463454,-0.015696862472936772,-0.015850788888305684,-0.011567121246232263,-0.012974775880841706,-0.011392343396672135,-0.015789611721540624,-0.011091069801633827,-0.015312944840781287,-0.017135302251069344,0.8847324120292492,0.0021583807806317364,0.8868907928098809,0.8825740312486176,0.8890491735905127,0.8804156504679858,0.8999301735752319,0.9504700596743456,1.2672080021315306,0.8847106380904923,1.2576176512460877,0.6110422192539078,1.0364915142779023
90.34660211710525,-0.01578003043030249,3.848162692626704e-05,-0.01574154880337622,-0.015818512057228756,-0.015703067176449953,-0.015856993684155024,-0.011101097746420641,-0.012927463049045605,-0.011432793324836632,-0.0157959112425936,-0.01115007671839887,-0.015450879786451597,-0.017121153045715216,0.8850804279933335,0.0021583820753840795,0.8872388100687176,0.8829220459179494,0.8893971921441017,0.8807636638425653,0.8636732173155042,0.9470041477793275,1.2717073813084845,0.885063607713098,1.264308452169403,0.616546325498096,1.035635647770942
92.49798339526143,-0.015785070746768107,3.848163859055126e-05,-0.015746589108177556,-0.01582355238535866,-0.015708107469587004,-0.01586203402394921,-0.010722945417928004,-0.01300815743908834,-0.011464783948690013,-0.015801010662801797,-0.011206756497826152,-0.015593191525319763,-0.017140485181746642,0.88536313248331,0.002158382729617905,0.8875215152129279,0.8832047497536921,0.8896798979425458,0.8810463670240742,0.834252700025681,0.9529154330626868,1.2752658041130522,0.8853493342645704,1.2707353787284608,0.6222250817169716,1.0368050228222745
94.70059450714119,-0.01578893169005131,3.8481624763353485e-05,-0.015750450065287958,-0.015827413314814662,-0.015711968440524603,-0.015865894939578018,-0.010421517027840884,-0.013194675148504555,-0.01148999559619219,-0.015804898512412947,-0.011261196304525328,-0.015739104243317155,-0.01719913512254721,0.8855796875367776,0.0021583819540692026,0.8877380694908469,0.8834213055827084,0.889896451444916,0.8812629236286392,0.810801359139982,0.9665788288721604,1.2780701789768762,0.8855671750811112,1.2769083145281457,0.6280475301061964,1.0403526792955586
96.95565536475661,-0.015792056751416032,3.848159469157179e-05,-0.015753575156724462,-0.015830538346107603,-0.01571509356203289,-0.015869019940799176,-0.010147001818134285,-0.013418666883338735,-0.011509802633153111,-0.015808033769836166,-0.01131348014780722,-0.01588751693094273,-0.017296555617659363,0.8857549679750766,0.0021583802673838994,0.8879133482424605,0.8835965877076927,0.8900717285098444,0.8814382074403088,0.7894438826286356,0.9829873926523458,1.2802733811506033,0.8857428472663675,1.2828367853936526,0.6339697363803714,1.0462455147425784
99.26441492931195,-0.01579551939456057,3.8481585652459145e-05,-0.01575703780890811,-0.01583400098021303,-0.01571855622325565,-0.015872482565865487,-0.009889857833476868,-0.013618791132047267,-0.011525319999819194,-0.015811497695310248,-0.0113636889931667,-0.016037273576771427,-0.017424357472389754,0.885949182915909,0.0021583797603923747,0.8881075626763013,0.8837908031555166,0.8902659424366937,0.8816324233951243,0.7694378996515009,0.9976475384890956,1.2819994291221746,0.8859369351116242,1.2885299720115446,0.6399455714771899,1.0539760779970877
101.62815190293985,-0.015800921471813605,3.848161928799542e-05,-0.01576243985252561,-0.0158394030911016,-0.015723958233237613,-0.015877884710389596,-0.00965216482088224,-0.013719114711182905,-0.01153744597074285,-0.01581690188607528,-0.011411900869896973,-0.0161874692518305,-0.017565810405869346,0.8862521780760443,0.002158381646963822,0.8884105597230081,0.8840937964290805,0.8905689413699719,0.8819354147821167,0.7509452159899046,1.004996764334961,1.2833482409384125,0.8862397383182143,1.2939967221321471,0.6459389254378218,1.0625323767464818
104.0481754369067,-0.015809799287507236,3.848167963924237e-05,-0.015771317607867995,-0.015848280967146477,-0.01573283592822875,-0.01588676264678572,-0.009431509592977998,-0.013698695739447026,-0.011546900022181483,-0.01582578663372927,-0.011458190974968304,-0.016337729079604936,-0.017702777897637256,0.8867501226743435,0.0021583850319831168,0.8889085077063266,0.8845917376423604,0.8910668927383097,0.8824333526103773,0.7337780839679394,1.0035009680713087,1.284399846320945,0.8867375612479264,1.2992455623483692,0.651934839325233,1.070817357126125
106.52582585668456,-0.01582311002125668,3.8481749250676374e-05,-0.015784628272006003,-0.015861591770507354,-0.015746146522755324,-0.015900073519758032,-0.009225621907025458,-0.01359777508287612,-0.01155425550994963,-0.015839104857811145,-0.011502631773299039,-0.016488085953215017,-0.017826019930618702,0.8874967036125676,0.0021583889363936985,0.8896550925489614,0.8853383146761739,0.891813481485355,0.8831799257397802,0.7177598771028022,0.9961080031866544,1.2852180215316835,0.8874837971106888,1.304284709465446,0.6579346256946127,1.0782721028619149
109.0624754042875,-0.015841371529474818,3.848181796907947e-05,-0.01580288971150574,-0.015879853347443896,-0.01576440789353666,-0.015918335165412977,-0.00904215169861791,-0.013481822626113865,-0.011559967333309724,-0.015857366936159255,-0.011545293094541836,-0.016638986606831007,-0.01793095279508149,0.8885209667520403,0.002158392790715393,0.8906793595427557,0.8863625739613249,0.8928377523334711,0.8842041811706095,0.7034857657674629,0.9876138804742196,1.2858533665188077,0.888507042981021,1.3091220814755398,0.6639561108649122,1.0846193514829752
111.65952899828524,-0.015864569109446624,3.848185208816139e-05,-0.015826087257358464,-0.015903050961534784,-0.0157876054052703,-0.015941532813622948,-0.008883895093816018,-0.01338653585260767,-0.011564395010634264,-0.015880559117011268,-0.011586242226505204,-0.016791067402680486,-0.018011811170731844,0.8898220874374875,0.0021583947044082567,0.8919804821418957,0.8876636927330792,0.894138876846304,0.885505298028671,0.6911732905372768,0.980633626932088,1.286345871698923,0.8898065283313987,1.3137653081508196,0.6700246880045805,1.089510366475994
114.31842501191491,-0.015891917641702738,3.848184238246194e-05,-0.015853435799320276,-0.0159303994840852,-0.015814953956937813,-0.015968881326467663,-0.00874927893405028,-0.013292722081388651,-0.01156782170315094,-0.015907906989420108,-0.011625544005325308,-0.016944681678936677,-0.0180573581443866,0.8913560293865316,0.0021583941600287855,0.8935144235465604,0.8891976352265027,0.8956728177065891,0.887039241066474,0.6807000585683916,0.9737612784963452,1.2867270340310946,0.8913388619996316,1.3182217412680517,0.6761544565924413,1.0922654419921696
117.04063606972076,-0.015921900182370174,3.848181177826745e-05,-0.015883418370591908,-0.01596038199414844,-0.015844936558813638,-0.01599886380592671,-0.00863614190867177,-0.013196951990975333,-0.011570469749154386,-0.01593789890585692,-0.011663260902498987,-0.017099538413855628,-0.01805512272517536,0.8930377092821103,0.002158392443481173,0.8951961017255915,0.8908793168386292,0.8973544941690726,0.888720924395148,0.6718979183712502,0.9667456194679244,1.287021584938554,0.8930193445850375,1.322498464477283,0.6823338038019531,1.09213022447401
119.82766986316528,-0.015953083357704602,3.8481772854807976e-05,-0.015914601584849794,-0.01599156513055941,-0.015876119811994986,-0.016030046903414218,-0.00854249119525869,-0.013126963809711829,-0.011572513248651429,-0.015969099437137476,-0.011699453108886829,-0.01725464438521019,-0.01799942554022448,0.894786731141928,0.0021583902603173116,0.8969451214022452,0.8926283408816107,0.8991035116625626,0.8904699506212933,0.6646118269589442,0.9616186198624632,1.2872488901403758,0.8947675472910183,1.3266023028269602,0.6885230964521569,1.0887611762526896
122.68106998566076,-0.015984887927660917,3.8481716986211165e-05,-0.015946406210674707,-0.016023369644647126,-0.015907924493688493,-0.01606185136163334,-0.008466490335285447,-0.013124617283280168,-0.011574088190616977,-0.016000924298016587,-0.011734178615788819,-0.017408234156079696,-0.01789116742402864,0.8965706061802817,0.0021583871267237616,0.8987289933070055,0.8944122190535579,0.9008873804337293,0.8922538319268342,0.6586989065657334,0.9614467245528248,1.2874240761396163,0.8965507319235504,1.3305398319571058,0.6946518871859199,1.0822127876019032
125.60241678748581,-0.016016730523099855,3.848165872802659e-05,-0.015978248864371828,-0.016055212181827882,-0.0159397672056438,-0.01609369384055591,-0.008406447941117674,-0.013202455092339957,-0.01157530055633309,-0.016032787042967695,-0.011767493293194405,-0.017558478267091438,-0.01773859154666985,0.8983566140161978,0.0021583838591014864,0.9005149978752993,0.8961982301570963,0.9026733817344008,0.8940398462979948,0.6540275660433128,0.9671487503682548,1.2875589315844949,0.8983360392454874,1.334317386972102,0.70064717391731,1.072983676854468
128.59332825105898,-0.016047434002749696,3.84816075579811e-05,-0.016008952395191716,-0.016085915610307675,-0.015970470787633733,-0.016124397217865658,-0.008360807179146848,-0.01330641052659823,-0.011576232771383994,-0.01606351419993575,-0.011799450965302619,-0.01770366612931361,-0.017555062956871245,0.9000787303980003,0.0021583809890432844,0.9022371113870437,0.897920349408957,0.904395492376087,0.8957619684199137,0.6504766826412831,0.9747640285595974,1.2876626249451215,0.9000577182283105,1.3379410710039257,0.7064406979235284,1.0618822779315649
131.6554608870559,-0.01607538371250039,3.848155719308889e-05,-0.0160369021553073,-0.01611386526969348,-0.015998420598114214,-0.016152346826886568,-0.008328135977457799,-0.013379769860939741,-0.011576948820755002,-0.016091494091907813,-0.011830103483407227,-0.01784206739300044,-0.0173553713868946,0.901646391574428,0.002158378164145034,0.903804769738573,0.8994880134102831,0.9059631479027181,0.897329635246138,0.6479348401567917,0.9801379827249408,1.2877422734828514,0.9016254647009193,1.3414167634766048,0.7119634119533944,1.0498032019560763
134.79051065186417,-0.016099610383474693,3.848151007584291e-05,-0.01606112887339885,-0.016138091893550536,-0.016022647363323008,-0.01617657340362638,-0.00830711790977122,-0.013423702274847852,-0.011577498288703256,-0.016115753061422423,-0.011859500796237285,-0.017971599017485438,-0.01715861032112581,0.9030052325734678,0.0021583755214028403,0.9051636080948706,0.9008468570520649,0.9073219836162735,0.898688481530662,0.646299619698844,0.9833562613643844,1.2878033926184584,0.9029847234830342,1.3447501280821397,0.7171321951046331,1.0379013882604995
138.0002138868856,-0.01612033258296059,3.848146892491768e-05,-0.016081851114035674,-0.016158814051885507,-0.016043369645110755,-0.016197295520810426,-0.008296543710542942,-0.013458043074913816,-0.011577919538705177,-0.01613650435156343,-0.011887691017839343,-0.01808996333595337,-0.01699037218294185,0.9041675125368018,0.0021583732133034564,0.9063258857501053,0.9020091393234984,0.9084842589634088,0.8998507661101949,0.6454769395570567,0.9858719042230912,1.2878502496481972,0.904147442837102,1.3479466204776762,0.7218553621106621,1.02772488830441
141.2863482802063,-0.016138285866806497,3.848144169715019e-05,-0.016099804425109346,-0.016176767308503648,-0.016061322983412195,-0.0162152487502008,-0.008295303379039474,-0.013497210916699276,-0.011578242209012723,-0.016154479609918462,-0.011914720493087791,-0.018195096768920907,-0.01687969675686848,0.9051744877907725,0.0021583716861350386,0.9073328594769076,0.9030161161046374,0.9094912311630425,0.9008577444185024,0.6453804408931759,0.988741153084192,1.287886141332773,0.9051546178436557,1.3510114957137296,0.7260505686412296,1.0210302798123432
144.65073385116457,-0.016154092393425308,3.8481451259255135e-05,-0.016115610942166052,-0.016192573844684564,-0.016077129490906797,-0.01623105529594382,-0.008302378832957138,-0.01356430085159103,-0.01157848916583191,-0.016170296106760254,-0.011940633860903369,-0.018284972990726206,-0.016850960140464034,0.9060610543539143,0.0021583722224604897,0.9082194265763748,0.9039026821314537,0.9103777987988353,0.9017443099089932,0.645930916187478,0.9936558410145068,1.2879136111558425,0.9060408348868632,1.3539498154025391,0.7296369569291186,1.0192920403219712
148.0952339583661,-0.01616875414310028,3.848150360174321e-05,-0.016130272639498535,-0.016207235646702022,-0.01609179113589679,-0.016245717150303766,-0.008316837074726472,-0.013662694088538749,-0.011578678028276824,-0.016184956801022044,-0.011965474115259776,-0.018358307062169454,-0.01690272355155609,0.9068834119364786,0.0021583751582794006,0.909041787094758,0.9047250367781992,0.9112001622530373,0.9025666616199198,0.6470557775724408,1.0008636592190077,1.2879346189496883,0.9068622909431576,1.3567664546356146,0.732563253224673,1.022423139824091
151.62175633170185,-0.016183888079878073,3.848158126317403e-05,-0.0161454064986149,-0.016222369661141246,-0.016106924917351724,-0.016260851242404423,-0.008337823836053363,-0.013798122184495231,-0.011578822356350032,-0.01620008202826639,-0.011989282664053615,-0.01841495538067935,-0.017007904198729717,0.9077322538509272,0.0021583795142033468,0.9098906333651305,0.9055738743367238,0.9120490128793338,0.9034154948225205,0.6486885623735721,1.010784474162363,1.2879506730382049,0.9077097753324256,1.3594661086590052,0.7348237272627628,1.0287853764899146
155.2322541289395,-0.016202098434401662,3.848166753369371e-05,-0.016163616766867967,-0.016240580101935357,-0.016125135099334276,-0.01627906176946905,-0.008364557668500118,-0.013932329386663368,-0.011578932574542958,-0.016218286735004372,-0.012012099385912467,-0.01845544937027648,-0.017136844406016098,0.9087536478492997,0.0021583843529993695,0.9109120322022991,0.9065952634963003,0.9130704165552984,0.904436879143301,0.6507684733524577,1.020615852262838,1.2879629329720212,0.90872980660352,1.3620532993147738,0.7364395847955332,1.0365847971679611
158.9287270174779,-0.01622614204261614,3.848173956778167e-05,-0.016187660303048357,-0.01626462378218392,-0.016149178563480575,-0.016303105521751703,-0.008396324450022547,-0.014015562955552419,-0.011579016688565352,-0.016242339120557475,-0.012033962685011078,-0.018480910955061023,-0.017268621103272926,0.9101022211073151,0.0021583883932933144,0.9122606095006084,0.9079438327140218,0.9144189978939017,0.9057854443207285,0.6532399513114804,1.026713145650826,1.2879722892526877,0.9100774902416968,1.364532381256611,0.7374555946769922,1.0445557933304448
162.71322228185764,-0.016257571095795616,3.8481784964877495e-05,-0.01621908931083074,-0.016296052880760494,-0.01618060752586586,-0.016334534665725372,-0.00843247227935133,-0.014029456058921416,-0.01157908084059396,-0.016273795791552245,-0.012054909543964886,-0.018493191477296077,-0.01739408400854788,0.9118650339207871,0.0021583909395546273,0.9140234248603417,0.9097066429812325,0.9161818157998963,0.9075482520416779,0.6560522778730971,1.0277308879925409,1.2879794250948209,0.911840044759109,1.3669075479474373,0.7379456322000243,1.052144876660797
166.58783595764592,-0.01629617912452074,3.848180936371573e-05,-0.016257697315157024,-0.016334660933884453,-0.01621921550579331,-0.016373142743248168,-0.008472406731952726,-0.01400661244726755,-0.011579129738748122,-0.01631244470504105,-0.012074975574867272,-0.01849511780497975,-0.01751180428336213,0.9140305057010184,0.0021583923080522537,0.9161888980090707,0.9118721133929661,0.9183472903171229,0.9097137210849139,0.6591592063902432,1.0260574741986357,1.2879848641980929,0.9140055891383628,1.3691828374465236,0.738022499684044,1.059265618630541
170.5547139923227,-0.016340256315195072,3.848181565167784e-05,-0.016301774499543394,-0.01637873813084675,-0.016263292683891716,-0.01641721994649843,-0.008515586453033743,-0.013954530030251443,-0.011579166988800077,-0.01635657171498226,-0.012094195068534477,-0.01849009803392676,-0.017626628980561818,0.9165027353306817,0.0021583926607354896,0.9186611279914172,0.9143443426699462,0.9208195206521527,0.9121859500092108,0.6625186190790335,1.022242165289726,1.287989007644465,0.9164780777473676,1.371362137993377,0.7378221925532955,1.0662112109832862
174.61605343380893,-0.01638620546949427,3.848180378179839e-05,-0.016347723665712473,-0.01642468727327607,-0.016309241861930675,-0.016463169077057867,-0.008561519064673076,-0.013837724888225551,-0.011579195350030295,-0.016402579216035013,-0.012112601042019852,-0.01848141339520895,-0.017744490997806485,0.9190799608520577,0.002158391994970108,0.9212383528470278,0.9169215688570875,0.9233967448419979,0.9147631768621175,0.6660922085906689,1.0136855789308394,1.287992162357822,0.9190559324996666,1.3734491933953874,0.7374756438671528,1.0733405267630618
178.77410364729755,-0.016429047115468363,3.8481779589984744e-05,-0.016390565335878376,-0.01646752889505835,-0.016352083556288394,-0.016506010674648332,-0.008609757365669945,-0.01365038076343897,-0.011579216932327031,-0.016445482482080116,-0.012130225284457768,-0.01847169194527135,-0.01786528411490147,0.9214828904612349,0.002158390638084209,0.9236412810993191,0.9193244998231507,0.9257996717374033,0.9171661091850665,0.6698451823570004,0.999961643881721,1.287994563028007,0.9214598532893808,1.3754476082260738,0.7370877226406348,1.0806471408523648
183.03116756106112,-0.01646481825912207,3.848174838738282e-05,-0.016426336510734687,-0.016503300007509453,-0.016387854762347304,-0.016541781755896837,-0.008659895804121886,-0.013437868484280415,-0.011579233347845656,-0.01648130933647574,-0.012147098401294637,-0.018462886012836646,-0.01798040254518807,0.9234892452192102,0.002158388887972738,0.9256476341071829,0.9213308563312375,0.9278060229951557,0.9191724674432646,0.6737459881546005,0.9843940101508284,1.287996388980389,0.9234672743566061,1.3773608528404444,0.7367363338938295,1.087610500726662
187.38960294192182,-0.016491860099829152,3.848171434872766e-05,-0.016453378385480426,-0.01653034181417788,-0.016414896671131697,-0.016568823528526608,-0.008711567204061353,-0.013249726683265291,-0.011579245827576287,-0.016508394840549577,-0.012163249856962557,-0.018456235612584485,-0.01808186399574309,0.9250059852567194,0.0021583869787909016,0.9271643722355103,0.9228475982779285,0.9293227592143012,0.9206892112991376,0.6777660594347859,0.9706116411542178,1.2879977771420663,0.9249849072164108,1.379192268213766,0.7364709587245685,1.0937477681635432
191.85182370109902,-0.01651038518457087,3.8481685166509154e-05,-0.01647190349940436,-0.01654886686973738,-0.016433421814237854,-0.01658734855490389,-0.008764439728722385,-0.013146317493516206,-0.011579255310847688,-0.016526945711637216,-0.012178708016050109,-0.018452132620954183,-0.018166113781330376,0.9260450320446348,0.002158385341999987,0.9282034173866348,0.9238866467026349,0.9303618027286348,0.9217282613606349,0.6818795790636272,0.9630363782244884,1.2879988319976818,0.9260243344858407,1.3809450706099256,0.7363072344287241,1.0988439250075526
196.42030123114785,-0.01652197488992762,3.848166124734211e-05,-0.016483493228680278,-0.01656045655117496,-0.016445011567432936,-0.016598938212422303,-0.008818214064164193,-0.013165187481758905,-0.011579262513984835,-0.01653854081626941,-0.012193500183021514,-0.018450644901347076,-0.01823575749292122,0.9266950828428746,0.0021583840004064645,0.9288534668432811,0.9245366988424681,0.9310118508436875,0.9223783148420617,0.686063260205882,0.9644187033618016,1.2879996332264296,0.9266740219258353,1.3826223560851894,0.7362478690029484,1.1030565799715013
201.09756577473567,-0.016528240736496672,3.848164045611913e-05,-0.016489759096040554,-0.01656672237695279,-0.016451277455584435,-0.01660520401740891,-0.008872620808061804,-0.013296846952026533,-0.011579267982927847,-0.01654479359198522,-0.012207652640535367,-0.018451544751194357,-0.018299115911875784,0.9270465256482336,0.0021583828342550673,0.9292049084824887,0.9248881428139786,0.9313632913167438,0.9227297599797235,0.6902961431710701,0.974063446801782,1.2880002415550331,0.9270243723518576,1.3842271048331696,0.7362837762861911,1.106889045990615
205.88620782601242,-0.016530019560453614,3.848162297291874e-05,-0.016491537937480694,-0.016568501183426534,-0.016453056314507778,-0.01660698280639945,-0.008927418049485398,-0.013471570179472219,-0.011579272133524571,-0.0165465487235278,-0.012221190686410562,-0.018454674671544328,-0.018367119618680833,0.9271462974627489,0.0021583818536461546,0.929304679316395,0.9249879156091028,0.9314630611700412,0.9228295337554566,0.6945594071186008,0.9868628352414706,1.2880007032396223,0.92712271445009,1.3857621853763933,0.7364086714971789,1.1110024992586178
210.78887956535007,-0.016527287626160417,3.848161354491777e-05,-0.0164888060126155,-0.016565769239705333,-0.01645032439907058,-0.016604250853250253,-0.00898238912643741,-0.01359813010534589,-0.011579275282359563,-0.016543791977945362,-0.012234138669287015,-0.01845999071397611,-0.01844957223966747,0.9269930669867905,0.0021583813248424134,0.9291514483116329,0.9248346856619482,0.9313098296364754,0.9226763043371057,0.698836195592583,0.9961340104357296,1.2880010534949438,0.9269682507313929,1.387230358609877,0.7366208009340011,1.115989948019686
215.80829632824896,-0.016520196085045468,3.848162221981977e-05,-0.016481714462825647,-0.01655867770726529,-0.01644323284060583,-0.016597159329485106,-0.009037340548799094,-0.013640071756543073,-0.011579277670324226,-0.016536678162261533,-0.012246520023026019,-0.018467099220172138,-0.018549066087690972,0.9265953120982384,0.0021583818114058588,0.9287536939096442,0.9244369302868326,0.9309120757210502,0.9222785484754267,0.7031114549256056,0.999206455315112,1.2880013191161443,0.9265696552165764,1.3886342817017865,0.7369044561973592,1.1220081978111525
220.94723810922045,-0.016510562210942544,3.848164841044642e-05,-0.016472080562532097,-0.01654904385935299,-0.01643359891412165,-0.016587525507763438,-0.009092100075168542,-0.01364665620893969,-0.01157927948062428,-0.016527020157141203,-0.01225835729989407,-0.01847545931304824,-0.018660097754254645,0.9260549612128641,0.002158383280402458,0.9282133444932665,0.9238965779324617,0.930371727773669,0.9217381946520592,0.7073717846153809,0.9996888008230276,1.2880015204818014,0.9260285057555652,1.389976511856154,0.7372380543234739,1.1287243548139971
226.2085511014818,-0.016501170208499956,3.848167747857919e-05,-0.016462688531021376,-0.016539651885978536,-0.0164242068535428,-0.016578133563457113,-0.009146514932840664,-0.013661909389000899,-0.01157928085252796,-0.016517601387658218,-0.012269672202572652,-0.018484860192438224,-0.018769678916121524,0.9255281765796965,0.0021583849107944596,0.927686561490491,0.9233697916689021,0.9298449464012855,0.9212114067581076,0.711605298837936,1.0008061758818452,1.2880016730831814,0.9255007609505457,1.391259509942472,0.7376131836186632,1.1353527727278188
231.59514927331546,-0.016494294289807594,3.848169784447453e-05,-0.01645581259196312,-0.016532775987652067,-0.016417330894118645,-0.016571257685496544,-0.00920045017090702,-0.013664985730157798,-0.011579281891855581,-0.016510703829782584,-0.012280485615034267,-0.018495335807015584,-0.01886551023265383,0.925142515659335,0.002158386053089808,0.9273009017124249,0.9229841296062452,0.9294592877655147,0.9208257435531554,0.7158014983176196,1.0010315339296318,1.288001788691027,0.9251142826167502,1.3924856439967297,0.7380311987585305,1.1411494808881089
237.1100159819627,-0.016491356052254193,3.8481704147010935e-05,-0.01645287434810718,-0.016529837756401204,-0.01641439264396017,-0.016568319460548216,-0.00925378713712454,-0.013632647148944306,-0.0115792826789779,-0.016507755790716713,-0.01229081763232481,-0.018507196082140756,-0.018937943257040256,0.9249777139143196,0.002158386406590497,0.9271361003209101,0.9228193275077291,0.9292944867275006,0.9206609411011386,0.7199511518264168,0.9986625640531536,1.2880018762452436,0.9249491004977038,1.3936571925984391,0.7385044668927006,1.1455308576522878
242.75620562595427,-0.01649273761419078,3.848171053040192e-05,-0.016454255903660377,-0.01653121932472118,-0.016415774193129975,-0.016569701035251582,-0.009306422069835348,-0.013584666266173676,-0.011579283274911317,-0.016509138271315418,-0.012300687589289419,-0.018521003510520093,-0.018982919550668078,0.9250552038428425,0.0021583867646262083,0.9272135906074687,0.9228968170782162,0.9293719773720949,0.92073843031359,0.72404618663432,0.9951477139371244,1.2880019425328868,0.925026562522369,1.3947763481278637,0.7390554335269321,1.148251413496933
248.53684533677978,-0.016497570754263734,3.848172935122116e-05,-0.016459089024912513,-0.016536052483614956,-0.01642060729556129,-0.016574534212966178,-0.00935826479680869,-0.013568690923315543,-0.011579283725960196,-0.016513975609262665,-0.012310114088279466,-0.018537334554928425,-0.019002431572749615,0.9253262880909505,0.0021583878202603417,0.9274846759112109,0.9231679002706902,0.9296430637314712,0.9210095124504298,0.728079587278316,0.9939774366838496,1.288001992704544,0.9252976042944812,1.3958452199077158,0.7397071016235498,1.1494316696148346
254.4551367108453,-0.01650521778260706,3.848175920611457e-05,-0.016466736023400947,-0.016543699541813176,-0.016428254264194832,-0.01658218130101929,-0.009409237533426885,-0.013607537248342644,-0.011579284067250688,-0.01652162585232591,-0.01231911502587556,-0.01855686937522945,-0.019002640299600866,0.925755199502046,0.002158389494780676,0.9279135889968266,0.9235968100072653,0.9300719784916074,0.9214384205124846,0.7320453020604065,0.9968231327641308,1.2880020306674134,0.9257262564704429,1.396865837233282,0.7404866120360521,1.1494442952228894
260.51435758267115,-0.016515793035679502,3.848178952043596e-05,-0.016477311246159067,-0.016554274825199937,-0.016438829456638628,-0.016592756614720375,-0.009459273773151384,-0.013680949799507543,-0.011579284325419426,-0.01653220522076281,-0.012327707618661043,-0.018580782161884413,-0.01899345809921545,0.9263483510524713,0.002158391195069701,0.9285067422475409,0.9241899598574016,0.9306651334426107,0.9220315686623318,0.735938156725087,1.0022009853395712,1.2880020593843753,0.9263190310088842,1.3978401522948825,0.7414408192364386,1.148888876202995
266.7178638403137,-0.01652955232619437,3.848181228081662e-05,-0.016491070513913554,-0.016568034138475185,-0.016452588701632735,-0.016606515950756004,-0.009508317263686027,-0.01376419978670473,-0.011579284520658137,-0.016545971332651614,-0.01233590842807905,-0.018610597713666466,-0.01898778584502742,0.9271200909291194,0.002158392471668472,0.9292784834007879,0.9249616984574509,0.9314368758724564,0.9228033059857824,0.7397537748041274,1.0082994814543316,1.2880020811014223,0.9270903625557237,1.3987700429964152,0.7426305682441322,1.148545769133941
273.0690912840189,-0.01654671863113863,3.848181829220464e-05,-0.016508236812846425,-0.016585200449430834,-0.01646975499455422,-0.01662368226772304,-0.009556321062703273,-0.013825429926074929,-0.0115792846682678,-0.016563150343405664,-0.01234373338440505,-0.018647291165265627,-0.018994670152909943,0.9280829256076858,0.002158392808839044,0.9302413184165248,0.9259245327988468,0.9323997112253639,0.9237661399900077,0.7434885041514083,1.0127849087754304,1.2880020975205329,0.9280529228665162,1.3996573156736063,0.744094770481544,1.1489621917098232
279.5715575291332,-0.016567946790222783,3.8481807193759844e-05,-0.016529464983029023,-0.016606428597416543,-0.016490983175835264,-0.016644910404610302,-0.009603246667418503,-0.013840620226490694,-0.011579284779839433,-0.016584401262821846,-0.012351197809865745,-0.018691212600421274,-0.01901294536869167,0.9292735841562038,0.002158392186342382,0.9314319763425462,0.9271151919698614,0.9335903685288885,0.924956799783519,0.7471393492231894,1.0138976775719968,1.2880021099310144,0.9292436370403836,1.400503707715463,0.7458473955637457,1.150067635068908
286.22886395432687,-0.016593260970813595,3.848178832902571e-05,-0.016554779182484568,-0.016631742759142622,-0.016516297394155544,-0.016670224547471645,-0.009649063212688044,-0.013829897233793744,-0.011579284864150849,-0.01660974653671922,-0.01235831644093428,-0.01874265528717679,-0.01903584744875352,0.9306934220893799,0.002158391128245122,0.932851813217625,0.9285350309611348,0.9350102043458701,0.9263766398328896,0.7507039086895705,1.0131121623845163,1.2880021193092517,0.9306637627431412,1.4013108900923317,0.7479001459527995,1.1514529512597524
293.04469769621386,-0.016621467651522292,3.8481769808371006e-05,-0.016582985881713922,-0.01665994942133066,-0.01654450411190555,-0.016698431191139035,-0.009693746732673831,-0.013844145484041061,-0.011579284927847378,-0.0166379854271257,-0.012365103449829978,-0.018802497388820172,-0.019052777102048512,0.9322754964170684,0.002158390089446809,0.9344338865065153,0.9301171063276216,0.936592276595962,0.9279587162381748,0.7541803179914839,1.014155921088882,1.288002126394427,0.9322460212046588,1.4020804697937537,0.7502880635593208,1.152477003343738
300.02283369146255,-0.01664996306749784,3.84817535671232e-05,-0.01661148131393072,-0.016688444821064963,-0.016572999560363594,-0.016726926574632088,-0.009737279481456624,-0.013885216593315463,-0.011579284975958455,-0.01666651100655024,-0.012371572465251376,-0.018871885523963183,-0.01905984040133904,0.9338737655128654,0.002158389178497326,0.9360321546913627,0.9317153763343681,0.93819054386986,0.9295569871558708,0.7575671964839236,1.0171645942283212,1.288002131745981,0.9338443431912696,1.4028139921793883,0.7530569026381868,1.152904252870485
307.1671367675377,-0.016676415105276024,3.8481741788347266e-05,-0.016637933363487678,-0.01671489684706437,-0.01659945162169933,-0.01675337858885272,-0.009779649308299915,-0.013916722037570436,-0.011579285012289454,-0.01669299241492378,-0.012377736592368222,-0.01895133138099001,-0.01906195867635902,0.9353574243068973,0.002158388517841816,0.9375158128247391,0.9331990357890555,0.939674201342581,0.9310406472712136,0.7608635988310377,1.0194725324737368,1.2880021357871982,0.9353281278537973,1.4035129432459057,0.7562270814178371,1.1530323844931984
314.4815637832305,-0.01669905910900658,3.848173735196369e-05,-0.016660577371654616,-0.016737540846358544,-0.016622095634302652,-0.01677602258371051,-0.009820849083562785,-0.01390605117442216,-0.01157928503971879,-0.016715666571913316,-0.012383608432099171,-0.019039791582351848,-0.0190646197516707,0.936627495654468,0.0021583882690111,0.9387858839234791,0.934469107385457,0.9409442721924902,0.9323107191164458,0.7640689703417455,1.018690836047805,1.288002138838254,0.9365985877138716,1.4041787518128883,0.7597569653374756,1.153193349379548
321.97016582015317,-0.0167168667805093,3.848174467392742e-05,-0.016678385035835373,-0.016755348525183227,-0.016639903291161447,-0.016793830269857153,-0.00986087617153802,-0.013861525981087093,-0.011579285060423147,-0.016733503257285124,-0.012389200099700064,-0.01913495360279498,-0.01906963803633189,0.9376263037103084,0.002158388679690079,0.9397846923899985,0.9354679150306183,0.9419430810696886,0.9333095263509282,0.7671831059561705,1.0154291332211165,1.288002141141268,0.9375979983121185,1.4048127916305573,0.7635542762247584,1.153496898706624
329.6370904264268,-0.016730938370375755,3.848175915153133e-05,-0.016692456611224225,-0.016769420129527285,-0.016653974852072692,-0.016807901888678818,-0.00989973194675021,-0.013817214653311193,-0.01157928507604812,-0.016747601314421465,-0.012394523242686428,-0.019234343824910818,-0.01907819804207954,0.9384155600325036,0.0021583894917191764,0.9405739495242228,0.9362571705407844,0.942732339015942,0.9340987810490652,0.7702061126132933,1.0121830971629833,1.2880021428792854,0.9383879291441676,1.4054163834120077,0.7675203077441862,1.1540146820050805
337.48658391379035,-0.016742792549836957,3.848177301337503e-05,-0.01670431077682358,-0.016781274322850332,-0.016665829003810206,-0.016819756095863708,-0.009937421350490404,-0.013787967991159358,-0.011579285087837482,-0.01675948183909425,-0.012399589058114283,-0.019335855914513277,-0.019095036643593206,0.9390804448232758,0.0021583902692111218,0.941238835092487,0.9369220545540646,0.943397225361698,0.9347636642848536,0.773138374749035,1.0100406264971296,1.288002144190655,0.9390536090069453,1.4059907967926797,0.7715710094972935,1.1550332264885976
345.52299370941284,-0.016752529395465753,3.8481788077851424e-05,-0.0167140476073879,-0.016791011183543605,-0.01667556581931005,-0.016829492971621455,-0.009973952484588646,-0.013769543506549627,-0.011579285096731076,-0.016769247622683902,-0.01240440830924114,-0.01943791984697539,-0.01912222024719721,0.9396265712413776,0.002158391114157098,0.9417849623555347,0.9374681801272206,0.9439433534696918,0.9353097890130634,0.7759805226914748,1.008690936826394,1.2880021451799188,0.9396007974231917,1.406537252219552,0.775643731788524,1.1566775263118636
353.75077076371014,-0.016759321129146573,3.848181067171443e-05,-0.01672083931847486,-0.016797802939818286,-0.016682357507803145,-0.01683628475049,-0.010009336239636717,-0.013755742590151436,-0.011579285103438914,-0.016776069737637823,-0.012408991341589157,-0.019539715658788055,-0.019150818436446955,0.9400075103390294,0.0021583923814161203,0.9421659027204455,0.9378491179576133,0.9443242951018617,0.9356907255761971,0.7787334037363178,1.007679947661493,1.2880021459260538,0.9399830486007666,1.407056922772545,0.779705755090215,1.1584073925287974
362.17447201549214,-0.01676274521525925,3.84818262612388e-05,-0.01672426338899801,-0.01680122704152049,-0.016685781562736774,-0.016839708867781727,-0.010043585955068202,-0.01374367115249034,-0.011579285108497253,-0.016779519289389665,-0.012413348098431523,-0.019640952229325718,-0.019169029089672007,0.9401995626684265,0.002158393255811323,0.9423579559242379,0.9380411694126152,0.9445163491800491,0.9358827761568039,0.7813980557008849,1.0067956518417065,1.2880021464887097,0.9401763310693492,1.4075509359205227,0.7837454626300896,1.1595089305851831
370.7987629158169,-0.016762040196210044,3.848183037866964e-05,-0.016723558365831375,-0.016800522026588712,-0.016685076535452703,-0.016839003856967384,-0.010076717108686836,-0.01373322532013108,-0.011579285112311039,-0.01677883004890989,-0.01241748813572225,-0.019741310005878972,-0.01917378850711063,0.9401600191095866,0.0021583934867524146,0.942318412596339,0.9380016256228342,0.9444768060830914,0.9358432321360818,0.7839756827691995,1.0060304400956974,1.2880021469129297,0.9401377121092751,1.4080203752141849,0.7877501030922673,1.1597968213802072
379.6284200119399,-0.01675709842655422,3.848182554844431e-05,-0.016718616601005775,-0.016795580252102666,-0.016680134775457333,-0.016834062077651108,-0.01010874703340403,-0.013724311016656438,-0.01157928511518598,-0.016773893844719865,-0.012421420636488946,-0.01983972974632692,-0.019167796869228246,0.9398828419760354,0.00215839321583165,0.9420412351918671,0.9377244487602038,0.9441996284076988,0.9355660555443721,0.7864676334539679,1.00537742083484,1.288002147232719,0.9398611307445323,1.4084662819180636,0.7916774088617982,1.1594343952186652
388.66833359279826,-0.016748880000476408,3.8481817131682535e-05,-0.016710398183344726,-0.01678736181760809,-0.016671916366213044,-0.01682584363473977,-0.010139694659104642,-0.013716838602180228,-0.011579285117352829,-0.01676567321167445,-0.01242515442470723,-0.01993559062498458,-0.01915452488699651,0.9394218816437655,0.002158392743746939,0.9415802743875125,0.9372634889000185,0.9437386671312594,0.9351050961562716,0.788875380513554,1.004830027469564,1.2880021474737446,0.9394005189425844,1.408889656583746,0.7955026067348167,1.158631590765071
397.92351039748644,-0.01673858298107853,3.8481806592945036e-05,-0.016700101174485584,-0.016777064787671474,-0.01666161936789264,-0.01681554659426442,-0.010169580277709605,-0.0137107226830524,-0.011579285118985717,-0.016755369190477955,-0.012428697978675692,-0.02002871140917078,-0.019137411184404568,0.9388443358414312,0.002158392152643497,0.9410027279940747,0.9366859436887878,0.9431611201467183,0.9345275515361442,0.7912005026736876,1.0043820044692613,1.2880021476553762,0.9388231724360068,1.4092914605664624,0.7992184648678822,1.1575964057852837
407.3990763882299,-0.016727472911710405,3.848179855667635e-05,-0.01668899111315373,-0.01676595471026708,-0.016650509314597054,-0.016804436508823756,-0.010198425329640418,-0.013705881929299992,-0.011579285120216026,-0.01674424967149397,-0.01243205944390806,-0.020119349044912173,-0.01912281820782448,0.9382211871729412,0.0021583917019001248,0.9403795788748414,0.9360627954710411,0.9425379705767415,0.933904403769141,0.7934446680142505,1.004027393988882,1.2880021477922274,0.9382001326229277,1.4096726174869294,0.8028352363424225,1.15671369615042
417.1002795893881,-0.016717007022451255,3.848179685208089e-05,-0.016678525225599174,-0.016755488819303336,-0.016640043428747094,-0.016793970616155417,-0.010226252210020126,-0.013702238899485075,-0.011579285121142865,-0.01673377306758483,-0.012435246645560342,-0.02020801280714875,-0.01912506301719104,0.9376341696899436,0.0021583916062916856,0.9397925612962353,0.9354757780836519,0.941950952902527,0.9333173864773603,0.7956096188915767,1.0037605230388649,1.2880021478953227,0.9376131161026396,1.4100340146404664,0.806373243081672,1.1568494816665156
427.03249299406536,-0.01670862753014398,3.848180205485421e-05,-0.016670145728089128,-0.016747109332198834,-0.01663166392603427,-0.01678559113425369,-0.010253084093064435,-0.013699719872696511,-0.01157928512184098,-0.01672538287072631,-0.012438267100408917,-0.020295125917905315,-0.019153701878543736,0.9371641753720971,0.00215839189810816,0.9393225672702052,0.9350057834739889,0.9414809591683134,0.9328473915758807,0.7976971582759572,1.003575991177657,1.2880021479729764,0.9371430034394967,1.4103765043551917,0.8098493731844227,1.158581808084557
437.20121753993135,-0.016702746468057583,3.848181242835431e-05,-0.01666426465562923,-0.016741228280485937,-0.016625782843200876,-0.01677971009291429,-0.010278944773229005,-0.013698254687395155,-0.011579285122366736,-0.0167194917701038,-0.012441128028395707,-0.020380546940813076,-0.019208559900244587,0.9368343146046243,0.00215839247994366,0.938992707084568,0.9346759221246806,0.9411510995645116,0.932517529644737,0.7997091373927886,1.0034686587062829,1.288002148031458,0.9368129180971393,1.4107009053011312,0.8132579828249075,1.1619000964432846
447.61208515590533,-0.016699090862316173,3.848182437718574e-05,-0.01666060903793899,-0.016737572686693358,-0.0166221272135618,-0.016776054511070546,-0.010303858521781763,-0.013697776586837315,-0.011579285122762633,-0.016715827850457693,-0.012443836363755328,-0.02046421134157486,-0.01927608829386909,0.9366292766543824,0.002158393150137351,0.9387876698045198,0.9344708835042451,0.9409460629546571,0.9323124903541078,0.8016474445637967,1.0034336353448072,1.288002148075495,0.9366076243416508,1.4110080037519273,0.816596496849844,1.1659847986527392
458.2708618813895,-0.01669599644345272,3.848183790609171e-05,-0.01665751460554663,-0.016734478281358812,-0.016619032767640537,-0.016772960119264903,-0.010327849957566871,-0.01369822207082516,-0.0115792851230607,-0.01671272728349323,-0.012446398765739577,-0.02054604327415727,-0.019330394558514728,0.9364557149122709,0.0021583939089552724,0.9386141088212261,0.9342973210033156,0.9407725027301814,0.9321389270943603,0.8035139951523836,1.0034662693722771,1.28800214810865,0.9364338959038685,1.4112985548008896,0.8198618887265146,1.1692697119651858
469.18345105977943,-0.016692092755869525,3.848185413967595e-05,-0.01665361090172985,-0.0167305746100092,-0.016615129047590174,-0.016769056464148877,-0.01035094393081647,-0.01369953075353258,-0.011579285123285083,-0.01670881997292047,-0.01244882162895259,-0.02062557664336013,-0.0193495973157737,0.9362367623891977,0.002158394819474916,0.9383951572086726,0.9340783675697228,0.9405535520281476,0.9319199727502478,0.8053107225240989,1.003562137211725,1.2880021481336088,0.936214964666609,1.4115732835329,0.8230355595604243,1.1704312610676195
480.3558966080178,-0.01668690322860396,3.848186709166262e-05,-0.0166484213615123,-0.016725385095695624,-0.016609939494420637,-0.016763866962787286,-0.010373165418950092,-0.01370164522716035,-0.011579285123453971,-0.01670362906860533,-0.01245111109331158,-0.02070279241908376,-0.01932819779956442,0.9359456888685492,0.002158395545934219,0.9381040844144835,0.933787293322615,0.9402624799604177,0.9316288977766808,0.8070395699397602,1.0037170334421974,1.2880021481523949,0.9359241121523164,1.411832886153861,0.82611674998135,1.1691368329545009
491.79438636400937,-0.016680717354849692,3.848187073542722e-05,-0.016642235484114264,-0.01671919922558512,-0.01660375361337884,-0.016757681096320545,-0.010394539433379988,-0.013704510931206133,-0.011579285123581076,-0.016697444101198822,-0.012453273053645412,-0.020777413986486058,-0.019267130107658237,0.9355987316295171,0.002158395750308016,0.9377571273798251,0.9334403358792092,0.9399155231301332,0.9312819401289011,0.8087024833048432,1.0039269612221005,1.2880021481665331,0.9355775611061424,1.41207803107908,0.8290944220505573,1.1654429299506397
503.5052555137412,-0.0166747752145751,3.8481862220768964e-05,-0.01663629335235433,-0.01671325707679587,-0.016597811490133563,-0.016751738939016637,-0.010415090936413006,-0.013708076027109826,-0.01157928512367672,-0.016691506503863293,-0.012455313168944286,-0.020848526329882263,-0.019167361684239846,0.9352654450696045,0.002158395272732424,0.937423840342337,0.9331070497968721,0.9395822356150694,0.9309486545241397,0.8103014047043886,1.004188123106317,1.288002148177172,0.935244870497907,1.412309359982092,0.831932063312703,1.1594080714607875
515.4949901000141,-0.016669998920537502,3.848184710374028e-05,-0.01663151707343376,-0.016708480767641243,-0.016593035226330023,-0.01674696261474498,-0.010434844767407296,-0.013712291278072327,-0.011579285123748685,-0.0166867394857504,-0.012457236871272986,-0.020915945640915153,-0.01902814262958433,0.9349975492382441,0.0021583944248388617,0.937155943663083,0.9328391548134052,0.9393143380879218,0.9306807603885664,0.8118382666579413,1.004496912242304,1.2880021481851769,0.9349777688293656,1.4125274888053332,0.8346223391454999,1.150986897053594
527.7702306147257,-0.016667739852999585,3.84818344483817e-05,-0.016629258018551203,-0.016706221687447967,-0.01659077618410282,-0.01674470352189635,-0.010453825577404444,-0.01371710993384188,-0.011579285123802819,-0.016684496749280152,-0.012459049374359408,-0.020979858036500355,-0.01884348305670484,0.9348708412149511,0.0021583937150170245,0.9370292349299681,0.9327124474999341,0.9391876286449852,0.9305540537849171,0.8133149870338858,1.004849903930091,1.2880021481911983,0.9348521056497602,1.4127330087339955,0.8371726762911161,1.1398170864768455
540.3377756766924,-0.016669466567353804,3.848182865320941e-05,-0.016630984738700595,-0.016707948396007012,-0.016592502910047383,-0.016746430224660224,-0.010472057771517121,-0.01372248762026762,-0.011579285123843543,-0.016686249379449014,-0.012460755681869847,-0.02104131523344964,-0.018607752817731193,0.934967690272778,0.0021583933899736985,0.9371260836627517,0.9328092968828043,0.9392844770527254,0.9306509034928306,0.8147334645671636,1.0052438475315009,1.2880021481957282,0.9349503075930616,1.412926487134363,0.8396250420772845,1.125558079616337
553.2045857970546,-0.016675554660875863,3.848182733570059e-05,-0.016637072833540163,-0.016714036488211563,-0.016598591006204463,-0.016752518315547263,-0.01048956545840523,-0.013728382233434883,-0.011579285123874173,-0.01669237287185247,-0.0124623605953826,-0.021101230184881938,-0.018326265069069,0.9353091631516782,0.0021583933160764226,0.9374675564677546,0.9331507698356019,0.9396259497838311,0.9309923765195254,0.8160955749284817,1.005675658715008,1.2880021481991353,0.9352934141220343,1.4131084684579376,0.8420158666554662,1.1085312621965655
566.3777872343404,-0.016685447025312328,3.848182885979078e-05,-0.016646965196452538,-0.016723928854172117,-0.016608483367592745,-0.01676241068303191,-0.010506372406225203,-0.013734753838196386,-0.011579285123897205,-0.016702308765004066,-0.012463868722069938,-0.021160777862346228,-0.01800522312883841,0.9358640124080192,0.0021583934015605663,0.9380224058095797,0.9337056190064587,0.9401807992111403,0.9315472256048981,0.8174031672971382,1.0061424120226183,1.2880021482016972,0.9358501339784292,1.4132794751125015,0.8443920356659033,1.0891118646335285
579.8646759413311,-0.016697879792840976,3.848183093004124e-05,-0.016659397961910936,-0.016736361623771016,-0.016620916130980892,-0.01677484345470106,-0.01052250200448303,-0.013741564570929411,-0.011579285123914526,-0.016714791732820013,-0.012465284482099345,-0.021221346720220198,-0.017644509445454228,0.9365613494159546,0.0021583935176780963,0.9387197429336327,0.9344029558982765,0.9408781364513108,0.9322445623805984,0.81865806139316,1.0066413337463256,1.288002148203624,0.9365495694437512,1.413440008301342,0.8468089534905152,1.0672927763890654
593.672721605912,-0.016712246616886896,3.848183157687137e-05,-0.016673764785310026,-0.016750728448463766,-0.016635282953733153,-0.01678921028004064,-0.010537977231266331,-0.013748778546344455,-0.011579285123927547,-0.016729214589782757,-0.012466612115763984,-0.021283470789526027,-0.017247992052039807,0.9373671650214208,0.0021583935539579184,0.9395255585753788,0.9352087714674628,0.9416839521293366,0.933050377913505,0.8198620449279352,1.0071697951013576,1.2880021482050723,0.9373576991946043,1.413590548831778,0.8492879299102971,1.043307969613218
607.8095717881416,-0.016729099784812157,3.848183079522703e-05,-0.01669061795401693,-0.016767581615607385,-0.0166521361232217,-0.016806063446402612,-0.01055282062536956,-0.01375636176818895,-0.01157928512393734,-0.01674612935918971,-0.012467855690351583,-0.02134806722824436,-0.01682963555271414,0.9383124362708151,0.0021583935101165516,0.9404708297809317,0.9361540427606985,0.9426292232910481,0.933995649250582,0.8210168714355345,1.0077253056847584,1.2880021482061614,0.9383054537498836,1.4137315578940215,0.8518655628659929,1.0180021445311422
622.2830561558435,-0.016749022793203533,3.848182808416565e-05,-0.016710540965119366,-0.0167875046212877,-0.016672059137035202,-0.016825986449371864,-0.010567054262865846,-0.01376428204369126,-0.011579285123944696,-0.016766118609411088,-0.012469019106761682,-0.02141635302084877,-0.016410070605254092,0.939429890693469,0.002158393358056809,0.9415882840515258,0.9372714973354123,0.9437466774095826,0.9351131039773555,0.822124258449984,1.008305507207964,1.28800214820698,0.9394254751050749,1.41386347781151,0.8545904144664106,0.9926232220377467
637.1011908210467,-0.016772141300868678,3.84818266913289e-05,-0.016733659474177348,-0.016810623127560008,-0.01669517764748602,-0.016849104954251334,-0.010580699737712525,-0.013772508901587825,-0.011579285123950228,-0.01678930488373367,-0.012470106105879699,-0.021488511134702175,-0.016023504951649465,0.9407265763208643,0.002158393279934491,0.9428849696007988,0.9385681830409298,0.9450433628807333,0.9364097897609953,0.8231858859963616,1.0089081674918636,1.2880021482075952,0.940724629505616,1.4139867327636613,0.8574697857751047,0.9692403826922964
652.2721827797019,-0.016797487894942183,3.84818271423528e-05,-0.01675900606779983,-0.016835969722084534,-0.016720524240657477,-0.01687445154922689,-0.010593778146010297,-0.013781013513599427,-0.011579285123954387,-0.01681471361910534,-0.01247112027471685,-0.021564026894795803,-0.015724932196604816,0.9421482322821653,0.002158393305231808,0.9443066255873971,0.9399898389769334,0.9464650188926289,0.9378314456717016,0.8242033953661484,1.0095311747145248,1.2880021482080577,0.9421483110299104,1.4141017294820803,0.8604831393864472,0.9511801160880676
667.8044344571038,-0.01682303370715285,3.848182654234118e-05,-0.01678455188061051,-0.016861515533695193,-0.01674607005406817,-0.016899997360237534,-0.010606310073565875,-0.013789768619211386,-0.01157928512395751,-0.016840306963429218,-0.012472065052324113,-0.02164233930471963,-0.015569568719182697,0.9435810621176159,0.002158393271577973,0.9457394553891939,0.941422668846038,0.9478978486607719,0.93926427557446,0.8251783881495944,1.0101725319009516,1.2880021482084052,0.9435823364123559,1.414208857921144,0.8636080895023477,0.9417823871412856
683.7065483615619,-0.016847449528199356,3.848182499806737e-05,-0.01680896770320129,-0.016885931353197423,-0.01677048587820322,-0.016924413178195492,-0.010618315586436139,-0.013798748453630718,-0.011579285123959858,-0.016864753998919475,-0.01247294373548826,-0.021723606999993983,-0.015553264942838825,0.9449505122867456,0.002158393184961757,0.9471089054717075,0.9427921191017838,0.9492672986566691,0.9406337259168221,0.8261124255000473,1.0108303516455692,1.2880021482086663,0.9449521327537378,1.414308491903875,0.8668509662573035,0.9407961935169477
699.9873318488839,-0.016870670140896916,3.8481822225889614e-05,-0.01683218831867103,-0.016909151963122804,-0.016793706496445137,-0.016947633785348696,-0.010629814224156878,-0.013807928678787263,-0.01157928512396162,-0.016887997041275426,-0.01247375948421796,-0.021808636551134845,-0.015602255141248115,0.9462529248464298,0.0021583930294740796,0.9484113178759038,0.9440945318169557,0.9505697109053779,0.9419361387874816,0.8270070276071423,1.0115028510576978,1.2880021482088624,0.9462544679343962,1.4144009897440113,0.8702439547498177,0.9437595450931272
716.6558020003096,-0.016893620348432493,3.848181894489788e-05,-0.016855138529487595,-0.01693210216737739,-0.016816656710542697,-0.01697058398632229,-0.010640824995384128,-0.013817286317259158,-0.011579285123962946,-0.016910969220346034,-0.012474515327027357,-0.021897143976561766,-0.015645711653170497,0.9475401707486376,0.002158392845447719,0.9496985635940853,0.9453817779031899,0.951856956439533,0.9432233850577422,0.827863673357697,1.012188346921247,1.2880021482090098,0.9475416263245015,1.414486694845112,0.87377572308149,0.9463881713751559
733.7211906166091,-0.016918097446491163,3.84818157077799e-05,-0.016879615630783384,-0.016956579262198943,-0.016841133815075605,-0.01699506107790672,-0.010651366375697411,-0.013826799689006635,-0.011579285123963943,-0.01693547506178057,-0.012475214166024247,-0.021987635705666947,-0.015633229537215382,0.9489130578619731,0.002158392663882178,0.9510714505258553,0.9467546651980909,0.9532298431897375,0.9445962725342087,0.8286838001648009,1.012885251060137,1.2880021482091206,0.9489147176325616,1.4145659362775065,0.8773866723503265,0.9456331448761689
751.1929493310953,-0.016946840097934256,3.848181172336548e-05,-0.01690835828621089,-0.01698532190965762,-0.016869876474487525,-0.017023803721380987,-0.010661456307335468,-0.013836448350794534,-0.01157928512396469,-0.016964258800173326,-0.012475858781810093,-0.02207793179924863,-0.015542908128911126,0.9505251940586222,0.0021583924404017965,0.9526835864990241,0.9483668016182204,0.9548419789394258,0.9462084091778187,0.8294688039472551,1.0135920659006816,1.2880021482092037,0.9505275045717961,1.414639029333907,0.880989815049905,0.9401697236949552
769.0807548443946,-0.016981814436729872,3.848180987991252e-05,-0.01694333262684996,-0.017020296246609785,-0.016904850816970046,-0.0170587780564897,-0.010671112200653263,-0.013846213038203867,-0.01157928512396525,-0.016999288030556236,-0.012476451838198626,-0.02216681765290584,-0.015383324623656953,0.9524868571166708,0.002158392337005029,0.9546452494536758,0.9503284647796658,0.9568036417906809,0.9481700724426607,0.8302200392429288,1.014307380223633,1.288002148209266,0.9524902338212814,1.4147062760644518,0.8845366840449747,0.9305167309090036
787.3945142838663,-0.017023659394589732,3.8481812028806345e-05,-0.016985177582560927,-0.017062141206618538,-0.01694669577053212,-0.017100623018647346,-0.010680350937107709,-0.013856075610119858,-0.011579285123965673,-0.017041199329107495,-0.012476995886759159,-0.022253559923624103,-0.015184877462189217,0.9548338838461535,0.0021583924575335586,0.9569922763036871,0.95267549138862,0.9591506687612207,0.9505170989310864,0.8309388194410505,1.0150298650976397,1.2880021482093131,0.9548385734979247,1.414767965791872,0.8879980162808,0.918512927539792
806.144370690651,-0.017071134570961145,3.848181783808712e-05,-0.017032652753123056,-0.017109616388799233,-0.01699417093528497,-0.01714809820663732,-0.010689188873594808,-0.013866018995598292,-0.011579285123965988,-0.01708874679725569,-0.01247749337119149,-0.022337472571568855,-0.014986630327287248,0.9574967018684292,0.0021583927833682104,0.9596550946517973,0.955338309085061,0.9618134874351656,0.9531799163016927,0.8316264171196409,1.01575826998693,1.2880021482093482,0.9575027144297495,1.4148243756075622,0.8913464362716486,0.9065212235100032
825.3407086373708,-0.017122631069409436,3.848182667403878e-05,-0.017084149242735398,-0.017161112896083474,-0.01704566741606136,-0.017199594722757512,-0.010697641847976667,-0.013876027143018214,-0.011579285123966226,-0.017140315828742377,-0.012477946631538134,-0.022418517180774748,-0.01482778782871363,0.9603850703724117,0.002158393278964712,0.9625434636513764,0.958226677093447,0.9647018569303412,0.9560682838144823,0.8322840644755178,1.0164914190264822,1.2880021482093746,0.9603921883165617,1.4148757708492068,0.8945804110807166,0.8969130532270435
844.9941599796103,-0.017176018270183682,3.848183663145723e-05,-0.017137536433552224,-0.01721450010681514,-0.01709905459692077,-0.017252981943446596,-0.010705725185650574,-0.013886084971420208,-0.011579285123966407,-0.017193770226583593,-0.012478357908239595,-0.022498183031163587,-0.0147408579306779,0.9633794857963451,0.0021583938374627595,0.9655378796338079,0.9612210919588824,0.9676962734712706,0.9590626981214196,0.8329129538353762,1.0172282074572985,1.2880021482093946,0.9633873015123047,1.4149224055606056,0.8977593683960139,0.8916547799657445
865.1156097443419,-0.017229121496779423,3.848184574783656e-05,-0.017190639651031587,-0.01726760334252726,-0.01715215780528375,-0.017306085188275096,-0.010713453707025138,-0.01389617832394869,-0.01157928512396654,-0.017246929247728488,-0.012478729346038712,-0.022578311885385602,-0.014761378888128967,0.966357973495135,0.002158394348788067,0.968516367843923,0.9641995791463469,0.9706747621927111,0.9620411847975588,0.8335142382374358,1.0179675982158105,1.2880021482094095,0.9663658644020562,1.4149645229343903,0.900956801249014,0.8928960652346728
885.7162021585855,-0.017280150544901146,3.84818523357932e-05,-0.017241668692565354,-0.017318632397236938,-0.01720318684022956,-0.017357114249572734,-0.010720841735780369,-0.01390629392330623,-0.011579285123966639,-0.01729800031446407,-0.012479062997739217,-0.02266032867300662,-0.014895109365513767,0.9692201233465659,0.002158394718297588,0.9713785180648635,0.9670617286282683,0.9735369127831611,0.9649033339099707,0.8340890320740819,1.0187086186706764,1.2880021482094206,0.9692274367343232,1.4150023557382072,0.9042295695143678,0.9009852429438684
906.807346821612,-0.01732761011245659,3.848185452386602e-05,-0.017289128257932725,-0.017366091966980454,-0.017250646403408856,-0.017404573821504322,-0.010727903107799874,-0.013916419329143948,-0.011579285123966715,-0.017345487897256533,-0.012479360827824065,-0.022746364875922773,-0.015129554193205627,0.9718820658915996,0.002158394841023614,0.9740404607326233,0.969723671050576,0.9761988555736468,0.9675652762095525,0.8346384117867968,1.0194503575014036,1.288002148209429,0.971888222218768,1.415036126724999,0.9076627270756789,0.915166496995211
928.4007250241302,-0.017370666516811382,3.84818518699549e-05,-0.017332184664941425,-0.017409148368681338,-0.017293702813071472,-0.01744763022055129,-0.010734651180672924,-0.01392654289730237,-0.01157928512396677,-0.01738855994563337,-0.012479624715938059,-0.02283801829129112,-0.015440957594943398,0.9742970410060339,0.002158394692169352,0.9764554356982033,0.9721386463138645,0.9786138303903725,0.9699802516216952,0.8351634166054261,1.02019196171253,1.2880021482094353,0.974301600082351,1.415066049027901,0.9113200318535114,0.9340028722566004
950.5082962179503,-0.01740883856734784,3.848184653843377e-05,-0.01737035672080941,-0.017447320413886275,-0.017331874874270976,-0.017485802260424708,-0.010741098843674125,-0.01393665374083351,-0.011579285123966812,-0.017426735349417372,-0.012479856460240501,-0.022934613696533143,-0.01582093307436568,0.9764380593630907,0.0021583943931315886,0.9785964537562223,0.9742796649699591,0.9807548481493539,0.9721212705768275,0.8356650493246055,1.0209326337782871,1.28800214820944,0.9764406131522564,1.4150923265403987,0.9151745400100106,0.956987080780281
973.1423046396994,-0.017442364133870118,3.848184070629942e-05,-0.01740388229316382,-0.017480845974576418,-0.01736540045245752,-0.017519327815282718,-0.010747258528136553,-0.013946741692724291,-0.011579285123966847,-0.01746025166450108,-0.01248005778063173,-0.02303297875794447,-0.01627138045762725,0.9783184627563107,0.002158394066015111,0.9804768568223259,0.9761600686902956,0.9826352508883409,0.9740016746242806,0.8361442771107971,1.0216716289118972,1.2880021482094437,0.9783185719663857,1.4151151542821852,0.9190996638870166,0.9842340405092913
996.3152860922721,-0.017472206540574863,3.848183396734497e-05,-0.017433724706607517,-0.01751068837454221,-0.017395242872640174,-0.017549170208509553,-0.010753142218142352,-0.01395679727025761,-0.011579285123966871,-0.017490076553987845,-0.012480230321858682,-0.023129661071747822,-0.016760833940522323,0.9799922827286642,0.002158393688036329,0.9821506764167005,0.977833889040628,0.9843090701047369,0.9756754953525916,0.8366020323340257,1.0224082524548337,1.2880021482094464,0.9799896958340372,1.4151347187512997,0.9229576400113522,1.013840427033512
1020.0400748877589,-0.017499337711631043,3.848182856063764e-05,-0.017460855883070406,-0.01753781954019168,-0.017422374054509766,-0.01757630136875232,-0.01075876146146224,-0.013966811640939521,-0.011579285123966889,-0.01751718946562543,-0.01248037565650363,-0.023222995166098888,-0.017229592426914887,0.981514033183863,0.0021583933847814742,0.9836724265686445,0.9793556397990815,0.9858308199534259,0.9771972464143001,0.8370392134189802,1.023141857380811,1.2880021482094484,0.9815088643720865,1.4151511982630234,0.9266820099961799,1.042195000899364
1044.3298109557077,-0.017523915705882485,3.8481827091474356e-05,-0.01748543387879101,-0.01756239753297396,-0.017446952051699535,-0.017600879360065436,-0.010764127380681757,-0.013976776589929891,-0.011579285123966901,-0.017541753555007273,-0.012480495287860424,-0.023312816827181785,-0.017630367419475792,0.9828925794273171,0.002158393302378105,0.9850509727296952,0.980734186124939,0.9872093660320733,0.9785757928225609,0.8374566857106435,1.023871841909909,1.2880021482094497,0.9828852193815941,1.4151647632760147,0.9302662211127117,1.0664373441529382
1069.1979471206475,-0.017545392938257565,3.8481829598362635e-05,-0.017506911108659203,-0.017583874767855927,-0.01746842927906084,-0.01762235659745429,-0.010769250684458697,-0.013986684488913853,-0.011579285123966913,-0.017563221378059848,-0.012480590652702258,-0.023399542703326465,-0.017952895998701285,0.9840972081576993,0.0021583934429860565,0.9862556016006854,0.9819388147147132,0.9884139950436714,0.9797804212717272,0.8378552823501282,1.0245976472282452,1.288002148209451,0.9840880869230009,1.4151755767061476,0.9337268991453951,1.0859466665203608
1094.6582565529127,-0.01756268634588791,3.84818356926521e-05,-0.01752420451019526,-0.01760116818158056,-0.017485722674502605,-0.017639650017273214,-0.010774141678861477,-0.013996528266355215,-0.011579285123966918,-0.017580506218450757,-0.012480663123944934,-0.023484067311870315,-0.018215878500113317,0.9850671718529236,0.0021583937848064574,0.98722556563773,0.9829087780681172,0.9893839594225365,0.9807503842833106,0.8382358051568103,1.025318755308881,1.2880021482094517,0.9850565769936384,1.415183794228499,0.9370997385909244,1.1018541262851942
1120.7248403968797,-0.01757461439784037,3.848184298139638e-05,-0.017536132554858974,-0.017613096240821767,-0.017497650711877578,-0.017651578083803163,-0.010778810278743686,-0.014006301379071525,-0.011579285123966925,-0.01759242282290231,-0.012480714013209358,-0.02356748533944374,-0.018438946012584292,0.9857362000511797,0.002158394193622203,0.9878945942448019,0.9835778058575575,0.990052988438424,0.9814194116639353,0.838599025513277,1.0260346868295471,1.2880021482094524,0.9857242784491353,1.4151895645679111,0.940428421429153,1.1153471817562652
1147.412135580876,-0.017580301083581787,3.8481849258423215e-05,-0.017541819234323363,-0.01761878293284021,-0.01750333738506494,-0.017657264782098635,-0.010783266019114716,-0.014015997785081958,-0.011579285123966929,-0.017598093072814788,-0.012480744573287171,-0.02365128626170404,-0.018631757050310737,0.9860551585140361,0.0021583945456920945,0.9882135530597282,0.983896763968344,0.9903719476054204,0.9817383694226519,0.8389456852499694,1.0267449991836104,1.2880021482094528,0.9860419892647444,1.4151930297785689,0.9437723831586492,1.1270100635388205
1174.7349228130183,-0.017580281132655414,3.848185225737408e-05,-0.01754179928039804,-0.01761876298491279,-0.017503317428140666,-0.017657244837170162,-0.010787518066470813,-0.014025611917667434,-0.011579285123966932,-0.017598051606660236,-0.012480756000512764,-0.02373599580191839,-0.01880333608632722,0.9860540394937318,0.0021583947138991665,0.9882124342076309,0.9838956447798327,0.9903708289215302,0.9817372500659335,0.8392764975267464,1.0274492845798404,1.2880021482094532,0.9860396658670131,1.415194325512963,0.947152602050753,1.1373886499362662
1202.7083347675107,-0.017575856904904208,3.848185174005693e-05,-0.01753737505316415,-0.017614338756644265,-0.017498893201424094,-0.01765282060838432,-0.010791575230054994,-0.014035138660598988,-0.011579285123966937,-0.017593602570017214,-0.012480749437045201,-0.02382050902830576,-0.01895501173352214,0.9858058905811633,0.0021583946848835515,0.9879642852660468,0.9836474958962798,0.9901226799509304,0.9814891012113962,0.8395921477089145,1.0281471682277596,1.2880021482094537,0.9857903810766869,1.4151935812806384,0.950524987306822,1.1465633069651686
1231.347864465827,-0.01756898037641182,3.848185056947923e-05,-0.01753049852584234,-0.0176074622269813,-0.01749201667527286,-0.01764594407755078,-0.010795445973017747,-0.014044573324483266,-0.011579285123966937,-0.01758670104449236,-0.012480725973063447,-0.02390396153021173,-0.01908369949568946,0.9854201954579483,0.0021583946192274416,0.9875785900771757,0.983261800838721,0.9897369846964033,0.9811034062194934,0.8398932942355382,1.028838306604827,1.2880021482094537,0.9854036804308084,1.4151909206971105,0.9538550457963628,1.154347457575615
1260.669373857498,-0.01756096280388906,3.8481849570915455e-05,-0.017522480954318142,-0.017599444653459976,-0.01748399910474723,-0.01763792650303089,-0.010799138423454101,-0.014053911624175528,-0.011579285123966939,-0.0175786611499175,-0.012480686648877913,-0.023987022238435466,-0.019179941695294637,0.9849705007281913,0.002158394563219359,0.9871288952914106,0.9828121061649719,0.98928728985463,0.9806537116017525,0.8401805694781305,1.0295223858018223,1.288002148209454,0.984953195619342,1.4151864617232934,0.95716947029234,1.1601690195034169
1290.6891026052224,-0.017551453427842124,3.8481849217777736e-05,-0.017512971578624345,-0.017589935277059904,-0.01747448972940657,-0.01762841712627768,-0.01080266038529551,-0.014063149657220796,-0.011579285123966939,-0.0175691324642616,-0.01248063245696149,-0.024069028355417847,-0.01923603354987347,0.9844371327693179,0.0021583945434123447,0.9865955273127303,0.9822787382259055,0.9887539218561425,0.9801203436824932,0.8404545805880508,1.0301991199435483,1.288002148209454,0.9844192920810242,1.4151803168958,0.9604418127603844,1.1635619407626518
1321.423677079173,-0.017539404840369793,3.8481849111920675e-05,-0.017500922991257873,-0.017577886689481712,-0.01746244114214595,-0.017616368538593635,-0.010806019349037821,-0.014072283883275652,-0.011579285123966939,-0.017557066147909906,-0.012480564343902892,-0.024149513216565204,-0.019251194135636536,0.9837613438978182,0.002158394537474966,0.9859197384352932,0.9816029493603432,0.9880781329727681,0.9794445548228683,0.840715910331148,1.0308682496813697,1.288002148209454,0.9837432020905182,1.4151725935484307,0.9636534515851288,1.1644789843178025
1352.8901195654803,-0.017524613751990114,3.848184963547166e-05,-0.01748613190235464,-0.017563095601625587,-0.01744765005271917,-0.017601577451261056,-0.010809222502289405,-0.014081311104472579,-0.011579285123966939,-0.01754225840837913,-0.012480483212285393,-0.02422970159783535,-0.019226419344362217,0.982931731883355,0.002158394566840228,0.9850901264501952,0.9807733373165148,0.9872485210170355,0.9786149427496745,0.8409651179084114,1.0315295407547982,1.288002148209454,0.9829135069137155,1.4151633940252049,0.966853259783954,1.1629803903305131
1385.1058576939938,-0.017508691666936686,3.8481851187731206e-05,-0.017470209815748955,-0.017547173518124418,-0.017431727964561224,-0.01758565536931215,-0.010812276740125436,-0.014090228446682505,-0.011579285123966939,-0.017526322440381915,-0.012480389922493491,-0.024310791027908105,-0.019165416617834708,0.9820386838049068,0.0021583946539043535,0.9841970784588111,0.9798802891510024,0.9863554731127154,0.9777218944970981,0.8412027397615423,1.032182782618877,1.288002148209454,0.9820205957602277,1.415152815885217,0.970089023108702,1.1592904169955152
1418.0887340905415,-0.017494290041333096,3.848185290217332e-05,-0.017455808188430923,-0.017532771894235268,-0.017417326335528747,-0.017571253747137444,-0.010815188675236885,-0.014099033341645015,-0.011579285123966939,-0.017511912426326107,-0.01248028529445018,-0.024394059245607336,-0.019075340574043313,0.9812309162274409,0.002158394750065078,0.9833893109775059,0.9790725214773758,0.985547705727571,0.9769141267273107,0.841429290362552,1.0328277871351246,1.288002148209454,0.9812131856126548,1.4151409520996276,0.9734117279878284,1.1538418375855033
1451.8570162590381,-0.017483158790514534,3.848185383638758e-05,-0.017444676936678147,-0.01752164064435092,-0.01740619508284176,-0.01756012249818731,-0.010817964647864397,-0.014107723509920143,-0.011579285123966939,-0.01750077991166247,-0.012480170109287371,-0.02447916515436382,-0.018962025488487362,0.9806065795202267,0.002158394802463884,0.9827649743226906,0.9784481847177627,0.9849233691251544,0.9762897899152989,0.8416452629866248,1.0334643873226652,1.288002148209454,0.9805894176362592,1.415127891241072,0.9768077634270528,1.1469875596219448
1486.4294066988957,-0.017475737052028435,3.84818542267247e-05,-0.01743725519780171,-0.01751421890625516,-0.017398773343574987,-0.017552700760481883,-0.01082061073550905,-0.014116296944636654,-0.011579285123966939,-0.017493363266080284,-0.012480045110952217,-0.02456559826712256,-0.018836296508545916,0.9801903043105721,0.0021583948243573624,0.9823486991349294,0.9780319094862148,0.9845070939592868,0.9758735146618573,0.8418511304676218,1.0340924361677053,1.288002148209454,0.9801738542037174,1.4151137176658013,0.980256759135342,1.1393823817908977
1521.825053263384,-0.017472881220861564,3.848185449198153e-05,-0.017434399366369584,-0.017511363075353545,-0.0173959175118776,-0.01754984492984553,-0.010823132762413739,-0.014124751895993597,-0.011579285123966943,-0.017490518650018737,-0.012479911007751091,-0.024653593545599133,-0.018709216918024497,0.9800301246276104,0.0021583948392352565,0.9821885194668457,0.9778717297883751,0.9843469143060809,0.9757133349491399,0.8420473459357389,1.0347118054881914,1.2880021482094544,0.9800144669980458,1.415098511688755,0.9837680909401163,1.131695507332343
1558.0635597646278,-0.017473930283901064,3.8481856820796774e-05,-0.017435448427080266,-0.017512412140721863,-0.01739696657025947,-0.017550893997542658,-0.010825536308810049,-0.014133086856491112,-0.011579285123966943,-0.017491583247363943,-0.012479768473834234,-0.024742446952715998,-0.01858660689381942,0.9800889651455736,0.0021583949698553337,0.982247360115429,0.9779305701757183,0.9844057550852843,0.975772175205863,0.842234343536921,1.03532238485189,1.2880021482094544,0.9800741176476754,1.415082349751904,0.9873136652001612,1.1242789909621085
1595.1649968311303,-0.01747769952534889,3.848186393720397e-05,-0.017439217661411686,-0.01751618138928609,-0.01740073579747448,-0.017554663253223298,-0.010827826719927077,-0.01414130054685356,-0.011579285123966943,-0.017495370801877415,-0.012479618150622714,-0.024830511843749563,-0.018464951345167287,0.9803003767679139,0.002158395369004927,0.9824587721369189,0.978141981398909,0.9846171675059238,0.9759835860299041,0.8424125391337535,1.0359240805451828,1.2880021482094544,0.9802863388111537,1.4150653045860562,0.9908277747992628,1.116920209541437
1633.149913023869,-0.01748375188178571,3.848188198654065e-05,-0.01744526999979917,-0.01752223376377225,-0.017406788117812627,-0.01756071564575879,-0.01083000911475962,-0.014149391902618888,-0.011579285123966943,-0.017501444257019032,-0.01247946064818008,-0.024916011240611716,-0.018335582699977176,0.9806398452023463,0.002158396381367654,0.9827982415837139,0.9784814488209786,0.9849566379650816,0.9763230524396109,0.8425823309876341,1.0365168145906682,1.2880021482094544,0.9806266416931063,1.4150474453663855,0.9942395118457116,1.1090948732276402
1672.0393462170618,-0.01749155525197457,3.848191994129526e-05,-0.017453073332033272,-0.017530037171915865,-0.01741459141209198,-0.01756851909185716,-0.01083208839459423,-0.014157360061362872,-0.011579285123966943,-0.01750927270201175,-0.01247929654653083,-0.02499610672056739,-0.018177929018650105,0.9810775256147544,0.002158398510198178,0.9832359241249525,0.9789191271045562,0.9853943226351507,0.976760728594358,0.8427441004221061,1.03710052381127,1.2880021482094544,0.98106527873415,1.415028837861935,0.9974356129440438,1.0995586129098518
1711.8548352499702,-0.01750116215608068,3.848199119374282e-05,-0.01746268016488694,-0.017539644147274422,-0.017424198173693194,-0.017578126138468167,-0.01083406925129268,-0.01416520435053343,-0.011579285123966943,-0.017518911775694784,-0.012479126396927328,-0.02506969145534997,-0.017961791137375553,0.9816163637897175,0.002158402506650977,0.9837747662963685,0.9794579612830665,0.9859331688030195,0.9772995587764155,0.8428982124673173,1.0376751589390376,1.2880021482094544,0.9816053674443165,1.415009544579272,1.000371911618941,1.0864847215612998
1752.6184318561372,-0.017513549118970528,3.848211397518047e-05,-0.017475067004995348,-0.017552031232945707,-0.017436584891020165,-0.01759051334692089,-0.010835956175332964,-0.014172924275867346,-0.011579285123966943,-0.017531341711568105,-0.01247895072306755,-0.025136367407148256,-0.017664457871019175,0.9823111316778093,0.002158409393294692,0.984469541071104,0.9801527222845146,0.9866279504643987,0.9779943128912199,0.8430450164856161,1.0382406837666105,1.2880021482094544,0.9823018314671087,1.4149896249005691,1.0030325247133725,1.068499429969978
1794.352712876687,-0.017529941505127024,3.848231322753127e-05,-0.017491459191899494,-0.017568423818354554,-0.01745297687867196,-0.017606906131582088,-0.010837753463609072,-0.01418051951036362,-0.011579285123966943,-0.017547790201191536,-0.012478770022265148,-0.025195394099985616,-0.017280878914488353,0.9832305583049823,0.0021584205690878375,0.9853889788740702,0.9810721377358944,0.987547399443158,0.9789137171668066,0.8431848467783789,1.0387970743394583,1.2880021482094544,0.9832234598140881,1.4149691352162772,1.0053879045414578,1.045297251935741
1837.080792764495,-0.01755131320018962,3.848261905619008e-05,-0.01751283058113343,-0.017589795819245812,-0.017474347962077242,-0.017628278438302,-0.010839465226990962,-0.014187989883791195,-0.011579285123966943,-0.017569230790951594,-0.012478584766573689,-0.02524680275553122,-0.016829251638514682,0.9844292675911586,0.0021584377226010346,0.9865877053137596,0.9822708298685575,0.9887461430363607,0.9801123921459565,0.8433180231741815,1.0393443181872677,1.2880021482094544,0.9844248014418736,1.4149481290526034,1.0074392969614048,1.0179789220747115
1880.8263363860417,-0.017577682937598368,3.848306202130504e-05,-0.017539199875577064,-0.01761616599961967,-0.017500716813555757,-0.01765464906164098,-0.010841095397647183,-0.014195335372706072,-0.011579285123966943,-0.017595677677690432,-0.012478395403866773,-0.02529051287129452,-0.016355706715637353,0.9859083102694912,0.002158462567911395,0.9880667728374026,0.9837498477015798,0.990225235405314,0.9815913851336684,0.8434448515985042,1.0398824135926434,1.2880021482094544,0.9859066518163387,1.4149266571939851,1.0091834896309115,0.9893348230678729
1925.6135721281967,-0.017608452438216047,3.848366821517583e-05,-0.01756996877000087,-0.017646936106431223,-0.017531485101785694,-0.0176854197746464,-0.010842647736132825,-0.014202556090956844,-0.011579285123966943,-0.017626525207586917,-0.01247820235887588,-0.025324264294180398,-0.015925681240651086,0.987634129677516,0.002158496568500492,0.9897926262460165,0.9854756331090154,0.9919511228145169,0.983317136540515,0.8435656246251798,1.0404113688955892,1.2880021482094544,0.9876350754368515,1.414904767800773,1.0105302942173318,0.96332315725563
1971.467305317041,-0.01764351251237519,3.848445302827087e-05,-0.01760502805934692,-0.01768199696540346,-0.01756654360631865,-0.017720481418431733,-0.010844125838245953,-0.014209652280656336,-0.011579285123966943,-0.017661658954301197,-0.012478006034187047,-0.025345005368066113,-0.015592088558774185,0.989600601515407,0.002158540587598752,0.9917591421030058,0.9874420609278082,0.9939176826906044,0.9852835203402095,0.8436806220098284,1.040931201832133,1.2880021482094544,0.9896036608601203,1.4148825065222428,1.0113579385371287,0.943144582117334
2018.412931956259,-0.01768302401172378,3.84854133246138e-05,-0.017644538598399165,-0.017721509425048396,-0.017606053185074553,-0.017759994838373008,-0.010845533141656228,-0.014216624303599337,-0.011579285123966943,-0.01770123747539548,-0.012477806811198549,-0.025350986829221163,-0.015383887607001283,0.9918167477331579,0.002158594449313529,0.9939753421824714,0.9896581532838443,0.996133936631785,0.9874995588345308,0.8437901112055688,1.041441938905632,1.2880021482094544,0.9918212922540725,1.4148599166051878,1.0115966206023073,0.930550785018498
2066.4764527926545,-0.01772622035054165,3.8486517535372986e-05,-0.017687733833006276,-0.01776470686807702,-0.017649247315470903,-0.017803193385612395,-0.010846872932309487,-0.014223472633106854,-0.011579285123966943,-0.017744493155932656,-0.012477605051040444,-0.02534186159222865,-0.015305173503708844,0.9942395715811554,0.002158656382992025,0.9963982279641475,0.9920809151981633,0.9985568843471394,0.9899222588151714,0.8438943478612997,1.0419436147893202,1.2880021482094544,0.9942449592450013,1.414837038998186,1.011232490441773,0.9257894741923924
2115.684487716638,-0.017771529580827453,3.8487696639427106e-05,-0.017733041884188026,-0.01781001727746688,-0.0176945541875486,-0.017848504974106307,-0.010848148350612636,-0.014230197846278369,-0.011579285123966943,-0.01778985430296106,-0.012477401095457823,-0.025318329884030013,-0.015336212177944078,0.9967809046356468,0.0021587225173334943,0.9989396271529803,0.9946221821183133,1.0010983496703139,0.9924634596009798,0.8439935763028887,1.0424362717587474,1.2880021482094544,0.996786598016097,1.4148139124517516,1.0102934896584466,0.9276669620818896
2166.0642905055815,-0.017816858981213216,3.848883922362409e-05,-0.017778370141989592,-0.01785534782043684,-0.017739881302765968,-0.017893836659660465,-0.010849362397403133,-0.01423680061663379,-0.011579285123966943,-0.01783522852058755,-0.01247719526765897,-0.02528265708845182,-0.01544760069024519,0.9993233690035905,0.0021587866033258847,1.0014821556069164,0.9971645824002646,1.0036409422102424,0.9950057957969388,0.8440880299976017,1.0429199591527625,1.2880021482094544,0.999328969148278,1.4147905736145083,1.008870015310192,0.934404704206102
2217.643763918282,-0.017860313144221956,3.848980118728566e-05,-0.01782182334303467,-0.017898802945409242,-0.017783333541847385,-0.017937292746596528,-0.010850517939707817,-0.014243281707127634,-0.011579285123966943,-0.017878720141265847,-0.012476987873129699,-0.025236711293756802,-0.01561541602217601,1.0017606538595192,0.0021588405585582946,1.0039194944180774,0.9996018133009609,1.0060783349766358,0.9974429727424026,0.8441779320021447,1.043394732861766,1.2880021482094544,1.0017658561446436,1.4147670571255269,1.007036610916214,0.9445556291774528
2270.4514751488487,-0.01790043450250456,3.8490440986814555e-05,-0.017861944061517743,-0.017938924943491374,-0.017823453620530928,-0.01797741538447819,-0.01085161771629583,-0.014249641963518555,-0.011579285123966943,-0.017918872189526865,-0.012476779200415304,-0.02518243036861387,-0.01581191448772344,1.004011006234775,0.002158876444043013,1.006169882678818,1.001852129790732,1.008328759122861,0.9996932533466889,0.8442634953946844,1.0438606548419946,1.2880021482094544,1.004015622944747,1.4147433957029905,1.0048706044878386,0.9564415585368741
2324.516671648598,-0.017936618405933708,3.84906932282148e-05,-0.017898127712705495,-0.01797510909916192,-0.01785963701947728,-0.018013599792390138,-0.01085266434303053,-0.01425588230807985,-0.011579285123966943,-0.017955081703691384,-0.012476569521871216,-0.025121907593338315,-0.01600904856591911,1.0060405121267306,0.0021588905919198167,1.0081994027186505,1.0038816215348108,1.0103582933105704,1.0017227309428909,0.8443449236912308,1.044317792654781,1.2880021482094544,1.0060444848918546,1.4147196202293122,1.0024555255265868,0.9683659352552396
2379.8692973246752,-0.01796986795119391,3.849070034144648e-05,-0.017931377250852462,-0.018008358651535356,-0.017892886550511015,-0.018046849351876802,-0.01085366031802547,-0.01426200373363343,-0.011579285123966943,-0.017988355700925506,-0.012476359094383514,-0.025056413036049604,-0.01617866276466761,1.0079054338630646,0.0021588909908912997,1.010064324853956,1.0057465428721732,1.0122232158448472,1.003587651881282,0.8444224112467765,1.0447662190295128,1.2880021482094544,1.0079088663499916,1.4146957598328334,0.9998420543718964,0.9786256712743632
2436.5400091244637,-0.018002471580848566,3.8491020511184664e-05,-0.01796398056033738,-0.01804096260135975,-0.017925489539826197,-0.018079453621870935,-0.010854608026609492,-0.0142680072978967,-0.011579285123966943,-0.018020987322980235,-0.01247614816006065,-0.02498660397120148,-0.016302168971747893,1.0097341270722657,0.002158908948776118,1.0118930360210419,1.0075752181234896,1.014051944969818,1.0054163091747135,0.8444961436415844,1.045206011449511,1.2880021482094544,1.0097372547663186,1.4146718419662585,0.9970564186661349,0.9860963965480521
2494.5601940148554,-0.018036056861329478,3.849292586696657e-05,-0.01799756393546251,-0.018074549787196446,-0.017959071009595547,-0.01811304271306341,-0.010855509746106126,-0.014273894118120972,-0.011579285123966943,-0.0180546060733362,-0.01247593694689719,-0.024914054847056846,-0.016378290558043036,1.0116178797401465,0.0021590158175884677,1.0137768955577349,1.0094588639225581,1.0159359113753235,1.0072998481049695,0.8445662980530276,1.045637251759266,1.2880021482094544,1.0116209531500258,1.4146478924819172,0.9941614446240288,0.9907008894885466
2553.961986365871,-0.018071952405613698,3.8498798148281106e-05,-0.018033453607465416,-0.01811045120376198,-0.017994954809317135,-0.01814895000191026,-0.01085636765043238,-0.014279665366018162,-0.011579285123966943,-0.018090541665830243,-0.012475725669410825,-0.02484091513676951,-0.01641108521356554,1.0136312119601605,0.002159345185854399,1.0157905571460148,1.0114718667743061,1.0179499023318692,1.0093125215884517,0.8446330436133795,1.046060025792792,1.2880021482094544,1.0136344669416406,1.4146239357039945,0.9912429040458286,0.9926845943374424
2614.7782857482166,-0.01811074521744196,3.85126051731321e-05,-0.01807223261226883,-0.018149257822615093,-0.0180337200070957,-0.018187770427788224,-0.01085718381452221,-0.0142853222629526,-0.011579285123966943,-0.018129381184430554,-0.01247551452925363,-0.024768312025462275,-0.016406280683092363,1.0158070479731311,0.002160119603084987,1.017967167576216,1.0136469283700462,1.0201272871793012,1.011486808766961,0.8446965417539618,1.0464744230214011,1.2880021482094544,1.01581069115095,1.4145999944978418,0.9883457757194885,0.992393974715298
2677.042775154653,-0.01815229144392503,3.8540411041582885e-05,-0.018113751032883447,-0.018190831854966612,-0.018075210621841864,-0.018229372266008195,-0.010857960218579729,-0.014290866075394803,-0.011579285123966943,-0.01817097880852934,-0.012475303715798526,-0.024696402686373662,-0.01638007343600552,1.0181373192663048,0.0021616791963986913,1.0202989984627036,1.015975640069906,1.022460677659102,1.0138139608735075,0.8447569465360484,1.04688053622067,1.2880021482094544,1.0181414552766617,1.414576090336476,0.9854763314291408,0.9908087333918539
2740.789939655255,-0.018195697099693972,3.859081705790295e-05,-0.01815710628263607,-0.018234287916751874,-0.018118515465578165,-0.01827287873380978,-0.010858698752167354,-0.014296298110617557,-0.011579285123966943,-0.018214437392755804,-0.012475093406701892,-0.024624836105429992,-0.016350751629263433,1.0205718834171784,0.0021645064012444015,1.0227363898184227,1.018407377015934,1.0249008962196673,1.0162428706146895,0.844814404968925,1.0472784611551536,1.2880021482094544,1.0205764912015192,1.4145522433643736,0.9826205644359906,0.9890350965206648
2806.0550854969024,-0.018239936885775344,3.867517368765274e-05,-0.01820126171208769,-0.018278612059462997,-0.018162586538400038,-0.01831728723315065,-0.010859401218133993,-0.01430161971262917,-0.011579285123966943,-0.018258729627750978,-0.01247488376844322,-0.024552653183184635,-0.01632528179352272,1.0230532328019073,0.002169237849785821,1.025222470651693,1.0208839949521216,1.027391708501479,1.0187147571023356,0.8448690573155055,1.0476682962804762,1.2880021482094544,1.0230582375659074,1.414528472458663,0.9797402031821858,0.9874944602232424
2872.874359657579,-0.018284960327990304,3.880732839261835e-05,-0.018246152999597687,-0.01832376765638292,-0.018207345671205067,-0.018362574984775542,-0.010860069336388278,-0.014306832258329204,-0.011579285123966943,-0.018303805238207016,-0.012474674956842752,-0.024479897094454247,-0.01630347029069988,1.0255785363925027,0.002176650227306189,1.027755186619809,1.0234018861651966,1.029931836847115,1.0212252359378904,0.844921037385892,1.048050142461718,1.2880021482094544,1.0255838773848065,1.4145047952878194,0.976836970500014,0.9861751115909116
2941.2847698663154,-0.0183296722493883,3.900261926083265e-05,-0.018290669630127467,-0.018368674868649133,-0.018251667010866633,-0.018407677487909967,-0.010860704747521894,-0.014311937153878925,-0.011579285123966943,-0.018348568045586322,-0.01247446711755791,-0.024407185359654672,-0.016283702189005857,1.0280863672044984,0.002187603826285972,1.0302739710307844,1.0258987633782124,1.0324615748570705,1.0237111595519264,0.844970472819272,1.0484241027075314,1.2880021482094544,1.0280919904769887,1.4144812283679538,0.9739355077010748,0.9849793655597636
3011.324205099824,-0.01837322904446377,3.9275836025808694e-05,-0.01833395320843796,-0.01841250488048958,-0.018294677372412152,-0.01845178071651539,-0.010861309016287866,-0.014316935831274235,-0.011579285123966943,-0.018392173805199714,-0.01247426038655931,-0.024334907013798517,-0.016266503580590466,1.0305294085533532,0.002202928182747008,1.0327323367361,1.0283264803706063,1.0349352649188472,1.0261235521878591,0.8450174853545322,1.0487902819190913,1.2880021482094544,1.0305352728130168,1.4144577871167894,0.9710513386979759,0.9839390447402795
3083.031456567274,-0.01841558147714666,3.963834483510713e-05,-0.018375943132311553,-0.018455219821981766,-0.018336304787476446,-0.018494858166816872,-0.010861883634938676,-0.014321829745113071,-0.011579285123966943,-0.018434574043375763,-0.012474054890587134,-0.02426327754325595,-0.016252064682870316,1.0329048988549148,0.0022232608084350475,1.03512815966335,1.0306816380464796,1.0373514204717849,1.0284583772380447,0.8450621910899658,1.0491487866532894,1.2880021482094544,1.0329110083556932,1.4144344859054103,0.9681930621809894,0.9830656551295693
3156.446239194705,-0.018456749830636894,4.0098271204093784e-05,-0.0184166515594328,-0.018496848101840987,-0.018376553288228705,-0.018536946373045083,-0.010862430026428962,-0.01432662036954894,-0.011579285123966943,-0.01847578970750948,-0.012473850747588697,-0.024192296750115763,-0.016240209341437523,1.0352139757662588,0.002249057452446989,1.0374630332187058,1.0329649183138119,1.0397120906711528,1.030715860861365,0.8451047007324453,1.0494997248995646,1.2880021482094544,1.0352203708123595,1.4144113381078756,0.9653606702527384,0.9823485413831111
3231.609213621072,-0.018496755189588373,4.06618268670115e-05,-0.01845609336272136,-0.018537417016455386,-0.01841543153585435,-0.018578078843322396,-0.010862949547487457,-0.014331309195418888,-0.011579285123966943,-0.01851584226192681,-0.012473648067137855,-0.024121958768037362,-0.016230770429062687,1.0374578218969233,0.002280666522501471,1.0397384884194247,1.0351771553744218,1.0420191549419262,1.0328964888519203,0.8451451198364206,1.0498432058695129,1.2880021482094544,1.0374645628546102,1.414388356148777,0.9625539288248868,0.9817775941983353
3308.5620087180605,-0.01853561851133222,4.13333460831245e-05,-0.018494285165249095,-0.018576951857415345,-0.01845295181916597,-0.01861828520349847,-0.010863443491562734,-0.014335897727541411,-0.011579285123966943,-0.01855475283589718,-0.01247344695083695,-0.024052257783652727,-0.016223589497063217,1.039637612715085,0.002318331121301085,1.0419559438363861,1.037319281593784,1.0442742749576872,1.0350009504724829,0.8451835490331012,1.0501793397989436,1.2880021482094544,1.0396447683804262,1.4143655515488154,0.9597726059228971,0.9813432292263611
3387.347244646161,-0.018573360564135475,4.211534067902472e-05,-0.01853124522345645,-0.0186154759048145,-0.018489129882777424,-0.018657591245493526,-0.010863913091647233,-0.014340387482173042,-0.011579285123966943,-0.018592542228476568,-0.012473247492702063,-0.02398318803608938,-0.016218516367271174,1.041754513084574,0.002362192133780423,1.0441167052183544,1.0393923209507936,1.0464788973521348,1.0370301288170132,0.8452200842501667,1.0505082377615629,1.2880021482094544,1.041762152785538,1.414342934968485,0.9570164716669952,0.9810363623906766
3468.008556459764,-0.018610001878186608,4.300861422742507e-05,-0.01856699326395918,-0.018653010492414034,-0.018523984649731758,-0.018696019106641457,-0.010864359522983933,-0.014344779984618885,-0.011579285123966943,-0.018629230913289378,-0.012473049779532083,-0.02391474381649684,-0.016215408742126527,1.0438096745157166,0.0024122946312391787,1.0462219691469559,1.0413973798844773,1.048634263778195,1.0389850852532383,0.8452548169223479,1.050830011493931,1.2880021482094544,1.04381786323136,1.4143205162499215,0.9542852982532736,0.9808483863022022
3550.590618274351,-0.01864556270959242,4.401242675353206e-05,-0.01860155028283889,-0.018689575136345952,-0.018557537856085358,-0.018733587563099483,-0.010864783905659925,-0.014349076766986307,-0.011579285123966943,-0.018664839043236396,-0.01247285389126238,-0.023846919467581242,-0.016214131832112632,1.045804233145972,0.0024685971094983925,1.0482728302554705,1.0433356360364736,1.050741427364969,1.0408670389269752,0.845287834193209,1.0511447732309105,1.2880021482094544,1.045813028908782,1.4142983044570057,0.9515788599351216,0.9807711477233603
3635.1391680091765,-0.01868006301621297,4.5124696542546484e-05,-0.018634938319670422,-0.018725187712755515,-0.018589813623127876,-0.01877031240929806,-0.010865187307091049,-0.014353279366079339,-0.011579285123966943,-0.018699386455151318,-0.012472659901303479,-0.023779709383135977,-0.01621455799980207,1.0477393083845457,0.0025309828080084854,1.050270291192554,1.0452083255765372,1.0528012740005626,1.0426773427685287,0.8453192191084531,1.051452635551418,1.2880021482094544,1.0477487612990806,1.4142763079137648,0.9488969330044958,0.9807969260368845
3721.7010327191165,-0.018713522443340534,4.63422233111555e-05,-0.01866718022002938,-0.01875986466665169,-0.018620837996718223,-0.018806206889962845,-0.010865570744401623,-0.014357389321422265,-0.011579285123966943,-0.01873289267437045,-0.01247246787686553,-0.0237131080075834,-0.01621656641978677,1.0496160021091414,0.0025992722272344757,1.052215274336376,1.0470167298819069,1.0548145465636103,1.0444174576546725,0.8453490508010683,1.0517537112336437,1.2880021482094544,1.0496261544299652,1.4142545342411657,0.946239295773633,0.9809184126754478
3810.3241545297356,-0.018745960317100695,4.76609171556703e-05,-0.018698299399945027,-0.018793621234256364,-0.018650638482789354,-0.018841282151412037,-0.010865935186703207,-0.014361408173409978,-0.011579285123966943,-0.01876537691926647,-0.012472277879269012,-0.023647109835516312,-0.016220042753821558,1.0514353982958373,0.002673235970045392,1.0541086342658827,1.048762162325792,1.0567818702359282,1.0460889263557465,0.8453774046686159,1.052048113119554,1.2880021482094544,1.0514462851296098,1.414232990392344,0.9436057285567528,0.9811286914715296
3901.0576171899893,-0.018777395643469297,4.90760197734055e-05,-0.01872831962369589,-0.018826471663242705,-0.018679243603922487,-0.01887554768301611,-0.010866281557276236,-0.01436533746157667,-0.011579285123966943,-0.01879685810569461,-0.012472089964242185,-0.02358170941124692,-0.016224878840519992,1.0531985629639486,0.002752607149720332,1.055951170113669,1.0504459558142283,1.0587037772633894,1.047693348664508,0.8454043525429634,1.0523359539880648,1.2880021482094544,1.0532102132757777,1.4142116826863338,0.9409960136520608,0.9814212198875327
3993.9516732571137,-0.018807847111177136,5.0582307698566006e-05,-0.01875726480347857,-0.0188584294188757,-0.018706682495780003,-0.01890901172657427,-0.010866610735658207,-0.014369178722978127,-0.011579285123966943,-0.018827354851396257,-0.012471904182205892,-0.023516901328361747,-0.016230972398979374,1.054906544338948,0.0028370927891727205,1.0577436371281208,1.0520694515497753,1.0605807299172936,1.0492323587606025,0.8454299628527474,1.0526173464365354,1.2880021482094544,1.05491898204256,1.41419061684036,0.9384099353239861,0.981789811088456
4089.0577719289345,-0.018837333097035676,5.217427091810439e-05,-0.01878515882611757,-0.018889507367953782,-0.018732984555199467,-0.018941681638871884,-0.010866923559642057,-0.014372933490681125,-0.011579285123966943,-0.01885688548032853,-0.012471720578546182,-0.02345268022927108,-0.01623822674573246,1.0565603731511768,0.00292638383927063,1.0594867569904474,1.0536339893119062,1.062413140829718,1.0507076054726356,0.8454543007788478,1.0528924027701096,1.2880021482094544,1.056573618142968,1.4141697980007517,0.9358472797852044,0.9822286168206825
4186.428587538903,-0.018865871672607934,5.384626362061004e-05,-0.018812025408987323,-0.018919717936228545,-0.018758179145366715,-0.018973564199849153,-0.010867220827188193,-0.014376603292355319,-0.011579285123966943,-0.018885468026942853,-0.012471539193875173,-0.02338904080477383,-0.01624655052445131,1.058161063010007,0.0030201636341367836,1.0611812266441436,1.0551408993758702,1.0642013902782805,1.0521207357417333,0.8454774284031458,1.053161234898564,1.2880021482094544,1.0581751320686656,1.4141492307725216,0.9333078351792734,0.9827321110621265
4286.118048729675,-0.018893480611414933,5.559262660263267e-05,-0.018837887984812302,-0.018949073238017564,-0.018782295358209668,-0.0190046658646202,-0.010867503298253582,-0.014380189648962965,-0.011579285123966943,-0.018913120240397218,-0.012471360064280693,-0.023325977793618804,-0.016255857447852903,1.05970961080804,0.003118114756752627,1.0628277255647927,1.0565914960512872,1.0659458403215452,1.0534733812945347,0.8454994048508283,1.0534239542403228,1.2880021482094544,1.059724518325989,1.4141289192476725,0.930791391563126,0.9832950744104493
4388.18136832141,-0.018920177396155334,5.7407782860618766e-05,-0.018862769613294715,-0.018977585179015953,-0.018805361830434096,-0.019034992961876572,-0.010867771696541179,-0.01438369407353992,-0.011579285123966943,-0.01893985958871663,-0.012471183221565122,-0.02326348598207278,-0.016266066051278363,1.0612069971260476,0.0032199244005799315,1.0644269215266275,1.0579870727254677,1.0676468459272075,1.0547671483248877,0.8455202864264947,1.0536806716331604,1.2880021482094544,1.0612227556690592,1.41410886703228,0.9282977408898352,0.9839125791773966
4492.675073891224,-0.018945979225595946,5.928630915113698e-05,-0.01888669291644481,-0.019005265534747084,-0.01882740660729367,-0.01906455184389822,-0.010868026711172832,-0.014387118070065052,-0.011579285123966943,-0.018965703262889193,-0.012471008693473833,-0.023201560203489364,-0.01627709945743758,1.0626541866194503,0.0033252883832764284,1.0659794750027267,1.059328898236174,1.069304763386003,1.0560036098528975,0.8455401267443095,1.0539314972513796,1.2880021482094544,1.062670807329292,1.4140890772723949,0.9258266769914096,0.9845799751585148
4599.657039080969,-0.01897090302096998,6.122298692632185e-05,-0.01890968003404366,-0.0190321260078963,-0.018848457047117337,-0.019093348994822623,-0.010868268998288787,-0.014390463132412308,-0.011579285123966943,-0.018990668180908377,-0.012470836503913684,-0.02314019533789118,-0.016288885151839048,1.0640521283771864,0.0034339140035955233,1.067486042380782,1.060618214373591,1.0709199563843774,1.0571843003699954,0.8455589768524457,1.0541765405290446,1.2880021482094544,1.0640696212418912,1.4140695526788185,0.9233779955621216,0.9852928760492027
4709.186515650385,-0.018994965431824253,6.321283620369666e-05,-0.018931752595620556,-0.01905817826802795,-0.01886853975941686,-0.019121391104231646,-0.010868499182576699,-0.014393730743382299,-0.011579285123966943,-0.019014770991764338,-0.012470666673161917,-0.023079386311544207,-0.016301354768437137,1.065401756249675,0.003545521941098554,1.0689472781907734,1.0618562343085765,1.072492800131872,1.0583107123674778,0.8455768853520426,1.0544159100890402,1.2880021482094544,1.0654201302694857,1.4140502955507896,0.9209514941415218,0.9860471464788015
4821.324166293552,-0.019018182841314665,6.525113576621884e-05,-0.018952931705548445,-0.019083433977080885,-0.01888768056978223,-0.019148685112847102,-0.01086871785873306,-0.014396922373808104,-0.011579285123966943,-0.019038028079371255,-0.01247049921806589,-0.0230191280965397,-0.01631444388505425,1.06670398914583,0.0036598473891478436,1.070363836534978,1.0630441417566823,1.0740236839241257,1.0593842943675345,0.8455938985109056,1.0546497136775672,1.2880021482094544,1.066723252422184,1.4140313077986322,0.9185469720977556,0.9868388896359545
4936.132098236912,-0.019040571371016557,6.733343274125394e-05,-0.0189732379382753,-0.019107904803757812,-0.01890590450553405,-0.019175238236499064,-0.010868925592859773,-0.014400039481732584,-0.011579285123966943,-0.019060455566441457,-0.012470334152233982,-0.022959415710383183,-0.016328091828151012,1.0679597313028693,0.0037766405921783115,1.0717363718950477,1.0641830907106908,1.0755130124872259,1.0604064501185126,0.8456100603721615,1.0548780581038757,1.2880021482094544,1.0679798910746452,1.4140125909654018,0.9161642306111636,0.9876644354594172
5053.673897637101,-0.01906214688533491,6.945554417580794e-05,-0.018992691341159103,-0.01913160242951072,-0.018923235796983295,-0.019201057973686528,-0.010869122923798559,-0.014403083511652865,-0.011579285123966943,-0.01908206931831376,-0.012470171486218002,-0.022900244215585473,-0.016342241486537686,1.0691698725336742,0.003895666934050112,1.0730655394677244,1.065274205599624,1.0769612064017744,1.061378538665574,0.8456254128580749,1.0551010491849202,1.2880021482094544,1.0691909351805866,1.413994146247569,0.913803072657961,0.98852032936971
5174.014664798135,-0.019082924995579675,7.161355277739818e-05,-0.019011311442802277,-0.019154538548357074,-0.01893969789002488,-0.019226152101134472,-0.010869310364405766,-0.014406055893828066,-0.011579285123966943,-0.01910288494671822,-0.012470011227687497,-0.022841608719254263,-0.01635683913363557,1.0703352884553707,0.004016706699159879,1.0743519951545306,1.0663185817562109,1.0783687018536905,1.062301875057051,0.8456399958692312,1.0553187916946472,1.2880021482094544,1.0703572594837258,1.4139759745147849,0.9114633029939406,0.9894033215179481
5297.221050227034,-0.019102921063802732,7.380379856717223e-05,-0.01902911726523556,-0.019176724862369904,-0.01895531346666839,-0.019250528660937075,-0.010869488402770064,-0.014408958043648345,-0.011579285123966943,-0.019122917813494587,-0.012469853381596244,-0.022783504372695846,-0.016371834257914254,1.0714568407045388,0.004139554604275526,1.0755963953088143,1.0673172861002633,1.0797359499130899,1.0631777314959878,0.845653847379272,1.0555313893177736,1.2880021482094544,1.071479724726131,1.4139580763287585,0.9091447281385805,0.9903103565292173
5423.3612915481,-0.01912215020645914,7.60228678164195e-05,-0.01904612733864272,-0.019198173074275557,-0.0189701044708263,-0.019274195942091978,-0.010869657503375402,-0.014411791361059903,-0.011579285123966943,-0.01914218303425749,-0.012469697950341248,-0.02272592637101115,-0.016387179401147076,1.0725353771425672,0.00426401917800024,1.0767993963205675,1.0682713579645668,1.0810634154985677,1.0640073387865667,0.8456670035253756,1.0557389446076662,1.2880021482094544,1.0725591778535848,1.4139404519612868,0.9068471563589235,0.9912385637188632
5552.505251296169,-0.019140627297953815,7.826758031804578e-05,-0.019062359717635768,-0.019218894878271862,-0.018984092137317724,-0.019297162458589905,-0.01086981810821153,-0.014414557230045063,-0.011579285123966943,-0.019160695482011682,-0.012469544933914568,-0.02266886995270609,-0.016402830004142218,1.0735717320545815,0.0043899220468468165,1.0779616541014283,1.0691818100077346,1.0823515761482752,1.0647918879608878,0.8456794986946555,1.0559415589482544,1.2880021482094544,1.0735964522181525,1.4139231014114693,0.90457039765403,0.992185247760972
5684.724455609886,-0.01915836697411445,8.053497578141874e-05,-0.01907783199833303,-0.019238901949895866,-0.01899729702255161,-0.019319436925677287,-0.01086997063783434,-0.014417257018152881,-0.011579285123966943,-0.01917846979071208,-0.012469394330048216,-0.022612330399296592,-0.01641874425961889,1.0745667263442353,0.004517097172143062,1.0790838235163784,1.0700496291720922,1.0836009206885215,1.0655325319999491,0.8456913656066564,1.0561393325196449,1.2880021482094544,1.0745923677776523,1.4139060244221384,0.9023142637392159,0.9931478797890467
5820.092133846324,-0.019175383635638813,8.282229992757853e-05,-0.019092561335711234,-0.019258205935566392,-0.019009739035783655,-0.01934102823549397,-0.010870115492378096,-0.014419892076078283,-0.011579285123966943,-0.019195520358781838,-0.012469246134352477,-0.022556303034922977,-0.016434882971916965,1.0755211677270657,0.004645390070131079,1.0801665577971968,1.0708757776569346,1.084811947867328,1.0662303875868036,0.8457026353921051,1.0563323642672915,1.2880021482094544,1.0755477312927806,1.413889220495544,0.9000785680306657,0.9941240889100316
5958.683259138853,-0.019191691451527677,8.512699069575443e-05,-0.01910656446083192,-0.019276818442223433,-0.019021437470136168,-0.019361945432919185,-0.010870253052521652,-0.014422463737286456,-0.011579285123966943,-0.01921186135257522,-0.01246910034044786,-0.02250078322596189,-0.01645120942323649,1.0764358509230394,0.004774657038309563,1.081210507961349,1.0716611938847298,1.0859851649996586,1.0668865368464202,0.8457133376680848,1.0565207518744797,1.2880021482094544,1.076463336521138,1.4138726889083149,0.8978631256299469,0.9951116541133184
6100.574589920927,-0.01920730436253152,8.744666484394123e-05,-0.01911985769768758,-0.019294751027375462,-0.019032411032843637,-0.019382197692219404,-0.010870383680410621,-0.014424973317681,-0.011579285123966943,-0.019227506709797917,-0.012468956940090958,-0.02244576638064978,-0.016467689246120788,1.0773115578498758,0.004904764403878369,1.0822163222537542,1.0724067934459973,1.0871210866576324,1.067502029042119,0.8457235006097789,1.056704591738017,1.2880021482094544,1.0773399644088753,1.41385642872573,0.8956677533089854,0.9961084965574202
6245.844712438611,-0.019222236084595747,8.977910512908242e-05,-0.019132456979466667,-0.019312015189724828,-0.019042677874337582,-0.019401794294853912,-0.010870507720537381,-0.014427422115311884,-0.011579285123966943,-0.01924247014286435,-0.01246881592329448,-0.02239124794870627,-0.01648429030190579,1.0781490578162831,0.005035587804692437,1.0831846456209755,1.0731134700115907,1.088220233425668,1.0680778822068981,0.8457331510189368,1.056883978946839,1.2880021482094544,1.0781783832788066,1.4138404388153296,0.8934922694950369,0.9971126722175335
6394.574084275402,-0.019236500112345845,9.212224817975662e-05,-0.019144377864166087,-0.019328622360525603,-0.019052255615986332,-0.019420744608705357,-0.010870625500580745,-0.014429811410122695,-0.011579285123966943,-0.01925676514223928,-0.01246867727844168,-0.022337223420951482,-0.01650098256487123,1.0789491077174367,0.005167011509057282,1.0841161192264939,1.0737820962083795,1.0892831307355513,1.068615084699322,0.8457423143892009,1.0570590072634949,1.2880021482094544,1.078979349017644,1.4138247178598895,0.8913364942554165,0.9981223648779997
6546.84507891348,-0.0192501097225245,9.447417312077863e-05,-0.01915563554940372,-0.01934458389564528,-0.019061161376282942,-0.019439058068766057,-0.010870737332207066,-0.014432142463732967,-0.011579285123966943,-0.019270404979695694,-0.01246854099239541,-0.022283688328944635,-0.01651773801184251,1.0797124522277626,0.005298927777698347,1.0850113800054608,1.0744135244500643,1.0903103077831593,1.0691145966723659,0.8457510149684325,1.0572297691082009,1.2880021482094544,1.07974360525854,1.4138092643697868,0.8892002492830773,0.9991358794544689
6702.7420313561815,-0.01926307797740393,9.683309097045608e-05,-0.019166244886433474,-0.019359911068374383,-0.019069411795463016,-0.01945674415934484,-0.010870843511834415,-0.014434416519255262,-0.011579285123966943,-0.019283402711550143,-0.012468407050602034,-0.022230638244611082,-0.016534530516999584,1.0804398239923296,0.005431236269067561,1.0858710602613972,1.075008587723262,1.0913022965304648,1.0695773514541944,0.8457592758181666,1.057396355545441,1.2880021482094544,1.0804718835623688,1.4137940766947832,0.8870833578817283,1.0001516356310305
6862.351284836705,-0.01927541772808831,9.919733480355244e-05,-0.01917622039328476,-0.019374615062891863,-0.019077023058481208,-0.019473812397695415,-0.010870944321361506,-0.014436634801143915,-0.011579285123966943,-0.01929577118185099,-0.012468275437190403,-0.022178068779882355,-0.016551335751660498,1.0811319438120792,0.00556384348759733,1.0866957872996765,1.075568100324482,1.0922596307872738,1.0700042568368846,0.8457671188703212,1.0575588562728868,1.2880021482094544,1.081164903596366,1.4137791530352473,0.8849856449514706,1.0011681617982535
7025.761238639192,-0.019287141617616233,0.00010156535065380324,-0.01918557626696243,-0.019388706968270036,-0.019084010916308628,-0.019490272318923838,-0.010871040028862864,-0.014438798515074158,-0.011579285123966943,-0.019307523025517075,-0.012468146135066091,-0.02212597558633297,-0.016568131088820402,1.0817895208178367,0.005696662273435045,1.0874861830912719,1.0760928585444016,1.0931828453647068,1.0703961962709667,0.8457745649812831,1.0577173596125424,1.2880021482094544,1.081823373309993,1.4137644914528404,0.8829069369743042,1.0021840892788785
7193.0623970584875,-0.019298262083745212,0.00010393568911661573,-0.019194326394628595,-0.01940219777286183,-0.01909039070551198,-0.019506133461978443,-0.010871130889251757,-0.014440908847848957,-0.011579285123966943,-0.01931867067142608,-0.012468019126001127,-0.022074354354820327,-0.016584895512230854,1.0824132526264916,0.005829611331449943,1.0882428639579416,1.0765836412950416,1.0940724752893916,1.0707540299635916,0.845781633983484,1.05787195250392,1.2880021482094544,1.0824479891079806,1.4137500898806905,0.8808470619997597,1.003198146828147
7364.347419525782,-0.019308791361296797,0.00010630699760405738,-0.019202484363692738,-0.019415098358900856,-0.019096177366088683,-0.01952140535650491,-0.01087121714491231,-0.014442966967332948,-0.011579285123966943,-0.019329226345478217,-0.01246789439071932,-0.022023200815135917,-0.016601609529817842,1.0830038254725314,0.0059626147968259505,1.0889664402693573,1.0770412106757055,1.0949290550661832,1.0710785958788795,0.8457883447345794,1.0580227204992003,1.2880021482094544,1.0830394360219917,1.4137359461330683,0.8788058496309794,1.0042091553965733
7539.711171927864,-0.01931874148385463,0.00010867801319903234,-0.019210063470655597,-0.019427419497053663,-0.019101385457456564,-0.019536097510252697,-0.010871299026302154,-0.014444974022411346,-0.011579285123966943,-0.019339202073599047,-0.012467771908977519,-0.021972510735648487,-0.01661825509124386,1.083561914303283,0.00609560183426217,1.0896575161375452,1.077466312469021,1.0957531179718074,1.0713707106347587,0.8457947151643351,1.0581697477602223,1.2880021482094544,1.0835983878788735,1.4137220579146008,0.8767831310104782,1.0052160231433844
7719.25077914839,-0.019328124284658146,0.00011104755605320459,-0.019217076728604943,-0.01943917184071135,-0.019106029172551737,-0.019550219396764556,-0.010871376752526958,-0.014446931142971258,-0.011579285123966943,-0.019348609684708917,-0.012467651659642774,-0.02192227992296051,-0.01663481550942786,1.0840881828290398,0.006228506267671371,1.0903166890967113,1.0778596765613684,1.0965451953643826,1.0716311702936971,0.8458007623193264,1.0583131170571145,1.2880021482094544,1.084125507467037,1.4137084228290202,0.8747787388064361,1.0062177406893669
7903.065678860331,-0.01933695139651143,0.00011341452327354016,-0.019223536873237888,-0.01945036591978497,-0.01911012234996435,-0.01956378044305851,-0.010871450531888061,-0.014448839439905815,-0.011579285123966943,-0.019357460813649908,-0.012467533620765773,-0.021872504221563442,-0.01665127538584479,1.0845832835179487,0.006361266237284474,1.0909445497552333,1.0782220172806642,1.0973058159925178,1.0718607510433797,0.8458065024055441,1.0584529097685973,1.2880021482094544,1.0846214467004585,1.4136950383874916,0.8727925071989413,1.0072133765983362
8091.257676599398,-0.01934523425061451,0.00011577788324497928,-0.019229456367369533,-0.01946101213385949,-0.01911367848412455,-0.01957679001710447,-0.01087152056240444,-0.014450700005138433,-0.011579285123966943,-0.019365766904067758,-0.012467417769650553,-0.021823179513488934,-0.01666762053943478,1.0850478575304605,0.006493823881216949,1.0915416814116774,1.0785540336492436,1.0980355052928945,1.0720602097680265,0.845811950829004,1.0585892058837607,1.2880021482094544,1.085086846780157,1.4136819020165172,0.8708242718660724,1.0082020730769488
8283.931002148704,-0.019352984074467772,0.0001181366703397573,-0.019234847404128015,-0.01947112074480753,-0.019116710733788258,-0.019589257415147287,-0.010871587032310146,-0.014452513911665849,-0.011579285123966943,-0.019373539211261216,-0.012467304082920756,-0.02177430171797944,-0.016683837938958546,1.085482534601789,0.0066261250387218305,1.0921086596405107,1.078856409563067,1.0987347846792326,1.0722302845243452,0.8458171222344475,1.0587220840052165,1.2880021482094544,1.0855223383538466,1.413669011065449,0.8688738699707543,1.0091830418829697
8481.192367266409,-0.019360211889336003,0.00012048997996515185,-0.01923972190937085,-0.019480701869301155,-0.0191192319294057,-0.019601191849266307,-0.010871650120528344,-0.0144542822136191,-0.011579285123966943,-0.019380788804979957,-0.012467192536582487,-0.02172586679114762,-0.016699915638643537,1.0858879328996747,0.0067581189724246005,1.0926460518720993,1.07912981392725,1.099404170844524,1.0723716949548254,0.845822030542223,1.0588516213535657,1.2880021482094544,1.0859285416727067,1.413656362813617,0.8669411401471676,1.010155560432595
8683.151024787667,-0.01936692850775013,0.00012283696391445864,-0.01924409154383567,-0.01948976547166459,-0.019121254579921212,-0.019612602435579045,-0.01087170999712298,-0.014456005946341197,-0.011579285123966943,-0.01938752657219415,-0.012467083106084001,-0.021677870725643603,-0.016715842716971564,1.08626465888426,0.006889758107565744,1.0931544169918257,1.0793749007766942,1.1000441750993915,1.0724851426691284,0.8458266889834252,1.058977893773088,1.2880021482094544,1.0863060667465654,1.4136439544770956,0.8650259224874706,1.0111189680977974
8889.918829134233,-0.01937314452954716,0.00012517682607072166,-0.01924796770347644,-0.01949832135561788,-0.019122790877405718,-0.019623498181688605,-0.010871766823729109,-0.014457686126479944,-0.011579285123966943,-0.019393763219821787,-0.012466975766372299,-0.021630309550327978,-0.016731609218464838,1.0866133070859751,0.007020997791028823,1.0936343048770039,1.0795923092949464,1.1006553026680328,1.0725713115039175,0.8458311101333751,1.059100975738542,1.2880021482094544,1.0866555134967135,1.4136317832151226,0.8631280585287507,1.012072662685041
9101.610298264728,-0.019378870331397412,0.00012750881873311434,-0.019251361512664298,-0.019506379150130527,-0.019123852693931184,-0.01963388796886364,-0.010871820753962867,-0.014459323752095313,-0.011579285123966943,-0.019399509277410344,-0.012466870491946771,-0.021583179329939844,-0.01674720609833414,1.0869344595181334,0.007151796085292207,1.0940862556034257,1.0797826634328411,1.101238051688718,1.0726308673475489,0.845835305943516,1.0592209403630302,1.2880021482094544,1.086977471906162,1.413619846136181,0.8612473912397787,1.0130160970871236
9318.342677100254,-0.01938411605272013,0.00012983223992763464,-0.019254283812792497,-0.019513948292647763,-0.01912445157286486,-0.0196437805325754,-0.010871871933811988,-0.014460919802779817,-0.011579285123966943,-0.019404775099791556,-0.012466767256910052,-0.021536476164779616,-0.016762625169858845,1.0872286848869597,0.007282113617589601,1.0945107985045492,1.07994657126937,1.1017929121221388,1.0726644576517805,0.8458392877717966,1.0593378594068177,1.2880021482094544,1.087272522168392,1.4136081403037657,0.8593837650083509,1.0139487761002648
9540.236002460228,-0.019388891637992123,0.0001321464308133433,-0.01925674520717878,-0.019521038068805466,-0.019124598776365437,-0.01965318449961881,-0.010871920502007778,-0.014462475239791472,-0.011579285123966943,-0.019409570869694016,-0.01246666603501616,-0.021490196190386057,-0.016777859054372953,1.087496540964622,0.007411913434429499,1.0949084543990515,1.0800846275301925,1.102320367833481,1.072672714095763,0.84584306641161,1.0594518032870714,1.2880021482094544,1.0875412348337423,1.4135966627418417,0.8575370256284021,1.014870253398827
9767.413169544567,-0.01939320710831944,0.00013445076862037827,-0.019258756339699062,-0.019527657876939816,-0.019124305571078682,-0.019662108645560197,-0.010871966590379385,-0.014463991006197547,-0.011579285123966943,-0.019413906600314723,-0.012466566799716075,-0.02144433557721426,-0.016792901133739668,1.0877385898213188,0.007541160605498017,1.0952797504268168,1.0801974292158207,1.1028209110323148,1.0726562686103227,0.8458466521193567,1.059562841088392,1.2880021482094544,1.0877841709534952,1.4135854104400127,0.8557070202871558,1.0157801286605674
9999.999999999,-0.019397073112611986,0.00013674465882947755,-0.01926032845378251,-0.019533817771441465,-0.01912358379495303,-0.019670562430270943,-0.01087201032419118,-0.014465468027029343,-0.011579285123966943,-0.01941779213786428,-0.012466469524200852,-0.021398890530328007,-0.016807745505197622,1.0879554287399118,0.007669821785018975,1.0956252505249309,1.0802856069548927,1.1032950723099497,1.0726157851698739,0.8458500546406931,1.0596710405741503,1.2880021482094544,1.0880018822224875,1.4135743803584098,0.853893597552848,1.0166780448353463
