x_transformed,x_real,student_t_mean_real,student_t_std_real,student_t_upper_real,student_t_lower_real,student_t_std_predictive_real,student_t_upper_predictive_real,student_t_lower_predictive_real,student_t_mean_norm,student_t_std_norm,student_t_upper_norm,student_t_lower_norm,student_t_std_predictive_norm,student_t_upper_predictive_norm,student_t_lower_predictive_norm,sigma_btw_squared,nu
-1.1,0.07943282247242814,-0.0316196685363303,2.9793063514515642e-05,-0.03156127520485274,-0.03167806186780787,4.5249140372483995e-05,-0.03153098185086884,-0.031708355221791766,1.7735041693836646,0.0016710523799765955,1.7767793718646987,1.7702289669026305,0.0025379626930441134,1.7784784848561375,1.7685298539111918,3.648838574658285e-06,1.000005709133732
-1.0897795591182369,0.08132431905650853,-0.03162412660866416,2.8359667604161458e-05,-0.03156854268154648,-0.03167971053578185,4.431849295144548e-05,-0.03153726395863024,-0.031710989258698086,1.773754216592807,0.0015906551544184026,1.77687184340729,1.770636589778324,0.0024857639459401845,1.778626224400918,1.768882208784696,3.648838574658285e-06,1.000005709133732
-1.079559118236473,0.0832608569619369,-0.031626701111035854,2.709854166568927e-05,-0.031573588945337544,-0.031679813276734164,4.3522282009057106e-05,-0.03154139900577311,-0.0317120032162986,1.773898616926575,0.0015199203170993937,1.7768776060074605,1.7709196278456893,0.0024411055579367734,1.7786830959025914,1.7691141379505584,3.648838574658285e-06,1.000005709133732
-1.0693386773547096,0.08524350873658111,-0.03162735467375183,2.6027086227914965e-05,-0.031576342522122595,-0.03167836682538106,4.286335600934811e-05,-0.03154334403971699,-0.03171136530778667,1.7739352743697232,0.0014598238399962829,1.776796476519889,1.7710740722195575,0.002404147295504121,1.7786473164824406,1.7692232322570058,3.648838574658285e-06,1.000005709133732
-1.059118236472946,0.08727337246838893,-0.03162605196361523,2.516073263553022e-05,-0.031576737833824954,-0.03167536609340551,4.234289240977089e-05,-0.03154306141949083,-0.031709042507739635,1.7738622071313332,0.0014112312462285941,1.7766281695477988,1.7710962447148677,0.0023749552006280448,1.7785170337894602,1.7692073804732062,3.648838574658285e-06,1.000005709133732
-1.0488977955911825,0.08935157239356134,-0.031622753093671255,2.4511171826704303e-05,-0.031574712079672045,-0.031670794107670465,4.196016700618601e-05,-0.031540512677553846,-0.03170499350978866,1.7736771780064018,0.00137479826460523,1.7763717330910362,1.7709826229217673,0.0023534886536841085,1.7782899310056464,1.7690644250071572,3.648838574658285e-06,1.000005709133732
-1.038677354709419,0.09147925951920907,-0.03161736070574741,2.4084582630445536e-05,-0.03157015579120906,-0.03166456562028576,4.1712410519551095e-05,-0.03153560588342074,-0.03169911552807408,1.7733747263075523,0.001350871457235011,1.776022385711476,1.7707270669036286,0.0023395923295802044,1.7779602430120356,1.768789209603069,3.648838574658285e-06,1.000005709133732
-1.0284569138276554,0.09365761226083551,-0.03160982485305474,2.387136489834886e-05,-0.031563037837592164,-0.031656611868517315,4.1589663775737837e-05,-0.03152831060992516,-0.031691339096184316,1.7729520505873764,0.0013389123648610507,1.7755762706009595,1.7703278305737933,0.0023327076317953125,1.777524073532157,1.7683800276425958,3.648838574658285e-06,1.000005709133732
-1.018236472945892,0.09588783709499979,-0.03160029194699521,2.3839465711307625e-05,-0.031553567452790365,-0.03164701644120005,4.1571362694400696e-05,-0.03151881357332593,-0.031681770320664486,1.772417362862124,0.001337123182879191,1.7750380761434608,1.7697966495807873,0.00233168114905346,1.7769873739376998,1.7678473517865483,3.648838574658285e-06,1.000005709133732
-1.0080160320641285,0.09817116922752188,-0.031588843065988664,2.3952775614223635e-05,-0.03154189648845502,-0.03163578964352231,4.1636444738884045e-05,-0.03150723713385616,-0.031670448998121166,1.7717752107100058,0.0013434785811030246,1.7744083803429687,1.7691420410770429,0.002335331512342708,1.7763523763661588,1.7671980450538527,3.648838574658285e-06,1.000005709133732
-0.9977955911823648,0.10050887327759882,-0.03157553876904098,2.417543238429844e-05,-0.03152815579225707,-0.031622921745824886,4.17649326808578e-05,-0.031493681005169756,-0.0316573965329122,1.7710289908032306,0.0013559670962693191,1.7736866374761397,1.7683713441303215,0.0023425382261178435,1.77562028135883,1.7664377002476312,3.648838574658285e-06,1.000005709133732
-0.9875751503006012,0.10290224397821154,-0.03156044252895916,2.4473755253979847e-05,-0.03151247485009492,-0.03160841020782341,4.1938320985710726e-05,-0.03147824493025509,-0.031642640127663234,1.770182263245149,0.001372699619970337,1.7728727050618827,1.7674918214284152,0.0023522633401311583,1.7747926146739599,1.765571911816338,3.648838574658285e-06,1.000005709133732
-0.9773547094188376,0.10535260689321052,-0.03154361980401474,2.4817496793205308e-05,-0.03149497840411362,-0.03159226120391586,4.213984121884602e-05,-0.03146102723291156,-0.03162621237511792,1.7692386995011125,0.0013919796150248791,1.7719669294137752,1.7665104695884497,0.002363566335710317,1.773871204394176,1.764606194608049,3.648838574658285e-06,1.000005709133732
-0.9671342685370744,0.10786131915147663,-0.03152513572136633,2.5180449412381352e-05,-0.03147578294740353,-0.03157448849532913,4.235461136025562e-05,-0.03144212220852104,-0.031608149234211624,1.7682019524648014,0.001412337133404866,1.7709700823803034,1.7654338225492994,0.002375612500609592,1.7728580674072194,1.7635458375223834,3.648838574658285e-06,1.000005709133732
-0.9569138276553107,0.11042977019856483,-0.031505054716634756,2.5540567185287265e-05,-0.031454996124806865,-0.03155511330846265,4.256969160112592e-05,-0.03142161965426357,-0.03158848977900594,1.767075636242481,0.001432535649116186,1.7698833545213186,1.7642679179636436,0.0023876760585655283,1.7717553953240182,1.762395877160944,3.648838574658285e-06,1.000005709133732
-0.9466933867735472,0.11305938256624523,-0.03148344078149745,2.5879782641909702e-05,-0.03143271733959158,-0.03153416422340332,4.277407182466136e-05,-0.03139960514124899,-0.031567276421745914,1.7658633400402373,0.00145156178235816,1.768708348854994,1.7630183312254806,0.002399139467113382,1.770565566989668,1.7611611130908065,3.648838574658285e-06,1.000005709133732
-0.9364729458917836,0.1157516126603703,-0.031460357571473474,2.6183666551636185e-05,-0.03140903852804906,-0.031511676614897885,4.295861339657124e-05,-0.031376160236390414,-0.031544554906556534,1.76456863420949,0.001468606217225948,1.7674470495027244,1.7616902189162555,0.002409490152694755,1.7692911481298756,1.7598461202891043,3.648838574658285e-06,1.000005709133732
-0.92625250501002,0.11850795156750221,-0.031435868354381336,2.644103319506378e-05,-0.03138404488160498,-0.03148769182715769,4.311596348559618e-05,-0.031351362618790825,-0.031520374089971846,1.7631950673560632,0.0014830415619435779,1.7661017754050488,1.7602883593070777,0.002418315705012547,1.7679348790411353,1.7584552556709911,3.648838574658285e-06,1.000005709133732
-0.9160320641282568,0.12132992588074816,-0.03141003592630507,2.6643553265335712e-05,-0.03135781552148484,-0.0314622563311253,4.324045561128582e-05,-0.031325286190631844,-0.031494785661978296,1.7617461616268357,0.0014944006370268116,1.764675133053882,1.7588171901997895,0.0024252982988911746,1.7664996589444286,1.7569926643092428,3.648838574658285e-06,1.000005709133732
-0.9058116232464932,0.12421909854526168,-0.031382922556844516,2.678540712728564e-05,-0.031330424123563794,-0.03143542099012524,4.332800602200893e-05,-0.03129800122551944,-0.03146784388816959,1.760225409638905,0.001502357027060512,1.7631699753038643,1.7572808439739456,0.002430208882260203,1.7649885315230442,1.7554622877547656,3.648838574658285e-06,1.000005709133732
-0.8955911823647296,0.12717706972387618,-0.0313545899686275,2.686299219779369e-05,-0.03130193947140284,-0.03140724046585216,4.337601204222816e-05,-0.031269574547231754,-0.031439605390023245,1.7586362733304526,0.0015067086680611082,1.7615893680550467,1.7556831786058584,0.0024329014745913496,1.763404672598586,1.7538678740623193,3.648838574658285e-06,1.000005709133732
-0.885370741482966,0.1302054776833524,-0.03132509933821727,2.687468711938982e-05,-0.031272425919367484,-0.03137777275706705,4.33832557403648e-05,-0.031240069719434063,-0.031410128957000474,1.7569821840116413,0.0015073646202950009,1.7599365643789895,1.7540278036442931,0.0024333077637601406,1.7617513795919129,1.7522129884313697,3.648838574658285e-06,1.000005709133732
-0.8751503006012025,0.13330599970172946,-0.03129451130670833,2.6820669479739418e-05,-0.031241943760486786,-0.03134707885292987,4.334981409660511e-05,-0.031209547232342476,-0.03137947538107418,1.755266542958921,0.0015043348444126199,1.7582149850746582,1.7523181008431836,0.002431432067480444,1.7600320622420385,1.7505010236758034,3.648838574658285e-06,1.000005709133732
-0.864929859719439,0.136480352997282,-0.031262885994313566,2.6702780931513218e-05,-0.031210549505400736,-0.03131522248322639,4.327697517555015e-05,-0.031178064681609653,-0.031347707307017476,1.7534927222332,0.0014977226362055183,1.7564282046589932,1.7505572398074067,0.002427346631542494,1.7582502342090178,1.748735210257382,3.648838574658285e-06,1.000005709133732
-0.8547094188376755,0.13973029567959844,-0.031230283019854803,2.6524432175358267e-05,-0.031178296088080724,-0.03128226995162888,4.316715850150411e-05,-0.03114567694387692,-0.03131488909583268,1.7516640657730447,0.0014877192972305455,1.754579942014722,1.7487481895313675,0.002421187163771201,1.7564095054138669,1.7469186261322225,3.648838574658285e-06,1.000005709133732
-0.8444889779559119,0.14305762772330644,-0.031196761532770147,2.6290539372547925e-05,-0.031145233022465822,-0.031248290043074473,4.30238367811181e-05,-0.031112436362202425,-0.03128108670333787,1.7497838911899282,0.0014746005682819369,1.752674055195343,1.7468937271845133,0.0024131484435557823,1.7545135752286465,1.7450542071512098,3.648838574658285e-06,1.000005709133732
-0.8342685370741485,0.14646419196498553,-0.0311623802713652,2.6007482486809952e-05,-0.031111406542362496,-0.031213354000367906,4.285145523982265e-05,-0.03107839296241002,-0.031246367580320383,1.7478554930354604,0.0014587242928411532,1.7507145401128028,1.744996445958118,0.00240347979754006,1.7525662268762086,1.7431447591947122,3.648838574658285e-06,1.000005709133732
-0.8240480961923848,0.14995187512381894,-0.031127197661392228,2.5683074376836353e-05,-0.031076859760601365,-0.03117753556218309,4.2655344100298925e-05,-0.03104359472320748,-0.031210800599576975,1.7458821483305602,0.0014405286835178297,1.748705532668952,1.7430587639921684,0.002392480190659036,1.7505713233379774,1.741192973323143,3.648838574658285e-06,1.000005709133732
-0.8138276553106214,0.15352260884654892,-0.031091271947979907,2.5326526905657355e-05,-0.031041632867391332,-0.03114091102856848,4.244161914879997e-05,-0.031008087903002694,-0.03117445599295712,1.7438671239652153,0.0014205304211706894,1.7466513124296534,1.741082935500777,0.0023804926490391984,1.7485328038227945,1.739201444107636,3.648838574658285e-06,1.000005709133732
-0.8036072144288579,0.15717837077731625,-0.031054661291467153,2.494839681732131e-05,-0.03100576333223319,-0.031103559250701115,4.2217064969314555e-05,-0.030971917364594308,-0.03113740521834,1.7418136820736712,0.0013993216192041897,1.7445563020500996,1.7390710620972427,0.0023678977107617046,1.7464546763058388,1.7371726878415035,3.648838574658285e-06,1.000005709133732
-0.7933867735470943,0.16092118565297428,-0.031017423693817207,2.456048979964031e-05,-0.030969286018367247,-0.031065561369267167,4.198899534481665e-05,-0.030935126775194347,-0.031099720612440068,1.739725075907097,0.0013775644425785085,1.742425052600934,1.73702509921326,0.0023551055959584745,1.7443409980549645,1.7351091537592296,3.648838574658285e-06,1.000005709133732
-0.7831663326653309,0.16475312642448575,-0.030979616800276173,2.4175696459524233e-05,-0.030932233305914332,-0.031027000294638014,4.176508554009977e-05,-0.030897758736806342,-0.031061474863746004,1.7376045387088834,0.0013559819078892902,1.7402622144120343,1.7349468630057325,0.0023425467997846626,1.742195846068561,1.733013231349206,3.648838574658285e-06,1.000005709133732
-0.7729458917835672,0.168676315405023,-0.030941298403012928,2.3807730083347054e-05,-0.030894636109495915,-0.03098796069652994,4.155317175126715e-05,-0.030859855682937035,-0.03102274112308882,1.7354553119631198,0.0013353431747035386,1.73807253649254,1.7328380874336995,0.002330660843813533,1.740023323277172,1.7308873006490675,3.648838574658285e-06,1.000005709133732
-0.7627254509018038,0.1726929254454066,-0.03090252893185616,2.3470736442036944e-05,-0.030856527133739136,-0.030948530729973184,4.1361014736105774e-05,-0.03082146283260936,-0.03098359503110296,1.7332807850966434,0.0013164416600582297,1.7358609633381057,1.7307006068551811,0.002319883018385874,1.7378276722610257,1.728733897932261,3.648838574658285e-06,1.000005709133732
-0.7525050100200402,0.17680518113753527,-0.03086337160621903,2.3178755866780266e-05,-0.030817942079513695,-0.030908801132924366,4.119602886687743e-05,-0.030782628873333877,-0.030944114339104184,1.731084504000288,0.0013000648670187397,1.7336325843172107,1.7285364236833654,0.0023106291855498444,1.7356132539855929,1.7265557540149832,3.648838574658285e-06,1.000005709133732
-0.7422845691382767,0.1810153600464715,-0.03082386466207869,2.2945053775670292e-05,-0.03077889318305504,-0.03086883614110234,4.1064991947365575e-05,-0.030743378756836425,-0.030904350567320955,1.7288686132779676,0.001286956834829819,1.7313910023238916,1.7263462242320435,0.002303279503094114,1.7333829581503615,1.7243542684055737,3.648838574658285e-06,1.000005709133732
-0.7320641282565132,0.18532579397186677,-0.03078396611305562,2.2779288872796614e-05,-0.030739319527271505,-0.030828612698839734,4.097260148463988e-05,-0.030703661289792815,-0.030864270936318425,1.7266307579708042,0.0012776593070569972,1.7291349241971483,1.7241265917444601,0.002298097447796253,1.7311349462014483,1.7221265697401602,3.648838574658285e-06,1.000005709133732
-0.7218436873747496,0.18973887023942462,-0.030743705787063917,2.267414055219282e-05,-0.03069926528820122,-0.030788146285926615,4.0914236161138254e-05,-0.03066351535773312,-0.030823896216394715,1.7243726110858997,0.0012717616808759933,1.7268652181773347,1.7218800039944646,0.0022948238162444666,1.7288703831166037,1.7198748390551957,3.648838574658285e-06,1.000005709133732
-0.7116232464929861,0.19425703302311598,-0.030703073390258285,2.261494273569511e-05,-0.030658748916983888,-0.030747397863532682,4.0881459193717234e-05,-0.030622947202603154,-0.030783199577913416,1.7220935952554826,0.0012684413559251968,1.724579694629597,1.719607495881368,0.0022929854007558872,1.7265877640580403,1.7175994264529248,3.648838574658285e-06,1.000005709133732
-0.7014028056112226,0.19888278469888093,-0.03066200603791312,2.2587165584558498e-05,-0.03061773600685454,-0.030706276068971698,4.086609988747473e-05,-0.030581909953945052,-0.030742102121881186,1.7197901833608886,0.0012668833733265564,1.7222732291452212,1.717307137576556,0.0022921239181749225,1.7242826636886144,1.7152977030331629,3.648838574658285e-06,1.000005709133732
-0.691182364729459,0.20361868723056442,-0.030620438799456442,2.2577178608707557e-05,-0.030576188342510847,-0.030664689256402037,4.086058081817096e-05,-0.03054035353266544,-0.030700524066247445,1.7174587335347153,0.001266323217444757,1.719940681433694,1.7149767856357367,0.002291814361089904,1.7219506071417032,1.7129668599277275,3.648838574658285e-06,1.000005709133732
-0.6809619238476956,0.20846736358885526,-0.030578310489541318,2.2572859580492746e-05,-0.030534068497735472,-0.030622552481347164,4.085819453315873e-05,-0.030498229899782996,-0.03065839107929964,1.7150958139741352,0.0012660809690309934,1.7175772870749475,1.712614340873323,0.002291680517611638,1.7195874252527261,1.7106042026955444,3.648838574658285e-06,1.000005709133732
-0.670741482965932,0.21343149920401377,-0.030535560814782706,2.2564031336845417e-05,-0.030491336126016455,-0.030579785503548958,4.0853317870632495e-05,-0.0304554897831073,-0.030615631846458113,1.7126980429052487,0.0012655858048612968,1.715178545502122,1.7102175403083755,0.0022914069922483657,1.717189118083979,1.7082069677265186,3.648838574658285e-06,1.000005709133732
-0.6605210420841685,0.21851384345319164,-0.030492129225912563,2.2542744988836438e-05,-0.03044794625762177,-0.030536312194203354,4.084156488799748e-05,-0.030412081229659833,-0.030572177222165292,1.7102620242020274,0.0012643918825751888,1.7127401867542196,1.7077838616498353,0.002290747783449831,1.7147518073552541,1.7057722410488008,3.648838574658285e-06,1.000005709133732
-0.650300601202405,0.22371721118317,-0.030447955083720314,2.250343962460345e-05,-0.03040384915252782,-0.030492061014912808,4.081988321647884e-05,-0.030367949582762885,-0.030527960584677744,1.707784356693689,0.0012621872981954932,1.7102581983398961,1.7053105150474819,0.0022895316880061573,1.7122717563436443,1.7032969570437337,3.648838574658285e-06,1.000005709133732
-0.6400801603206414,0.2290444842693565,-0.030402977930717993,2.244300734249884e-05,-0.03035899044462193,-0.03044696541681406,4.078659889527754e-05,-0.03032303766583137,-0.030482918195604617,1.705261649402024,0.0012587977337490867,1.707728847623993,1.7027944511800552,0.002287664815734622,1.7097453900495634,1.7007779087544848,3.648838574658285e-06,1.000005709133732
-0.629859719438878,0.23449861321190668,-0.030357137547458536,2.236078452092873e-05,-0.030313311215131457,-0.030400963879785615,4.07414132702856e-05,-0.030277285844769516,-0.030436989250147557,1.7026905247002144,0.001254185967604052,1.7051486840266339,1.700232365373795,0.0022851304155328193,1.7071692980146358,1.698211751385793,3.648838574658285e-06,1.000005709133732
-0.6196392785571143,0.24008261876985326,-0.030310373777493252,2.2258480015121194e-05,-0.03026674795831301,-0.030353999596673495,4.0685353672450085e-05,-0.030230631949596975,-0.03039011560538953,1.7000676084949342,0.001248447847124138,1.7025145213118742,1.6976206956779942,0.002281986108995228,1.7045402190817855,1.6955949979080829,3.648838574658285e-06,1.000005709133732
-0.6094188376753509,0.24579959363414708,-0.030262626178858405,2.214004023000835e-05,-0.03021923249739132,-0.030306019860325488,4.0620677643968304e-05,-0.030183011113648614,-0.030342241244068195,1.6973895106787076,0.0012418047207903755,1.6998234032072885,1.6949556181501266,0.002278358518590862,1.7018550113190156,1.6929240100383995,3.648838574658285e-06,1.000005709133732
-0.5991983967935873,0.2516527041405391,-0.030213834140532247,2.2011440553997078e-05,-0.03017069250979857,-0.030256975771265925,4.0550728552406375e-05,-0.03013435617302267,-0.030293312108041825,1.6946528316618246,0.001234591740005162,1.6970725870078454,1.6922330763158038,0.002274435169255712,1.699110642678737,1.6901950206449121,3.648838574658285e-06,1.000005709133732
-0.5889779559118238,0.2576451920232487,-0.030163938897651163,2.1880384121297047e-05,-0.030121054132805518,-0.030206823662496808,4.047973913162369e-05,-0.030084600066849605,-0.03024327772845272,1.6918542754030725,0.0012272409630812672,1.694259623491064,1.689448927315081,0.0022704534692706037,1.696304282431417,1.6874042683747281,3.648838574658285e-06,1.000005709133732
-0.5787575150300602,0.26378037621039246,-0.030112885429648614,2.1755885229843232e-05,-0.030070244678146334,-0.030155526181150895,4.041257988551225e-05,-0.030033678228550662,-0.030192092630746566,1.688990755873765,0.0012202579897201361,1.6913824175854637,1.686599094162066,0.0022666865985693993,1.6934333799712005,1.6845481317763293,3.648838574658285e-06,1.000005709133732
-0.5685370741482968,0.2700616546621662,-0.030060604408464153,2.1647723253410197e-05,-0.03001817565054018,-0.030103033166388127,4.035445443721219e-05,-0.029981511131151453,-0.030139697685776852,1.6860583845573565,0.00121419133168568,1.6884381558378012,1.6836786132769117,0.002263426421291165,1.6904946188247436,1.6816221502899693,3.648838574658285e-06,1.000005709133732
-0.5583166332665332,0.27649250625279875,-0.03000695155854526,2.156519964224348e-05,-0.029964684543927044,-0.030049218573163474,4.031024567623741e-05,-0.029927944928811873,-0.030085958188278646,1.6830490692344857,0.0012095626946615884,1.6854197685530656,1.6806783699159058,0.002260946812062435,1.6874804435570887,1.6786176949118827,3.648838574658285e-06,1.000005709133732
-0.5480961923847697,0.28307649269731994,-0.029951920993360283,2.1507154980883107e-05,-0.02990976774418783,-0.029994074242532736,4.027922276112739e-05,-0.029872975167423207,-0.03003086681929736,1.6799624797376047,0.0012063070486128384,1.6823267981071828,1.6775981613680266,0.002259206778980468,1.6843904436580353,1.6755345158171742,3.648838574658285e-06,1.000005709133732
-0.5378757515030061,0.28981726052420964,-0.02989559235483242,2.146432613415628e-05,-0.02985352304865705,-0.029937661661007788,4.025637051774815e-05,-0.029816691318469334,-0.029974493391195504,1.6768030830737817,0.001203904836896019,1.6791626931949115,1.6744434729526518,0.002257925027754446,1.681228534807972,1.6723776313395913,3.648838574658285e-06,1.000005709133732
-0.5276553106212426,0.29671854309502094,-0.029837975378725515,2.142797733719132e-05,-0.02979597731488308,-0.02987997344256795,4.023700142445984e-05,-0.02975911230508769,-0.029916838452363342,1.673571425308759,0.001201866082350083,1.6759270395444055,1.6712158110731126,0.0022568386416759664,1.6779947477653623,1.6691481028521558,3.648838574658285e-06,1.000005709133732
-0.5174348697394792,0.30378416267209496,-0.029779071762694464,2.1390709629460422e-05,-0.029737146742216967,-0.02982099678317196,4.021716709715752e-05,-0.029700247563623806,-0.02985789596176512,1.670267601661689,0.0011997757873500523,1.6726191189944184,1.6679160843289598,0.00225572616125489,1.6746887436967335,1.6658464596266447,3.648838574658285e-06,1.000005709133732
-0.5072144288577156,0.3110180325355143,-0.029718887455226252,2.1346932686129435e-05,-0.029677048235981038,-0.029760726674471466,4.0193900109033206e-05,-0.029640108858614345,-0.02979766605183816,1.66689194577511,0.0011973203981851983,1.669238650633508,1.6645452409167119,0.002254421147560643,1.6713105300303142,1.6624733615199057,3.648838574658285e-06,1.000005709133732
-0.496993987975952,0.31842415915046524,-0.029657430084654646,2.1293177585901802e-05,-0.029615696223469865,-0.029699163945839428,4.016537666415627e-05,-0.029578707392967415,-0.029736152776341878,1.6634448855118795,0.0011943053477816875,1.6657856809800753,1.6611040900436838,0.002252821306361919,1.6678603341359532,1.6590294368878058,3.648838574658285e-06,1.000005709133732
-0.4867735470941885,0.3260066443862111,-0.02959470708630422,2.1228259027150695e-05,-0.029553100463156515,-0.029636313709451922,4.013099864434728e-05,-0.029516051774297673,-0.029673362398310765,1.6599268379092327,0.001190664154184633,1.6622604967691175,1.6575931790493479,0.002250893090024156,1.66433850729873,1.6555151685197353,3.648838574658285e-06,1.000005709133732
-0.4765531062124249,0.333769687787905,-0.029530725693998464,2.115329639467747e-05,-0.029489265994910595,-0.02957218539308633,4.0091395825412126e-05,-0.029452148002090717,-0.02960930338590621,1.6563382087024827,0.001186459602163903,1.6586636267918358,1.6540127906131297,0.0022486718218150937,1.6607455244862903,1.6519308929186751,3.648838574658285e-06,1.000005709133732
-0.4663326653306615,0.34171758890249965,-0.02946549477779241,2.1071595671558488e-05,-0.029424195209179365,-0.029506794346405452,4.004834846800103e-05,-0.029387001457154817,-0.02954398809843,1.6526794954009427,0.0011818771198103424,1.654995931989923,1.6503630588119624,0.002246257354131417,1.6570820789150484,1.648276911886837,3.648838574658285e-06,1.000005709133732
-0.456112224448898,0.34985474966004393,-0.029399027665048795,2.0988385440297094e-05,-0.029357891185492167,-0.029440164144605423,4.000462966031898e-05,-0.029320620031699707,-0.029477435298397883,1.6489514455182486,0.0011772099711997266,1.6512587346640415,1.6466441563724556,0.0022438052257159813,1.6533492229489746,1.6445536680875226,3.648838574658285e-06,1.000005709133732
-0.4458917835671344,0.3581856768116829,-0.029331331581625784,2.0910395536450694e-05,-0.029290347959471854,-0.029372315203779715,3.996376749456456e-05,-0.029253004036649904,-0.029409659126601664,1.6451544643429492,0.0011728356236482178,1.6474531799250853,1.642855748760813,0.0022415133224579745,1.6495477497258335,1.640761178960065,3.648838574658285e-06,1.000005709133732
-0.4356713426853709,0.3667149844257136,-0.029262345790621182,2.084519421296756e-05,-0.029221489960713023,-0.02930320162052934,3.9929690615444725e-05,-0.029184085035101084,-0.02934060654614128,1.6412851452248718,0.0011691785701622266,1.6435766931138858,1.6389935973358578,0.002239601996691571,1.6456746844780912,1.6368956059716524,3.648838574658285e-06,1.000005709133732
-0.4254509018036073,0.3754473964430785,-0.02919203111998705,2.0794514418525048e-05,-0.02915127462065074,-0.029232787619323356,3.99032567689787e-05,-0.029113822173853995,-0.029270240066120102,1.6373412910571663,0.001166336009474279,1.639627267629608,1.6350553144847246,0.002238119358223477,1.6417279243923861,1.6329546577219465,3.648838574658285e-06,1.000005709133732
-0.4152304609218439,0.3843877492937105,-0.0291204403673262,2.075153431341462e-05,-0.029079768107447963,-0.02916111262720444,3.98808757079082e-05,-0.029042275287266783,-0.02919860544738562,1.6333258631855097,0.0011639253138806072,1.6356071148814102,1.631044611489609,0.0022368640349718074,1.6377100361323673,1.628941690238652,3.648838574658285e-06,1.000005709133732
-0.4050100200400803,0.3935409945751816,-0.02904754615890793,2.0709884594634984e-05,-0.029006955530978464,-0.029088136786837394,3.9859219646047985e-05,-0.028969423523949805,-0.029125668793866053,1.6292373262546056,0.0011615892378453866,1.6315139993256118,1.6269606531835994,0.0022356493759390157,1.6336191185135056,1.6248555339957056,3.648838574658285e-06,1.000005709133732
-0.3947895791583168,0.40291220179513465,-0.028973304446668645,2.0664866020121782e-05,-0.02893280205352386,-0.02901380683981343,3.9835847656330626e-05,-0.028895227619968614,-0.029051381273368676,1.6250732096685234,0.0011590642072775571,1.627344933770557,1.6228014855664898,0.0022343384728483366,1.6294524326045783,1.6206939867324686,3.648838574658285e-06,1.000005709133732
-0.3845691382765532,0.41250656117902174,-0.02889767500257354,2.0613832104904532e-05,-0.02885727263406457,-0.028938077371082508,3.980939769599624e-05,-0.028819650016843154,-0.028975699988303925,1.6208312570915466,0.0011562017844373629,1.6230973709479048,1.6185651432351884,0.0022328549305753,1.625207572338177,1.6164549418449163,3.648838574658285e-06,1.000005709133732
-0.3743486973947897,0.4223293865446997,-0.028820620429293942,2.0556378668674844e-05,-0.02878033066745077,-0.028860910191137113,3.9779677912707496e-05,-0.028742653693268432,-0.028898587165319452,1.616509370958413,0.0011529792994014524,1.6187691688601602,1.614249573056666,0.002231187988383442,1.620882419058383,1.612136322858443,3.648838574658285e-06,1.000005709133732
-0.3641282565130262,0.4323861182454792,-0.028742106655756935,2.0494336335246502e-05,-0.0287019384946528,-0.02878227481686107,3.97476526689439e-05,-0.028664202688055796,-0.028820010623458073,1.6121056402690184,0.0011494994293678046,1.6143586177508287,1.609852662787208,0.002229391736051606,1.6164751677791107,1.607736112758926,3.648838574658285e-06,1.000005709133732
-0.3539078156312627,0.4426823261832533,-0.028662102084416528,2.0431564049595535e-05,-0.0286220569547315,-0.028702147214101557,3.971532299228501e-05,-0.028584261481717273,-0.028739942687115782,1.6076182927600167,0.0011459786173075573,1.6098643695769925,1.6053722159430408,0.002227578408493049,1.611984266213402,1.6032523193066313,3.648838574658285e-06,1.000005709133732
-0.3436873747494992,0.4532237128933777,-0.028580545046519183,2.0373551472601566e-05,-0.02854061361939571,-0.028620476473642655,3.9685509578126166e-05,-0.028502762877037936,-0.02865832721600043,1.6030438695149616,0.0011427247708272476,1.6052835689100249,1.6008041701198983,0.002225906214673132,1.6074065655286849,1.5986811735012383,3.648838574658285e-06,1.000005709133732
-0.3334669338677356,0.46401611670300874,-0.02849730616209909,2.0325332331629927e-05,-0.028457469242755287,-0.028537143081442895,3.966077665981844e-05,-0.02841957246824696,-0.028575039855951223,1.5983751137876756,0.0011400202248431858,1.6006095123700155,1.5961407152053357,0.0022245189789502342,1.6027350908693438,1.5940151367060074,3.648838574658285e-06,1.000005709133732
-0.3232464929859721,0.47506551496465016,-0.028412416560210402,2.0283537196633428e-05,-0.02837266155782592,-0.028452171562594882,3.96393737598869e-05,-0.0283347248152713,-0.028490108305149503,1.5936137715644347,0.0011376759926102933,1.5958435755360267,1.5913839675928427,0.0022233185194254334,1.5979713957886694,1.5892561473402,3.648838574658285e-06,1.000005709133732
-0.3130260521042086,0.48637802736669844,-0.028325882092941745,2.0242745668431546e-05,-0.028286207040483416,-0.028365557145400074,3.961851616435934e-05,-0.028248231228138684,-0.028403532957744806,1.5887601710809247,0.0011353880513164606,1.590985490769982,1.5865348513918673,0.0022221486452824154,1.5931155023939727,1.5844048397678767,3.648838574658285e-06,1.000005709133732
-0.3028056112224451,0.4979599193228207,-0.028237658821382475,2.019930039971671e-05,-0.028198068920086125,-0.028277248722678824,3.9596335783842346e-05,-0.02816005142932639,-0.02831526621343856,1.5838118478634546,0.0011329512653293706,1.5860323915397392,1.58159130418717,0.002220904577929837,1.5881647408492972,1.5794589548776121,3.648838574658285e-06,1.000005709133732
-0.2925851703406815,0.5098176054420425,-0.028147703056976465,2.0151653099133796e-05,-0.02810820654267322,-0.02818719957127971,3.957205066074573e-05,-0.02807014326288701,-0.02822526285106592,1.5787663514803776,0.001130278793094357,1.5809816572073319,1.5765510457534233,0.002219542458430818,1.5831165747610594,1.5744161281996958,3.648838574658285e-06,1.000005709133732
-0.282364729458918,0.5219576530814659,-0.028055979296098675,2.0100493649335413e-05,-0.0280165830524745,-0.02809537553972285,3.954602275597094e-05,-0.027978470515765172,-0.028133488076432178,1.5736216905816902,0.0011274093291903772,1.5758313722627377,1.5714120089006427,0.002218082588679642,1.5779690525702377,1.5692743285931428,3.648838574658285e-06,1.000005709133732
-0.2721442885771544,0.5343867859835897,-0.02796245258592301,2.004863367378133e-05,-0.02792315798598316,-0.02800174718586286,3.9519688549560676e-05,-0.027884995419685633,-0.028039909752160388,1.568375904710953,0.0011245005737502746,1.5705798853360982,1.5661719240858076,0.0022166055388866514,1.5727203717351028,1.564031437686803,3.648838574658285e-06,1.000005709133732
-0.261923847695391,0.5471118880002395,-0.027867037471130958,2.0000666387192848e-05,-0.02782783688534526,-0.027906238056916655,3.9495376017966764e-05,-0.027789627956579875,-0.02794444698568204,1.563024200795667,0.0011218101539357548,1.5652229082948723,1.5608254932964616,0.002215241882082326,1.567365995101593,1.5586824064897409,3.648838574658285e-06,1.000005709133732
-0.2517034068136274,0.5601400069051777,-0.0277696189330963,1.9959507988124526e-05,-0.027730499016290436,-0.027808738849902166,3.9474549142413334e-05,-0.027692250238471213,-0.02784698762772139,1.557560127597644,0.0011195016353543865,1.5597543104835723,1.5553659447117159,0.002214073730980843,1.5618996323694827,1.5532206228258054,3.648838574658285e-06,1.000005709133732
-0.2414829659318639,0.5734783582974986,-0.027670229784134633,1.9921055431839292e-05,-0.027631185232954204,-0.027709274335315063,3.945512033167827e-05,-0.02759289916927885,-0.027747560398990418,1.5519855255150041,0.0011173448838116885,1.554175481245585,1.5497955697844232,0.0022129839954320592,1.5563228944444145,1.5476481565855937,3.648838574658285e-06,1.000005709133732
-0.2312625250501003,0.5871343295979751,-0.027568831167426387,1.9881508229341263e-05,-0.02752986412733854,-0.027607798207514234,3.943516755818546e-05,-0.02749153965928804,-0.027646122675564735,1.5462982151216271,0.0011151267350528826,1.5484838233605285,1.5441126068827258,0.00221186487152538,1.5506333906084862,1.541963039634768,3.648838574658285e-06,1.000005709133732
-0.2210420841683368,0.6011154841405668,-0.027465356869340395,1.9839123521519467e-05,-0.027426472901753374,-0.027504240836927416,3.941381601635276e-05,-0.027388107209455056,-0.027542606529225733,1.5404944825850666,0.0011127494344827108,1.54267543140047,1.5383135337696632,0.0022106672926064377,1.5448273108603758,1.5361616543097574,3.648838574658285e-06,1.000005709133732
-0.2108216432865733,0.6154295653613598,-0.02735974869414637,1.979438805686852e-05,-0.027320952406458897,-0.02739854498183384,3.939131718303791e-05,-0.02728254313116402,-0.027436954257128717,1.5345710637860237,0.0011102402831617028,1.5367470947552062,1.5323950328168412,0.0022094053636698865,1.5389014187260663,1.530240708845981,3.648838574658285e-06,1.000005709133732
-0.2006012024048098,0.6300845010872527,-0.02725193851037997,1.974991805221101e-05,-0.02721322938230002,-0.02729064763845992,3.936898949602147e-05,-0.027174776708860034,-0.027329100311899907,1.5285241373234,0.0011077460211303982,1.5306952796288331,1.5263529950179668,0.002208153034096259,1.5328520377425814,1.5241962369042186,3.648838574658285e-06,1.000005709133732
-0.1903807615230462,0.6450884079267692,-0.027141776524120833,1.970977113593648e-05,-0.02710314608255087,-0.027180406965690795,3.934886464816734e-05,-0.027064654166577884,-0.027218898881663782,1.5223453014600927,0.001105494235242163,1.524512030346284,1.5201785725739014,0.002207024258772871,1.5266709895202937,1.5180196133998918,3.648838574658285e-06,1.000005709133732
-0.1801603206412827,0.6604495957654266,-0.027029170268261928,1.9673403688194946e-05,-0.026990611105579747,-0.02706772943094411,3.9330660858260196e-05,-0.02695208358949158,-0.027106256947032278,1.5160293698419294,0.0011034544345995552,1.5181921007923256,1.5138666388915332,0.0022060032329748996,1.5203530567283392,1.5117056829555195,3.648838574658285e-06,1.000005709133732
-0.1699398797595191,0.6761765723681499,-0.026914049255690495,1.9636993202246e-05,-0.026875561456249437,-0.026952537055131554,3.931246078400402e-05,-0.026836998248410203,-0.026991100262970788,1.5095723889426982,0.0011014122200024748,1.5117311172260353,1.507413660659361,0.002204982415582733,1.5138940750637844,1.505250702821612,3.648838574658285e-06,1.000005709133732
-0.1597194388777557,0.6922780480912811,-0.026796273143021722,1.9598624064253573e-05,-0.026757860545709247,-0.026834685740334197,3.9293309049770006e-05,-0.02671925967245077,-0.026873286613592673,1.5029664870929722,0.0010992601472782765,1.5051209973912778,1.5008119767946666,0.0022039082208777532,1.5072860678311244,1.49864690635482,3.648838574658285e-06,1.000005709133732
-0.1494989979959922,0.7087629407067948,-0.02667569758326452,1.9558612821587026e-05,-0.026637363406546648,-0.026714031759982396,3.927336764747259e-05,-0.026598723197123874,-0.02675267196940517,1.4962035680664978,0.0010970159711380424,1.4983536798603936,1.494053456272602,0.002202789734765946,1.5005209566121536,1.491886179520842,3.648838574658285e-06,1.000005709133732
-0.1392785571142286,0.7256403803413883,-0.02655215085516813,1.951943283686633e-05,-0.026513893469809223,-0.02659040824052704,3.925387024411394e-05,-0.02647521468323586,-0.0266290870271004,1.4892740002520564,0.0010948184191245322,1.4914198049231515,1.4871281955809612,0.0022016961519502696,1.4935892454147792,1.4849587550893335,3.648838574658285e-06,1.000005709133732
-0.1290581162324651,0.742919714533185,-0.02642540484156802,1.9484117524747504e-05,-0.02638721667294897,-0.02646359301018707,3.923632126725148e-05,-0.026348503064998363,-0.026502306618137676,1.4821649888683892,0.0010928376313368972,1.4843069112667595,1.480023066470019,0.002200711853724682,1.48647830484204,1.4778516728947384,3.648838574658285e-06,1.000005709133732
-0.1188376753507016,0.7606105134088513,-0.026295447776800603,1.9450385803404603e-05,-0.02625732572114052,-0.026333569832460685,3.921958157311321e-05,-0.02621857880942857,-0.026372316744172637,1.4748758739954404,0.0010909456650003942,1.4770140882079312,1.4727376597829496,0.002199772947065546,1.4791873497458543,1.4705643982450265,3.648838574658285e-06,1.000005709133732
-0.1086172344689381,0.7787225749839934,-0.026162254381855286,1.9415616052965897e-05,-0.026124200473653814,-0.02620030829005676,3.9202349643675505e-05,-0.026085419188444335,-0.026239089575266238,1.467405237767914,0.001088995477024811,1.4695396296822096,1.4652708458536186,0.0021988064315984664,1.4717148191828222,1.463095656353006,3.648838574658285e-06,1.000005709133732
-0.0983967935871745,0.7972659305897695,-0.02602575481573684,1.9379409639743034e-05,-0.025987771870801295,-0.026063737760672386,3.918443043931816e-05,-0.02594895474332106,-0.02610255488815262,1.4597491628994512,0.0010869647085891647,1.461879574580752,1.4576187512181504,0.0021978013678166214,1.4640567744255446,1.4554415513733578,3.648838574658285e-06,1.000005709133732
-0.0881763527054111,0.8162508504287225,-0.025885848600493956,1.9343600751197738e-05,-0.025847935839690285,-0.025923761361297627,3.916673283400769e-05,-0.0258090832147472,-0.025962613986240713,1.4519020137185275,0.0010849562367715962,1.454028488867402,1.449775538569653,0.002196808733223689,1.4562076797165688,1.447596347720486,3.648838574658285e-06,1.000005709133732
-0.0779559118236474,0.8356878492629152,-0.02574237355428374,1.931084348362957e-05,-0.025704524996544735,-0.025780222112022744,3.91505650906604e-05,-0.025665639856731655,-0.025819107251835824,1.4438546936663272,0.0010831189262209492,1.445977567752694,1.4417318195799604,0.002195901906505914,1.4481585823166616,1.4395508050159929,3.648838574658285e-06,1.000005709133732
-0.067735470941884,0.8555876922375074,-0.025595334349787707,1.9279152823315668e-05,-0.025557547904601564,-0.02563312079497385,3.913494352178828e-05,-0.02551863126994799,-0.025672037429627422,1.4356074648271968,0.0010813414402193913,1.4377268551050175,1.433488074549376,0.0021950257139710305,1.4399096361717194,1.4313052934826742,3.648838574658285e-06,1.000005709133732
-0.0575150300601203,0.875961400843016,-0.025444708527866088,1.9246471947570476e-05,-0.02540698613601939,-0.025482430919712785,3.911885419203144e-05,-0.025368036982533232,-0.025521380073198943,1.4271590674985561,0.001079508414382115,1.429274865111753,1.4250432698853592,0.0021941232853648113,1.431459470115512,1.4228586648816004,3.648838574658285e-06,1.000005709133732
-0.0472945891783569,0.8968202590195415,-0.025290418976656702,1.9213028808596727e-05,-0.02525276213215792,-0.025328075821155482,3.9102411010943635e-05,-0.02521377965936657,-0.025367058293946834,1.418505176581016,0.0010776326342378964,1.4206172977326872,1.4163930554293447,0.0021932010097190802,1.4228037715709223,1.4142065815911096,3.648838574658285e-06,1.000005709133732
-0.0370741482965935,0.918175819406362,-0.025132322658467775,1.9181167745303574e-05,-0.02509472826050556,-0.025169917056429993,3.9086765879799676e-05,-0.025055714005071218,-0.025208931311864333,1.409637769285139,0.001075845590565175,1.411746387895573,1.407529150674705,0.0021923234956084414,1.4139346443789924,1.4053408941912855,3.648838574658285e-06,1.000005709133732
-0.0268537074148298,0.9400399097403379,-0.02497030792029999,1.9151283040380592e-05,-0.02493277209528311,-0.02500784374531687,3.907210914401176e-05,-0.024893727993577707,-0.025046887847022272,1.4005505831461689,0.0010741693981433343,1.402655916479825,1.3984452498125128,0.0021915014192479773,1.4048458469999634,1.3962553192923743,3.648838574658285e-06,1.000005709133732
-0.0166332665330664,0.9624246394066807,-0.024804327072939683,1.912099927521501e-05,-0.024766850603011845,-0.02484180354286752,3.9057274407612866e-05,-0.024727776221766463,-0.024880877924112903,1.391240943341023,0.0010724708229756634,1.3933429475285255,1.3891389391535207,0.0021906693590755272,1.3955345763868465,1.3869473102951997,3.648838574658285e-06,1.000005709133732
-0.0064128256513027,0.9853424061457166,-0.024634252887901036,1.90899591634409e-05,-0.024596837255474353,-0.02467166852032772,3.9042087696877067e-05,-0.024557731802133904,-0.02471077397366817,1.3817017137971077,0.0010707298253562142,1.3838003056919788,1.3796031219022367,0.002189817557141607,1.3859936773418187,1.3774097502523968,3.648838574658285e-06,1.000005709133732
0.0038076152304606,1.0088059029193472,-0.024459886852630654,1.9060039825310818e-05,-0.024422529861029146,-0.024497243844232162,3.9027467109860365e-05,-0.024383394422687506,-0.0245363792825738,1.3719217602155067,0.001069051690404928,1.374017063026312,1.3698264574047014,0.0021889975083165167,1.376212116494055,1.3676314039369584,3.648838574658285e-06,1.000005709133732
0.0140280561122241,1.0328281249410278,-0.024281120596240737,1.9031811159943585e-05,-0.02424381893180668,-0.024318422260674794,3.901368871174003e-05,-0.02420465517146167,-0.024357586021019804,1.3618950042206313,0.0010674683829876666,1.3639872038059222,1.3598028046353403,0.0021882246967202864,1.366183845816284,1.3576061626249785,3.648838574658285e-06,1.000005709133732
0.0242484969939877,1.0574223768731374,-0.02409801533214199,1.90032128096546e-05,-0.024060769719444517,-0.024135260944839466,3.899974574222015e-05,-0.02402157723508102,-0.024174453429202963,1.3516248791893677,0.001065864340446337,1.3537139349090481,1.3495358234696873,0.0021874426545382603,1.3559121880105094,1.347337570368226,3.648838574658285e-06,1.000005709133732
0.0344689378757512,1.0826022801957422,-0.023910551369983955,1.897420201495758e-05,-0.023873362617399252,-0.02394774012256866,3.898561802733437e-05,-0.023834140962735343,-0.023986961777232568,1.34111028071676,0.0010642371644595558,1.34319614723011,1.3390244142034102,0.0021866502502401247,1.3453960364540163,1.3368245249795039,3.648838574658285e-06,1.000005709133732
0.0446893787575148,1.1083817807508276,-0.023718623289848844,1.8946658264505988e-05,-0.023681488522023023,-0.023755758057674665,3.897221998117083e-05,-0.023642239142288177,-0.02379500743740951,1.330345295943111,0.001062692272987647,1.332428134524816,1.3282624573614061,0.0021858987720674385,1.3346295788102136,1.3260610130760084,3.648838574658285e-06,1.000005709133732
0.0549098196392783,1.1347751564661754,-0.023522290363263698,1.8919912803353723e-05,-0.023485208015578487,-0.02355937271094891,3.895922447066043e-05,-0.023445931686435592,-0.023598649040091804,1.3193332493276957,0.0010611921564759534,1.321413147735065,1.3172533509203264,0.002185169871571629,1.323616103576078,1.3150503950793133,3.648838574658285e-06,1.000005709133732
0.0651302605210417,1.1617970252631677,-0.02332166086817922,1.8892641756006343e-05,-0.023284631970764632,-0.02335868976559381,3.8945988026876305e-05,-0.023245328134304216,-0.023397993602054225,1.3080802140333871,0.0010596625605499724,1.3101571144878306,1.3060033135789437,0.0021844274574564404,1.312361613176842,1.3037988148899322,3.648838574658285e-06,1.000005709133732
0.0753507014028054,1.1894623531528963,-0.02311671750292328,1.8865885072805112e-05,-0.02307974104764411,-0.02315369395820245,3.8933015429697824e-05,-0.023040410194871533,-0.02319302481097503,1.296585219632946,0.001058161814608827,1.2986591786793948,1.294511260586497,0.00218369984213823,1.3008651926765826,1.2923052465893092,3.648838574658285e-06,1.000005709133732
0.0855711422845688,1.2177864625250556,-0.022907537608692068,1.884043187019156e-05,-0.02287061104077331,-0.022944464176610824,3.8920687865505766e-05,-0.02283125446222215,-0.022983820755161984,1.2848526040887935,0.001056734179119624,1.2869237650211005,1.2827814431564866,0.0021830084058422476,1.2891312219421924,1.2805739862353946,3.648838574658285e-06,1.000005709133732
0.0957915831663325,1.2467850406342253,-0.022694491746232108,1.8814711607787368e-05,-0.022657615589101336,-0.02273136790336288,3.8908243904769165e-05,-0.02261823298947706,-0.022770750502987155,1.2729031516488178,0.0010552915646102699,1.2749714851086429,1.2708348181889928,0.0021823104410225135,1.2771804015163077,1.268625901781328,3.648838574658285e-06,1.000005709133732
0.1060120240480959,1.2764741482882205,-0.022477834151809,1.8789143741402484e-05,-0.022441008106775507,-0.022514660196842496,3.889588658719431e-05,-0.022401599614951345,-0.02255406868866666,1.2607511220791048,0.0010538574977862064,1.2628166448196032,1.2586855993386064,0.0021816173358997883,1.2650270134855166,1.256475230672693,3.648838574658285e-06,1.000005709133732
0.1162324649298593,1.3068702287433454,-0.02225781522609672,1.8764817356879694e-05,-0.022221036859900765,-0.022294593592292678,3.888414125714816e-05,-0.022181603709662944,-0.0223340267425305,1.2484105600126267,0.0010524930639899562,1.2504734085120253,1.2463477115132282,0.0021809585563245465,1.2526851602347973,1.2441359597904562,3.648838574658285e-06,1.000005709133732
0.126452905811623,1.3379901168114567,-0.02203497069820793,1.8740361449664578e-05,-0.021998240264709326,-0.022071701131706534,3.887234515864553e-05,-0.021958782301702374,-0.022111159094713485,1.2359115137661105,0.001051121365442192,1.2379716737857578,1.2338513537464633,0.0021802969292156844,1.2401848172229766,1.2316382103092445,3.648838574658285e-06,1.000005709133732
0.1366733466933865,1.3698510481838917,-0.0218097277182746,1.8716106119366043e-05,-0.021773044824349812,-0.02184641061219939,3.8860657471794907e-05,-0.021733562229214336,-0.021885893207334865,1.223277941609047,0.0010497609169806655,1.2253354351987067,1.2212204480193871,0.0021796413827688196,1.227549960218487,1.2190059229996069,3.648838574658285e-06,1.000005709133732
0.1468937875751501,1.4024706689774262,-0.021582494433026515,1.8692885471940203e-05,-0.02154585705073438,-0.02161913181531865,3.884947925179784e-05,-0.021506350852874855,-0.021658638013178175,1.2105327359359643,0.0010484585024731193,1.2125876768400965,1.2084777950318322,0.0021790144116243153,1.2148035257045418,1.206261946167387,3.648838574658285e-06,1.000005709133732
0.1571142284569135,1.4358670455075404,-0.021353873082623112,1.866949864875432e-05,-0.021317281537662134,-0.02139046462758409,3.883823181691769e-05,-0.021277751547038735,-0.02142999461820749,1.1977096755776722,0.0010471467673933811,1.1997620455282907,1.1956573056270536,0.002178383558311229,1.2019792288964763,1.193440122258868,3.648838574658285e-06,1.000005709133732
0.167334669338677,1.4700586742944162,-0.021124323661484097,1.864661869757449e-05,-0.021087776960403398,-0.021160870362564796,3.88272386311663e-05,-0.02104822367214787,-0.021200423650820324,1.1848345609950544,0.001045863462074538,1.1868844157134668,1.182784706276642,0.002177766965485707,1.1891029058141274,1.1805662161759813,3.648838574658285e-06,1.000005709133732
0.1775551102204406,1.505064492307198,-0.020894402969791295,1.862438312168811e-05,-0.02085789984963851,-0.02093090608994408,3.8816564988832014e-05,-0.020818323900409625,-0.020970482039172966,1.171938622352426,0.0010446162988888192,1.1739860326759115,1.1698912120289404,0.002177168295415506,1.1762057937997228,1.1676714509051291,3.648838574658285e-06,1.000005709133732
0.1877755511022041,1.5409038874521974,-0.020664803475006897,1.8602025163994995e-05,-0.02062834417564596,-0.020701262774367835,3.880584248628937e-05,-0.020588745421344035,-0.02074086152866976,1.159060699207196,0.0010433622714741398,1.1611056516821132,1.1570157467322786,0.0021765668848427243,1.1633266919114302,1.1547947065029616,3.648838574658285e-06,1.000005709133732
0.1979959919839677,1.5775967093108507,-0.02043610090612398,1.8580503115607283e-05,-0.020399683789202757,-0.020472518023045203,3.8795530243803736e-05,-0.020360063064084992,-0.02051213874816297,1.1462330834149375,0.0010421551290746098,1.1482756699342274,1.1441904968956476,0.0021759884851981185,1.1504979424766997,1.1419682243531752,3.648838574658285e-06,1.000005709133732
0.2082164328657312,1.6151632801333684,-0.02020906217008023,1.8559063386414918e-05,-0.02017268707425606,-0.0202454372659044,3.878526659248026e-05,-0.020133044444428184,-0.020285079895732278,1.1334987897419173,0.001040952603846699,1.13553901935507,1.1314585601287646,0.0021754128109656586,1.1377625205029172,1.1292350589809175,3.648838574658285e-06,1.000005709133732
0.2184368737474946,1.6536244060941794,-0.019984405986618055,1.8537999241953486e-05,-0.019948072175758395,-0.020020739797477715,3.8775191640576916e-05,-0.019908408007508885,-0.020060403965727225,1.1208981302002081,0.0010397711446551226,1.1229360441958962,1.11886021620452,0.002174847720626828,1.1251607534044958,1.1166355069959204,3.648838574658285e-06,1.000005709133732
0.2286573146292583,1.6930013888153899,-0.019762863068633462,1.8517434022409195e-05,-0.019726569564863444,-0.01979915657240348,3.876536383994191e-05,-0.019686884351659585,-0.01983884178560734,1.108472089481544,0.0010386176694830414,1.1105077427074377,1.1064364362556505,0.00217429649266623,1.1127336322988817,1.1042105466642065,3.648838574658285e-06,1.000005709133732
0.2388777555110217,1.7333160371646428,-0.019545191796563777,1.849693469376568e-05,-0.019508938470739607,-0.019581445122387946,3.8755575907657864e-05,-0.01946923226358466,-0.019621151329542893,1.0962632041123923,0.0010374678900418983,1.0982966038119912,1.0942298044127934,0.0021737475008671713,1.100523670925576,1.0920027372992087,3.648838574658285e-06,1.000005709133732
0.2490981963927854,1.7745906793339266,-0.019332074872147467,1.8477094746523906e-05,-0.019295860431905346,-0.019368289312389587,3.874611078728831e-05,-0.019256133890463382,-0.01940801585383155,1.0843097659040102,0.0010363550944060675,1.0863409845642407,1.0822785472437797,0.0021732166151490037,1.0885691922003062,1.0800503396077141,3.648838574658285e-06,1.000005709133732
0.2593186372745488,1.8168481752059913,-0.01912431897237561,1.845726010624943e-05,-0.019088143407314073,-0.019160494537437144,3.873665604435345e-05,-0.019048396521647158,-0.01920024142310406,1.0726570202708263,0.001035242596430809,1.0746860584750924,1.0706279820665603,0.0021726863114870233,1.076915407191044,1.0683986333506086,3.648838574658285e-06,1.000005709133732
0.2695390781563123,1.8601119290152626,-0.018922584241605266,1.8438050126391497e-05,-0.018886446327412394,-0.01895872215579814,3.8727506546795954e-05,-0.018846679723562507,-0.018998488759648026,1.061341993811279,0.0010341651348080639,1.0633689202295697,1.059315067392988,0.0021721731286227777,1.0655993749115653,1.0570846127109925,3.648838574658285e-06,1.000005709133732
0.2797595190380759,1.904405902310225,-0.018727614832965197,1.8418890087637837e-05,-0.018691514471758226,-0.018763715194172168,3.871838817576581e-05,-0.018651728186601255,-0.01880350147932914,1.050406425061463,0.0010330904743138805,1.0524312451838898,1.0483816049390364,0.002171661691603083,1.0546628037636105,1.0461500463593156,3.648838574658285e-06,1.000005709133732
0.2899799599198394,1.9497546272244826,-0.01853996960504586,1.8400283240454315e-05,-0.018503905712589235,-0.018576033497502486,3.870954009282133e-05,-0.018464100300605822,-0.0186158389094859,1.0398816596390323,0.0010320468415818945,1.0419044342788912,1.0378588849991734,0.002171165414674213,1.0441370656562727,1.035626253621792,3.648838574658285e-06,1.000005709133732
0.300200400801603,1.9961832200638372,-0.018360142569181732,1.838176530214165e-05,-0.018324114971217265,-0.0183961701671462,3.870074116204775e-05,-0.01828429051032911,-0.018435994628034354,1.0297954059673184,0.0010310081956274575,1.031816144898514,1.027774667036123,0.002170671894623706,1.0340498447030342,1.0255409672316027,3.648838574658285e-06,1.000005709133732
0.3104208416833665,2.043717395216903,-0.018188391044811555,1.8363757695328893e-05,-0.01815239874110789,-0.01822438334851522,3.869219129955745e-05,-0.018112555743381487,-0.018264226346241624,1.0201620967433926,0.0010299981734722171,1.0221808560675403,1.018143337419245,0.0021701923444741914,1.0244155955780867,1.0159085979086986,3.648838574658285e-06,1.000005709133732
0.3206412825651299,2.0923834793969758,-0.018024835555605512,1.8345854964514493e-05,-0.017988878340609468,-0.018060792770601557,3.868369766772302e-05,-0.017949016901387938,-0.018100654209823087,1.0109884919758656,0.0010289940336689737,1.0130052832221634,1.0089717007295678,0.0021697159482256265,1.01524105709107,1.0067359268606613,3.648838574658285e-06,1.000005709133732
0.3308617234468936,2.142208426223033,-0.017869343400064408,1.8328427850213596e-05,-0.01783342034158475,-0.017905266458544067,3.8675435851833444e-05,-0.017793540938708427,-0.01794514586142039,1.002267148618273,0.0010280165705485917,1.0042820240720587,1.0002522731644874,0.0021692525542178747,1.0065188054979115,0.9980154917386345,3.648838574658285e-06,1.000005709133732
0.341082164328657,2.19321983114794,-0.017721652582432103,1.8311140940615246e-05,-0.017685763405672662,-0.017757541759191545,3.866724651970805e-05,-0.017645866171872145,-0.017797438992992062,0.9939833716852663,0.0010270469713191373,0.9959963467594828,0.9919703966110498,0.002168793225725795,0.9982341282976033,0.9897326150729293,3.648838574658285e-06,1.000005709133732
0.3513026052104206,2.2454459467421484,-0.01758131623026089,1.829424700313104e-05,-0.017545460165010473,-0.017617172295511307,3.8659249142739016e-05,-0.01750554549427176,-0.01765708696625002,0.9861120967095095,0.0010260994133606748,0.9881232146042541,0.9841009788147649,0.0021683446637371573,0.990361974156504,0.981862219262515,3.648838574658285e-06,1.000005709133732
0.3615230460921841,2.2989156983413195,-0.017447842408184182,1.8277588288460116e-05,-0.01741201899341455,-0.017483665822953815,3.8651368727527006e-05,-0.017372087117525054,-0.01752359769884331,0.9786257317058842,0.001025165048729638,0.9806350182796035,0.9766164451321648,0.00216790266197427,0.9828747428453423,0.9743767205664261,3.648838574658285e-06,1.000005709133732
0.3717434869739475,2.3536587000665743,-0.01732066995830485,1.826118473296724e-05,-0.0172848786939132,-0.017356461222696497,3.8643614462422556e-05,-0.01724492986572605,-0.01739641005088365,0.9714928020917551,0.0010242449956295902,0.9735002853945345,0.9694853187889758,0.0021674677357992078,0.9757409607915741,0.9672446433919362,3.648838574658285e-06,1.000005709133732
0.3819639278557112,2.4097052712262164,-0.01719921403499043,1.8245132225821386e-05,-0.01716345423293465,-0.017234973837046214,3.863603138013148e-05,-0.017123488804979815,-0.01727493926500105,0.9646805046716551,0.0010233446323535008,0.9666862232948403,0.9626747860484699,0.002167042411035143,0.9689278297502548,0.9604331795930554,3.648838574658285e-06,1.000005709133732
0.3921843687374746,2.4670864531080188,-0.017083055976923292,1.8229260643410773e-05,-0.017047327282597412,-0.017118784671249172,3.862853886020287e-05,-0.017007345431981888,-0.017158766521864696,0.9581653573021346,0.001022454416899547,0.9601693311350916,0.9561613834691776,0.002166622165790722,0.9624118587151905,0.9539188558890787,3.648838574658285e-06,1.000005709133732
0.4024048096192383,2.5258340261713927,-0.016971842651835215,1.8213710174507773e-05,-0.016936144435868328,-0.017007540867802103,3.8621202844936955e-05,-0.01689614648521952,-0.01704753881845091,0.9519275532749323,0.0010215822122651545,0.9539298176182187,0.9499252889316459,0.002166210698679806,0.95617324822727,0.9476818583225946,3.648838574658285e-06,1.000005709133732
0.4126252505010017,2.585980527648923,-0.016865367779048585,1.819842785352604e-05,-0.016829699515880425,-0.016901036042216745,3.861399807335146e-05,-0.016789685733525718,-0.016941049824571452,0.9459555225876175,0.0010207250476826787,0.9479561069191935,0.9439549382560415,0.0021658065928482836,0.9502004255070795,0.9417106196681555,3.648838574658285e-06,1.000005709133732
0.4228456913827652,2.6475592695670653,-0.01676350676271341,1.8183347972012294e-05,-0.016727868055569906,-0.016799145469856915,3.860689335261362e-05,-0.01668783864218731,-0.01683917488323951,0.9402422768285571,0.001019879237654414,0.9422412034029399,0.9382433502541743,0.002165408098732623,0.9444863987139044,0.9359981549432098,3.648838574658285e-06,1.000005709133732
0.4330661322645288,2.71060435719594,-0.016666159791798967,1.816855892012051e-05,-0.016630550070664538,-0.016701769512933395,3.859993010489383e-05,-0.016590505318987613,-0.01674181426461032,0.9347822177328942,0.0010190497398637848,0.9367795185214821,0.9327849169443062,0.00216501753964598,0.9390255741364978,0.9305388613292905,3.648838574658285e-06,1.000005709133732
0.4432865731462923,2.775150707938475,-0.01657325561391948,1.815402615300381e-05,-0.016537674376485192,-0.016608836851353767,3.85930918226662e-05,-0.016497614543895006,-0.016648896683943953,0.9295713488512953,0.0010182346167373507,0.9315670520279125,0.9275756456746782,0.0021646339897036966,0.9338139535108259,0.9253287441917648,3.648838574658285e-06,1.000005709133732
0.4535070140280559,2.8412340706693446,-0.016484785370788586,1.813969636230781e-05,-0.01644923221922797,-0.0165203385223492,3.8586353222162903e-05,-0.016409157508178406,-0.016560413233398765,0.924609173334536,0.0010174308782820737,0.9266033012127278,0.9226150454563441,0.0021642560307736504,0.928851037208176,0.920367309460896,3.648838574658285e-06,1.000005709133732
0.4637274549098193,2.9088910455344137,-0.01640073618474539,1.8125598270342802e-05,-0.016365210664937277,-0.016436261704553506,3.8579727623800714e-05,-0.016325121308069377,-0.016476351061421406,0.9198949688921446,0.0010166401354932439,0.9218875469429493,0.91790239084134,0.0021638844099798877,0.9241361044024129,0.9156538333818763,3.648838574658285e-06,1.000005709133732
0.4739478957915828,2.9781591042216626,-0.016321048885057313,1.8111757964428973e-05,-0.016285550491750327,-0.0163565472783643,3.857322708085045e-05,-0.01624544674921136,-0.016396651020903267,0.9154254167182706,0.0010158638515731415,0.9174164732805501,0.9134343601559911,0.002163519803373961,0.9196658376127227,0.9111849958238185,3.648838574658285e-06,1.000005709133732
0.4841683366733464,3.0490766107148097,-0.016245641918835818,1.8098139774245192e-05,-0.016210170216691126,-0.01628111362098051,3.856683464010126e-05,-0.016170052311943506,-0.01632123152572813,0.9111959426224008,0.0010151000258220068,0.9131855021137176,0.9092063831310839,0.00216316126007335,0.9154356607848968,0.9069562244599048,3.648838574658285e-06,1.000005709133732
0.4943887775551099,3.1216828425411283,-0.016174410415228088,1.8084738045752485e-05,-0.01613896497998857,-0.016209855850467605,3.856054746826458e-05,-0.016098833130966144,-0.016249987699490032,0.907200664541145,0.0010143483411124894,0.9091887507575034,0.9052125783247866,0.0021628086211627567,0.9114396915440768,0.9029616375382132,3.648838574658285e-06,1.000005709133732
0.5046092184368736,3.1960180125252373,-0.01610732072987694,1.807157628801124e-05,-0.01607190109120857,-0.01614274036854531,3.855437641049597e-05,-0.01603175554066597,-0.016182885919087914,0.9034376954083033,0.0010136101160357876,0.905424334730099,0.9014510560865077,0.0021624624949321937,0.9076760440162891,0.8991993468003175,3.648838574658285e-06,1.000005709133732
0.514829659318637,3.272123291060891,-0.01604448242386528,1.8058693280890584e-05,-0.016009088035426878,-0.01607987681230368,3.8548339443899276e-05,-0.015968929066891412,-0.016120035780839145,0.8999131803558875,0.001012887525701976,0.9018984034266533,0.8979279572851218,0.0021621238896929462,0.9041508653097994,0.8956754954019757,3.648838574658285e-06,1.000005709133732
0.5250501002004004,3.350040828913131,-0.015986125848065996,1.804613774008793e-05,-0.015950756068035376,-0.016021495628096617,3.8542459161333024e-05,-0.01591058401623418,-0.016061667679897813,0.8966400394508187,0.0010121833025082132,0.8986238822694876,0.8946561966321498,0.0021617940726476976,0.9008770779752003,0.8924030009264371,3.648838574658285e-06,1.000005709133732
0.5352705410821641,3.4298137805634057,-0.015932566040055465,1.80339715596422e-05,-0.015897220105300345,-0.015967911974810584,3.853676427883875e-05,-0.01585703536998823,-0.0160080967101227,0.8936359427219449,0.0010115009180068962,0.8956184480915677,0.8916534373523222,0.0021614746544401297,0.8978723551981437,0.8893995302457461,3.648838574658285e-06,1.000005709133732
0.5454909819639275,3.5114863281105926,-0.015884142763790344,1.8022291298692763e-05,-0.015848819721926016,-0.015919465805654672,3.853129967343089e-05,-0.0158086228041529,-0.01595966272342779,0.8909199470671285,0.0010108457880687212,0.8929011684056672,0.8889387257285898,0.0021611681521609,0.8951557588098988,0.8866841353243582,3.648838574658285e-06,1.000005709133732
0.5557114228456912,3.5951037057411823,-0.015841149085850513,1.8011229649478895e-05,-0.015805847724420254,-0.01587645044728077,3.8526127035494574e-05,-0.015765639264397127,-0.0159166589073039,0.88850849019193,0.0010102253552207766,0.8904884955044319,0.8865284848794281,0.0021608780259397406,0.8927437332977559,0.8842732470861041,3.648838574658285e-06,1.000005709133732
0.5659318637274546,3.6807122247821336,-0.015803748848613623,1.800095133744056e-05,-0.015768467632304783,-0.015839030064922464,3.852132292538382e-05,-0.015728248443043033,-0.015879249254184213,0.8864107617922995,0.0010096488586887758,0.8883896371923614,0.8844318863922376,0.0021606085699426986,0.8906454767740758,0.8821760468105232,3.648838574658285e-06,1.000005709133732
0.5761523046092181,3.7683592993503265,-0.015771978802676986,1.799164342121957e-05,-0.01573671582954871,-0.015807241775805263,3.851697423039759e-05,-0.01569648692039195,-0.015847470684962024,0.8846288231592174,0.0010091267903373246,0.8866066753241131,0.8826509709943218,0.0021603646575601063,0.8888630600815084,0.8803945862369265,3.648838574658285e-06,1.000005709133732
0.5863727454909817,3.8580934726127776,-0.015745716425191993,1.7983495548598718e-05,-0.015710469421600603,-0.015780963428783382,3.8513168955764576e-05,-0.01567023200110819,-0.015821200849275796,0.8831558021528763,0.0010086697872524223,0.8851327586081846,0.8811788456975679,0.002160151224885455,0.8873896207548119,0.8789219835509406,3.648838574658285e-06,1.000005709133732
0.5965931863727452,3.949964443672174,-0.015724533264445475,1.79766660458329e-05,-0.01568929964643354,-0.01575976688245741,3.850998043354735e-05,-0.01564905508975038,-0.01580001143914057,0.8819676674998672,0.0010082867297382019,0.8839438731762438,0.8799914618234906,0.002159972385014318,0.8862011355820963,0.8777341994176381,3.648838574658285e-06,1.000005709133732
0.6068136272545088,4.044023095092643,-0.015707622798558776,1.7971231198063394e-05,-0.015672399832652728,-0.015742845764464823,3.8507443717326203e-05,-0.015632149595736115,-0.015783096001381437,0.8810191824858064,0.0010079818965244031,0.8829947907000626,0.8790435742715501,0.0021598301040543022,0.8852523717024782,0.8767859932691345,3.648838574658285e-06,1.000005709133732
0.6170340681362723,4.140321521080947,-0.015693736549385294,1.796711839058721e-05,-0.015658521644433775,-0.015728951454336813,3.8505524462473896e-05,-0.01561826710823302,-0.01576920599053757,0.8802403216708052,0.001007751214751174,0.8822154777570941,0.8782651655845164,0.0021597224556620122,0.8844732999005052,0.8760073434411053,3.648838574658285e-06,1.000005709133732
0.6272545090180357,4.2389130563387765,-0.01568132472314957,1.796402999744222e-05,-0.015646115871337386,-0.015716533574961757,3.8504083479779156e-05,-0.015605858106271481,-0.01575679134002766,0.8795441592314859,0.0010075779909834092,0.8815189758054286,0.8775693426575432,0.0021596416329040446,0.8837769790514911,0.8753113394114806,3.648838574658285e-06,1.000005709133732
0.6374749498997994,4.339852305602068,-0.01566881553859839,1.7961375210060416e-05,-0.01563361189007386,-0.01570401918712292,3.850284496378639e-05,-0.01559335134916704,-0.01574427972802974,0.878842536096771,0.001007429087572703,0.8808170608253916,0.8768680113681504,0.0021595721662278048,0.8830752197645926,0.8746098524289494,3.648838574658285e-06,1.000005709133732
0.6476953907815628,4.443195173883727,-0.01565480043884654,1.795824250783858e-05,-0.015619602930305539,-0.015689997947387537,3.850138367434525e-05,-0.015579339113489864,-0.015730261764203213,0.8780564482282128,0.001007253378569129,0.8800306285735147,0.876082267882911,0.0021594902044920717,0.8822889712539843,0.8738239252024413,3.648838574658285e-06,1.000005709133732
0.6579158316633265,4.5489988974365305,-0.015638205549258728,1.7953466904450513e-05,-0.015603017400728373,-0.01567339369778908,3.8499156416186554e-05,-0.015562748589247827,-0.015713662509269626,0.8771256634592127,0.0010069855214753605,0.8790993188142577,0.8751520081041677,0.0021593652806135622,0.8813579416386815,0.8728933852797439,3.648838574658285e-06,1.000005709133732
0.6681362725450899,4.657322075453299,-0.01561840514408406,1.7946399081559968e-05,-0.015583230848232021,-0.015653579439936102,3.8495860957555096e-05,-0.015542954643053391,-0.015693855645114732,0.8760150856841039,0.0010065890969097315,0.8779879640612777,0.8740422073069302,0.002159180442824507,0.8802470015881632,0.8717831697800447,3.648838574658285e-06,1.000005709133732
0.6783567134268533,4.768224702521965,-0.015595009721933851,1.7938464940861988e-05,-0.015559850976711828,-0.015630168467155876,3.849216277767895e-05,-0.015519566469202547,-0.015670452974665156,0.874702868300161,0.0010061440817574641,0.8766748744636638,0.8727308621366582,0.002158973016948997,0.8789343776569748,0.8704713589433472,3.648838574658285e-06,1.000005709133732
0.688577154308617,4.881768201853454,-0.015568048127092855,1.7931278092564427e-05,-0.015532903467834657,-0.015603192786351052,3.848881402305973e-05,-0.015492611437799998,-0.01564348481638571,0.8731906291440547,0.0010057409812187657,0.8751618452450194,0.8712194130430899,0.0021587851898605312,0.8774217703665398,0.8689594879215695,3.648838574658285e-06,1.000005709133732
0.6987975951903804,4.998015459300811,-0.015537964632806977,1.792583767019419e-05,-0.015502830636580684,-0.015573098629033269,3.848627972468827e-05,-0.015462532910647654,-0.0156133963549663,0.8715032868974295,0.0010054358353331998,0.8734739049234486,0.8695326688714105,0.002158643044514413,0.8757341495201556,0.8672724242747034,3.648838574658285e-06,1.000005709133732
0.7090180360721441,5.117030858188424,-0.01550552626289957,1.7922359919324e-05,-0.01547039908293973,-0.01554065344285941,3.8484660008197935e-05,-0.015430097715326234,-0.015580954810472907,0.86968386288251,0.0010052407730205993,0.8716540985934216,0.8677136271715984,0.0021585521968211325,0.8739145474470292,0.8654531783179907,3.648838574658285e-06,1.000005709133732
0.7192384769539075,5.238880314970591,-0.015471720104255987,1.792024694253647e-05,-0.015436597065654551,-0.015506843142857423,3.8483676037383514e-05,-0.015396293485230009,-0.015547146723281965,0.8677877214591313,0.0010051222590286453,0.869757724886887,0.8658177180313756,0.002158497007237474,0.8720182978540543,0.8635571450642083,3.648838574658285e-06,1.000005709133732
0.729458917835671,5.363631315739237,-0.015437656696400414,1.79184391292684e-05,-0.015402537201047875,-0.015472776191752953,3.8482834247208134e-05,-0.01536223172725286,-0.015513081665547967,0.8658771512776045,0.0010050208612431277,0.8678469559693525,0.8639073465858564,0.002158449792372332,0.8701076351330922,0.8616466674221167,3.648838574658285e-06,1.000005709133732
0.7396793587174346,5.491352953600956,-0.01540443646630736,1.7917159067369575e-05,-0.01536931947983004,-0.01543955345278468,3.8482238239403664e-05,-0.015329012665313639,-0.01547986026730108,0.8640138737890937,0.001004949064313567,0.8659835377614454,0.8620442098167419,0.00215841636310583,0.868244292124423,0.8597834554537643,3.648838574658285e-06,1.000005709133732
0.7498997995991981,5.622115966944088,-0.015373051023594134,1.7916918226006314e-05,-0.015337934509157212,-0.015408167538031056,3.8482126105325775e-05,-0.015297627442379167,-0.0154484746048091,0.8622535070273136,0.0010049355558493206,0.8642231445235621,0.8602838695310652,0.0021584100736580314,0.8664839130355518,0.8580231010190754,3.648838574658285e-06,1.000005709133732
0.7601202404809617,5.755992778617059,-0.015344302509501162,1.7917323471009884e-05,-0.015309185200798629,-0.015379419818203696,3.8482314785282864e-05,-0.015268878558480276,-0.01541972646052205,0.8606410420026127,0.0010049582854899754,0.8626107240481382,0.8586713599570872,0.0021584206564600043,0.8648714687527617,0.8564106152524638,3.648838574658285e-06,1.000005709133732
0.7703406813627252,5.893057536039618,-0.015318889650737244,1.7917885866478905e-05,-0.015283771239759845,-0.015354008061714643,3.8482576639213784e-05,-0.015243465186492083,-0.015394314114982405,0.8592156693450219,0.0010049898294863335,0.8611854132156441,0.8572459254743997,0.00215843534349057,0.8634461248812217,0.8549852138088221,3.648838574658285e-06,1.000005709133732
0.7805611222444886,6.033386152269268,-0.015297450032214381,1.7918949522106795e-05,-0.015262329536510261,-0.0153325705279185,3.8483071899792636e-05,-0.015222024597276323,-0.01537287546715244,0.8580131503244128,0.0010050494884827168,0.8599830111245194,0.8560432895243063,0.002158463121982318,0.8622436603054561,0.8537826403433696,3.648838574658285e-06,1.000005709133732
0.7907815631262523,6.177056348045559,-0.015280443447779745,1.791997705609166e-05,-0.01524532093814602,-0.01531556595741347,3.8483550363235065e-05,-0.01520501707507057,-0.01535586982048892,0.857059274151829,0.0010051071214653095,0.8590292479105057,0.8550893003931523,0.002158489958345548,0.8612898367311776,0.8528287115724804,3.648838574658285e-06,1.000005709133732
0.8010020040080157,6.324147694835562,-0.015268106240129416,1.7920746985837265e-05,-0.015232982221461121,-0.015303230258797712,3.848390888929026e-05,-0.015192679164722087,-0.015343533315536746,0.8563672969673981,0.0010051503057767577,0.8583373553657699,0.8543972385690263,0.002158510067583979,0.8605978989601298,0.8521366949746664,3.648838574658285e-06,1.000005709133732
0.8112224448897793,6.474741658904403,-0.015260430829194207,1.7921099462216024e-05,-0.015225306119684904,-0.01529555553870351,3.848407302772717e-05,-0.015185003432081451,-0.015335858226306962,0.8559367936153567,0.0010051700756970724,0.8579068907620604,0.853966696468653,0.00215851927388549,0.8601674136521078,0.8517061735786056,3.648838574658285e-06,1.000005709133732
0.8214428857715428,6.6289216464351695,-0.015257207981088898,1.792120924629036e-05,-0.015222083056406762,-0.015292332905771033,3.8484124151630646e-05,-0.015181780483775133,-0.015332635478402662,0.8557560284518798,0.0010051762333363702,0.8577261376673347,0.8537859192364249,0.0021585221413556494,0.8599866541087692,0.8515254027949904,3.648838574658285e-06,1.000005709133732
0.8316633266533062,6.786773049723291,-0.015258004543750864,1.7921012282698855e-05,-0.015222880005110274,-0.015293129082391454,3.84840324304177e-05,-0.015182577226207373,-0.015333431861294355,0.8558007065673556,0.001005165185916618,0.8577707941302657,0.8538306190044456,0.0021585169968376607,0.860031322141175,0.8515700909935363,3.648838574658285e-06,1.000005709133732
0.8418837675350699,6.948383294470898,-0.015262221852628108,1.7920641891063727e-05,-0.015227098039941784,-0.015297345665314432,3.848385995006928e-05,-0.015186794873139889,-0.015337648832116328,0.8560372496819293,0.0010051444111539587,0.8580072965270528,0.8540672028368058,0.002158507322649688,0.8602678462946887,0.8518066530691699,3.648838574658285e-06,1.000005709133732
0.8521042084168333,7.113841888207363,-0.01526921665543199,1.7919811676752814e-05,-0.015234094469935814,-0.015304338840928166,3.848347335414365e-05,-0.015193790433657862,-0.015344642877206119,0.8564295786502879,0.0010050978455632981,0.8583995342285308,0.854459623072045,0.002158485639010431,0.8606601327638953,0.8521990245366805,3.648838574658285e-06,1.000005709133732
0.8623246492985968,7.283240469862901,-0.015278379823532914,1.79188442793392e-05,-0.015243259534100826,-0.015313500112965001,3.8483022895505564e-05,-0.015202954484641493,-0.015353805162424334,0.8569435282767073,0.0010050435855591326,0.8589133775072961,0.8549736790461184,0.0021584603733985582,0.8611740328706253,0.8527130236827892,3.648838574658285e-06,1.000005709133732
0.8725450901803604,7.456672860522611,-0.015289185240052116,1.7918154463814725e-05,-0.015254066302633613,-0.015324304177470618,3.84827017016467e-05,-0.01521376053068909,-0.015364609949415142,0.8575495893815767,0.001005004894745301,0.8595193627795639,0.8555798159835895,0.0021584423580722043,0.8617800586661039,0.8533191200970495,3.648838574658285e-06,1.000005709133732
0.8827655310621239,7.63423511538909,-0.015301345428278728,1.7917692607930103e-05,-0.015266227396081125,-0.01533646346047633,3.8482486656413866e-05,-0.015225921140396613,-0.015376769716160843,0.8582316377874797,0.001004978989877383,0.8602013604128588,0.8562619151621006,0.0021584302964778013,0.8624620834317163,0.8540011921432431,3.648838574658285e-06,1.000005709133732
0.8929859719438875,7.816025576982457,-0.015314737713010037,1.7917729520821737e-05,-0.015279619608464495,-0.015349855817555578,3.848250384330683e-05,-0.01523931339144223,-0.015390162034577843,0.8589827928092745,0.0010049810602712314,0.8609525194925509,0.857013066125998,0.0021584312604672343,0.8632132403428956,0.8547523452756534,3.648838574658285e-06,1.000005709133732
0.903206412825651,8.002144929607143,-0.015329206046659435,1.791785666100681e-05,-0.015294087692923711,-0.015364324400395158,3.848256304085246e-05,-0.015253781609066572,-0.015404630484252297,0.8597943019502308,0.0010049881913911562,0.8617640426102455,0.857824561290216,0.0021584345807769928,0.8640247559915395,0.855563847908922,3.648838574658285e-06,1.000005709133732
0.9134268537074144,8.192696255115719,-0.015344532638755983,1.791748793838127e-05,-0.015309415007703326,-0.01537965026980864,3.848239136138549e-05,-0.015269108537648693,-0.015419956739863273,0.8606539496392772,0.0010049675102409732,0.8626236497649824,0.858684249513572,0.00215842495150937,0.8648843848075682,0.8564235144709862,3.648838574658285e-06,1.000005709133732
0.9236472945891778,8.387785090000587,-0.015360394728966657,1.7916355286828694e-05,-0.01532527931787025,-0.015395510140063065,3.8481864009331365e-05,-0.0152849716614504,-0.015435817796482915,0.8615436326886567,0.0010049039813570875,0.8635132083000375,0.859574057077276,0.0021583953730504543,0.8657740098842335,0.85731325549308,3.648838574658285e-06,1.000005709133732
0.9338677354709416,8.587519483845169,-0.015376154727364479,1.79145187221271e-05,-0.015341042915868741,-0.015411266538860217,3.848100897734154e-05,-0.015300733335680126,-0.015451576119048831,0.8624275895472147,0.0010048009709427979,0.8643969632618934,0.8604582158325359,0.002158347415469964,0.8666578727476609,0.8581973063467684,3.648838574658285e-06,1.000005709133732
0.9440881763527053,8.792010059166936,-0.01539073115764303,1.7912264646477568e-05,-0.015355623764054385,-0.015425838551231676,3.847995966258603e-05,-0.015315311822577808,-0.015466150492708252,0.8632451616809654,0.00100467454290773,0.8652142876012489,0.861276035760682,0.0021582885608335926,0.8674753295284441,0.8590149938334868,3.648838574658285e-06,1.000005709133732
0.9543086172344686,9.001370072685514,-0.015402575699573593,1.790999152770913e-05,-0.015367472761215866,-0.01543767863793132,3.847890158764165e-05,-0.015327158438297154,-0.015477992960850033,0.8639095059157621,0.0010045470467700429,0.8658783819482074,0.8619406298833168,0.002158229214850151,0.8681395574472506,0.8596794543842736,3.648838574658285e-06,1.000005709133732
0.964529058116232,9.215715478049708,-0.015409794643206456,1.7908147610363462e-05,-0.015374695318860317,-0.015444893967552595,3.8478043371556265e-05,-0.015334379064002635,-0.015485210222410277,0.8643144066381311,0.0010044436239559555,0.8662830799655856,0.8623457333106765,0.002158181078678075,0.8685443638244559,0.8600844494518063,3.648838574658285e-06,1.000005709133732
0.9747494989979956,9.435164990058185,-0.015410554099733758,1.7907051538018583e-05,-0.015375456923649939,-0.015445651275817577,3.847753325843604e-05,-0.015335139520333281,-0.015485968679134234,0.8643570035210202,0.00100438214675004,0.8663255563553652,0.8623884506866751,0.0021581524671274973,0.8685869046297363,0.8601271024123041,3.648838574658285e-06,1.000005709133732
0.9849699398797592,9.65984015040946,-0.015403591022184722,1.7906840393525926e-05,-0.015368494259936505,-0.01543868778443294,3.847743499439652e-05,-0.015328176635378225,-0.01547900540899122,0.8639664539790234,0.0010043703039428443,0.8659349836018929,0.8619979243561539,0.0021581469556312717,0.8681963442854055,0.8597365636726413,3.648838574658285e-06,1.000005709133732
0.9951903807615228,9.889865395017523,-0.01538866830536295,1.7907345683279978e-05,-0.015353570552765011,-0.015423766057960888,3.8477670151521445e-05,-0.015313253457656956,-0.015464083153068943,0.863129459104408,0.0010043986449573784,0.8650980442746453,0.8611608739341706,0.0021581601452743265,0.8673593752620153,0.8588995429468006,3.648838574658285e-06,1.000005709133732
1.0054108216432862,10.125368122930446,-0.015366476336517925,1.790806973713282e-05,-0.015331377164800514,-0.015401575508235336,3.847800712847289e-05,-0.015291060828349242,-0.015441891844686608,0.8618847417782836,0.001004439256152445,0.8638534065450005,0.8599160770115666,0.0021581790458528602,0.8661146949803442,0.8576547885762229,3.648838574658285e-06,1.000005709133732
1.0156312625250496,10.36647876689011,-0.015338264554672368,1.7908719399772638e-05,-0.01530316410963958,-0.015373364999705156,3.847830949260364e-05,-0.01526284845388088,-0.015413680655463856,0.8603023813347719,0.0010044756948456302,0.8622711175200152,0.8583336451495286,0.0021581960050453936,0.8645323677762391,0.8560723948933047,3.648838574658285e-06,1.000005709133732
1.025851703406813,10.613330865572118,-0.015305370154176864,1.790949484609264e-05,-0.015270268189297217,-0.015340472119056512,3.847867040986496e-05,-0.015229953346000542,-0.015380786962353187,0.8584573791848878,0.0010045191885742276,0.8604262006162727,0.856488557753503,0.002158216248403322,0.8626874053026075,0.8542273530671682,3.648838574658285e-06,1.000005709133732
1.036072144288577,10.866061137545968,-0.015268946500425052,1.791017711770567e-05,-0.015233843198317616,-0.015304049802532489,3.8478987970792396e-05,-0.015193529069840749,-0.015344363931009356,0.8564144260236678,0.0010045574562603347,0.8583833224583393,0.8544455295889963,0.002158234059963497,0.860644487051404,0.8521843649959316,3.648838574658285e-06,1.000005709133732
1.0462925851703404,11.124809556996311,-0.01523002441873089,1.791083244420418e-05,-0.015194919832207119,-0.015265129005254662,3.847929299913338e-05,-0.015154606390302024,-0.015305442447159756,0.8542313394398734,0.0010045942126316446,0.8562003079157088,0.852262370964038,0.0021582511685879564,0.8584614339998973,0.8500012448798495,3.648838574658285e-06,1.000005709133732
1.0565130260521038,11.389719431247471,-0.015189317184061513,1.7911439856577663e-05,-0.015154211407031366,-0.01522442296109166,3.8479575733167814e-05,-0.015113898601484124,-0.015264735766638903,0.8519481260555437,0.0010046282815648995,0.8539171613052613,0.8499790908058261,0.0021582670267551065,0.856178251697004,0.8477180004140834,3.648838574658285e-06,1.000005709133732
1.0667334669338673,11.660937480133882,-0.015147355195096695,1.7912157451493897e-05,-0.015112248011606357,-0.015182462378587034,3.847990976387427e-05,-0.015071935957831151,-0.01522277443236224,0.8495945352106798,0.0010046685304870033,0.8515636493468351,0.8476254210745245,0.002158285762082769,0.8538246975727076,0.8453643728486521,3.648838574658285e-06,1.000005709133732
1.0769539078156307,11.93861391726061,-0.015104700504130647,1.7912901386294555e-05,-0.015069591862554892,-0.015139809145706402,3.848025606650652e-05,-0.015029280588124416,-0.015180120420136878,0.847202091653432,0.0010047102567773724,0.8491712875716136,0.8452328957352503,0.0021583051857260453,0.8514322920851011,0.8429718912217629,3.648838574658285e-06,1.000005709133732
1.0871743486973946,12.222902533198889,-0.01506203200303258,1.7913902312677256e-05,-0.015026921399677165,-0.015097142606387996,3.848072201683515e-05,-0.014986611173780487,-0.015137452832284674,0.8448088735046766,0.0010047663973757764,0.8467781794564092,0.842839567552944,0.0021583313202457543,0.8490391251590631,0.8405786218502901,3.648838574658285e-06,1.000005709133732
1.097394789579158,12.513960780662677,-0.015019891319630458,1.7915216651059892e-05,-0.014984778140219148,-0.015055004499041768,3.8481333897400336e-05,-0.014944469291114494,-0.015095313348146422,0.8424452599320527,0.001004840116826659,0.8444147103712539,0.8404758094928514,0.0021583656397937997,0.8466755788515172,0.8382149410125881,3.648838574658285e-06,1.000005709133732
1.1076152304609217,12.811949861713638,-0.014978619866521204,1.7916561506839078e-05,-0.014943504051241003,-0.015013735681801406,3.848196002151068e-05,-0.014903196610824532,-0.015054043122217876,0.8401304003034109,0.0010049155479567755,0.8420999985849105,0.8381608020219113,0.002158400758242906,0.8443607880537709,0.8359000125530509,3.648838574658285e-06,1.000005709133732
1.117835671342685,13.117034817042512,-0.014938664053632129,1.791778634224356e-05,-0.014903545837718649,-0.01497378226954561,3.848253029980081e-05,-0.014863239680210548,-0.01501408842705371,0.8378893331439475,0.0010049842473074393,0.8398590660737002,0.8359196002141949,0.0021584327443759706,0.8421197835859764,0.8336588827019187,3.648838574658285e-06,1.000005709133732
1.1280561122244483,13.429384617376673,-0.014900515969343915,1.791882640617306e-05,-0.014865395714942591,-0.01493563622374524,3.8483014573229095e-05,-0.014825090646763857,-0.014975941291923974,0.8357496590211334,0.0010050425830775717,0.8377195062868945,0.8337798117553723,0.0021584599066133987,0.8399801627001694,0.8315191553420974,3.648838574658285e-06,1.000005709133732
1.1382765531062122,13.74917225706419,-0.014864853657876776,1.791960145108173e-05,-0.014829731884415345,-0.014899975431338208,3.8483375463106255e-05,-0.014789427627965555,-0.014940279687787997,0.8337494085123667,0.0010050860542915538,0.8357193409801416,0.8317794760445918,0.0021584801484353868,0.8379799518646447,0.8295188651600887,3.648838574658285e-06,1.000005709133732
1.1484969939879757,14.076574849886402,-0.014832525797546793,1.791991416238539e-05,-0.014797403411182469,-0.014867648183911118,3.848352107663823e-05,-0.014757099482238294,-0.014907952112855293,0.8319361828292257,0.0010051035938429319,0.8339061496738895,0.8299662159845618,0.002158488315700195,0.8361667421890485,0.8277056234694028,3.648838574658285e-06,1.000005709133732
1.158717434869739,14.411773727152124,-0.014804487853438335,1.7919714599152925e-05,-0.014769365858210759,-0.014839609848665912,3.848342815009979e-05,-0.014729061720262506,-0.014879913986614165,0.8303635727077704,0.0010050924006128567,0.8323335176141065,0.8283936278014343,0.0021584831035771396,0.8345941218520199,0.8261330235635209,3.648838574658285e-06,1.000005709133732
1.1689378757515023,14.754954538127595,-0.01478168109123783,1.7919375621897802e-05,-0.014746559760393465,-0.014816802422082194,3.848327030733567e-05,-0.014706255267428131,-0.014857106915047527,0.8290843724591572,0.0010050733878400125,0.8310542801011434,0.8271144648171711,0.0021584742503913466,0.8333149042514814,0.8248538406668331,3.648838574658285e-06,1.000005709133732
1.179158316633266,15.106307352858021,-0.014764882622845525,1.7918947641815957e-05,-0.014729762130826708,-0.014800003114864343,3.84830710242691e-05,-0.01468945718962346,-0.01484030805606759,0.8281421692321126,0.001005049383019763,0.8301120298255156,0.8261723086387096,0.0021584630728753947,0.832372679116908,0.8239116593473171,3.648838574658285e-06,1.000005709133732
1.18937875751503,15.466026767437457,-0.01475465758072044,1.791855604149895e-05,-0.01471953785622414,-0.01478977730521674,3.84828886842079e-05,-0.014679232504878329,-0.01483008265656255,0.8275686605370379,0.0010050274186910052,0.8295384780811476,0.8255988429929283,0.002158452845669553,0.8317991503768782,0.8233381706971976,3.648838574658285e-06,1.000005709133732
1.1995991983967933,15.834312011785466,-0.014751308698177812,1.7918243357080608e-05,-0.01471618958653171,-0.014786427809823914,3.8482743091837434e-05,-0.014675883907691503,-0.014826733488664121,0.8273808262735225,0.001005009880647588,0.8293506094436986,0.8254110431033463,0.002158444679591665,0.8316113001081442,0.8231503524389008,3.648838574658285e-06,1.000005709133732
1.2098196392785567,16.211367059990366,-0.014754830470256412,1.7918027264152077e-05,-0.014719711782144667,-0.014789949158368157,3.848264247563692e-05,-0.014679405876974232,-0.014830255063538592,0.8275783576757837,0.0010049977602893596,0.8295481170904943,0.8256085982610731,0.002158439036165931,0.8318088204494942,0.8233478949020732,3.648838574658285e-06,1.000005709133732
1.2200400801603202,16.597400743279756,-0.014764841576041705,1.791766351793203e-05,-0.01472972360085945,-0.014799959551223959,3.84824731119328e-05,-0.014689417314706285,-0.014840265837377124,0.8281398669727568,0.001004977358258987,0.8301095864002226,0.826170147545291,0.002158429536786294,0.8323703111280254,0.8239094228174881,3.648838574658285e-06,1.000005709133732
1.2302605210420836,16.992626865681363,-0.014780772847007871,1.7917001914550368e-05,-0.014745656168544417,-0.014815889525471325,3.848216507000093e-05,-0.014705349189423544,-0.014856196504592198,0.8290334302765471,0.0010049402498258449,0.8310030769728204,0.8270637835802738,0.0021584122591336245,0.8332638405682388,0.8248030199848554,3.648838574658285e-06,1.000005709133732
1.2404809619238475,17.39726432243801,-0.014801835999214225,1.7916112090239982e-05,-0.014766721064774372,-0.014836950933654077,3.8481750782661145e-05,-0.014726413153618162,-0.014877258844810287,0.8302148338138868,0.0010048903407914515,0.8321843826902503,0.8282452849375234,0.0021583890223206394,0.834445198562262,0.8259844690655117,3.648838574658285e-06,1.000005709133732
1.250701402805611,17.811537221242236,-0.014827273300834961,1.791519085409702e-05,-0.01479216017198477,-0.014862386429685152,3.8481321887475746e-05,-0.014751851295858017,-0.014902695305811906,0.8316415774380463,0.0010048386699101246,0.8336110250413433,0.8296721298347494,0.0021583649661734766,0.8358718950372394,0.8274112598388533,3.648838574658285e-06,1.000005709133732
1.2609218436873744,18.235675006358072,-0.014856531173230771,1.7914460393530684e-05,-0.014821419476056981,-0.014891642870404561,3.8480981822975586e-05,-0.014781109834767998,-0.014931952511693544,0.8332826116766451,0.0010047976993712185,0.8352519789791614,0.8313132443741288,0.0021583458924185387,0.8375128918919654,0.8290523314613247,3.648838574658285e-06,1.000005709133732
1.2711422845691378,18.6699125856982,-0.014889478126702684,1.7914060753862463e-05,-0.01485436721280825,-0.014924589040597118,3.848079577609945e-05,-0.014814057152885089,-0.01496489910052028,0.835130561451444,0.0010047752841261938,0.8370998848208874,0.8331612380820007,0.0021583354573024923,0.8393608212143128,0.8309003016885753,3.648838574658285e-06,1.000005709133732
1.2813627254509012,19.114490460927296,-0.014926588753466535,1.7913940606827218e-05,-0.014891478075055965,-0.014961699431877105,3.848073984389764e-05,-0.01485116788927404,-0.01500200961765903,0.8372120459938424,0.001004768545242524,0.8391813561553164,0.8352427358323683,0.002158332320141424,0.8414422996079883,0.8329817923796964,3.648838574658285e-06,1.000005709133732
1.2915831663326651,19.569654860663444,-0.01496861268059898,1.791391644525217e-05,-0.014933502049544226,-0.015003723311653732,3.848072859596443e-05,-0.014893191838452028,-0.01504403352274593,0.8395691108662218,0.001004767190052667,0.8415384183715725,0.837599803360871,0.00215833168926016,0.8437993632438632,0.8353388584885804,3.648838574658285e-06,1.000005709133732
1.3018036072144286,20.035657876851307,-0.015016390484571797,1.791403203935488e-05,-0.014981279626956764,-0.01505150134218683,3.848078240857157e-05,-0.014940969536954073,-0.01509181143218952,0.8422489028587415,0.001004773673568548,0.8442182230715499,0.8402795826459332,0.0021583347075360484,0.846479161152095,0.8380186445653881,3.648838574658285e-06,1.000005709133732
1.312024048096192,20.512757604382895,-0.015070447958426143,1.791429258994117e-05,-0.015035336590141345,-0.01510555932671094,3.8480903703873945e-05,-0.014995026773073995,-0.01514586914377829,0.8452809129874017,0.001004788287496287,0.8472502618429821,0.8433115641318213,0.0021583415108244585,0.8495111846149555,0.841050641359848,3.648838574658285e-06,1.000005709133732
1.3222444889779554,21.001218284042853,-0.015131049538590275,1.7914711845958435e-05,-0.015095937348578784,-0.015166161728601767,3.848109888493988e-05,-0.015055627970690268,-0.015206471106490283,0.8486799731315281,0.001004811802995629,0.8506493680766403,0.8467105781864159,0.0021583524582647782,0.8529102662156706,0.8444496800473856,3.648838574658285e-06,1.000005709133732
1.3324649298597189,21.50131044885775,-0.015197844891133988,1.791514254860527e-05,-0.01516273185696082,-0.015232957925307156,3.8481299398612374e-05,-0.015122422930234405,-0.015273266852033571,0.8524264335378292,0.0010048359605208431,0.8543958758308208,0.8504569912448376,0.002158363704803741,0.856656748664783,0.8481961184108754,3.648838574658285e-06,1.000005709133732
1.3426853707414828,22.0133110739303,-0.015269737764350776,1.791557691437219e-05,-0.015234623878836348,-0.015304851649865203,3.848150162147501e-05,-0.015194315407101665,-0.015345160121599886,0.85645880694024,0.0010048603235054767,0.858428296983804,0.8544893168966761,0.0021583750472088524,0.8606891442978993,0.8522284695825807,3.648838574658285e-06,1.000005709133732
1.3529058116232462,22.537503729841415,-0.015345084779036764,1.7916072212867385e-05,-0.015309969922755125,-0.015380199635318403,3.8481732216799664e-05,-0.015269661969829122,-0.015420507588244406,0.8606849184360856,0.0010048881041239011,0.8626544629286612,0.85871537394351,0.0021583879809867396,0.8649152811434838,0.8564545557286874,3.648838574658285e-06,1.000005709133732
1.3631262525050096,23.074178739705363,-0.015421955444096158,1.7916657847706843e-05,-0.015386839439991326,-0.015457071448200991,3.848200487631321e-05,-0.01534653210048569,-0.015497378787706627,0.864996489407473,0.0010049209515849149,0.8669660982798891,0.8630268805350568,0.002158403274087726,0.8692268820887983,0.8607660967261477,3.648838574658285e-06,1.000005709133732
1.373346693386773,23.623633339964602,-0.015498631469363025,1.7917202952031775e-05,-0.015463514396873348,-0.015533748541852702,3.848225867192692e-05,-0.015423207628322293,-0.015574055310403756,0.8692971432978296,0.0010049515257445367,0.8712668120944974,0.8673274745011618,0.0021584175091382478,0.8735275638793412,0.865066722716318,3.648838574658285e-06,1.000005709133732
1.3835671342685365,24.186171845013636,-0.01557368043459566,1.791750677213378e-05,-0.015538562766629524,-0.015608798102561794,3.848240013042661e-05,-0.015498256316301364,-0.015649104552889957,0.8735065376055238,0.0010049685666005163,0.8754762398016557,0.8715368354093919,0.0021584254433529505,0.8777369737378105,0.8692761014732371,3.648838574658285e-06,1.000005709133732
1.3937875751503004,24.762105815742988,-0.015645750618567367,1.7917494154731706e-05,-0.015610632975330887,-0.01568086826180385,3.848239425573262e-05,-0.01557032651178726,-0.015721174725347474,0.8775488561268332,0.0010049678589076079,0.8795185569359124,0.875579155317754,0.0021584251138493608,0.8817792916133047,0.8733184206403617,3.648838574658285e-06,1.000005709133732
1.4040080160320638,25.35175423209653,-0.01571316229118471,1.791703565670773e-05,-0.015678045546587843,-0.01574827903578158,3.8482180780103075e-05,-0.015637738602809148,-0.015788585979560274,0.8813298850871658,0.0010049421423775234,0.8832995354927723,0.8793602346815593,0.00215841314029187,0.8855602971058959,0.8770994730684357,3.648838574658285e-06,1.000005709133732
1.4142284569138273,25.955443669738056,-0.0157737182709539,1.7916194834083897e-05,-0.015738603174339092,-0.01580883336756871,3.848178930613353e-05,-0.01569829534985322,-0.01584914119205458,0.8847263875672086,0.0010048949817810305,0.8866959455397444,0.8827568295946727,0.0021583911830497693,0.8889567565505349,0.8804960185838823,3.648838574658285e-06,1.000005709133732
1.4244488977955907,26.573508480924513,-0.015824676415347617,1.7915192164224346e-05,-0.015789563283929622,-0.01585978954676561,3.848132249741273e-05,-0.015749254409175215,-0.015900098421520018,0.8875845605250455,0.0010048387433933832,0.8895540082723671,0.885615112777724,0.0021583650003840125,0.89181487819129,0.883354242858801,3.648838574658285e-06,1.000005709133732
1.434669338677354,27.206290979686358,-0.015862916732891124,1.7914293019056445e-05,-0.015827805363765275,-0.015898028102016973,3.8480903903643074e-05,-0.015787495547147437,-0.01593833791863481,0.8897294078856067,0.0010047883115647787,0.8916987567883605,0.8877600589828529,0.002158341522029237,0.8939596795351213,0.8854991362360921,3.648838574658285e-06,1.000005709133732
1.444889779559118,27.85414163141766,-0.015885296405941593,1.7913695069363735e-05,-0.015850186208775607,-0.01592040660310758,3.848062553944445e-05,-0.01580987576578171,-0.015960717046101476,0.8909846532851227,0.0010047547733804082,0.8929539364542429,0.8890153701160024,0.002158325908960229,0.8952148943335844,0.886754412236661,3.648838574658285e-06,1.000005709133732
1.4551102204408817,28.51741924698045,-0.015889648464412473,1.7913442829247256e-05,-0.015854538761628033,-0.015924758167196913,3.8480508115999563e-05,-0.015814228054398312,-0.015965068874426634,0.8912287543209901,0.0010047406255756092,0.8931980097609226,0.8892594988810577,0.002158319322839035,0.8954589824608915,0.8869985261810888,3.648838574658285e-06,1.000005709133732
1.465330661322645,29.19649118143166,-0.015875613698803154,1.7913468481476407e-05,-0.01584050394574127,-0.01591072345186504,3.848052005762977e-05,-0.01580019326538383,-0.01595103413222248,0.8904415634212548,0.001004742064374226,0.8924108216811807,0.8884723051613289,0.0021583199926288195,0.8946717928739201,0.8862113339685895,3.648838574658285e-06,1.000005709133732
1.4755511022044083,29.891733537482033,-0.01584407306180443,1.791375697966109e-05,-0.01580896274329649,-0.01587918338031237,3.8480654360277644e-05,-0.015768652365156753,-0.015919493758452107,0.8886724920232425,0.0010047582458447182,0.8906417819982678,0.8867032020482172,0.0021583275254815335,0.8929027362400278,0.8844422478064572,3.648838574658285e-06,1.000005709133732
1.4857715430861718,30.60353137379975,-0.01579682198407357,1.7914172875535578e-05,-0.015761710850424698,-0.015831933117722446,3.84808479725093e-05,-0.015721400907952893,-0.01587224306019425,0.8860222433886855,0.0010047815728782253,0.8879915790838564,0.8840529076935146,0.0021583383849280735,0.8902525088895948,0.8817919778877762,3.648838574658285e-06,1.000005709133732
1.4959919839679356,31.332278918274582,-0.01573627021554036,1.7914668453552833e-05,-0.01570115811057642,-0.0157713823205043,3.848107868380926e-05,-0.01566084868723384,-0.01581169174384688,0.8826259771111369,0.001004809369174662,0.8845953672860476,0.8806565869362262,0.002158351325210858,0.8868562679745344,0.8783956862477393,3.648838574658285e-06,1.000005709133732
1.506212424849699,32.07837978636012,-0.015665271870110485,1.791520105287622e-05,-0.015630158721271055,-0.015700385018949915,3.84813266355745e-05,-0.015589849855827438,-0.015740693884393534,0.8786437765547158,0.0010048392419457679,0.8806132252791821,0.8766743278302496,0.002158365232487873,0.8828740946758755,0.8744134584335561,3.648838574658285e-06,1.000005709133732
1.5164328657314623,32.842247204615575,-0.015586901925883209,1.7915644036626686e-05,-0.01555178790881158,-0.015622015942954837,3.848153287118271e-05,-0.015511479507385796,-0.01566232434438062,0.874248113055532,0.0010048640883013684,0.8762176104779603,0.8722786156331036,0.002158376799962422,0.8784784538485251,0.8700177722625388,3.648838574658285e-06,1.000005709133732
1.526653306613226,33.62430423957054,-0.015504317289685399,1.7915783402025112e-05,-0.01546920299946261,-0.015539431579908189,3.848159775499293e-05,-0.015428894744018056,-0.015579739835352742,0.8696160532205098,0.0010048719051168702,0.871585565963615,0.8676465404774046,0.002158380439207021,0.8738464011462913,0.8653857052947284,3.648838574658285e-06,1.000005709133732
1.5368737474949894,34.42498403203942,-0.015420679532419747,1.79155981523726e-05,-0.015385565605279605,-0.015455793459559889,3.848151150911428e-05,-0.01534525715579122,-0.015496101909048274,0.8649249252582384,0.0010048615147160117,0.8668944176365322,0.8629554328799446,0.0021583756017930803,0.8691552637028628,0.860694586813614,3.648838574658285e-06,1.000005709133732
1.5470941883767533,35.24473003701584,-0.01533902821600245,1.791524552882677e-05,-0.015303914979991756,-0.015374141452013143,3.848134734162703e-05,-0.015263606161136284,-0.015414450270868615,0.8603452140593256,0.0010048417365412963,0.8623146676731093,0.858375760445542,0.0021583663938621756,0.8645755344567371,0.8561148936619142,3.648838574658285e-06,1.000005709133732
1.5573146292585167,36.08399626927919,-0.015262197798619787,1.7914974815493187e-05,-0.015227085093197477,-0.015297310504042096,3.848122130999162e-05,-0.015186775990771088,-0.015337619606468485,0.8560359005253434,0.0010048265525988947,0.8580053243791468,0.85406647667154,0.0021583593249192923,0.8602662070678814,0.8518055939828054,3.648838574658285e-06,1.000005709133732
1.5675350701402802,36.94324755485002,-0.015192611734498419,1.7914990731191935e-05,-0.015157498997881914,-0.015227724471114923,3.848122871956522e-05,-0.015117189912127222,-0.015268033556869615,0.8521329129052029,0.001004827445288774,0.8541023385086463,0.8501634873017595,0.00215835974051219,0.856363220262288,0.8479026055481178,3.648838574658285e-06,1.000005709133732
1.5777555110220436,37.82295978843295,-0.0151320209309874,1.7915343307004868e-05,-0.015096907503335,-0.015167134358639799,3.848139286300124e-05,-0.015056598786900981,-0.015207443075073818,0.8487344572088811,0.001004847220786216,0.8507039215715873,0.8467649928461749,0.002158368947094094,0.8529647826105351,0.844504131807227,3.648838574658285e-06,1.000005709133732
1.587975951903807,38.72362019699008,-0.015081556968036793,1.791586740452453e-05,-0.01504644251317213,-0.015116671422901455,3.848163686390306e-05,-0.015006134345717393,-0.015156979590356192,0.8459040022155375,0.0010048766167027234,0.8478735241931813,0.8439344802378937,0.0021583826327725574,0.8501343544406285,0.8416736499904466,3.648838574658285e-06,1.000005709133732
1.598196392785571,39.6457276095908,-0.015041974884595367,1.7916397662969854e-05,-0.015006859390443248,-0.015077090378747486,3.848188373879935e-05,-0.014966551778410064,-0.01511739799078067,0.8436838970320943,0.0010049063581771653,0.845653477301957,0.8417143167622317,0.002158396479649459,0.8479142763965654,0.8394535176676233,3.648838574658285e-06,1.000005709133732
1.6084168336673343,40.58979273368708,-0.015013682747124587,1.7916821224965596e-05,-0.01497856642280621,-0.015048799071442963,3.848208094264363e-05,-0.01493825925442685,-0.015089106239822323,0.8420970295509393,0.0010049301151929789,0.8440666563836973,0.8401274027181814,0.0021584075405446626,0.8463274305943665,0.8378666285075121,3.648838574658285e-06,1.000005709133732
1.6186372745490978,41.55633843796817,-0.014996569878159945,1.7917001481225144e-05,-0.014961453200545793,-0.015031686555774098,3.848216486824802e-05,-0.014921146220971047,-0.015071993535348844,0.8411371920237357,0.0010049402255212227,0.8431068386723729,0.8391675453750985,0.0021584122478175783,0.8453676022932483,0.8369067817542232,3.648838574658285e-06,1.000005709133732
1.6288577154308612,42.54590004195022,-0.014989731235848602,1.7916817514960627e-05,-0.014954614918801703,-0.015024847552895501,3.848207921530745e-05,-0.014914307746536381,-0.015065154725160823,0.8407536218848471,0.0010049299071038498,0.8427232483097579,0.8387839954599364,0.0021584074436607277,0.8449840227383854,0.8365232210313089,3.648838574658285e-06,1.000005709133732
1.6390781563126249,43.55902561246206,-0.01499132219729167,1.7916338093273524e-05,-0.014956206819894012,-0.01502643757468933,3.8481856004372785e-05,-0.014915899145464843,-0.015066745249118498,0.8408428567466665,0.0010049030169939808,0.8428124304679303,0.8388732830254026,0.0021583949240632236,0.8450732330622445,0.8366124804310885,3.648838574658285e-06,1.000005709133732
1.6492985971943883,44.59627626719089,-0.014998619089349064,1.7915751332004692e-05,-0.01496350486198236,-0.015033733316715769,3.848158282424238e-05,-0.014923196572945455,-0.015074041605752674,0.8412521294900686,0.0010048701063530767,0.8432216387076615,0.8392826202724756,0.0021583796017615457,0.8454824757744871,0.83702178320565,3.648838574658285e-06,1.000005709133732
1.659519038076152,45.658226485456424,-0.015008568294932256,1.7915254570424928e-05,-0.014973455041200356,-0.015043681548664155,3.848135155100363e-05,-0.014933146231815865,-0.015083990358048647,0.8418101668889607,0.0010048422436722301,0.8437796214967027,0.8398407122812187,0.0021583666299603795,0.8460404877491161,0.8375798460288053,3.648838574658285e-06,1.000005709133732
1.6697394789579154,46.74546442638496,-0.015018208852757203,1.7914948172691188e-05,-0.014983096199553826,-0.01505332150596058,3.848120890641313e-05,-0.014942787069219072,-0.015093630636295334,0.842350892655206,0.0010048250582403951,0.8443203135801206,0.8403814717302914,0.002158358629219458,0.8465811978341974,0.8381205874762147,3.648838574658285e-06,1.000005709133732
1.6799599198396789,47.85859225466043,-0.015025149221055559,1.7914790131757912e-05,-0.01499003687760672,-0.015060261564504398,3.848113533062309e-05,-0.014949727581723325,-0.015100570860387793,0.8427401684662427,0.0010048161939395636,0.8447095720174468,0.8407707649150385,0.002158354502453542,0.8469704655569215,0.8385098713755639,3.648838574658285e-06,1.000005709133732
1.6901803607214425,48.99822647403202,-0.015028155846931276,1.791476190435385e-05,-0.014993043558807134,-0.01506326813505542,3.848112218943837e-05,-0.014952734233355292,-0.01510357746050726,0.8429088060191707,0.0010048146107028912,0.8448782064672881,0.8409394055710534,0.0021583537653823777,0.8471391016652166,0.8386785103731249,3.648838574658285e-06,1.000005709133732
1.7004008016032062,50.16499826876365,-0.015027156210903421,1.791486345721815e-05,-0.01499204372373932,-0.015062268698067522,3.848116946715066e-05,-0.014951734504664823,-0.01510257791714202,0.8428527377950137,0.001004820306664822,0.8448221494070113,0.8408833261830161,0.0021583564171249086,0.8470830386383794,0.838622436951648,3.648838574658285e-06,1.000005709133732
1.7106212424849696,51.35955385321414,-0.01502309726952038,1.7915033656962847e-05,-0.01498798444877091,-0.015058210090269851,3.8481248703737644e-05,-0.014947675407980926,-0.015098519131059836,0.8426250772976294,0.0010048298529368362,0.8445945076199762,0.8406556469752825,0.00215836086139722,0.8468553868516088,0.83839476774365,3.648838574658285e-06,1.000005709133732
1.720841683366733,52.58255482974195,-0.015017817704822432,1.7915194150195053e-05,-0.014982704569512008,-0.015052930840132856,3.848132342199241e-05,-0.01494239569683789,-0.015093239712806975,0.8423289536999521,0.001004838854783777,0.8442984016655948,0.8403595057343094,0.0021583650522424276,0.8465592714678372,0.838098635932067,3.648838574658285e-06,1.000005709133732
1.7310621242484965,53.83467855513231,-0.015013788030317117,1.7915346031160845e-05,-0.01497867459732547,-0.015048901463308765,3.8481394131255545e-05,-0.014938365883744965,-0.01508921017688927,0.8421029347419031,0.0010048473735804167,0.8440723994040804,0.8401334700797258,0.002158369018228752,0.8463332602829785,0.8378726092008277,3.648838574658285e-06,1.000005709133732
1.74128256513026,55.11661851574995,-0.015013750021591506,1.791548864556907e-05,-0.014978636309080754,-0.015048863734102257,3.848146052683438e-05,-0.01493832774488641,-0.0150891722982966,0.8421008028842187,0.0010048553726284557,0.844070283224242,0.8401313225441954,0.002158372742266395,0.8463311357242739,0.8378704700441636,3.648838574658285e-06,1.000005709133732
1.7515030060120238,56.42908471162537,-0.015020438026909047,1.791556097945585e-05,-0.014985324172626482,-0.015055551881191611,3.848149420276452e-05,-0.014945015684200341,-0.015095860369617752,0.8424759239991632,0.0010048594297377088,0.8444454122909745,0.8405064357073518,0.0021583746311034787,0.8467062605412708,0.8382455874570555,3.648838574658285e-06,1.000005709133732
1.7617234468937872,57.772804049686734,-0.015036289194101538,1.791555462573382e-05,-0.01500117535227204,-0.015071403035931037,3.848149124470686e-05,-0.01496086685719052,-0.015111711531012557,0.8433649943913205,0.0010048590733660883,0.8453344819846563,0.8413955067979847,0.0021583744651900508,0.8475953306082439,0.8391346581743971,3.648838574658285e-06,1.000005709133732
1.771943887775551,59.1485207463563,-0.015063154656682658,1.791549750344134e-05,-0.015028040926810796,-0.01509826838655452,3.848146465071998e-05,-0.014987732371894895,-0.015138576941470422,0.8448718416198199,0.0010048558694544546,0.8468413229336043,0.8429023603060355,0.002158372973569525,0.8491021749132208,0.8406415083264189,3.648838574658285e-06,1.000005709133732
1.782164328657314,60.55699673973282,-0.015102115605079144,1.791544753161938e-05,-0.015067001973150253,-0.015137229237008035,3.8481441385777184e-05,-0.015026693365889831,-0.015177537844268457,0.8470571081840446,0.0010048530666029794,0.8490265840043411,0.8450876323637481,0.0021583716686705504,0.8512874389198904,0.8428267774481987,3.648838574658285e-06,1.000005709133732
1.7923847695390775,61.999012111590126,-0.015153310696818795,1.791545092744003e-05,-0.015118197058234218,-0.015188424335403372,3.8481442966738004e-05,-0.015077888454530857,-0.015228732939106733,0.8499285711959964,0.0010048532570699376,0.8518980473896013,0.8479590950023915,0.002158371757344491,0.85415890210564,0.8456982402863528,3.648838574658285e-06,1.000005709133732
1.8026052104208412,63.47536551942328,-0.015215724205390375,1.791545169453882e-05,-0.01518061056530231,-0.015250837845478439,3.848144332386913e-05,-0.015140301962402472,-0.015291146448378277,0.8534292599382068,0.0010048533000954648,0.8553987362161402,0.8514597836602735,0.00215837177737549,0.8576595908871105,0.8491989289893032,3.648838574658285e-06,1.000005709133732
1.8128256513026049,64.98687463878393,-0.015287235530290561,1.79154979093474e-05,-0.015252121799623137,-0.015322349260957985,3.848146483969431e-05,-0.015211813245132415,-0.015362657815448707,0.8574402328148805,0.001004855892221173,0.8594097141732868,0.8554707514564741,0.002158372984168838,0.8616705661290557,0.8532098995007052,3.648838574658285e-06,1.000005709133732
1.8230460921843683,66.53437661614826,-0.015364538162373716,1.791560232805234e-05,-0.015329424227049391,-0.01539965209769804,3.848151345315972e-05,-0.015289115781934929,-0.015439960542812502,0.8617760322286626,0.0010048617489242047,0.863745525065996,0.8598065393913292,0.0021583757108319434,0.8660063708869993,0.857545693570326,3.648838574658285e-06,1.000005709133732
1.833266533066132,68.11872853256911,-0.015442804767553275,1.7915735645413408e-05,-0.015407690570931725,-0.015477918964174825,3.848157552108716e-05,-0.015367382265463586,-0.015518227269642965,0.8661658995813191,0.0010048692265135232,0.8681354070744582,0.8641963920881799,0.00215837919213751,0.8703962450628893,0.8619355540997489,3.648838574658285e-06,1.000005709133732
1.8434869739478952,69.74080787836839,-0.0155160098902395,1.791585337927294e-05,-0.015480895462863823,-0.015551124317615175,3.848163033417898e-05,-0.015440587280718125,-0.015591432499760874,0.8702718752703144,0.001004875830045452,0.8722413957061382,0.8683023548344905,0.002158382266529222,0.8745022267775816,0.8660415237630471,3.648838574658285e-06,1.000005709133732
1.853707414829659,71.40151303913396,-0.015579513239945624,1.7915974089017557e-05,-0.015544398575983196,-0.015614627903908052,3.848168653303993e-05,-0.015504090520276506,-0.015654935959614744,0.8738336917183342,0.0010048826004907248,0.875803225423987,0.8718641580126815,0.002158385418646838,0.8780640494036385,0.86960333403303,3.648838574658285e-06,1.000005709133732
1.8639278557114225,73.10176379328809,-0.01563138033678953,1.7916123917787435e-05,-0.01559626537916811,-0.01566649529441095,3.848175628926405e-05,-0.015555957480400725,-0.015706803193178336,0.8767428465818903,0.001004891004182489,0.8787123967584762,0.8747732964053043,0.002158389331178501,0.8809732119356156,0.8725124812281649,3.648838574658285e-06,1.000005709133732
1.874148296593186,74.84250182150569,-0.0156716455341657,1.7916244966392537e-05,-0.015636530339293374,-0.015706760729038025,3.8481812646555306e-05,-0.015596222567318633,-0.015747068501012765,0.879001266696119,0.001004897793633985,0.8809708301797854,0.8770317032124526,0.0021583924921822575,0.8832316382452978,0.8747708951469402,3.648838574658285e-06,1.000005709133732
1.8843687374749492,76.62469122826194,-0.01570151718841479,1.7916225789143644e-05,-0.01566640203112918,-0.0157366323457004,3.8481803718074e-05,-0.015626094239067224,-0.015776940137762353,0.8806767271234247,0.0010048967180081975,0.8826462884989033,0.8787071657479462,0.0021583919913958937,0.8849070976910803,0.8764463565557691,3.648838574658285e-06,1.000005709133732
1.8945891783567128,78.44931907580003,-0.015722868405490142,1.791606125419848e-05,-0.0156877535706871,-0.015757983240293184,3.848172711473577e-05,-0.01564744560628236,-0.015798291204697924,0.8818742878271698,0.0010048874894670785,0.8838438311150402,0.8799047445392995,0.00215838769481892,0.8861046499736893,0.8776439256806503,3.648838574658285e-06,1.000005709133732
1.9048096192384767,80.31739593081346,-0.015737978685355394,1.7915856565024344e-05,-0.01570286425173576,-0.015773093118975026,3.848163181736612e-05,-0.015662556072927027,-0.01581340129778376,0.8827218028575943,0.001004876008729912,0.8846913236436332,0.8807522820715553,0.0021583823497191693,0.8869521545279108,0.8784914511872778,3.648838574658285e-06,1.000005709133732
1.91503006012024,82.22995642414644,-0.015749207621258334,1.7915728244729935e-05,-0.015714093439141857,-0.01578432180337481,3.8481572075576804e-05,-0.01567378512592172,-0.015824630116594948,0.8833516185882281,0.0010048688114192607,0.8853211252677974,0.8813821119086588,0.002158378998883524,0.8875819636910274,0.8791212734854288,3.648838574658285e-06,1.000005709133732
1.925250501002004,84.18805982382285,-0.015758426228008195,1.791570285370729e-05,-0.015723312095657208,-0.015793540360359182,3.848156025437552e-05,-0.01568300375584071,-0.01583384870017568,0.8838686776930066,0.0010048673872713612,0.8858381815812973,0.8818991738047158,0.0021583783358484344,0.8880990214962811,0.8796383338897321,3.648838574658285e-06,1.000005709133732
1.935470941883767,86.19279062171874,-0.015766602884147607,1.7915729705961746e-05,-0.015731488699167167,-0.015801717069128047,3.8481572755877306e-05,-0.01569118038747763,-0.015842025380817585,0.8843272952062864,0.001004868893377764,0.8862968020464914,0.8823577883660814,0.0021583790370406533,0.8885576403838723,0.8800969500287005,3.648838574658285e-06,1.000005709133732
1.9456913827655304,88.24525913420746,-0.015773825680621228,1.7915796476890413e-05,-0.015738711364772173,-0.015808939996470282,3.8481603842227745e-05,-0.015698403123023123,-0.015849248238219333,0.8847324120292492,0.0010048726384682682,0.8867019262096968,0.8827628978488017,0.0021583807806317364,0.8889627606242109,0.8805020634342876,3.648838574658285e-06,1.000005709133732
1.9559118236472943,90.34660211710525,-0.01578003043030249,1.791584605938559e-05,-0.015744916017273528,-0.01581514484333145,3.848162692626704e-05,-0.0157046078274605,-0.01585545303314448,0.8850804279933335,0.001004875419482934,0.8870499476244696,0.8831109083621974,0.0021583820753840795,0.8893107791259631,0.8808500768607039,3.648838574658285e-06,1.000005709133732
1.9661322645290575,92.49798339526143,-0.015785070746768107,1.7915871113205906e-05,-0.01574995628463456,-0.015820185208901653,3.848163859055126e-05,-0.01570964812106454,-0.015860493372471675,0.88536313248331,0.0010048768247176137,0.8873326548686555,0.8833936100979645,0.002158382729617905,0.8895934848982143,0.8811327800684057,3.648838574658285e-06,1.000005709133732
1.9763527054108208,94.70059450714119,-0.01578893169005131,1.7915841413641216e-05,-0.015753817286127843,-0.015824046093974777,3.8481624763353485e-05,-0.015713509091448554,-0.015864354288654067,0.8855796875367776,0.0010048751589094556,0.8875492066571992,0.8836101684163561,0.0021583819540692026,0.8898100384316344,0.8813493366419208,3.648838574658285e-06,1.000005709133732
1.9865731462925849,96.95565536475661,-0.015792056751416032,1.7915776822052902e-05,-0.01575694247408975,-0.015827171028742315,3.848159469157179e-05,-0.015716634211752883,-0.015867479291079182,0.8857549679750766,0.0010048715360551853,0.8877244799948342,0.883785455955319,0.0021583802673838994,0.889985315564091,0.8815246203860622,3.648838574658285e-06,1.000005709133732
1.996793587174348,99.26441492931195,-0.01579551939456057,1.791575740678444e-05,-0.015760405155287514,-0.015830633633833625,3.8481585652459145e-05,-0.015720096872613755,-0.015870941916507383,0.885949182915909,0.0010048704470792041,0.8879186928013129,0.8839796730305051,0.0021583797603923747,0.8901795295112382,0.8817188363205797,3.648838574658285e-06,1.000005709133732
2.007014028056112,101.62815190293985,-0.015800921471813605,1.791582965305887e-05,-0.015765807090940453,-0.015836035852686756,3.848161928799542e-05,-0.01572549888394235,-0.01587634405968486,0.8862521780760443,0.0010048744992743996,0.8882216959036048,0.8842826602484838,0.002158381646963822,0.8904825283689857,0.8820218277831029,3.648838574658285e-06,1.000005709133732
2.0172344689378754,104.0481754369067,-0.015809799287507236,1.791595928183816e-05,-0.01577468465256635,-0.015844913922448123,3.848167963924237e-05,-0.015734376581349713,-0.01588522199366476,0.8867501226743435,0.0010048817699761868,0.8887196547522177,0.8847805905964693,0.0021583850319831168,0.8909804796018007,0.8825197657468863,3.648838574658285e-06,1.000005709133732
2.027454909819639,106.52582585668456,-0.01582311002125668,1.7916108799712433e-05,-0.01578799509326614,-0.015858224949247216,3.8481749250676374e-05,-0.01574768717866325,-0.015898532863850106,0.8874967036125676,0.0010048901562302402,0.8894662521271977,0.8855271550979376,0.0021583889363936985,0.891727068192529,0.8832663390326062,3.648838574658285e-06,1.000005709133732
2.0376753507014023,109.0624754042875,-0.015841371529474818,1.7916256398493792e-05,-0.015806256312195986,-0.01587648674675365,3.848181796907947e-05,-0.015765948552195794,-0.015916794506753842,0.8885209667520403,0.0010048984348449838,0.8904905314924572,0.8865514020116234,0.002158392790715393,0.8927513388863334,0.8842905946177472,3.648838574658285e-06,1.000005709133732
2.0478957915831657,111.65952899828524,-0.015864569109446624,1.7916329681782846e-05,-0.015829453748535182,-0.015899684470358066,3.848185208816139e-05,-0.01578914606529543,-0.01593999215359782,0.8898220874374875,0.001004902545204918,0.8917916602340618,0.8878525146409132,0.0021583947044082567,0.8940524633225496,0.8855917115524253,3.648838574658285e-06,1.000005709133732
2.0581162324649296,114.31842501191491,-0.015891917641702738,1.79163088352441e-05,-0.015856802321649762,-0.015927032961755714,3.848184238246194e-05,-0.015816494616574365,-0.01596734066683111,0.8913560293865316,0.0010049013759509348,0.8933255998914101,0.889386458881653,0.0021583941600287855,0.8955864042046295,0.8871256545684336,3.648838574658285e-06,1.000005709133732
2.068336673346693,117.04063606972076,-0.015921900182370174,1.7916243101420714e-05,-0.015886784991153126,-0.01595701537358722,3.848181177826745e-05,-0.01584647721722492,-0.015997323147515428,0.8930377092821103,0.001004897689030254,0.8950072725607572,0.8910681460034635,0.002158392443481173,0.8972680807358369,0.8888073378283838,3.648838574658285e-06,1.000005709133732
2.0785571142284565,119.82766986316528,-0.015953083357704602,1.791615949862687e-05,-0.01591796833034602,-0.015988198385063185,3.8481772854807976e-05,-0.015877660468847928,-0.016028506246561276,0.894786731141928,0.0010048929998633426,0.8967562852299765,0.8928171770538794,0.0021583902603173116,0.8990170983167319,0.890556363967124,3.648838574658285e-06,1.000005709133732
2.08877755511022,122.68106998566076,-0.015984887927660917,1.7916039499232375e-05,-0.015949773135496823,-0.01602000271982501,3.8481716986211165e-05,-0.01590946514830468,-0.016060310707017154,0.8965706061802817,0.0010048862692606413,0.8985401470765914,0.8946010652839721,0.0021583871267237616,0.9008009672133552,0.8923402451472082,3.648838574658285e-06,1.000005709133732
2.098997995991984,125.60241678748581,-0.016016730523099855,1.7915914366604544e-05,-0.015981615976191205,-0.016051845070008505,3.848165872802659e-05,-0.01594130785792756,-0.01609215318827215,0.8983566140161978,0.0010048792507418693,0.9003261411564635,0.8963870868759322,0.0021583838591014864,0.9025869686448493,0.8941262593875463,3.648838574658285e-06,1.000005709133732
2.109218436873747,128.59332825105898,-0.016047434002749696,1.7915804458010525e-05,-0.016012319671257932,-0.01608254833424146,3.84816075579811e-05,-0.015972011437868847,-0.016122856567630545,0.9000787303980003,0.001004873086118432,0.9020482454558261,0.8981092153401746,0.0021583809890432844,0.9043090794014411,0.8958483813945596,3.648838574658285e-06,1.000005709133732
2.1194388777555107,131.6554608870559,-0.01607538371250039,1.791569627829667e-05,-0.01604026959303697,-0.016110497831963812,3.848155719308889e-05,-0.01599996124633292,-0.016150806178667862,0.901646391574428,0.0010048670184655295,0.9036158947398726,0.8996768884089835,0.002158378164145034,0.90587673504117,0.8974160481076862,3.648838574658285e-06,1.000005709133732
2.129659318637274,134.79051065186417,-0.016099610383474693,1.7915595073800962e-05,-0.01606449646236844,-0.016134724304580947,3.848151007584291e-05,-0.016024188009655327,-0.01617503275729406,0.9030052325734678,0.001004861342043119,0.9049747246133288,0.9010357405336067,0.0021583755214028403,0.9072355708605302,0.8987748942864053,3.648838574658285e-06,1.000005709133732
2.139879759519037,138.0002138868856,-0.01612033258296059,1.7915506684171874e-05,-0.01608521883509483,-0.016155446330826353,3.848146892491768e-05,-0.016044910289795555,-0.016195754876125627,0.9041675125368018,0.001004856384389134,0.9061369948598397,0.902198030213764,0.0021583732133034564,0.9083978463000726,0.8999371787735311,3.648838574658285e-06,1.000005709133732
2.150100200400801,141.2863482802063,-0.016138285866806497,1.791544820043225e-05,-0.016103172233566755,-0.01617339950004624,3.848144169715019e-05,-0.016062863627006905,-0.01621370810660609,0.9051744877907725,0.0010048531041157833,0.9071439636845927,0.9032050118969522,0.0021583716861350386,0.9094048185608481,0.9009441570206969,3.648838574658285e-06,1.000005709133732
2.160320641282565,144.65073385116457,-0.016154092393425308,1.7915468739322192e-05,-0.016118978719930083,-0.016189206066920533,3.8481451259255135e-05,-0.016078670134884336,-0.01622951465196628,0.9060610543539143,0.0010048542561141636,0.9080305325056098,0.9040915762022187,0.0021583722224604897,0.9102913861751685,0.9018307225326601,3.648838574658285e-06,1.000005709133732
2.1705410821643283,148.0952339583661,-0.01616875414310028,1.791558116785994e-05,-0.016133640249249168,-0.01620386803695139,3.848150360174321e-05,-0.016093331781969915,-0.016244176504230642,0.9068834119364786,0.001004860562077815,0.9088529024476358,0.9049139214253213,0.0021583751582794006,0.9111137495118321,0.9026530743611251,3.648838574658285e-06,1.000005709133732
2.180761523046092,151.62175633170185,-0.016183888079878073,1.7915747978956063e-05,-0.016148773859083223,-0.016219002300672924,3.848158126317403e-05,-0.0161084655665341,-0.016259310593222047,0.9077322538509272,0.001004869918285143,0.9097017626999138,0.9057627450019405,0.0021583795142033468,0.9119625999637347,0.9035019077381196,3.648838574658285e-06,1.000005709133732
2.190981963927855,155.2322541289395,-0.016202098434401662,1.79159332803217e-05,-0.016166983850422808,-0.016237213018380516,3.848166753369371e-05,-0.01612667575197058,-0.016277521116832745,0.9087536478492997,0.0010048803115865204,0.9107231770687827,0.9067841186298167,0.0021583843529993695,0.9129840034459732,0.9045232922526262,3.648838574658285e-06,1.000005709133732
2.2012024048096186,158.9287270174779,-0.01622614204261614,1.7916088001954413e-05,-0.01619102715538846,-0.016261256929843818,3.848173956778167e-05,-0.016150719219000836,-0.016301564866231442,0.9101022211073151,0.0010048889897123013,0.912071767335612,0.9081326748790182,0.0021583883932933144,0.9143325846228193,0.9058718575918109,3.648838574658285e-06,1.000005709133732
2.2114228456913825,162.71322228185764,-0.016257571095795616,1.791618550959644e-05,-0.01622245601745647,-0.016292686174134763,3.8481784964877495e-05,-0.01618214818320364,-0.016332994008387593,0.9118650339207871,0.001004894458783221,0.9138345908682661,0.9098954769733081,0.0021583909395546273,0.9160954024268717,0.9076346654147025,3.648838574658285e-06,1.000005709133732
2.221643286573146,166.58783595764592,-0.01629617912452074,1.791623791527008e-05,-0.016261063943468358,-0.01633129430557312,3.848180936371573e-05,-0.01622075616410792,-0.016371602084933556,0.9140305057010184,0.0010048973981461242,0.9160000684095428,0.912060942992494,0.0021583923080522537,0.9182608768893091,0.9098001345127277,3.648838574658285e-06,1.000005709133732
2.2318637274549094,170.5547139923227,-0.016340256315195072,1.791625142101213e-05,-0.016305141107671926,-0.01637537152271822,3.848181565167784e-05,-0.016264833342458075,-0.01641567928793207,0.9165027353306817,0.0010048981556648124,0.9184722995239155,0.9145331711374479,0.0021583926607354896,0.9207331072102188,0.9122723634511446,3.648838574658285e-06,1.000005709133732
2.242084168336673,174.61605343380893,-0.01638620546949427,1.7916225926015627e-05,-0.016351090311940396,-0.016421320627048146,3.848180378179839e-05,-0.01631078252002181,-0.016461628418966732,0.9190799608520577,0.0010048967256851607,0.9210495222425829,0.9171103994615325,0.002158391994970108,0.9233103314267186,0.9148495902773968,3.648838574658285e-06,1.000005709133732
2.252304609218436,178.77410364729755,-0.016429047115468363,1.791617396497836e-05,-0.016393932059756252,-0.016464162171180474,3.8481779589984744e-05,-0.016353624213410984,-0.01650447001752574,0.9214828904612349,0.0010048938112613068,0.9234524461395942,0.9195133347828756,0.002158390638084209,0.9257132583764484,0.9172525225460214,3.648838574658285e-06,1.000005709133732
2.2625250501002,183.03116756106112,-0.01646481825912207,1.79161069454567e-05,-0.016429703334765806,-0.016499933183478335,3.848174838738282e-05,-0.016389395418220667,-0.016540241100023473,0.9234892452192102,0.0010048900522275598,0.9254587935299987,0.9215196969084216,0.002158388887972738,0.9277196097042681,0.9192588807341522,3.648838574658285e-06,1.000005709133732
2.2727454909819635,187.38960294192182,-0.016491860099829152,1.791603383420209e-05,-0.016456745318768316,-0.01652697488088999,3.848171434872766e-05,-0.016416437325642286,-0.01656728287401602,0.9250059852567194,0.0010048859515168036,0.9269755255302626,0.9230364449831762,0.0021583869787909016,0.9292363459998498,0.920775624513589,3.648838574658285e-06,1.000005709133732
2.282965931863727,191.85182370109902,-0.01651038518457087,1.7915971153848522e-05,-0.01647527052636127,-0.016545499842780472,3.8481685166509154e-05,-0.016434962467580104,-0.01658580790156164,0.9260450320446348,0.0010048824358610887,0.9280145654276195,0.9240754986616502,0.002158385341999987,0.930275389579714,0.9218146745095557,3.648838574658285e-06,1.000005709133732
2.2931863727454904,196.42030123114785,-0.01652197488992762,1.7915919777851017e-05,-0.016486860332413124,-0.016557089447442115,3.848166124734211e-05,-0.01644655221981756,-0.01659739756003768,0.9266950828428746,0.0010048795542513186,0.9286646105780079,0.9247255551077413,0.0021583840004064645,0.9309254377484788,0.9224647279372704,3.648838574658285e-06,1.000005709133732
2.303406813627254,201.09756577473567,-0.016528240736496672,1.7915875120273255e-05,-0.01649312626650942,-0.016563355206483926,3.848164045611913e-05,-0.016452818107136658,-0.016603663365856686,0.9270465256482336,0.001004877049468567,0.9290160484740829,0.9250770028223844,0.0021583828342550673,0.931276878268223,0.9228161730282443,3.648838574658285e-06,1.000005709133732
2.3136272545090177,205.88620782601242,-0.016530019560453614,1.791583756794722e-05,-0.01649490516406757,-0.01656513395683966,3.848162297291874e-05,-0.016454596965360044,-0.016605442155547184,0.9271462974627489,0.001004874943209714,0.9291158161604067,0.9251767787650911,0.0021583818536461546,0.9313766481607801,0.9229159467647177,3.648838574658285e-06,1.000005709133732
2.323847695390781,210.78887956535007,-0.016527287626160417,1.7915817317432118e-05,-0.01649217326946465,-0.016562401982856183,3.848161354491777e-05,-0.016451865049545388,-0.016602710202775445,0.9269930669867905,0.0010048738073858855,0.9289625834582745,0.9250235505153065,0.0021583813248424134,0.9312234166483855,0.9227627173251955,3.648838574658285e-06,1.000005709133732
2.3340681362725446,215.80829632824896,-0.016520196085045468,1.791583595035767e-05,-0.01648508169182984,-0.016555310478261098,3.848162221981977e-05,-0.016444773491427946,-0.01659561867866299,0.9265953120982384,0.0010048748524813177,0.9285648306180718,0.924625793578405,0.0021583818114058588,0.9308256627134802,0.9223649614829966,3.648838574658285e-06,1.000005709133732
2.344288577154308,220.94723810922045,-0.016510562210942544,1.7915892205425196e-05,-0.016475447707469008,-0.01654567671441608,3.848164841044642e-05,-0.016435139565992338,-0.01658598485589275,0.9260549612128641,0.0010048780077514842,0.9280244859169134,0.9240854365088148,0.002158383280402458,0.9302853147072864,0.9218246077184419,3.648838574658285e-06,1.000005709133732
2.3545090180360715,226.2085511014818,-0.016501170208499956,1.7915954640950353e-05,-0.01646605558265504,-0.016536284834344873,3.848167747857919e-05,-0.016425747506577253,-0.01657659291042266,0.9255281765796965,0.0010048815096751068,0.92749770814739,0.9235586450120031,0.0021583849107944596,0.9297585332696284,0.9212978198897647,3.648838574658285e-06,1.000005709133732
2.364729458917836,231.59514927331546,-0.016494294289807594,1.7915998384813418e-05,-0.016459179578226284,-0.016529409001388905,3.848169784447453e-05,-0.01641887154796847,-0.016569717031646718,0.925142515659335,0.0010048839632088445,0.9271120520358662,0.9231729792828038,0.002158386053089808,0.9293728745881246,0.9209121567305455,3.648838574658285e-06,1.000005709133732
2.374949899799599,237.1100159819627,-0.016491356052254193,1.791601192200096e-05,-0.01645624131414048,-0.016526470790367905,3.8481704147010935e-05,-0.016415933298062325,-0.01656677880644606,0.9249777139143196,0.0010048847224912677,0.926947251779017,0.9230081760496222,0.002158386406590497,0.9292080735359578,0.9207473542926814,3.648838574658285e-06,1.000005709133732
2.3851703406813622,242.75620562595427,-0.01649273761419078,1.7916025632847474e-05,-0.016457622849204302,-0.016527852379177255,3.848171053040192e-05,-0.016417314847487693,-0.016568160380893864,0.9250552038428425,0.0010048854915139863,0.9270247432147967,0.9230856644708882,0.0021583867646262083,0.9292855641662178,0.9208248435194671,3.648838574658285e-06,1.000005709133732
2.3953907815631257,248.53684533677978,-0.016497570754263734,1.791606605792237e-05,-0.016462455910045568,-0.0165326855984819,3.848172935122116e-05,-0.01642214795067252,-0.016572993557854947,0.9253262880909505,0.001004887758901413,0.9272958319069025,0.9233567442749986,0.0021583878202603417,0.9295566504833307,0.9210959256985704,3.648838574658285e-06,1.000005709133732
2.405611222444889,254.4551367108453,-0.01650521778260706,1.7916130182843197e-05,-0.016470102812706357,-0.016540332752507766,3.848175920611457e-05,-0.016429794920501336,-0.016580640644712787,0.925755199502046,0.0010048913555809392,0.9277247503673602,0.9237856486367317,0.002158389494780676,0.9299855651764257,0.9215248338276663,3.648838574658285e-06,1.000005709133732
2.415831663326653,260.51435758267115,-0.016515793035679502,1.7916195294379226e-05,-0.016480677938162533,-0.01655090813319647,3.848178952043596e-05,-0.016440370114158796,-0.016591215957200207,0.9263483510524713,0.001004895007598369,0.9283179090756082,0.9243787930293343,0.002158391195069701,0.9305787200593563,0.9221179820455863,3.648838574658285e-06,1.000005709133732
2.4260521042084164,266.7178638403137,-0.01652955232619437,1.7916244180832383e-05,-0.016494437132861712,-0.016564667519527027,3.848181228081662e-05,-0.016454129360064136,-0.016604975292324603,0.9271200909291194,0.001004897749572985,0.9290896543264278,0.925150527531811,0.002158392471668472,0.9313504624380919,0.9228897194201469,3.648838574658285e-06,1.000005709133732
2.43627254509018,273.0690912840189,-0.01654671863113863,1.791625709252515e-05,-0.01651160341249952,-0.01658183384977774,3.848181829220464e-05,-0.016471295653226293,-0.016622141609050966,0.9280829256076858,0.001004898473772258,0.9300524904243986,0.926113360790973,0.002158392808839044,0.9323132977775006,0.923852553437871,3.648838574658285e-06,1.000005709133732
2.4464929859719438,279.5715575291332,-0.016567946790222783,1.7916233254479272e-05,-0.016532831618305384,-0.016603061962140182,3.8481807193759844e-05,-0.016492523834062998,-0.01664336974638257,0.9292735841562038,0.0010048971367287115,0.9312431463523595,0.927304021960048,0.002158392186342382,0.9335039551059475,0.92504321320646,3.648838574658285e-06,1.000005709133732
2.4567134268537067,286.22886395432687,-0.016593260970813595,1.791619273537604e-05,-0.01655814587831218,-0.01662837606331501,3.848178832902571e-05,-0.01651783805162801,-0.01666868388999918,0.9306934220893799,0.0010048948640673635,0.9326629798312012,0.9287238643475586,0.002158391128245122,0.9349237909652911,0.9264630532134687,3.648838574658285e-06,1.000005709133732
2.46693386773547,293.04469769621386,-0.016621467651522292,1.791615295524282e-05,-0.016586352636988506,-0.016656582666056078,3.8481769808371006e-05,-0.016546044768636525,-0.01669689053440806,0.9322754964170684,0.0010048926328538378,0.9342450497857916,0.9303059430483452,0.002158390089446809,0.9365058632569724,0.9280451295771645,3.648838574658285e-06,1.000005709133732
2.477154308617234,300.02283369146255,-0.01664996306749784,1.7916118070943856e-05,-0.016614848121336023,-0.01668507801365966,3.84817535671232e-05,-0.016574540216444333,-0.01672538591855135,0.9338737655128654,0.0010048906762409912,0.9358433150466978,0.931904215979033,0.002158389178497326,0.9381041305673411,0.9296434004583897,3.648838574658285e-06,1.000005709133732
2.487374749498997,307.1671367675377,-0.016676415105276024,1.791609277147877e-05,-0.016641300208700246,-0.016711530001851802,3.8481741788347266e-05,-0.016600992277308494,-0.016751837933243554,0.9353574243068973,0.0010048892572284305,0.9373269710595162,0.9333878775542783,0.002158388517841816,0.939587788066512,0.9311270605472826,3.648838574658285e-06,1.000005709133732
2.497595190380761,314.4815637832305,-0.01669905910900658,1.7916083242626428e-05,-0.016663944231107012,-0.01673417398690615,3.848173735196369e-05,-0.016623636289734203,-0.016774481928278958,0.936627495654468,0.0010048887227680728,0.9385970413595639,0.9346579499493721,0.0021583882690111,0.9408578589263835,0.9323971323825525,3.648838574658285e-06,1.000005709133732
2.5078156312625244,321.97016582015317,-0.0167168667805093,1.7916098969377885e-05,-0.016681751871785864,-0.016751981689232736,3.848174467392742e-05,-0.016641443946886138,-0.016792289614132462,0.9376263037103084,0.0010048896048601556,0.939595851144273,0.9356567562763438,0.002158388679690079,0.94185666778714,0.9333959396334769,3.648838574658285e-06,1.000005709133732
2.5180360721442883,329.6370904264268,-0.016730938370375755,1.791613006560476e-05,-0.016695823400704836,-0.016766053340046674,3.848175915153133e-05,-0.01665551550837701,-0.0168063612323745,0.9384155600325036,0.0010048913490051947,0.9403851108849296,0.9364460091800776,0.0021583894917191764,0.9426459257008829,0.9341851943641243,3.648838574658285e-06,1.000005709133732
2.528256513026052,337.48658391379035,-0.016742792549836957,1.7916159839209986e-05,-0.01670767752181084,-0.01677790757786307,3.848177301337503e-05,-0.016667369660669496,-0.016818215439004417,0.9390804448232758,0.0010048930189661858,0.9410499989487653,0.9371108906977863,0.0021583902692111218,0.9433108120155113,0.9348500776310403,3.648838574658285e-06,1.000005709133732
2.538476953907815,345.52299370941284,-0.016752529395465753,1.7916192195884414e-05,-0.01671741430402172,-0.016787644486909784,3.8481788077851424e-05,-0.016677106476772462,-0.016827952314159043,0.9396265712413776,0.0010048948338080123,0.9415961289238917,0.9376570135588636,0.002158391114157098,0.9438569400896768,0.9353962023930784,3.648838574658285e-06,1.000005709133732
2.5486973947895786,353.75077076371014,-0.016759321129146573,1.7916240724685414e-05,-0.01672420594258784,-0.016794436315705305,3.848181067171443e-05,-0.016683898166170122,-0.016834744092123023,0.9400075103390294,0.001004897555722406,0.9419770733563977,0.9380379473216611,0.0021583923814161203,0.9442378816711107,0.9357771390069481,3.648838574658285e-06,1.000005709133732
2.558917835671342,362.17447201549214,-0.01676274521525925,1.791627420898022e-05,-0.016727629963072504,-0.016797860467445996,3.84818262612388e-05,-0.016687322221727894,-0.016838168208790607,0.9401995626684265,0.0010048994338109252,0.9421691293667807,0.9382299959700724,0.002158393255811323,0.9444299357142909,0.9359691896225621,3.648838574658285e-06,1.000005709133732
2.569138276553106,370.7987629158169,-0.016762040196210044,1.7916283052684325e-05,-0.016726924926689958,-0.01679715546573013,3.848183037866964e-05,-0.01668661719460867,-0.016837463197811417,0.9401600191095866,0.0010048999298422506,0.9421295867801442,0.9381904514390289,0.0021583934867524146,0.9443903926080871,0.935929645611086,3.648838574658285e-06,1.000005709133732
2.5793587174348693,379.6284200119399,-0.01675709842655422,1.791627267799033e-05,-0.01672198317736816,-0.01679221367574028,3.848182554844431e-05,-0.016681675434419917,-0.016832521418688524,0.9398828419760354,0.001004899347939786,0.9418524085060852,0.9379132754459857,0.00215839321583165,0.9441132149435411,0.9356524690085298,3.648838574658285e-06,1.000005709133732
2.5895791583166328,388.66833359279826,-0.016748880000476408,1.7916254599872644e-05,-0.016713764786722807,-0.016783995214230008,3.8481817131682535e-05,-0.016673457024838655,-0.01682430297611416,0.9394218816437655,0.0010048983339627717,0.9413914461864569,0.9374523171010741,0.002158392743746939,0.9436522536860021,0.9351915096015289,3.648838574658285e-06,1.000005709133732
2.599799599198396,397.92351039748644,-0.01673858298107853,1.7916231964004875e-05,-0.016703467811690416,-0.016773698150466643,3.8481806592945036e-05,-0.01666316002609632,-0.01681400593606074,0.9388443358414312,0.0010048970643477591,0.9408138978957229,0.9368747737871396,0.002158392152643497,0.9430747067251264,0.9346139649577361,3.648838574658285e-06,1.000005709133732
2.61002004008016,407.3990763882299,-0.016727472911710405,1.791621470310679e-05,-0.01669235777615303,-0.016762588047267782,3.848179855667635e-05,-0.016652049972478995,-0.016802895850941815,0.9382211871729412,0.00100489609620748,0.9401907473297128,0.9362516270161697,0.0021583917019001248,0.9424515571731956,0.9339908171726868,3.648838574658285e-06,1.000005709133732
2.6202404809619235,417.1002795893881,-0.016717007022451255,1.7916211041847673e-05,-0.016681891894069815,-0.016752122150832695,3.848179685208089e-05,-0.01664158408656079,-0.01679242995834172,0.9376341696899436,0.0010048958908524396,0.9396037294442267,0.9356646099356606,0.0021583916062916856,0.9418645395028089,0.9334037998770783,3.648838574658285e-06,1.000005709133732
2.630460921843687,427.03249299406536,-0.01670862753014398,1.791622221675608e-05,-0.016673512379860124,-0.016743742680427838,3.848180205485421e-05,-0.016633204584056267,-0.016784050476231695,0.9371641753720971,0.0010048965176378416,0.939133736354857,0.9351946143893372,0.00215839189810816,0.9413945457569121,0.9329338049872821,3.648838574658285e-06,1.000005709133732
2.6406813627254504,437.20121753993135,-0.016702746468057583,1.791624449772456e-05,-0.01666763127410383,-0.016737861662011338,3.848181242835431e-05,-0.016627323501638182,-0.016778169434476985,0.9368343146046243,0.001004897767347036,0.9388038780367692,0.9348647511724794,0.00215839247994366,0.941064686129816,0.9326039430794326,3.648838574658285e-06,1.000005709133732
2.650901803607214,447.61208515590533,-0.016699090862316173,1.7916270162278978e-05,-0.016663975618060815,-0.01673420610657153,3.848182437718574e-05,-0.016623667872477495,-0.01677451385215485,0.9366292766543824,0.0010048992068369604,0.9385988429078758,0.9346597104008891,0.002158393150137351,0.9408596494931296,0.9323989038156353,3.648838574658285e-06,1.000005709133732
2.6611222444889773,458.2708618813895,-0.01669599644345272,1.7916299220595718e-05,-0.016660881142244108,-0.016731111744661332,3.848183790609171e-05,-0.01662057342709787,-0.01677141945980757,0.9364557149122709,0.0010049008366783939,0.9384252843601947,0.934486145464347,0.0021583939089552724,0.9406860892382738,0.9322253405862679,3.648838574658285e-06,1.000005709133732
2.671342685370741,469.18345105977943,-0.016692092755869525,1.7916334088158118e-05,-0.01665697738632175,-0.016727208125417302,3.848185413967595e-05,-0.016616669707697436,-0.016767515804041615,0.9362367623891977,0.0010049027923525094,0.9382063356701724,0.934267189108223,0.002158394819474916,0.9404671384997864,0.9320063862786091,3.648838574658285e-06,1.000005709133732
2.6815631262525046,480.3558966080178,-0.01668690322860396,1.7916361907250817e-05,-0.016651787804531765,-0.016722018652676158,3.848186709166262e-05,-0.016611480155046446,-0.016762326302161477,0.9359456888685492,0.001004904352687553,0.9379152652077244,0.9339761125293741,0.002158395545934219,0.940176066402972,0.9317153113341264,3.648838574658285e-06,1.000005709133732
2.691783567134268,491.79438636400937,-0.016680717354849692,1.7916369733551825e-05,-0.016645601915438228,-0.016715832794261157,3.848187073542722e-05,-0.01660529427415053,-0.016756140435548857,0.9355987316295171,0.0010049047916541238,0.937568308829051,0.9336291544299833,0.002158395750308016,0.9398291095645052,0.9313683536945291,3.648838574658285e-06,1.000005709133732
2.7020040080160315,503.5052555137412,-0.0166747752145751,1.7916351445242624e-05,-0.016639659811008064,-0.016709890618142136,3.8481862220768964e-05,-0.01659935215056436,-0.01675019827858584,0.9352654450696045,0.0010049037658877535,0.9372350202586732,0.9332958698805358,0.002158395272732424,0.9394958220685615,0.9310350680706475,3.648838574658285e-06,1.000005709133732
2.712224448897795,515.4949901000141,-0.016669998920537502,1.7916318975918195e-05,-0.01663488358060917,-0.016705114260465833,3.848184710374028e-05,-0.016594575886155594,-0.01674542195491941,0.9349975492382441,0.0010049019447275417,0.9369671208579043,0.9330279776185838,0.0021583944248388617,0.9392279245753603,0.9307671739011278,3.648838574658285e-06,1.000005709133732
2.722444889779559,527.7702306147257,-0.016667739852999585,1.7916291793891342e-05,-0.016632624566347048,-0.016702855139652122,3.84818344483817e-05,-0.016592316843421724,-0.016743162862577446,0.9348708412149511,0.0010049004201246542,0.9368404098464446,0.9329012725834577,0.0021583937150170245,0.9391012151608421,0.9306404672690601,3.648838574658285e-06,1.000005709133732
2.7326653306613222,540.3377756766924,-0.016669466567353804,1.7916279346621348e-05,-0.016634351305097467,-0.01670458182961014,3.848182865320941e-05,-0.01659404356913427,-0.016744889565573337,0.934967690272778,0.0010048997219742227,0.9369372575359218,0.9329981230096343,0.0021583933899736985,0.9391980635815959,0.9307373169639602,3.648838574658285e-06,1.000005709133732
2.7428857715430857,553.2045857970546,-0.016675554660875863,1.7916276516784265e-05,-0.016640439404165906,-0.01671066991758582,3.848182733570059e-05,-0.0166001316652386,-0.016750977656513125,0.9353091631516782,0.0010048995632525126,0.9372787301037332,0.9333395961996233,0.0021583933160764226,0.93953953631566,0.9310787899876964,3.648838574658285e-06,1.000005709133732
2.753106212424849,566.3777872343404,-0.016685447025312328,1.7916279790331145e-05,-0.016650331762186336,-0.01672056228843832,3.848182885979078e-05,-0.016610024026687903,-0.016760870023936753,0.9358640124080192,0.0010048997468613012,0.9378335797199407,0.9338944450960976,0.0021583934015605663,0.9400943857395468,0.9316336390764915,3.648838574658285e-06,1.000005709133732
2.7633266533066125,579.8646759413311,-0.016697879792840976,1.7916284236958283e-05,-0.016662764520999754,-0.016732995064682198,3.848183093004124e-05,-0.016622456790158936,-0.016773302795523016,0.9365613494159546,0.001004899996266565,0.9385309172167015,0.9345917816152077,0.0021583935176780963,0.9407917229750684,0.9323309758568408,3.648838574658285e-06,1.000005709133732
2.7735470941883764,593.672721605912,-0.016712246616886896,1.7916285626264613e-05,-0.016677131342322685,-0.016747361891451106,3.848183157687137e-05,-0.016636823612937092,-0.0167876696208367,0.9373671650214208,0.001004900074190866,0.9393367329748965,0.9353975970679451,0.0021583935539579184,0.9415975386516418,0.9331367913911999,3.648838574658285e-06,1.000005709133732
2.78376753507014,607.8095717881416,-0.016729099784812157,1.791628394739506e-05,-0.01669398451353847,-0.016764215056085843,3.848183079522703e-05,-0.016653676782394346,-0.016804522787229968,0.9383124362708151,0.0010048999800253578,0.9402820040397298,0.9363428685019003,0.0021583935101165516,0.9425428098151085,0.9340820627265216,3.648838574658285e-06,1.000005709133732
2.7939879759519037,622.2830561558435,-0.016749022793203533,1.7916278124389617e-05,-0.016713907533342728,-0.016784138053064338,3.848182808416565e-05,-0.016673599796099305,-0.01682444579030776,0.939429890693469,0.0010048996534209086,0.9413994578222508,0.9374603235646873,0.002158393358056809,0.9436602639397309,0.9351995174472072,3.648838574658285e-06,1.000005709133732
2.8042084168336667,637.1011908210467,-0.016772141300868678,1.7916275132757786e-05,-0.016737026046871363,-0.016807256554865993,3.84818266913289e-05,-0.01669671830649436,-0.016847564295242996,0.9407265763208643,0.0010048994856243511,0.9426961431207709,0.9387570095209578,0.002158393279934491,0.9449569494140092,0.9364962032277194,3.648838574658285e-06,1.000005709133732
2.81442885771543,652.2721827797019,-0.016797487894942183,1.7916276101498384e-05,-0.01676237263904617,-0.016832603150838194,3.84818271423528e-05,-0.016722064899683874,-0.01687291089020049,0.9421482322821653,0.0010048995399596927,0.9441177991885671,0.9401786653757634,0.002158393305231808,0.9463786054248919,0.9379178591394386,3.648838574658285e-06,1.000005709133732
2.8246492985971936,667.8044344571038,-0.01682303370715285,1.791627481275157e-05,-0.016787918453782736,-0.016858148960522967,3.848182654234118e-05,-0.016747610713070547,-0.016898456701235156,0.9435810621176159,0.001004899467675638,0.9455506288823436,0.9416114953528882,0.002158393271577973,0.9478114351943824,0.9393506890408495,3.648838574658285e-06,1.000005709133732
2.834869739478957,683.7065483615619,-0.016847449528199356,1.7916271495852166e-05,-0.016812334281330246,-0.016882564775068467,3.848182499806737e-05,-0.01677202653714377,-0.016922872519254943,0.9449505122867456,0.0010048992816352653,0.9469200786868409,0.9429809458866504,0.002158393184961757,0.9491808851937474,0.9407201393797439,3.648838574658285e-06,1.000005709133732
2.845090180360721,699.9873318488839,-0.016870670140896916,1.7916265541573494e-05,-0.016835554905697978,-0.016905785376095855,3.8481822225889614e-05,-0.0167952471552747,-0.016946093126519134,0.9462529248464298,0.001004898947667879,0.948222490591961,0.9442833591008986,0.0021583930294740796,0.9504832974486812,0.9420225522441783,3.648838574658285e-06,1.000005709133732
2.8553106212424844,716.6558020003096,-0.016893620348432493,1.7916258494426313e-05,-0.016858505127045707,-0.01692873556981928,3.848181894489788e-05,-0.016818197369240902,-0.016969043327624084,0.9475401707486376,0.0010048985524029861,0.949509735719464,0.9455706057778113,0.002158392845447719,0.951770542990204,0.9433097985070712,3.648838574658285e-06,1.000005709133732
2.865531062124248,733.7211906166091,-0.016918097446491163,1.7916251541512174e-05,-0.01688298223873184,-0.016953212654250486,3.84818157077799e-05,-0.016842674473644206,-0.01699352041933812,0.9489130578619731,0.0010048981624234958,0.9508826220684536,0.9469434936554926,0.002158392663882178,0.9531434297476776,0.9446826859762686,3.648838574658285e-06,1.000005709133732
2.8757515030060112,751.1929493310953,-0.016946840097934256,1.791624298349826e-05,-0.016911724906948332,-0.01698195528892018,3.848181172336548e-05,-0.016871417132896607,-0.017022263062971905,0.9505251940586222,0.001004897682416144,0.9524947573243057,0.9485556307929388,0.0021583924404017965,0.9547555655063132,0.9462948226109312,3.648838574658285e-06,1.000005709133732
2.885971943887775,769.0807548443946,-0.016981814436729872,1.791623902399538e-05,-0.016946699253504432,-0.017016929619955313,3.848180987991252e-05,-0.016906391475305326,-0.01705723739815442,0.9524868571166708,0.001004897460333017,0.9544564199470793,0.9505172942862623,0.002158392337005029,0.9567172283617079,0.9482564858716337,3.648838574658285e-06,1.000005709133732
2.8961923847695386,787.3945142838663,-0.017023659394589732,1.791624363954638e-05,-0.016988544202317976,-0.01705877458686149,3.8481812028806345e-05,-0.01694823642895343,-0.017099082360226035,0.9548338838461535,0.0010048977192129902,0.9568034471839575,0.9528643205083496,0.0021583924575335586,0.9590642553274222,0.9506035123648848,3.648838574658285e-06,1.000005709133732
2.906412825651302,806.144370690651,-0.017071134570961145,1.791625611713904e-05,-0.017036019354233756,-0.017106249787688533,3.848181783808712e-05,-0.016995711593938864,-0.017146557547983426,0.9574967018684292,0.0010048984190641787,0.9594662665779162,0.9555271371589421,0.0021583927833682104,0.961727073988322,0.9532663297485363,3.648838574658285e-06,1.000005709133732
2.916633266533065,825.3407086373708,-0.017122631069409436,1.791627509562087e-05,-0.017087515815484906,-0.017157746323333965,3.848182667403878e-05,-0.017047208075069008,-0.017198054063749864,0.9603850703724117,0.0010048994835413921,0.9623546371682358,0.9584155035765877,0.002158393278964712,0.9646154434636559,0.9561546972811675,3.648838574658285e-06,1.000005709133732
2.926853707414829,844.9941599796103,-0.017176018270183682,1.7916296482849497e-05,-0.017140902974340955,-0.01721113356602641,3.848183663145723e-05,-0.01710059525632707,-0.017251441284040294,0.9633794857963451,0.0010049006831219349,0.9653490549433038,0.9614099166493865,0.0021583938374627595,0.9676098599822254,0.9591491116104649,3.648838574658285e-06,1.000005709133732
2.9370741482965923,865.1156097443419,-0.017229121496779423,1.791631606361889e-05,-0.017194006162559092,-0.017264236830999754,3.848184574783656e-05,-0.017153698465055038,-0.017304544528503808,0.966357973495135,0.0010049017813806378,0.9683275447946411,0.9643884021956288,0.002158394348788067,0.9705883486831943,0.9621275983070756,3.648838574658285e-06,1.000005709133732
2.947294589178356,885.7162021585855,-0.017280150544901146,1.7916330213662457e-05,-0.01724503518294724,-0.017315265906855053,3.84818523357932e-05,-0.017204727500264604,-0.01735557358953769,0.9692201233465659,0.0010049025750373212,0.9711896962016107,0.9672505504915212,0.002158394718297588,0.9734504992588506,0.9649897474342812,3.648838574658285e-06,1.000005709133732
2.95751503006012,906.807346821612,-0.01732761011245659,1.7916334913346235e-05,-0.017292494741291475,-0.017362725483621704,3.848185452386602e-05,-0.0172521870635315,-0.017403033161381677,0.9718820658915996,0.0010049028386361876,0.9738516392632887,0.9699124925199106,0.002158394841023614,0.9761124420444229,0.9676516897387764,3.648838574658285e-06,1.000005709133732
2.9677354709418835,928.4007250241302,-0.017370666516811382,1.7916329213104822e-05,-0.017335551156818535,-0.01740578187680423,3.84818518699549e-05,-0.017295243473087866,-0.017446089560534898,0.9742970410060339,0.0010049025189174054,0.9762666137510856,0.9723274682609822,0.002158394692169352,0.9785274168671082,0.9700666651449595,3.648838574658285e-06,1.000005709133732
2.977955911823647,950.5082962179503,-0.01740883856734784,1.791631776171569e-05,-0.017373723229799305,-0.017443953904896378,3.848184653843377e-05,-0.017333415534073915,-0.01748426160062177,0.9764380593630907,0.001004901876624576,0.9784076308492716,0.9744684878769098,0.0021583943931315886,0.9806684346380617,0.9722076840881196,3.648838574658285e-06,1.000005709133732
2.9881763527054104,973.1423046396994,-0.017442364133870118,1.7916305235070227e-05,-0.017407248820873356,-0.01747747944686688,3.848184070629942e-05,-0.017366941112026964,-0.017517787155713272,0.9783184627563107,0.0010049011740220824,0.980288032865416,0.9763488926472055,0.002158394066015111,0.9825488373901453,0.9740880881224762,3.648838574658285e-06,1.000005709133732
2.998396793587174,996.3152860922721,-0.017472206540574863,1.79162907606878e-05,-0.017437091255947366,-0.01750732182520236,3.848183396734497e-05,-0.017396783531939818,-0.01754762954920991,0.9799922827286642,0.0010049003621736738,0.9819618512465759,0.9780227142107526,0.002158393688036329,0.984222656621674,0.9757619088356545,3.648838574658285e-06,1.000005709133732
3.0086172344689373,1020.0400748877589,-0.017499337711631043,1.7916279147789278e-05,-0.01746422244976441,-0.017534452973497674,3.848182856063764e-05,-0.017423914713592947,-0.017574760709669138,0.981514033183863,0.0010048997108220025,0.9834836004251488,0.9795444659425772,0.0021583933847814742,0.9857444064825042,0.9772836598852218,3.648838574658285e-06,1.000005709133732
3.0188376753507007,1044.3298109557077,-0.017523915705882485,1.7916275992218116e-05,-0.017488800450200657,-0.017559030961564314,3.8481827091474356e-05,-0.0174484927107239,-0.01759933870104107,0.9828925794273171,0.0010048995338303114,0.9848621463217057,0.9809230125329286,0.002158393302378105,0.9871229525644507,0.9786622062901835,3.648838574658285e-06,1.000005709133732
3.029058116232464,1069.1979471206475,-0.017545392938257565,1.7916281376686974e-05,-0.017510277672022373,-0.017580508204492758,3.8481829598362635e-05,-0.017469969938185566,-0.017620815938329565,0.9840972081576993,0.0010048998358378404,0.9860667756440117,0.9821276406713869,0.0021583934429860565,0.9883275815704193,0.9798668347449793,3.648838574658285e-06,1.000005709133732
3.039278557114228,1094.6582565529127,-0.01756268634588791,1.791629446642009e-05,-0.017527571053997312,-0.017597801637778507,3.84818356926521e-05,-0.017487263333871322,-0.017638109357904497,0.9850671718529236,0.0010049005700231539,0.9870367407782127,0.9830976029276345,0.0021583937848064574,0.9892975459355994,0.9808367977702478,3.648838574658285e-06,1.000005709133732
3.049498997995991,1120.7248403968797,-0.01757461439784037,1.7916310121675372e-05,-0.017539499075266037,-0.017609729720414705,3.848184298139638e-05,-0.017499191371538107,-0.017650037424142635,0.9857362000511797,0.0010049014481051137,0.9877057706974779,0.9837666294048815,0.002158394193622203,0.9899665749351195,0.9815058251672398,3.648838574658285e-06,1.000005709133732
3.0597194388777558,1147.412135580876,-0.017580301083581787,1.7916323603887298e-05,-0.017545185734582802,-0.01761541643258077,3.8481849258423215e-05,-0.017504878044976777,-0.017655724122186797,0.9860551585140361,0.0010049022043040296,0.988024730642457,0.9840855863856153,0.0021583945456920945,0.9902855340880203,0.9818247829400519,3.648838574658285e-06,1.000005709133732
3.0699398797595188,1174.7349228130183,-0.017580281132655414,1.7916330045228803e-05,-0.017545165771031632,-0.017615396494279196,3.848185225737408e-05,-0.017504858088172568,-0.01765570417713826,0.9860540394937318,0.0010049025655901069,0.9880236123302604,0.9840844666572033,0.0021583947138991665,0.9902844153973959,0.9818236635900678,3.648838574658285e-06,1.000005709133732
3.080160320641282,1202.7083347675107,-0.017575856904904208,1.7916328934101544e-05,-0.017540741545458195,-0.01761097226435022,3.848185174005693e-05,-0.017500433861435287,-0.01765127994837313,0.9858058905811633,0.0010049025032684913,0.9877754632955437,0.9838363178667829,0.0021583946848835515,0.9900362664279577,0.9815755147343689,3.648838574658285e-06,1.000005709133732
3.0903807615230456,1231.347864465827,-0.01756898037641182,1.7916326419858803e-05,-0.017533865021893632,-0.017604095730930008,3.848185056947923e-05,-0.01749355733523719,-0.01764440341758645,0.9854201954579483,0.0010049023622480382,0.9873897678959337,0.983450623019963,0.0021583946192274416,0.9896505711760591,0.9811898197398375,3.648838574658285e-06,1.000005709133732
3.100601202404809,1260.669373857498,-0.01756096280388906,1.791632427507852e-05,-0.017525847453574564,-0.017596078154203554,3.8481849570915455e-05,-0.017485539764671577,-0.01763638584310654,0.9849705007281913,0.0010049022419502316,0.9869400729303973,0.9830009285259852,0.002158394563219359,0.9892008763365283,0.9807401251198542,3.648838574658285e-06,1.000005709133732
3.1108216432865725,1290.6891026052224,-0.017551453427842124,1.791632351658629e-05,-0.017516338079014246,-0.017586568776670003,3.8481849217777736e-05,-0.01747603038931678,-0.01762687646636747,0.9844371327693179,0.0010049021994074346,0.9864067048881415,0.9824675606504942,0.0021583945434123447,0.9886675083388339,0.9802067571998019,3.648838574658285e-06,1.000005709133732
3.121042084168336,1321.423677079173,-0.017539404840369793,1.791632328921958e-05,-0.017504289491987547,-0.017574520188752038,3.8481849111920675e-05,-0.017463981802051925,-0.01761482787868766,0.9837613438978182,0.0010049021866547455,0.9857309159916471,0.9817917718039894,0.002158394537474966,0.9879917194556972,0.9795309683399392,3.648838574658285e-06,1.000005709133732
3.1312625250500994,1352.8901195654803,-0.017524613751990114,1.7916324413736535e-05,-0.017489498401403854,-0.017559729102576374,3.848184963547166e-05,-0.017449190712646105,-0.017600036791334123,0.982931731883355,0.001004902249727371,0.9849013041008039,0.9809621596659062,0.002158394566840228,0.9871621074987889,0.9787013562679212,3.648838574658285e-06,1.000005709133732
3.141482965931863,1385.1058576939938,-0.017508691666936686,1.7916327747780564e-05,-0.01747357630981582,-0.017543807024057553,3.8481851187731206e-05,-0.017433268624550302,-0.01758411470932307,0.9820386838049068,0.0010049024367293623,0.9840082563888729,0.9800691112209406,0.0021583946539043535,0.9862690595909831,0.9778083080188305,3.648838574658285e-06,1.000005709133732
3.1517034068136263,1418.0887340905415,-0.017494290041333096,1.791633143017026e-05,-0.017459174676994878,-0.017529405405671314,3.848185290217332e-05,-0.01741886699558647,-0.017569713087079723,0.9812309162274409,0.0010049026432695882,0.9832004892162184,0.9792613432386633,0.002158394750065078,0.9854612922019887,0.977000540252893,3.648838574658285e-06,1.000005709133732
3.1619238476953906,1451.8570162590381,-0.017483158790514534,1.7916333436735853e-05,-0.01744804342224352,-0.017518274158785548,3.848185383638758e-05,-0.01740773574293688,-0.01755858183809219,0.9806065795202267,0.001004902755815121,0.9825761527295893,0.978637006310864,0.002158394802463884,0.9848369555974743,0.976376203442979,3.648838574658285e-06,1.000005709133732
3.172144288577154,1486.4294066988957,-0.017475737052028435,1.7916334275127034e-05,-0.017440621682114205,-0.017510852421942665,3.84818542267247e-05,-0.017400314003685736,-0.017551160100371135,0.9801903043105721,0.0010049028028393412,0.9821598776121006,0.9782207310090436,0.0021583948243573624,0.9844206804307302,0.975959928190414,3.648838574658285e-06,1.000005709133732
3.182364729458917,1521.825053263384,-0.017472881220861564,1.7916334844862693e-05,-0.017437765849830672,-0.017507996591892457,3.848185449198153e-05,-0.017397458171998968,-0.01754830426972416,0.9800301246276104,0.0010049028347950389,0.9819996979917709,0.9780605512634499,0.0021583948392352565,0.9842605007769286,0.9757997484782922,3.648838574658285e-06,1.000005709133732
3.192585170340681,1558.0635597646278,-0.017473930283901064,1.791633984684106e-05,-0.017438814903066476,-0.017509045664735653,3.8481856820796774e-05,-0.017398507230474074,-0.017549353337328055,0.9800889651455736,0.0010049031153491971,0.9820585390596102,0.9781193912315371,0.0021583949698553337,0.9843193415509025,0.9758585887402448,3.648838574658285e-06,1.000005709133732
3.2028056112224443,1595.1649968311303,-0.01747769952534889,1.7916355131908983e-05,-0.01744258411455612,-0.01751281493614166,3.848186393720397e-05,-0.017402276457973997,-0.01755312259272378,0.9803003767679139,0.0010049039726678518,0.9822699523622641,0.9783308011735637,0.002158395369004927,0.9845307539555617,0.9760699995802662,3.648838574658285e-06,1.000005709133732
3.213026052104208,1633.149913023869,-0.01748375188178571,1.791639389936613e-05,-0.01744863639501012,-0.0175188673685613,3.848188198654065e-05,-0.017408328779034768,-0.01755917498453665,0.9806398452023463,0.001004906147081755,0.9826094250584694,0.9786702653462231,0.002158396381367654,0.9848702243741885,0.976409466030504,3.648838574658285e-06,1.000005709133732
3.223246492985971,1672.0393462170618,-0.01749155525197457,1.7916475420669652e-05,-0.01745643960542016,-0.017526670898528978,3.848191994129526e-05,-0.017416132074833675,-0.017566978429115462,0.9810775256147544,0.0010049107195007078,0.983047114432654,0.9791079367968547,0.002158398510198178,0.9853079089590278,0.976847142270481,3.648838574658285e-06,1.000005709133732
3.233466933867734,1711.8548352499702,-0.01750116215608068,1.791662845979963e-05,-0.01746604620957509,-0.01753627810258627,3.848199119374282e-05,-0.017425738839287556,-0.017576585472873805,0.9816163637897175,0.0010049193032572003,0.9835859694314707,0.9796467581479643,0.002158402506650977,0.9858467549668944,0.9773859726125406,3.648838574658285e-06,1.000005709133732
3.243687374749498,1752.6184318561372,-0.017513549118970528,1.7916892172750885e-05,-0.017478432655597047,-0.017548665582344008,3.848211397518047e-05,-0.01743812556153021,-0.017588972676410845,0.9823111316778093,0.0010049340945576858,0.9842807663099787,0.9803414970456398,0.002158409393294692,0.9865415363525598,0.9780807270030587,3.648838574658285e-06,1.000005709133732
3.253907815631261,1794.352712876687,-0.017529941505127024,1.7917320125315326e-05,-0.017494824202981932,-0.017565058807272115,3.848231322753127e-05,-0.017454517557159273,-0.017605365453094775,0.9832305583049823,0.0010049580978345218,0.9852002399827099,0.9812608766272547,0.0021584205690878375,0.9874609848838849,0.9790001317260797,3.648838574658285e-06,1.000005709133732
3.264128256513026,1837.080792764495,-0.01755131320018962,1.7917976966026204e-05,-0.017516194610660393,-0.01758643178971885,3.848261905619008e-05,-0.017475888652808712,-0.01762673774757053,0.9844292675911586,0.0010049949391359421,0.98639902147651,0.9824595137058071,0.0021584377226010346,0.9886597277903293,0.9801988073919878,3.648838574658285e-06,1.000005709133732
3.2743486973947893,1880.8263363860417,-0.017577682937598368,1.7918928306871826e-05,-0.017542562483475344,-0.01761280339172139,3.848306202130504e-05,-0.017502257522021787,-0.01765310835317495,0.9859083102694912,0.0010050482985490643,0.9878781687373707,0.9839384518016118,0.002158462567911395,0.9901388191645754,0.9816778013744071,3.648838574658285e-06,1.000005709133732
3.2845691382765527,1925.6135721281967,-0.017608452438216047,1.792023014436299e-05,-0.017573329432538427,-0.017643575443893666,3.848366821517583e-05,-0.017533025834521314,-0.01768387904191078,0.987634129677516,0.0010051213168419597,0.9896041312586197,0.9856641280964122,0.002158496568500492,0.9918647052125302,0.9834035541425017,3.648838574658285e-06,1.000005709133732
3.294789579158316,1971.467305317041,-0.01764351251237519,1.7921915467281632e-05,-0.017608386203525346,-0.017678638821225036,3.848445302827087e-05,-0.017568084370475058,-0.017718940654275324,0.989600601515407,0.0010052158443105046,0.9915707883669446,0.9876304146638694,0.002158540587598752,0.9938312633262685,0.9853699397045454,3.648838574658285e-06,1.000005709133732
3.30501002004008,2018.412931956259,-0.01768302401172378,1.792397745751661e-05,-0.01764789366144734,-0.01771815436200022,3.84854133246138e-05,-0.0176075939876774,-0.01775845403577016,0.9918167477331579,0.0010053314985361255,0.9937871612628123,0.9898463342035034,0.002158594449313529,0.9960475151110405,0.9875859803552752,3.648838574658285e-06,1.000005709133732
3.315230460921843,2066.4764527926545,-0.01772622035054165,1.7926348237490362e-05,-0.017691085353621846,-0.01776135534746145,3.8486517535372986e-05,-0.01765078816228195,-0.01780165253880135,0.9942395715811554,0.001005464472357888,0.9962102457347114,0.9922688974275994,0.002158656382992025,0.9984704603468173,0.9900086828154935,3.648838574658285e-06,1.000005709133732
3.3254509018036065,2115.684487716638,-0.017771529580827453,1.792887954501816e-05,-0.017736389622636062,-0.017806669539018844,3.8487696639427106e-05,-0.017696095081566273,-0.017846964080088634,0.9967809046356468,0.0010056064499516565,0.9987518570601732,0.9948099522111205,0.0021587225173334943,1.001011923022236,0.9925498862490576,3.648838574658285e-06,1.000005709133732
3.33567134268537,2166.0642905055815,-0.017816858981213216,1.7931332184564135e-05,-0.017781714215936648,-0.017852003746489785,3.848883922362409e-05,-0.01774142224252816,-0.017892295719898272,0.9993233690035905,0.0010057440151654026,1.0012945910509814,0.9973521469561997,0.0021587866033258847,1.0035545129964167,0.9950922250107642,3.648838574658285e-06,1.000005709133732
3.3458917835671333,2217.643763918282,-0.017860313144221956,1.7933396905438145e-05,-0.017825164332166837,-0.017895461956277076,3.848980118728566e-05,-0.01778487452012277,-0.017935751768321143,1.0017606538595192,0.0010058598225488502,1.0037321028852109,0.9997892048338276,0.0021588405585582946,1.0059919036026577,0.9975294041163806,3.648838574658285e-06,1.000005709133732
3.356112224448897,2270.4514751488487,-0.01790043450250456,1.79347700428708e-05,-0.017865282999149523,-0.017935586005859594,3.8490440986814555e-05,-0.017824994624421338,-0.01797587438058778,1.004011006234775,0.0010059368399584143,1.0059826062118153,1.0020394062577345,0.002158876444043013,1.0082423263121711,0.9997796861573787,3.648838574658285e-06,1.000005709133732
3.366332665330661,2324.516671648598,-0.017936618405933708,1.7935311380618474e-05,-0.017901465841576186,-0.01797177097029123,3.84906932282148e-05,-0.017861178033466426,-0.01801205877840099,1.0060405121267306,0.0010059672028558447,1.0080121716139565,1.0040688526395047,0.0021588905919198167,1.010271859933456,1.0018091643200053,3.648838574658285e-06,1.000005709133732
3.3765531062124245,2379.8692973246752,-0.01796986795119391,1.793532664620944e-05,-0.017934715356916375,-0.018005020545471442,3.849070034144648e-05,-0.01789442756478495,-0.01804530833760287,1.0079054338630646,0.0010059680590820633,1.0098770950284632,1.005933772697666,0.0021588909908912997,1.0121367824517595,1.0036740852743697,3.648838574658285e-06,1.000005709133732
3.386773547094188,2436.5400091244637,-0.018002471580848566,1.793601374675099e-05,-0.01796731763987872,-0.018037625521818413,3.8491020511184664e-05,-0.017927030566918453,-0.01807791259477868,1.0097341270722657,0.0010060065976161983,1.011705863771803,1.0077623903727284,0.002158908948776118,1.013965510857768,1.0055027432867634,3.648838574658285e-06,1.000005709133732
3.3969939879759514,2494.5601940148554,-0.018036056861329478,1.794010231105123e-05,-0.018000894906920854,-0.018071218815738102,3.849292586696657e-05,-0.017960612112970654,-0.018111501609688302,1.0116178797401465,0.0010062359196226873,1.0135900659025574,1.0096456935777356,0.0021590158175884677,1.015849472984672,1.007386286495621,3.648838574658285e-06,1.000005709133732
3.407214428857715,2553.961986365871,-0.018071952405613698,1.7952698627039188e-05,-0.0180367657628794,-0.018107139048347997,3.8498798148281106e-05,-0.01799649614779499,-0.018147408663432407,1.0136312119601605,0.0010069424298410929,1.0156047828571542,1.0116576410631668,0.002159345185854399,1.0178634507546251,1.0093989731656958,3.648838574658285e-06,1.000005709133732
3.4174348697394783,2614.7782857482166,-0.01811074521744196,1.7982288128955206e-05,-0.018075500580349586,-0.018145989854534337,3.85126051731321e-05,-0.01803526189835181,-0.018186228536532113,1.0158070479731311,0.0010086020647280859,1.017783871694731,1.0138302242515314,0.002160119603084987,1.0200408045974767,1.0115732913487856,3.648838574658285e-06,1.000005709133732
3.4276553106212417,2677.042775154653,-0.01815229144392503,1.8041763006573544e-05,-0.018116930238214538,-0.01818765264963552,3.8540411041582885e-05,-0.018076753626334156,-0.018227829261515904,1.0181373192663048,0.0010119379296600194,1.0201206811630286,1.016153957369581,0.0021616791963986913,1.0223741326373756,1.013900505895234,3.648838574658285e-06,1.000005709133732
3.437875751503005,2740.789939655255,-0.018195697099693972,1.8149189798107662e-05,-0.0181601253413411,-0.018231268858046844,3.859081705790295e-05,-0.01812006048812651,-0.018271333711261436,1.0205718834171784,0.0010179633521741852,1.0225670549250214,1.0185767119093354,0.0021645064012444015,1.024814238007924,1.016329528826433,3.648838574658285e-06,1.000005709133732
3.4480961923847686,2806.0550854969024,-0.018239936885775344,1.8327874642230304e-05,-0.01820401491156341,-0.01827585885998728,3.867517368765274e-05,-0.018164134938251714,-0.018315738833298973,1.0230532328019073,0.0010279855418658028,1.0250680474405922,1.0210384181632224,0.002169237849785821,1.0273048608613886,1.018801604742426,3.648838574658285e-06,1.000005709133732
3.458316633266532,2872.874359657579,-0.018284960327990304,1.8605124726905862e-05,-0.018248494953597694,-0.018321425702382915,3.880732839261835e-05,-0.018208899362004555,-0.018361021293976054,1.0255785363925027,0.0010435361217388688,1.0276238296076776,1.0235332431773279,0.002176650227306189,1.0298446924449638,1.0213123803400417,3.648838574658285e-06,1.000005709133732
3.4685370741482964,2941.2847698663154,-0.0183296722493883,1.900910935148399e-05,-0.01829241507968121,-0.01836692941909539,3.900261926083265e-05,-0.01825322852033434,-0.01840611597844226,1.0280863672044984,0.0010661950694515244,1.0301760711411176,1.0259966632678792,0.002187603826285972,1.032373991916461,1.0237987424925359,3.648838574658285e-06,1.000005709133732
3.47875751503006,3011.324205099824,-0.01837322904446377,1.956356881188639e-05,-0.0183348851541834,-0.01841157293474414,3.9275836025808694e-05,-0.018296249820390485,-0.018450208268537056,1.0305294085533532,0.0010972939458881333,1.0326800651677477,1.0283787519389587,0.002202928182747008,1.0348470684520656,1.0262117486546407,3.648838574658285e-06,1.000005709133732
3.4889779559118232,3083.031456567274,-0.01841558147714666,2.0281526333046687e-05,-0.018375830415982387,-0.018455332538310932,3.963834483510713e-05,-0.01833789174886307,-0.018493271205430248,1.0329048988549148,0.0011375632060087813,1.03513448176883,1.0306753159409996,0.0022232608084350475,1.0372624099676868,1.0285473877421427,3.648838574658285e-06,1.000005709133732
3.4991983967935867,3156.446239194705,-0.018456749830636894,2.1166324260207732e-05,-0.018415264597401792,-0.018498235063871996,4.0098271204093784e-05,-0.01837815866323455,-0.01853534099803924,1.0352139757662588,0.0011871903174087367,1.0375408260311747,1.032887125501343,0.002249057452446989,1.0396220473722164,1.0308059041603013,3.648838574658285e-06,1.000005709133732
3.50941883767535,3231.609213621072,-0.018496755189588373,2.2215447177448848e-05,-0.01845321371322012,-0.018540296665956624,4.06618268670115e-05,-0.018417059473383426,-0.01857645090579332,1.0374578218969233,0.0012460341938328448,1.039900004040341,1.0350156397535055,0.002280666522501471,1.0419278461417723,1.0329877976520743,3.648838574658285e-06,1.000005709133732
3.5196392785571136,3308.5620087180605,-0.01853561851133222,2.3421943291677257e-05,-0.018489712346032593,-0.018581524676631846,4.13333460831245e-05,-0.018454606641648767,-0.018616630381015672,1.039637612715085,0.0013137049186688998,1.0422124270419892,1.0370627983881808,0.002318331121301085,1.0441814582170734,1.0350937672130966,3.648838574658285e-06,1.000005709133732
3.529859719438877,3387.347244646161,-0.018573360564135475,2.477587232856828e-05,-0.01852480074668592,-0.01862192038158503,4.211534067902472e-05,-0.018490816013207952,-0.018655905115062998,1.041754513084574,0.001389644955460143,1.0444781671485737,1.0390308590205743,0.002362192133780423,1.0463843245913476,1.0371247015778005,3.648838574658285e-06,1.000005709133732
3.5400801603206404,3468.008556459764,-0.018610001878186608,2.626562062648953e-05,-0.018558522207727097,-0.01866148154864612,4.300861422742507e-05,-0.01852570654327588,-0.018694297213097337,1.0438096745157166,0.0014732029097334419,1.0466970991607139,1.0409222498707194,0.0024122946312391787,1.0485376851130448,1.0390816639183884,3.648838574658285e-06,1.000005709133732
3.550300601202404,3550.590618274351,-0.01864556270959242,2.7878946139806404e-05,-0.018590920979231467,-0.018700204439953374,4.401242675353206e-05,-0.01855929993828329,-0.018731825480901552,1.045804233145972,0.0015636921418122984,1.0488690134268324,1.0427394528651117,0.0024685971094983925,1.0506425945729285,1.0409658717190156,3.648838574658285e-06,1.000005709133732
3.5605210420841678,3635.1391680091765,-0.01868006301621297,2.960371880673286e-05,-0.01862204079354332,-0.018738085238882617,4.5124696542546484e-05,-0.01859162023617628,-0.018768505796249658,1.0477393083845457,0.0016604322930418552,1.0509936958776749,1.0444849208914164,0.0025309828080084854,1.0526999435337323,1.042778673235359,3.648838574658285e-06,1.000005709133732
3.570741482965932,3721.7010327191165,-0.018713522443340534,3.142838829071905e-05,-0.018651923934198584,-0.018775120952482485,4.63422233111555e-05,-0.018622693354687157,-0.01880435153199391,1.0496160021091414,0.0017627755207666649,1.0530709786426729,1.04616102557561,0.0025992722272344757,1.0547104820605362,1.0445215221577466,3.648838574658285e-06,1.000005709133732
3.580961923847695,3810.3241545297356,-0.018745960317100695,3.334223977555901e-05,-0.0186806107279767,-0.01881130990622469,4.76609171556703e-05,-0.018652546636005435,-0.018839373998195956,1.0514353982958373,0.0018701208455301076,1.0551007677998139,1.0477700287918608,0.002673235970045392,1.0566748445193033,1.0461959520723714,3.648838574658285e-06,1.000005709133732
3.5911823647294585,3901.0576171899893,-0.018777395643469297,3.533550121239104e-05,-0.01870813933371734,-0.018846651953221254,4.90760197734055e-05,-0.018681208412208848,-0.018873582874729747,1.0531985629639486,0.0019819201664126648,1.0570830551103512,1.0493140708175461,0.002752607149720332,1.058593573840988,1.0478035520869093,3.648838574658285e-06,1.000005709133732
3.601402805611222,3993.9516732571137,-0.018807847111177136,3.739935535866376e-05,-0.01873454572162914,-0.018881148500725132,5.0582307698566006e-05,-0.018708707609833022,-0.01890698661252125,1.054906544338948,0.0020976789362811368,1.0590179195051874,1.0507951691727087,0.0028370927891727205,1.0604671440265248,1.0493459446513713,3.648838574658285e-06,1.000005709133732
3.6116232464929854,4089.0577719289345,-0.018837333097035676,3.952589625760503e-05,-0.018759863763914104,-0.018914802430157248,5.217427091810439e-05,-0.018735073405116556,-0.018939592788954795,1.0565603731511768,0.0022169537207812947,1.0609055225993003,1.0522152237030533,0.00292638383927063,1.0622959800810872,1.0508247662212664,3.648838574658285e-06,1.000005709133732
3.621843687374749,4186.428587538903,-0.018865871672607934,4.1708057195599915e-05,-0.018784125382639422,-0.018947617962576446,5.384626362061004e-05,-0.01876033493520949,-0.018971408410006378,1.058161063010007,0.002339348157565269,1.062746101146135,1.0535760248738788,0.0030201636341367836,1.0640804749603325,1.0522416510596813,3.648838574658285e-06,1.000005709133732
3.632064128256512,4286.118048729675,-0.018893480611414933,4.393952732689489e-05,-0.018807360720356506,-0.01897960050247336,5.559262660263267e-05,-0.01878452106546779,-0.019002440157362077,1.05970961080804,0.0024645082798846938,1.0645399582762147,1.0548792633398651,0.003118114756752627,1.0658210034309379,1.053598218185142,3.648838574658285e-06,1.000005709133732
3.642284569138276,4388.18136832141,-0.018920177396155334,4.621466717507718e-05,-0.018829598312934678,-0.01901075647937599,5.7407782860618766e-05,-0.018807660209316224,-0.019032694582994444,1.0612069971260476,0.0025921177771836964,1.0662874546130137,1.0561265396390815,0.0032199244005799315,1.067517932984126,1.0548960612679692,3.648838574658285e-06,1.000005709133732
3.652505010020039,4492.675073891224,-0.018945979225595946,4.852842859495237e-05,-0.018850865253323516,-0.019041093197868376,5.928630915113698e-05,-0.01882978019488341,-0.019062178256308484,1.0626541866194503,0.0027218935058695593,1.0679889998607082,1.0573193733781925,0.0033252883832764284,1.0691716320888816,1.056136741150019,3.648838574658285e-06,1.000005709133732
3.6627254509018026,4599.657039080969,-0.01897090302096998,5.087628187389265e-05,-0.01887118734082984,-0.01907061870111012,6.122298692632185e-05,-0.018850908171568422,-0.019090897870371538,1.0640521283771864,0.0028535814005265646,1.069645045149172,1.058459211605201,0.0034339140035955233,1.0707824761502414,1.0573217806041315,3.648838574658285e-06,1.000005709133732
3.672945891783567,4709.186515650385,-0.018994965431824253,5.325415091846442e-05,-0.018890589213996802,-0.019099341649651703,6.321283620369666e-05,-0.018871070549504376,-0.01911886031414413,1.065401756249675,0.002986952838622159,1.0712560762368941,1.0595474362624557,0.003545521941098554,1.0723508515606246,1.0584526609387253,3.648838574658285e-06,1.000005709133732
3.6831663326653294,4821.324166293552,-0.019018182841314665,5.5658356496690825e-05,-0.01890909446714246,-0.01912727121548687,6.525113576621884e-05,-0.018890292965262543,-0.019146072717366788,1.06670398914583,0.0031218014570427127,1.0728226075685185,1.0605853707231416,0.0036598473891478436,1.0738771582174729,1.0595308200741873,3.648838574658285e-06,1.000005709133732
3.6933867735470938,4936.132098236912,-0.019040571371016557,5.808556700121097e-05,-0.018926725751672594,-0.01915441699036052,6.733343274125394e-05,-0.01890860026788825,-0.019172542474144863,1.0679597313028693,0.00325794039046614,1.0743451771319612,1.0615742854737773,0.0037766405921783115,1.0753618108460907,1.0605576517596478,3.648838574658285e-06,1.000005709133732
3.703607214428857,5053.673897637101,-0.01906214688533491,6.053275597466886e-05,-0.018943504863739608,-0.019180788906930216,6.945554417580794e-05,-0.018926016520223698,-0.019198277250446125,1.0691698725336742,0.003395199889018777,1.0758243420364655,1.062515403030883,0.003895666934050112,1.076805239420176,1.0615345056471726,3.648838574658285e-06,1.000005709133732
3.7138276553106206,5174.014664798135,-0.019082924995579675,6.29971655753844e-05,-0.018959452819923815,-0.019206397171235536,7.161355277739818e-05,-0.018942565011331017,-0.019223284979828333,1.0703352884553707,0.003533425269114598,1.0772606747248992,1.0634099021858423,0.004016706699159879,1.0782078889221849,1.0624626879885566,3.648838574658285e-06,1.000005709133732
3.724048096192384,5297.221050227034,-0.019102921063802732,6.54762751847945e-05,-0.018974589922598702,-0.019231252205006762,7.380379856717223e-05,-0.018958268276688825,-0.01924757385091664,1.0714568407045388,0.0036724751526893166,1.0786547597379281,1.0642589216711495,0.004139554604275526,1.079570218640956,1.0633434627681217,3.648838574658285e-06,1.000005709133732
3.734268537074148,5423.3612915481,-0.01912215020645914,6.796777442409009e-05,-0.01898893581647858,-0.019255364596439697,7.60228678164195e-05,-0.01897314812353751,-0.01927115228938077,1.0725353771425672,0.0038122199537402824,1.080007190953043,1.0650635633320913,0.00426401917800024,1.0808927011608358,1.0641780531242986,3.648838574658285e-06,1.000005709133732
3.744488977955911,5552.505251296169,-0.019140627297953815,7.046953993019217e-05,-0.01900250953768353,-0.0192787450582241,7.826758031804578e-05,-0.018987225659373348,-0.019294028936534282,1.0735717320545815,0.00395254057572259,1.081318569230431,1.0658248948787319,0.0043899220468468165,1.0821758211613395,1.0649676429478234,3.648838574658285e-06,1.000005709133732
3.7547094188376735,5684.724455609886,-0.01915836697411445,7.297961532678084e-05,-0.019015329556468372,-0.019301404391760524,8.053497578141874e-05,-0.01900052132208706,-0.019316212626141836,1.0745667263442353,0.00409332728815136,1.082589500405947,1.0665439522825237,0.004517097172143062,1.0834200741163034,1.0657133785721673,3.648838574658285e-06,1.000005709133732
3.764929859719438,5820.092133846324,-0.019175383635638813,7.549619390687836e-05,-0.01902741381461148,-0.019323353456666147,8.282229992757853e-05,-0.019013054910663983,-0.019337712360613643,1.0755211677270657,0.0042344787552913935,1.0838205935807368,1.0672217418733947,0.004645390070131079,1.0846259649586627,1.0664163704954688,3.648838574658285e-06,1.000005709133732
3.775150300601202,5958.683259138853,-0.019191691451527677,7.801760361640356e-05,-0.019038779758279403,-0.01934460314477595,8.512699069575443e-05,-0.019024845615651723,-0.01935853728740363,1.0764358509230394,0.004375901193905178,1.0850124596629993,1.0678592421830795,0.004774657038309563,1.0857940067566567,1.067077695089422,3.648838574658285e-06,1.000005709133732
3.7853707414829656,6100.574589920927,-0.01920730436253152,8.054229399178913e-05,-0.019049444367075376,-0.019365164357987665,8.744666484394123e-05,-0.01903591204886925,-0.01937869667619379,1.0773115578498758,0.004517507640601623,1.0861657101253395,1.068457405574412,0.004904764403878369,1.0869247194341314,1.0676983962656201,3.648838574658285e-06,1.000005709133732
3.795591182364729,6245.844712438611,-0.019222236084595747,8.306882475941282e-05,-0.01905942417982923,-0.019385047989362265,8.977910512908242e-05,-0.019046272271978512,-0.019398199897212982,1.0781490578162831,0.004659217312393672,1.0872809559447203,1.069017159687846,0.005035587804692437,1.0880186285544695,1.0682794870780967,3.648838574658285e-06,1.000005709133732
3.805811623246493,6394.574084275402,-0.019236500112345845,8.559585585075878e-05,-0.019068735317652474,-0.019404264907039215,9.212224817975662e-05,-0.01905594382373866,-0.01941705640095303,1.0789491077174367,0.004800955046662291,1.0883588067002905,1.0695394087345829,0.005167011509057282,1.0890762641828928,1.0688219512519805,3.648838574658285e-06,1.000005709133732
3.816032064128256,6546.84507891348,-0.0192501097225245,8.812213862580762e-05,-0.01907739350457727,-0.01942282594047173,9.447417312077863e-05,-0.019064943745738572,-0.019435275699310427,1.0797124522277626,0.004942650808888369,1.0893998698013416,1.0700250346541835,0.005298927777698347,1.0900981598287303,1.069326744626795,3.648838574658285e-06,1.000005709133732
3.8262525050100193,6702.7420313561815,-0.01926307797740393,9.064650812923697e-05,-0.019085414086146307,-0.01944074186866155,9.683309097045608e-05,-0.019073288606590143,-0.019452867348217714,1.0804398239923296,0.005084239258313542,1.0904047498274088,1.0704748981572505,0.005431236269067561,1.0910848514712297,1.0697947965134296,3.648838574658285e-06,1.000005709133732
3.836472945891783,6862.351284836705,-0.01927541772808831,9.316787623027199e-05,-0.019092812046160892,-0.01945802341001573,9.919733480355244e-05,-0.019080994524510987,-0.019469840931665636,1.0811319438120792,0.005225659363163747,1.0913740479593548,1.0708898396648037,0.00556384348759733,1.0920368766633877,1.0702270109607708,3.648838574658285e-06,1.000005709133732
3.846693386773546,7025.761238639192,-0.019287141617616233,9.568522551868293e-05,-0.01909960202174702,-0.019474681213485445,0.00010156535065380324,-0.0190880771882576,-0.019486206046974867,1.0817895208178367,0.005366854058284038,1.092308361482356,1.0712706801533174,0.005696662273435045,1.0929547737058576,1.070624267929816,3.648838574658285e-06,1.000005709133732
3.8569138276553097,7193.0623970584875,-0.019298262083745212,9.819760384692183e-05,-0.019105798316837112,-0.019490725850653312,0.00010393568911661573,-0.019094551876368295,-0.01950197229112213,1.0824132526264916,0.005507769939014455,1.0932082833420922,1.071618221910891,0.005829611331449943,1.09383908088,1.070987424372983,3.648838574658285e-06,1.000005709133732
3.867134268537073,7364.347419525782,-0.019308791361296797,0.00010070411942279354,-0.0191114149141333,-0.019506167808460293,0.00010630699760405738,-0.019100433474688257,-0.019517149247905336,1.0830038254725314,0.005648356985944628,1.094074401736808,1.0719332492082547,0.0059626147968259505,1.0946903357279958,1.071317315217067,3.648838574658285e-06,1.000005709133732
3.877354709418837,7539.711171927864,-0.01931874148385463,0.00010320393636882389,-0.019116465485508972,-0.019521017482200288,0.00010867801319903234,-0.019105736492073158,-0.019531746475636103,1.083561914303283,0.005788568315844777,1.0949072997243885,1.0722165288821777,0.00609560183426217,1.0955090743625333,1.0716147542440329,3.648838574658285e-06,1.000005709133732
3.887575150300601,7719.25077914839,-0.019328124284658146,0.00010569627067461187,-0.01912096340083571,-0.019535285168480583,0.00011104755605320459,-0.01911047507422267,-0.01954577349509362,1.0840881828290398,0.005928359954638658,1.095707554827521,1.0724688108305587,0.006228506267671371,1.0962958307911577,1.071880534866922,3.648838574658285e-06,1.000005709133732
3.897795591182364,7903.065678860331,-0.01933695139651143,0.0001081803864778435,-0.01912492173518123,-0.019548981057841627,0.00011341452327354016,-0.01911466301557151,-0.01955923977745135,1.0845832835179487,0.006067690628810692,1.096475738619749,1.0726908284161485,0.006361266237284474,1.097051136239097,1.0721154307968006,3.648838574658285e-06,1.000005709133732
3.908016032064128,8091.257676599398,-0.01934523425061451,0.00011065559261880648,-0.019128353274393713,-0.01956211522683531,0.00011577788324497928,-0.01911831376924807,-0.019572154731980953,1.0850478575304605,0.006206521572153381,1.097212416281152,1.072883298779769,0.006493823881216949,1.0977755184595919,1.0723201966013292,3.648838574658285e-06,1.000005709133732
3.918236472945891,8283.931002148704,-0.019352984074467772,0.00011312123942079001,-0.01913127051931649,-0.019574697629619053,0.0001181366703397573,-0.019121440455348367,-0.019584527693587178,1.085482534601789,0.006344816345184319,1.0979181461268712,1.0730469230767066,0.0066261250387218305,1.0984695010347427,1.072495568168835,3.648838574658285e-06,1.000005709133732
3.928456913827655,8481.192367266409,-0.019360211889336003,0.00011557671565299775,-0.0191336856892047,-0.019586738089467304,0.00012048997996515185,-0.01912405586810635,-0.019596367910565654,1.0858879328996747,0.00648254066480011,1.0985934791309993,1.07318238666835,0.0067581189724246005,1.0991336026888636,1.0726422631104857,3.648838574658285e-06,1.000005709133732
3.938677354709418,8683.151024787667,-0.01936692850775013,0.00011802144564803982,-0.019135610724876618,-0.01959824629062364,0.00012283696391445864,-0.019126172482507545,-0.019607684532992713,1.08626465888426,0.00661966224260042,1.0992389584695763,1.0732903592989436,0.006889758107565744,1.0997683366372817,1.0727609811312382,3.648838574658285e-06,1.000005709133732
3.9488977955911815,8889.918829134233,-0.01937314452954716,0.00012045488663508384,-0.019137057289980542,-0.01960923176911378,0.00012517682607072166,-0.019127802458749513,-0.01961848660034481,1.0866133070859751,0.006756150635308047,1.0998551190053063,1.073371495166644,0.007020997791028823,1.100374209891927,1.0728524042800234,3.648838574658285e-06,1.000005709133732
3.959118236472945,9101.610298264728,-0.019378870331397412,0.00012287652657788392,-0.01913803676475938,-0.019619703898035443,0.00012750881873311434,-0.01912895763896926,-0.019628783023825563,1.0869344595181334,0.006891977123506914,1.1004424864624809,1.073426432573786,0.007151796085292207,1.1009517222700806,1.0729171967661861,3.648838574658285e-06,1.000005709133732
3.969338677354709,9318.342677100254,-0.01938411605272013,0.0001252858828989048,-0.019138560234466973,-0.019629671870973288,0.00012983223992763464,-0.019129649538429803,-0.019638582567010458,1.0872286848869597,0.007027114640079925,1.1010015764967505,1.073455793277169,0.007282113617589601,1.101501365308764,1.0729560044651554,3.648838574658285e-06,1.000005709133732
3.9795591182364727,9540.236002460228,-0.019388891637992123,0.00012768250117317146,-0.019138638534236713,-0.019639144741747532,0.0001321464308133433,-0.019129889392912457,-0.01964789388307179,1.087496540964622,0.007161537696948764,1.1015328969245675,1.0734601850046765,0.007411913434429499,1.1020236243526325,1.0729694575766116,3.648838574658285e-06,1.000005709133732
3.989779559118236,9767.413169544567,-0.01939320710831944,0.00013006594908638347,-0.019138282532495107,-0.019648131684143772,0.00013445076862037827,-0.01912968844412977,-0.01965672577250911,1.0877385898213188,0.007295222046192764,1.1020369622910793,1.0734402173515583,0.007541160605498017,1.1025189930097272,1.0729581866329103,3.648838574658285e-06,1.000005709133732
4.0,9999.999999999,-0.019397073112611986,0.00013243580953624823,-0.019137503695657535,-0.019656642529566438,0.00013674465882947755,-0.019129058506227994,-0.01966508771899598,1.0879554287399118,0.007428144293112067,1.1025143240263782,1.0733965334534454,0.007669821785018975,1.1029880032063897,1.072922854273434,3.648838574658285e-06,1.000005709133732
