x_transformed,x_real,student_t_mean_real,student_t_std_real,student_t_upper_real,student_t_lower_real,student_t_std_predictive_real,student_t_upper_predictive_real,student_t_lower_predictive_real,student_t_mean_norm,student_t_std_norm,student_t_upper_norm,student_t_lower_norm,student_t_std_predictive_norm,student_t_upper_predictive_norm,student_t_lower_predictive_norm,sigma_btw_squared,nu
-1.1,0.07943282247242814,-0.032015541667689294,3.087434338297493e-05,-0.031955029066612343,-0.032076054268766245,5.023738778776094e-05,-0.03191707819694791,-0.03211400513843068,1.9371547017555113,0.0018681045621134632,1.9408161194166087,1.933493284094414,0.0030396984366874175,1.9431124012152814,1.9311970022957412,5.749951931010796e-06,1.000005709133732
-1.0897795591182369,0.08132431905650853,-0.032051465097333184,2.7922547595219746e-05,-0.031996737909689946,-0.03210619228497642,4.847926068552754e-05,-0.031956447492392424,-0.032146482702273944,1.939328309853733,0.001689501146677801,1.9426396712530607,1.9360169484544054,0.002933319971574257,1.9450775113531507,1.9335791083543155,5.749951931010796e-06,1.000005709133732
-1.079559118236473,0.0832608569619369,-0.03208390887623044,2.5266936014400335e-05,-0.03203438659164253,-0.03213343116081834,4.6999873488806596e-05,-0.03199179081691444,-0.032176026935546435,1.9412913757760868,0.0015288188595181098,1.9442878056796278,1.9382949458725458,0.0028438071376640593,1.9468651353448863,1.9357176162072873,5.749951931010796e-06,1.000005709133732
-1.0693386773547096,0.08524350873658111,-0.03211276821988143,2.2999811420630083e-05,-0.03206768941784578,-0.03215784702191708,4.5820970938998775e-05,-0.03202296076710434,-0.03220257567265852,1.9430375593585285,0.0013916426370486378,1.945765128806494,1.940309989910563,0.0027724756374515685,1.9484715117559483,1.9376036069611087,5.749951931010796e-06,1.000005709133732
-1.059118236472946,0.08727337246838893,-0.03213797228858247,2.1230659883650657e-05,-0.032096360959842495,-0.03217958361732245,4.495899210951329e-05,-0.03204985428326661,-0.032226090293898335,1.9445625743245212,0.0012845971197948597,1.947080338413963,1.9420448102350794,0.0027203201449822125,1.949894303835105,1.9392308448139373,5.749951931010796e-06,1.000005709133732
-1.0488977955911825,0.08935157239356134,-0.03215943119831183,2.0070335793712334e-05,-0.032120094062998525,-0.03219876833362513,4.4422836821621325e-05,-0.03207236403805035,-0.03224649835857331,1.9458609820887327,0.0012143897408376373,1.9482411422439694,1.943480821933496,0.0026878791590513327,1.9511291284352692,1.9405928357421962,5.749951931010796e-06,1.000005709133732
-1.038677354709419,0.09147925951920907,-0.032176771071328554,1.9600576098768166e-05,-0.03213835464809873,-0.03221518749455838,4.4212584586423204e-05,-0.032090115997875736,-0.03226342614478137,1.946910160543711,0.0011859661329786232,1.9492346114512333,1.9445857096361885,0.0026751574906130416,1.952153372878285,1.9416669482091369,5.749951931010796e-06,1.000005709133732
-1.0284569138276554,0.09365761226083551,-0.03218976672870146,1.980409136847167e-05,-0.03215095142287272,-0.032228582034530204,4.43031837156067e-05,-0.03210293408421841,-0.032276599373184514,1.9476964848559353,0.0011982801698822393,1.950045070832293,1.9453478988795776,0.0026806393447354688,1.952950441427158,1.9424425282847126,5.749951931010796e-06,1.000005709133732
-1.018236472945892,0.09588783709499979,-0.03219897020519325,2.0534605697631235e-05,-0.03215872311758916,-0.03223921729279734,4.4634516728258794e-05,-0.032111488159938514,-0.03228645225044799,1.9482533568259184,0.0012424811795705866,1.9506885751893455,1.9458181384624913,0.002700687211173836,1.9535466064933271,1.9429601071585096,5.749951931010796e-06,1.000005709133732
-1.0080160320641285,0.09817116922752188,-0.03220460910703631,2.1621230408643677e-05,-0.03216223227413393,-0.032246985939938695,4.5144741186451414e-05,-0.03211612704021949,-0.032293091173853136,1.9485945481551612,0.0013082292524856185,1.9511586303735549,1.9460304659367675,0.0027315592082306902,1.953948305824932,1.9432407904853903,5.749951931010796e-06,1.000005709133732
-0.9977955911823648,0.10050887327759882,-0.03220680453590414,2.2910499163392877e-05,-0.032161900782676056,-0.03225170828913222,4.577620587514708e-05,-0.03211708482103996,-0.032296524250768316,1.9487273863060137,0.001386238647298058,1.9514443641286954,1.946010408483332,0.00276976705126506,1.9541560299720588,1.9432987426399686,5.749951931010796e-06,1.000005709133732
-0.9875751503006012,0.10290224397821154,-0.03220570702076114,2.4280953024428696e-05,-0.03215811722732295,-0.032253296814199334,4.6477249619384085e-05,-0.03211461328540667,-0.032296800756115615,1.9486609792890226,0.001469160284795255,1.9515404805347378,1.9457814780433074,0.0028121848931801177,1.9541727603975232,1.943149198180522,5.749951931010796e-06,1.000005709133732
-0.9773547094188376,0.10535260689321052,-0.03220149572101758,2.5643014901063237e-05,-0.03215123633535647,-0.032251755106678694,4.720311711766688e-05,-0.03210897931150893,-0.03229401213052623,1.9484061674484667,0.0015515741510290842,1.951447196903827,1.9453651379931065,0.0028561047384772884,1.9540040298719563,1.9428083050249771,5.749951931010796e-06,1.000005709133732
-0.9671342685370744,0.10786131915147663,-0.0321943560782827,2.6932964635965316e-05,-0.03214156843759932,-0.03224714371896608,4.791612084142646e-05,-0.032100442207154634,-0.03228826994941077,1.9479741712437395,0.0016296247497017816,1.9511681770614702,1.9447801654260088,0.002899246239257954,1.9536565894549982,1.9422917530324808,5.749951931010796e-06,1.000005709133732
-0.9569138276553107,0.11042977019856483,-0.032184469322950576,2.8106290650233626e-05,-0.032129382005537103,-0.03223955664036405,4.85853231596069e-05,-0.032089243839380506,-0.03227969480652065,1.9473759563275115,0.001700618832164106,1.9507091079899836,1.9440428046650393,0.002939737461631906,1.9531377358763131,1.9416141767787098,5.749951931010796e-06,1.000005709133732
-0.9466933867735472,0.11305938256624523,-0.03217201122085455,2.9132285326070755e-05,-0.03211491299082811,-0.03222910945088099,4.9185974634316454e-05,-0.03207560848202679,-0.03226841395968231,1.9466221577099287,0.0017626983818685498,1.9500769830539981,1.9431673323658594,0.0029760808988420996,1.9524551690867369,1.9407891463331206,5.749951931010796e-06,1.000005709133732
-0.9364729458917836,0.1157516126603703,-0.03215715333208146,2.999013041065359e-05,-0.03209837375658492,-0.032215932907578,4.969887296967642e-05,-0.03205974533098866,-0.03225456133317426,1.9457231559253048,0.001814603755084665,1.949279713931482,1.9421665979191276,0.0030071146833764357,1.951616992402104,1.9398293194485055,5.749951931010796e-06,1.000005709133732
-0.92625250501002,0.11850795156750221,-0.032140063938602415,3.066620333700625e-05,-0.0320799592845193,-0.03220016859268553,5.010974036566781e-05,-0.03204185065221105,-0.032238277224993776,1.944689133159996,0.0018555106952703874,1.948325867295655,1.9410523990243371,0.003031974912705181,1.9506316947909272,1.9387465715290648,5.749951931010796e-06,1.000005709133732
-0.9160320641282568,0.12132992588074816,-0.03212090836909314,3.1152269627676166e-05,-0.03205985104258621,-0.03218196569560007,5.040866944646982e-05,-0.03202210919246948,-0.032219707545716805,1.9435300929062078,0.0018849209613876824,1.9472244701042323,1.9398357157081834,0.0030500621242344327,1.9495081048203171,1.9375520809920985,5.749951931010796e-06,1.000005709133732
-0.9058116232464932,0.12421909854526168,-0.03209984906962729,3.144429170284272e-05,-0.03203821939037035,-0.03216147874888423,5.058965836118572e-05,-0.03200069516124918,-0.032199002978005396,1.9422558642394123,0.0019025902528148576,1.9459848726122664,1.9385268558665583,0.0030610131657862727,1.9482553398005564,1.9362563886782682,5.749951931010796e-06,1.000005709133732
-0.8955911823647296,0.12717706972387618,-0.03207704564589355,3.154166484919513e-05,-0.0320152251187767,-0.03213886617301041,5.0650238635834446e-05,-0.031977773002358954,-0.03217631828942815,1.9408761043727687,0.0019084819803464167,1.9446166603193913,1.937135548426146,0.0030646786781517205,1.946882764206134,1.9348694445394035,5.749951931010796e-06,1.000005709133732
-0.885370741482966,0.1302054776833524,-0.03205265493478337,3.1446756037083724e-05,-0.031991020425520066,-0.03211428944404667,5.059119011907001e-05,-0.031953498024214974,-0.03215181184535176,1.9394003029886573,0.0019027393615418384,1.943129603609246,1.9356710023680685,0.0030611058473975447,1.9453999602024215,1.9334006457748931,5.749951931010796e-06,1.000005709133732
-0.8751503006012025,0.13330599970172946,-0.03202683109754498,3.116466802862996e-05,-0.03196574947061872,-0.032087912724471236,5.04163325296747e-05,-0.03192801690155422,-0.03212564529353574,1.937837787875124,0.0018856711476862987,1.9415336354112755,1.9341419403389726,0.0030505257920934482,1.9438167085615377,1.9318588671887105,5.749951931010796e-06,1.000005709133732
-0.864929859719439,0.136480352997282,-0.03199972572211027,3.0703184049614335e-05,-0.03193954858716232,-0.03205990285705822,5.01323803862585e-05,-0.031901468062093936,-0.0320979833821266,1.9361977311173404,0.0018577482760693189,1.9398388508307776,1.9325566114039032,0.0030333447855872436,1.9421429776497838,1.930252484584897,5.749951931010796e-06,1.000005709133732
-0.8547094188376755,0.13973029567959844,-0.03197148793490957,3.0072871802707796e-05,-0.031912546189264576,-0.03203042968055457,4.9748845925007375e-05,-0.03187398198862413,-0.03206899388119502,1.9344891558631476,0.0018196101634819141,1.9380555262494752,1.93092278547682,0.003010138381878394,1.9403889186801109,1.9285893930461844,5.749951931010796e-06,1.000005709133732
-0.8444889779559119,0.14305762772330644,-0.03194226453467251,2.9287343092136616e-05,-0.03188486239700906,-0.03199966667233597,4.927797193274645e-05,-0.03184568148445315,-0.03203884758489187,1.9327209444189026,0.0017720804152477113,1.936194158210497,1.9292477306273084,0.002981647351568474,1.938564865842576,1.9268770229952292,5.749951931010796e-06,1.000005709133732
-0.8342685370741485,0.14646419196498553,-0.03191220015368739,2.8363678454098033e-05,-0.031856608365448284,-0.0319677919419265,4.8734672542815856e-05,-0.03181668195070512,-0.032007718356669664,1.930901848006754,0.0017161925182071459,1.934265523532977,1.9275381724805307,0.0029487740996151234,1.9366813390405442,1.9251223569729636,5.749951931010796e-06,1.000005709133732
-0.8240480961923848,0.14995187512381894,-0.03188143738137671,2.7323034399251323e-05,-0.03182788521800582,-0.03193498954474759,4.8136454597224916e-05,-0.0317870916640227,-0.03197578309873071,1.9290404942417845,0.0016532265829553086,1.9322807588026611,1.9258002296809078,0.002912577907215682,1.9347490420420943,1.9233319464414746,5.749951931010796e-06,1.000005709133732
-0.8138276553106214,0.15352260884654892,-0.03185011661614567,2.619144999138e-05,-0.03179878231745968,-0.03190145091483165,4.750328520280449e-05,-0.031757011888000834,-0.0319432213442905,1.9271453781678585,0.0015847581472532377,1.9302514470606813,1.9240393092750356,0.0028742669180673373,1.9327788378092254,1.9215119185264915,5.749951931010796e-06,1.000005709133732
-0.8036072144288579,0.15717837077731625,-0.03181837531601196,2.500084842083681e-05,-0.031769374553524174,-0.03186737607849975,4.6857363073157275e-05,-0.031726536571978055,-0.03191021406004587,1.9252248169156998,0.001512718777929592,1.9281896912391792,1.9222599425922204,0.002835184303023631,1.9307816760391594,1.9196679577922402,5.749951931010796e-06,1.000005709133732
-0.7933867735470943,0.16092118565297428,-0.03178634703064845,2.3790164355710527e-05,-0.03173971916532497,-0.03183297489597193,4.622274302202049e-05,-0.03169575211905864,-0.03187694194223826,1.9232868911349934,0.001439464283176915,1.926108189287052,1.9204655929829348,0.002796785539427867,1.9287684900647544,1.9178052922052324,5.749951931010796e-06,1.000005709133732
-0.7831663326653309,0.16475312642448575,-0.031754163280634955,2.2606378220146923e-05,-0.031709855593502576,-0.031798470967767334,4.562475631321616e-05,-0.031664740401457635,-0.031843586159812275,1.9213395587017057,0.0013678372933173513,1.9240204705333184,1.918658646870093,0.0027606033384027727,1.9267502418205762,1.9159288755828352,5.749951931010796e-06,1.000005709133732
-0.7729458917835672,0.168676315405023,-0.03172196500851837,2.1504958360636542e-05,-0.03167981606464249,-0.03176411395239425,4.508917039046889e-05,-0.031633591858460264,-0.03181033815857648,1.9193913475839164,0.0013011940148245583,1.9219416409898715,1.9168410541779612,0.0027281968028765903,1.9247385150602918,1.914044180107541,5.749951931010796e-06,1.000005709133732
-0.7627254509018038,0.1726929254454066,-0.03168992484319283,2.0548811135534246e-05,-0.03164964991344207,-0.03173019977294359,4.464105387971795e-05,-0.03160242998535667,-0.031777419701028986,1.9174527029859385,0.001243340703707643,1.9198896059857182,1.9150157999861588,0.0027010827526210692,1.922746727900338,1.912158678071539,5.749951931010796e-06,1.000005709133732
-0.7525050100200402,0.17680518113753527,-0.03165824264906913,1.9804509339026734e-05,-0.03161942652403315,-0.03169705877410511,4.43033705553835e-05,-0.031571409638386845,-0.03174507565975141,1.9155357180432597,0.0011983054599002667,1.917884353587142,1.9131870824993775,0.002680650649793364,1.9207896967719886,1.9102817393145308,5.749951931010796e-06,1.000005709133732
-0.7422845691382767,0.1810153600464715,-0.03162699523274545,1.9335057946872805e-05,-0.03158909921553059,-0.03166489124996032,4.409551585158012e-05,-0.03154056960979664,-0.031713420855694265,1.913645040069499,0.0011699005064249853,1.9159380029275872,1.911352077211411,0.002668074048062428,1.9188743691117875,1.9084157110272106,5.749951931010796e-06,1.000005709133732
-0.7320641282565132,0.18532579397186677,-0.031595921418743615,1.9180597849343642e-05,-0.031558328137756955,-0.031633514699730275,4.40280068395819e-05,-0.03150962811102695,-0.03168221472646028,1.9117648661989477,0.0011605546359953055,1.9140395114875894,1.909490220910306,0.0026639893006806525,1.9169861892834819,1.9065435431144135,5.749951931010796e-06,1.000005709133732
-0.7218436873747496,0.18973887023942462,-0.031565244410059645,1.9292230496569633e-05,-0.03152743233310493,-0.031603056487014364,4.407675362297904e-05,-0.03147885556040316,-0.03165163325971613,1.909908701707815,0.0011673091588357387,1.9121965856179568,1.907620817797673,0.0026669388075680695,1.9151358057196206,1.9046815976960092,5.749951931010796e-06,1.000005709133732
-0.7116232464929861,0.19425703302311598,-0.03153508166235305,1.958218023431305e-05,-0.03149670129435502,-0.03157346203035107,4.420443230194395e-05,-0.0314484425670842,-0.031621720757621895,1.908083653450185,0.0011848530599688964,1.9104059227746961,1.905761384125674,0.0026746642228003973,1.9133258989976116,1.9028414079027585,5.749951931010796e-06,1.000005709133732
-0.7014028056112226,0.19888278469888093,-0.03150530214898968,1.996614089205542e-05,-0.031466169231931,-0.031544435066048364,4.437585869061501e-05,-0.03141832706417304,-0.03159227723380632,1.9062817934371132,0.0012080852514200072,1.9086495970201505,1.903913989854076,0.002685036667479485,1.9115443686025424,1.901019218271684,5.749951931010796e-06,1.000005709133732
-0.691182364729459,0.20361868723056442,-0.031475771345823356,2.0371067598175357e-05,-0.0314358447870043,-0.03151569790464241,4.4559515790653005e-05,-0.031388436299705134,-0.03156310639194158,1.904494982056752,0.0012325860292225032,1.9069108062818754,1.9020791578316287,0.0026961491521140467,1.9097793372918437,1.8992106268216604,5.749951931010796e-06,1.000005709133732
-0.6809619238476956,0.20846736358885526,-0.03144639251774244,2.0738713279725117e-05,-0.03140574538662848,-0.03148703964885641,4.4728785819723206e-05,-0.031358725708463576,-0.03153405932702131,1.902717366186943,0.001254831055340958,1.9051767898620937,1.9002579425117923,0.002706391122594607,1.9080217953153074,1.8974129370585786,5.749951931010796e-06,1.000005709133732
-0.670741482965932,0.21343149920401377,-0.031417086463870085,2.1026021817001373e-05,-0.03137587621837061,-0.03145829670936956,4.486272000065357e-05,-0.0313291571484203,-0.03150501577931987,1.9009441536441727,0.001272215146155854,1.9034376495112246,1.8984506577771207,0.002714495037593393,1.9062644661540684,1.895623841134277,5.749951931010796e-06,1.000005709133732
-0.6605210420841685,0.21851384345319164,-0.031387775122682475,2.120402954742091e-05,-0.03134621598844241,-0.03142933425692254,4.494642278820333e-05,-0.031299681752783685,-0.031475868492581265,1.8991706211834165,0.0012829858060906519,1.9016852271560303,1.8966560152108027,0.0027195596168572726,1.9045008600862663,1.8938403822805667,5.749951931010796e-06,1.000005709133732
-0.650300601202405,0.22371721118317,-0.03135837702821484,2.125641135946521e-05,-0.03131671522750972,-0.03140003882891996,4.4971158271617004e-05,-0.03127023517765942,-0.03144651887877026,1.8973918395681704,0.0012861552565575948,1.8999126575495502,1.8948710215867905,0.0027210562792749303,1.9027250118754557,1.892058667260885,5.749951931010796e-06,1.000005709133732
-0.6400801603206414,0.2290444842693565,-0.03132880765981967,2.1178243226428845e-05,-0.03128729906584004,-0.0313703162537993,4.493426352535228e-05,-0.031240738121638148,-0.031416877198001195,1.895602694733165,0.0012814255609612944,1.898114242681518,1.893091146784812,0.00271882390001555,1.9009314916575022,1.8902738978088278,5.749951931010796e-06,1.000005709133732
-0.629859719438878,0.23449861321190668,-0.03129897973791995,2.0975182065367487e-05,-0.031257869136502664,-0.03134009033933724,4.4838915186290344e-05,-0.031211097079048976,-0.03138686239679093,1.8937979056794179,0.0012691390006720168,1.8962853724121103,1.8913104389467255,0.0027130546868866395,1.8991153951538033,1.8884804162050324,5.749951931010796e-06,1.000005709133732
-0.6196392785571143,0.24008261876985326,-0.031268802440300704,2.0663054364005175e-05,-0.03122830359793666,-0.03130930128266475,4.469375647736335e-05,-0.031181204287271266,-0.03135640059333014,1.891971977054621,0.0012502531841983148,1.8944224282672062,1.889521525842036,0.002704271612765408,1.8972722520200553,1.8866717020891868,5.749951931010796e-06,1.000005709133732
-0.6094188376753509,0.24579959363414708,-0.031238182119202672,2.026770505860237e-05,-0.031198458147238532,-0.03127790609116681,4.451235694445443e-05,-0.03115093950272455,-0.03132542473568079,1.8901192425421147,0.0012263319032858717,1.8925228089056474,1.887715676178582,0.0026932957260626883,1.8953980051649133,1.8848404799193161,5.749951931010796e-06,1.000005709133732
-0.5991983967935873,0.2516527041405391,-0.03120703119740258,1.9824806285226632e-05,-0.031168175291083053,-0.031245887103722107,4.431244742343607e-05,-0.03112018039638582,-0.03129388199841934,1.8882344031333234,0.0011995335610884498,1.8905854457113038,1.885883360555343,0.0026811998611047877,1.8934894582964426,1.8829793479702042,5.749951931010796e-06,1.000005709133732
-0.5889779559118238,0.2576451920232487,-0.0311752898762922,1.937912557913402e-05,-0.03113730748810522,-0.031213272264479182,4.4114856461512725e-05,-0.03108882634644448,-0.03126175340613992,1.886313840611935,0.0011725668933290742,1.888612029492324,1.884015651731546,0.0026692442845011755,1.8915454632754967,1.8810822179483735,5.749951931010796e-06,1.000005709133732
-0.5787575150300602,0.26378037621039246,-0.031142934962411776,1.8982536424052932e-05,-0.031105729874685413,-0.03118014005013814,4.3942083945786195e-05,-0.0310568100604724,-0.031229059864351153,1.884356151618292,0.0011485705932069397,1.8866073086146795,1.8821049946219046,0.002658790390119262,1.889567285025367,1.879145018211217,5.749951931010796e-06,1.000005709133732
-0.5685370741482968,0.2700616546621662,-0.031109871348283885,1.8690099644812078e-05,-0.03107323942611259,-0.03114650327045518,4.38165479829371e-05,-0.031023992492310457,-0.031195750204257314,1.8823555815130073,0.0011308762094057005,1.8845720581544156,1.880139104871599,0.002651194623563235,1.8875518274911975,1.877159335534817,5.749951931010796e-06,1.000005709133732
-0.5583166332665332,0.27649250625279875,-0.031075642750121937,1.8551263506700935e-05,-0.031039282941781092,-0.031112002558462783,4.3757507128526857e-05,-0.03098987961209677,-0.031161405888147104,1.8802845220709354,0.0011224756931655833,1.8824845340030616,1.8780845101388093,0.002647622256432808,1.8854737663382104,1.8750952778036605,5.749951931010796e-06,1.000005709133732
-0.5480961923847697,0.28307649269731994,-0.03104027063874362,1.8554950561441695e-05,-0.031003903603908273,-0.031076637673578964,4.3759070405409325e-05,-0.030954504436752062,-0.031126036840735175,1.8781442724203514,0.001122698784672228,1.8803447216037958,1.875943823236907,0.0026477168451545744,1.8833337020781145,1.8729548427625884,5.749951931010796e-06,1.000005709133732
-0.5378757515030061,0.28981726052420964,-0.031004043648718272,1.8643521080960984e-05,-0.030967503018854575,-0.03104058427858197,4.379669999787954e-05,-0.03091820369408072,-0.031089883603355822,1.8759522968858917,0.0011280578943229284,1.8781632497312408,1.8737413440405426,0.002649993687531175,1.8811461890727113,1.8707584046990722,5.749951931010796e-06,1.000005709133732
-0.5276553106212426,0.29671854309502094,-0.03096691464597078,1.876176353668054e-05,-0.03093014226515243,-0.03100368702678913,4.384716437142019e-05,-0.030880975782978586,-0.03105285350896297,1.873705743540321,0.0011352123548478124,1.8759307188706276,1.8714807682100145,0.0026530471201261976,1.878905620345056,1.868505866735586,5.749951931010796e-06,1.000005709133732
-0.5174348697394792,0.30378416267209496,-0.030928797262449324,1.8863504725245423e-05,-0.03089182547256564,-0.030965769052333007,4.389079474021154e-05,-0.03084277288550567,-0.031014821639392978,1.8713993865380367,0.0011413683781891124,1.8736364274523802,1.8691623456236932,0.0026556870496616957,1.8766044375095832,1.8661943355664903,5.749951931010796e-06,1.000005709133732
-0.5072144288577156,0.3110180325355143,-0.030889643588944533,1.8915090395786296e-05,-0.030852570693004473,-0.030926716484884594,4.391299007228717e-05,-0.030803575709949387,-0.03097571146793968,1.8690303270509891,0.0011444896567627718,1.8712734855589228,1.8667871685430555,0.002657030015910201,1.874238010188015,1.8638226439139634,5.749951931010796e-06,1.000005709133732
-0.496993987975952,0.31842415915046524,-0.030849427482670198,1.8896922505249477e-05,-0.030812390195141263,-0.030886464770199133,4.390516749287524e-05,-0.030763374935648964,-0.03093548002969143,1.866596983265516,0.0011433903777020057,1.8688379872260816,1.8643559793049505,0.0026565566974623995,1.871803738715431,1.8613902278156012,5.749951931010796e-06,1.000005709133732
-0.4867735470941885,0.3260066443862111,-0.03080812439798697,1.880379273247609e-05,-0.03077126964145856,-0.030844979154515378,4.386516469288523e-05,-0.030722150255012997,-0.03089409854096094,1.864097870006037,0.0011377554026928693,1.866327829618531,1.8618679103935432,0.0026541362601357923,1.8692998814859652,1.858895858526109,5.749951931010796e-06,1.000005709133732
-0.4765531062124249,0.333769687787905,-0.030765710842357977,1.8644544576687875e-05,-0.030729168206479515,-0.030802253478236438,4.379713569264691e-05,-0.030679870033774374,-0.03085155165094158,1.8615315658167255,0.0011281198226694845,1.8637426400394035,1.8593204915940476,0.002650020049982759,1.8667255096730007,1.8563376219604504,5.749951931010796e-06,1.000005709133732
-0.4663326653306615,0.34171758890249965,-0.030722183745441545,1.8441178212101816e-05,-0.03068603970031334,-0.03075832779056975,4.371094950076609e-05,-0.030636511858689996,-0.030807855632193095,1.8588978849213456,0.0011158147955227975,1.8610848417339871,1.856710928108704,0.0026448052081237245,1.8640816078753921,1.853714161967299,5.749951931010796e-06,1.000005709133732
-0.456112224448898,0.34985474966004393,-0.030677578707380682,1.822710747810335e-05,-0.03064185423318126,-0.030713303181580106,4.362106715139321e-05,-0.030592082986796748,-0.030763074427964616,1.8561989813669888,0.001102862082331882,1.8583605513282742,1.8540374114057034,0.002639366723980624,1.8613720450879843,1.8510259176459933,5.749951931010796e-06,1.000005709133732
-0.4458917835671344,0.3581856768116829,-0.030631900916899636,1.804403515112251e-05,-0.030596535257867662,-0.03066726657593161,4.354488783936605e-05,-0.03054655450502364,-0.03071724732877563,1.8534351691062247,0.0010917849803839187,1.855575028346639,1.8512953098658105,0.0026347573653759293,1.8585991986503632,1.8482711395620863,5.749951931010796e-06,1.000005709133732
-0.4356713426853709,0.3667149844257136,-0.03058483138464681,1.79368074127418e-05,-0.030549675888120204,-0.030619986881173417,4.350056450863384e-05,-0.030499571844902727,-0.030670090924390894,1.8505871471467832,0.0010852969840314337,1.8527142901480147,1.8484600041455517,0.0026320755070017507,1.8557459203450966,1.8454283739484698,5.749951931010796e-06,1.000005709133732
-0.4254509018036073,0.3754473964430785,-0.03053621536235389,1.7914705116653615e-05,-0.03050110318553159,-0.030571327539176185,4.34914556186003e-05,-0.03045097367570621,-0.030621457049001568,1.847645552181972,0.0010839596470832967,1.84977007405095,1.8455210303129939,0.0026315243581460047,1.852803245148378,1.8424878592155658,5.749951931010796e-06,1.000005709133732
-0.4152304609218439,0.3843877492937105,-0.030486410743771775,1.793641775447789e-05,-0.030451256010961335,-0.030521565476582215,4.350040384032284e-05,-0.030401151518931795,-0.030571669968611756,1.8446320391807893,0.0010852734070966486,1.8467591359720779,1.8425049423895008,0.002632065785492825,1.8497907933252955,1.8394732850362832,5.749951931010796e-06,1.000005709133732
-0.4050100200400803,0.3935409945751816,-0.030435405589435607,1.7961938466691527e-05,-0.030400200836948367,-0.030470610341922846,4.3510932946665683e-05,-0.030350125727926405,-0.030520685450944808,1.8415458857256444,0.0010868175811159402,1.8436760090423965,1.8394157624088923,0.0026327028669474836,1.8467058885268568,1.836385882924432,5.749951931010796e-06,1.000005709133732
-0.3947895791583168,0.40291220179513465,-0.030383098369835274,1.7961206792095098e-05,-0.03034789505140389,-0.030418301688266657,4.351063090598007e-05,-0.030297819100314937,-0.03046837763935561,1.8383809486011602,0.001086773309902311,1.8405109851479282,1.8362509120543922,0.0026326845914630224,1.8435409155830813,1.833220981619239,5.749951931010796e-06,1.000005709133732
-0.3845691382765532,0.41250656117902174,-0.030329422353538228,1.7917397622176597e-05,-0.030294304899502078,-0.03036453980757438,4.3492564766396616e-05,-0.030244178493000814,-0.030414666214075643,1.8351331901087196,0.0010841225617010623,1.8372580312844808,1.8330083489329583,0.0026315914690164333,1.8402910146100147,1.8299753656074245,5.749951931010796e-06,1.000005709133732
-0.3743486973947897,0.4223293865446997,-0.030274353168744127,1.782835673706645e-05,-0.030239410231635944,-0.03030929610585231,4.3455958812942186e-05,-0.030189181054557104,-0.03035952528293115,1.8318011355911663,0.001078734991781742,1.8339154173239216,1.829686853858411,0.002629376563656326,1.8369546189577264,1.8266476522246062,5.749951931010796e-06,1.000005709133732
-0.3641282565130262,0.4323861182454792,-0.030217909753723904,1.7706412538538547e-05,-0.03018320582285296,-0.030252613684594847,4.340607212583211e-05,-0.030132835415646923,-0.030302984091800884,1.8283859309407353,0.0010713565510237478,1.830485751195343,1.8262861106861277,0.0026263580849595312,1.8335334981977616,1.823238363683709,5.749951931010796e-06,1.000005709133732
-0.3539078156312627,0.4426823261832533,-0.030160133324790683,1.7576598839698077e-05,-0.030125683824094165,-0.0301945828254872,4.33532799125937e-05,-0.030075162457550316,-0.03024510419203105,1.8248900700204251,0.001063501952789201,1.82697449554538,1.8228056444954703,0.0026231638024715957,1.8300313765988185,1.8197487634420317,5.749951931010796e-06,1.000005709133732
-0.3436873747494992,0.4532237128933777,-0.03010090866315422,1.7473234703676013e-05,-0.0300666617524416,-0.030135155573866843,4.331147634770457e-05,-0.030016019729395462,-0.03018579759691298,1.8213065813217244,0.0010572477302567078,1.8233787487957642,1.8192344138476846,0.0026206344068075873,1.8264429303757137,1.816170232267735,5.749951931010796e-06,1.000005709133732
-0.3334669338677356,0.46401611670300874,-0.030039814246707514,1.7426488507210258e-05,-0.03000565895685638,-0.030073969536558647,4.329263856708154e-05,-0.029954962234320325,-0.030124666259094702,1.8176099599339253,0.0010544192722779938,1.819676583732195,1.8155433361356554,0.002619494594909875,1.822744074997646,1.8124758448702045,5.749951931010796e-06,1.000005709133732
-0.3232464929859721,0.47506551496465016,-0.02997719792137292,1.7416236746711703e-05,-0.02994306272460314,-0.030011333118142698,4.328851296620774e-05,-0.02989235399501486,-0.03006204184773098,1.8138212528651028,0.0010537989721044975,1.815886660897373,1.8117558448328326,0.002619244968424926,1.8189548786699035,1.808687627060302,5.749951931010796e-06,1.000005709133732
-0.3130260521042086,0.48637802736669844,-0.029913307441572636,1.7408984529041114e-05,-0.0298791864588883,-0.02994742842425697,4.3285595695801826e-05,-0.029828469232959502,-0.02999814565018577,1.809955450917187,0.0010533601643621655,1.812019998902086,1.8078909029322878,0.0026190684540263326,1.8150887307601236,1.8048221710742502,5.749951931010796e-06,1.000005709133732
-0.3028056112224451,0.4979599193228207,-0.02984814935627159,1.738130922155053e-05,-0.029814082616193196,-0.029882216096349983,4.327447241345852e-05,-0.02976333294889124,-0.02993296576365194,1.8060129503464188,0.001051685622897761,1.8080742162903571,1.8039516844024805,0.002618395420944027,1.8111449110687536,1.800880989624084,5.749951931010796e-06,1.000005709133732
-0.2925851703406815,0.5098176054420425,-0.029781750625966087,1.7323147083382766e-05,-0.029747797881583767,-0.029815703370348407,4.325114423088177e-05,-0.02969697994098341,-0.029866521310948763,1.8019953824433992,0.001048166423985392,1.8040497508842146,1.7999410140025838,0.002616983909652698,1.8071245766544393,1.796866188232359,5.749951931010796e-06,1.000005709133732
-0.282364729458918,0.5219576530814659,-0.029714217499217106,1.7239050304117028e-05,-0.02968042958149336,-0.02974800541694085,4.32175300982819e-05,-0.029629512696723696,-0.029798922301710516,1.7979091759576888,0.0010430780055838526,1.799953571281699,1.7958647806336787,0.0026149500294926444,1.8030343838368663,1.7927839680785114,5.749951931010796e-06,1.000005709133732
-0.2721442885771544,0.5343867859835897,-0.029645675672408278,1.7147130343836964e-05,-0.029612067914496144,-0.029679283430320412,4.31809463934796e-05,-0.029561042572658704,-0.029730308772157852,1.793761936362376,0.0010375162323335374,1.7957954308111255,1.7917284419136266,0.0026127364703250064,1.7988828057453072,1.7886410669794448,5.749951931010796e-06,1.000005709133732
-0.261923847695391,0.5471118880002395,-0.02957600580548382,1.7075999969204732e-05,-0.029542537460544173,-0.02960947415042347,4.3152749939677134e-05,-0.02949142796976819,-0.029660583641199452,1.7895464427847803,0.0010332123682575622,1.7915715018149465,1.787521383754614,0.0026110303960182454,1.7946639683235153,1.7844289172460452,5.749951931010796e-06,1.000005709133732
-0.2517034068136274,0.5601400069051777,-0.029505015135953643,1.7043344499396626e-05,-0.029471610794558716,-0.02953841947734857,4.3139838248805913e-05,-0.0294204626066871,-0.029589567665220185,1.7852510318031836,0.0010312364936172574,1.7872722181902168,1.7832298454161504,0.002610249152241757,1.7903670261322535,1.7801350374741136,5.749951931010796e-06,1.000005709133732
-0.2414829659318639,0.5734783582974986,-0.0294333428443531,1.7024492101264433e-05,-0.029399975452979534,-0.029466710235726664,4.313239367011805e-05,-0.029348804906192665,-0.029517880782513533,1.780914378121022,0.0010300957972623366,1.7829333287842821,1.7788954274577617,0.002609798705369501,1.7860294895904454,1.7757992666515985,5.749951931010796e-06,1.000005709133732
-0.2312625250501003,0.5871343295979751,-0.029361337972452356,1.699569863046781e-05,-0.02932802701524454,-0.02939464892966017,4.3121036911763965e-05,-0.029276822293129275,-0.029445853651775437,1.7765576011031712,0.0010283535994287816,1.7785731371214237,1.7745420650849186,0.002609111545424788,1.7816713657638514,1.771443836442491,5.749951931010796e-06,1.000005709133732
-0.2210420841683368,0.6011154841405668,-0.029289226661935477,1.6945742878355464e-05,-0.029256013616202624,-0.02932243970766833,4.31013718355618e-05,-0.029204749525453506,-0.029373703798417448,1.7721943838361494,0.0010253309418367712,1.774203995554384,1.7701847721179147,0.002607921676603551,1.7773058163967936,1.767082951275505,5.749951931010796e-06,1.000005709133732
-0.2108216432865733,0.6154295653613598,-0.029217297604555995,1.6877695965287006e-05,-0.029184217928322015,-0.029250377280789976,4.307466393954444e-05,-0.02913287281458832,-0.02930172239452367,1.7678421941046187,0.0010212136478375403,1.769843736074901,1.7658406521343364,0.0026063056700127195,1.7729504593505463,1.7627339288586912,5.749951931010796e-06,1.000005709133732
-0.2006012024048098,0.6300845010872527,-0.029145802290471156,1.6808088519990257e-05,-0.029112859042323014,-0.029178745538619297,4.304743769498775e-05,-0.02906143086296225,-0.029230173717980062,1.7635162487475016,0.0010170019311865027,1.7655095359048347,1.7615229615901684,0.00260465829986351,1.7686212852072674,1.7584112122877358,5.749951931010796e-06,1.000005709133732
-0.1903807615230462,0.6450884079267692,-0.029074629985059296,1.6761854605764313e-05,-0.0290417773537179,-0.02910748261640069,4.302940648246042e-05,-0.02899029389807754,-0.02915896607204105,1.7592098475785185,0.0010142044697144161,1.7611976518121184,1.7572220433449186,0.0026035672907377475,1.764312745699691,1.754106949457346,5.749951931010796e-06,1.000005709133732
-0.1801603206412827,0.6604495957654266,-0.02900403300231692,1.6735876893712023e-05,-0.028971231286355547,-0.029036834718278292,4.3019293669346886e-05,-0.028919716736084646,-0.029088349268549193,1.7549382572843844,0.0010126326441440329,1.7569229807964761,1.7529535337722926,0.0026029553978116743,1.7600399561174593,1.7498365584513094,5.749951931010796e-06,1.000005709133732
-0.1699398797595191,0.6761765723681499,-0.02893445595143365,1.6706791172130278e-05,-0.02890171124243904,-0.028967200660428256,4.3007986742896895e-05,-0.028850161846369994,-0.029018750056497303,1.7507283796989355,0.0010108727631805666,1.7527096539077218,1.7487471054901491,0.002602271253030919,1.75582873763288,1.7456280217649909,5.749951931010796e-06,1.000005709133732
-0.1597194388777557,0.6922780480912811,-0.028866034170138014,1.666251511453065e-05,-0.02883337624062168,-0.028898692099654347,4.299080671899502e-05,-0.028781773737302462,-0.028950294602973565,1.746588403661201,0.0010081937651475307,1.748564427130328,1.7446123801920739,0.0026012317465180126,1.7516867241998184,1.7414900831225835,5.749951931010796e-06,1.000005709133732
-0.1494989979959922,0.7087629407067948,-0.028798884171392355,1.6604977532629098e-05,-0.028766339013464304,-0.028831429329320406,4.2968538854226145e-05,-0.028714667382769763,-0.028883100960014948,1.7425253789857724,0.0010047123560723652,1.7444945790184967,1.7405561789530481,0.002599884391555763,1.7476210587571896,1.7374296992143552,5.749951931010796e-06,1.000005709133732
-0.1392785571142286,0.7256403803413883,-0.02873300284627985,1.6549588930666858e-05,-0.0287005662480168,-0.0287654394445429,4.2947164588387855e-05,-0.028648827950448496,-0.0288171777421112,1.7385391175623597,0.0010013609746767755,1.7405017490082502,1.7365764861164692,0.002598591105313881,1.743632262539321,1.7334459725853983,5.749951931010796e-06,1.000005709133732
-0.1290581162324651,0.742919714533185,-0.028668085125792185,1.651491067599974e-05,-0.028635716495659328,-0.028700453755925042,4.293381332987177e-05,-0.02858393639794667,-0.0287522338536377,1.7346111606726955,0.0009992627080044711,1.7365696795914782,1.7326526417539128,0.0025977832647507805,1.739702722311248,1.729519599034143,5.749951931010796e-06,1.000005709133732
-0.1188376753507016,0.7606105134088513,-0.0286043646341741,1.648724654478551e-05,-0.028572050224742088,-0.02863667904360611,4.2923179647325365e-05,-0.028520236747963397,-0.0286884925203848,1.7307556441483345,0.0009975888427796416,1.7327108823515616,1.7288004059451074,0.002597139855735386,1.7358459447283894,1.7256653435682796,5.749951931010796e-06,1.000005709133732
-0.1086172344689381,0.7787225749839934,-0.028541901148644827,1.6450435308520675e-05,-0.02850965888791012,-0.028574143409379534,4.2909053523095195e-05,-0.02845780094912886,-0.028626001348160793,1.7269761849114107,0.0009953615164345802,1.7289270576352196,1.7250253121876018,0.0025962851306067566,1.7320648102609968,1.7218875595618246,5.749951931010796e-06,1.000005709133732
-0.0983967935871745,0.7972659305897695,-0.028480547579682082,1.6401935073154453e-05,-0.028448400377661935,-0.02851269478170223,4.2890482936800784e-05,-0.028396483777846423,-0.02856461138151774,1.7232638830606626,0.0009924269273543416,1.7252090040955648,1.7213187620257604,0.0025951614857555156,1.7283503061068088,1.7181774600145163,5.749951931010796e-06,1.000005709133732
-0.0881763527054111,0.8162508504287225,-0.028420002663972908,1.6353100247583296e-05,-0.02838795117645207,-0.028452054151493746,4.287183154608086e-05,-0.02833597541819132,-0.028504029909754494,1.7196005101478817,0.0009894720933257158,1.7215398398145076,1.7176611804812558,0.0025940329516953267,1.7246847213079146,1.7145162989878489,5.749951931010796e-06,1.000005709133732
-0.0779559118236474,0.8356878492629152,-0.02835969480031922,1.6320187985202254e-05,-0.0283277078196473,-0.02839168178099114,4.2859288238144653e-05,-0.028275692138969435,-0.028443697461669002,1.715951480472164,0.0009874806810148257,1.7178869070423821,1.714016053901946,0.0025932739975537294,1.7210342041094135,1.7108687568349146,5.749951931010796e-06,1.000005709133732
-0.067735470941884,0.8555876922375074,-0.02829971243390141,1.6291245131803203e-05,-0.02826778218017976,-0.028331642687623056,4.284827558201761e-05,-0.028215731356961007,-0.02838369351084181,1.7123221455593038,0.0009857294445333024,1.7142541397690898,1.7103901513495179,0.0025926076580984497,1.7174035631952196,1.707240727923388,5.749951931010796e-06,1.000005709133732
-0.0575150300601203,0.875961400843016,-0.0282400101562495,1.6253622089813858e-05,-0.02820815364233514,-0.028271866670163858,4.2833985145518616e-05,-0.028156057088049958,-0.02832396322444904,1.708709757892734,0.0009834529985046673,1.710637290350291,1.7067822254351768,0.0025917429909770406,1.7137894808122331,1.7036300349732347,5.749951931010796e-06,1.000005709133732
-0.0472945891783569,0.8968202590195415,-0.028180270498688573,1.6208693609337393e-05,-0.02814850204297783,-0.02821203895439932,4.28169569321478e-05,-0.02809635080517396,-0.028264190192203185,1.705095108491309,0.0009807345245178428,1.707017312837759,1.7031729041448591,0.0025907126700180465,1.710172812018836,1.7000174049637822,5.749951931010796e-06,1.000005709133732
-0.0370741482965935,0.918175819406362,-0.02811985528465128,1.6170873967136613e-05,-0.02808816095407716,-0.028151549615225403,4.280265432504205e-05,-0.02803596362373148,-0.02820374694557108,1.7014395833983813,0.0009784461828596445,1.703357302677597,1.6995218641191656,0.002589847266493413,1.706515590766168,1.6963635760305946,5.749951931010796e-06,1.000005709133732
-0.0268537074148298,0.9400399097403379,-0.02805820762863803,1.6142657922471805e-05,-0.028026568600495235,-0.028089846656780822,4.279200225754769e-05,-0.027974336845386878,-0.02814207841188918,1.6977094873113676,0.000976738923174498,1.699623860423088,1.6957951141996472,0.0025892027450655298,1.7027842314403683,1.692634743182367,5.749951931010796e-06,1.000005709133732
-0.0166332665330664,0.9624246394066807,-0.027994979348928927,1.6109555518316905e-05,-0.027963405200306077,-0.028026553497551777,4.277952584362944e-05,-0.027911133018999713,-0.02807882567885814,1.6938837529041932,0.0009747360060127749,1.6957942003704127,1.6919733054379738,0.002588447838460055,1.6989570174434354,1.688810488364951,5.749951931010796e-06,1.000005709133732
-0.0064128256513027,0.9853424061457166,-0.027929430272709117,1.6069348676385614e-05,-0.027897934928048384,-0.02796092561736985,4.276440130869694e-05,-0.027845613586323655,-0.02801324695909458,1.6899175947640959,0.0009723032227821058,1.691823274062801,1.6880119154653908,0.002587532702796868,1.6949890656703972,1.6848461238577945,5.749951931010796e-06,1.000005709133732
0.0038076152304606,1.0088059029193472,-0.027860451836540543,1.6033586755517505e-05,-0.02782902658395673,-0.027891877089124356,4.275097609008163e-05,-0.02777666146310005,-0.027944242209981037,1.6857439373782348,0.0009701393870465581,1.68764537563683,1.6838424991196397,0.002586720387152401,1.690813816175129,1.6806740585813407,5.749951931010796e-06,1.000005709133732
0.0140280561122241,1.0328281249410278,-0.02778723381516315,1.6005823645146993e-05,-0.027755862977275763,-0.027818604653050538,4.274057139261911e-05,-0.027703463834554954,-0.027871003795771346,1.6813137566917216,0.0009684595329198396,1.683211902496729,1.6794156108867142,0.0025860908332682574,1.6863824015856765,1.6762451117977666,5.749951931010796e-06,1.000005709133732
0.0242484969939877,1.0574223768731374,-0.02770958050815012,1.5973470090939917e-05,-0.02767827308206375,-0.02774088793423649,4.272846591154633e-05,-0.027625834253848843,-0.027793326762451397,1.676615211517989,0.0009665019261955407,1.678509520484321,1.6747209025516572,0.0025853583705843348,1.6816824208114636,1.6715480022245146,5.749951931010796e-06,1.000005709133732
0.0344689378757512,1.0826022801957422,-0.02762688217370765,1.593626211869797e-05,-0.027595647673906813,-0.02765811667350849,4.271457014560573e-05,-0.027543163154607152,-0.02771060119280815,1.6716114083946374,0.000964250594666641,1.6735013048322553,1.6697215119570195,0.0025845175836750976,1.676676969776051,1.6665458470132237,5.749951931010796e-06,1.000005709133732
0.0446893787575148,1.1083817807508276,-0.027538316334969348,1.590577651938215e-05,-0.027507141585845215,-0.02756949108409348,4.2703205723839434e-05,-0.02745461958972622,-0.027622013080212476,1.6662525819625371,0.0009624060117242858,1.6681388630840215,1.6643663008410527,0.002583829960042619,1.6713167956263961,1.661188368298678,5.749951931010796e-06,1.000005709133732
0.0549098196392783,1.1347751564661754,-0.02744561023761806,1.5877976438582263e-05,-0.027414489975651064,-0.027476730499585055,4.2692858749352895e-05,-0.027361933772072272,-0.027529286703163847,1.6606432421540935,0.000960723920638973,1.6625262264376321,1.658760257870555,0.0025832038987851336,1.6657062287604358,1.6555802555477512,5.749951931010796e-06,1.000005709133732
0.0651302605210417,1.1617970252631677,-0.02735187183926104,1.584471981148331e-05,-0.027320816759085403,-0.027382926919436675,4.2680501383095724e-05,-0.027268219593708058,-0.02743552408481402,1.6549714412207488,0.0009587116719561938,1.656850481569341,1.6530924008721566,0.0025824561953605015,1.6600329623553076,1.64990992008619,5.749951931010796e-06,1.000005709133732
0.0753507014028054,1.1894623531528963,-0.02725970990171415,1.5812449573439498e-05,-0.027228718070042852,-0.02729070173338545,4.266853189319491e-05,-0.02717608111593029,-0.02734333868749801,1.649395026725097,0.0009567591064178001,1.6512702401155566,1.6475198133346374,0.0025817319610533128,1.6544551283864974,1.6443349250636965,5.749951931010796e-06,1.000005709133732
0.0855711422845688,1.2177864625250556,-0.027171859075996098,1.5786063796474553e-05,-0.027140918959497357,-0.02720279919249484,4.265876067813491e-05,-0.02708824944144184,-0.027255468710550356,1.6440794633696725,0.0009551625901871002,1.645951547645819,1.6422073790935259,0.002581140737097403,1.6491384062534125,1.6390205204859325,5.749951931010796e-06,1.000005709133732
0.0957915831663325,1.2467850406342253,-0.02709174103140349,1.575590581622464e-05,-0.027060860023459886,-0.027122622039347094,4.264760978645539e-05,-0.02700815325219532,-0.02717532881061166,1.6392317850642744,0.0009533378303925306,1.6411002928769434,1.6373632772516054,0.0025804660334653377,1.6442894055531954,1.6341741645753534,5.749951931010796e-06,1.000005709133732
0.1060120240480959,1.2764741482882205,-0.027022302293131996,1.5724599268610728e-05,-0.026991482644894194,-0.027053121941369798,4.263605369363372e-05,-0.026938737163449557,-0.027105867422814435,1.635030276318216,0.0009514435745796661,1.6368950714577142,1.633165481178718,0.002579766812450251,1.6400865263591302,1.629974026277302,5.749951931010796e-06,1.000005709133732
0.1162324649298593,1.3068702287433454,-0.026965987276477064,1.5698904942048547e-05,-0.02693521798819393,-0.026996756564760197,4.262658406191494e-05,-0.026882440706931743,-0.027049533846022385,1.6316228406288602,0.0009498888957294686,1.6334845886538045,1.6297610926039159,0.002579193836306404,1.6366779676571686,1.6265677136005519,5.749951931010796e-06,1.000005709133732
0.126452905811623,1.3379901168114567,-0.026924922751463975,1.567037014837421e-05,-0.02689420939034875,-0.0269556361125792,4.2616083266709086e-05,-0.026841396763099067,-0.027008448739828883,1.6291381618272285,0.0009481623495943567,1.6309965258839303,1.6272797977705267,0.002578558467865153,1.634192043556275,1.624084280098182,5.749951931010796e-06,1.000005709133732
0.1366733466933865,1.3698510481838917,-0.026900631051106946,1.5641075353170753e-05,-0.026869975106735253,-0.02693128699547864,4.2605319980157296e-05,-0.026817126158396033,-0.02698413594381786,1.6276683512568284,0.0009463898182764622,1.6295232412159857,1.6258134612976711,0.002577907216939382,1.6327209565575154,1.6226157459561414,5.749951931010796e-06,1.000005709133732
0.1468937875751501,1.4024706689774262,-0.026892920494027545,1.561622620452269e-05,-0.02686231325309225,-0.02692352773496284,4.259620374257366e-05,-0.02680943346881397,-0.02697640751924112,1.6272018109104383,0.0009448862783508267,1.629053753985492,1.6253498678353846,0.002577355623507643,1.632253335107865,1.6221502867130115,5.749951931010796e-06,1.000005709133732
0.1571142284569135,1.4358670455075404,-0.026898514403615008,1.5588380266606476e-05,-0.026867961739715143,-0.026929067067514873,4.258600300268095e-05,-0.026815047371484237,-0.02698198143574578,1.6275402799068721,0.0009432014126028382,1.629388920705741,1.6256916391080032,0.0025767384104225218,1.6325905943888812,1.622489965424863,5.749951931010796e-06,1.000005709133732
0.167334669338677,1.4700586742944162,-0.02691317564904894,1.5561771403856715e-05,-0.026882675137561735,-0.026943676160536147,4.257627017052947e-05,-0.026829727692918654,-0.026996623605179227,1.6284273834524166,0.0009415913981879928,1.6302728686810177,1.6265818982238154,0.002576149508889656,1.633476543708631,1.6233782231962022,5.749951931010796e-06,1.000005709133732
0.1775551102204406,1.505064492307198,-0.026932765123408184,1.5537284174431498e-05,-0.026902312606008734,-0.026963217640807634,4.256732610729812e-05,-0.026849334697319708,-0.02701619554949666,1.6296126778557976,0.00094010975679937,1.631455259120639,1.627770096590956,0.0025756083331594046,1.6346607774270712,1.624564578284524,5.749951931010796e-06,1.000005709133732
0.1877755511022041,1.5409038874521974,-0.02695334499690937,1.551014949844776e-05,-0.02692294566249758,-0.026983744331321162,4.2557429314659316e-05,-0.02686993396817803,-0.027036756025640714,1.630857898040674,0.0009384679271621235,1.6326972613785578,1.6290185347027903,0.0025750095109188954,1.6359048239419232,1.625810972139425,5.749951931010796e-06,1.000005709133732
0.1979959919839677,1.5775967093108507,-0.02697077169101875,1.5486396733954378e-05,-0.0269404189111699,-0.0270011244708676,4.2548778316297845e-05,-0.02688737761793263,-0.02705416576410487,1.6319123297532603,0.0009370307258211109,1.633748876228277,1.6300757832782435,0.0025744860675761356,1.6369582297244096,1.626866429782111,5.749951931010796e-06,1.000005709133732
0.2082164328657312,1.6151632801333684,-0.026982341681880965,1.546133100064526e-05,-0.02695203802996665,-0.02701264533379528,4.253966159620383e-05,-0.026898965477237885,-0.027065717886524045,1.6326123916928847,0.0009355140810728603,1.6344459655988177,1.6307788177869518,0.002573934444949287,1.6376572105035525,1.627567572882217,5.749951931010796e-06,1.000005709133732
0.2184368737474946,1.6536244060941794,-0.026985556221042085,1.543682699750925e-05,-0.02695530059609139,-0.02701581184599278,4.2530761575112375e-05,-0.026902197460119806,-0.027068914981964363,1.6328068928421882,0.000934031424762389,1.634637560795151,1.6309762248892252,0.0025733959340634807,1.6378506561909143,1.627763129493462,5.749951931010796e-06,1.000005709133732
0.2286573146292583,1.6930013888153899,-0.026978513282301192,1.5413683408996938e-05,-0.026948303017950457,-0.027008723546651927,4.2522366921901375e-05,-0.026895170974596868,-0.027061855590005516,1.6323807478767927,0.0009326310826483159,1.634208671209646,1.6305528245439393,0.00257288800131925,1.6374235156956336,1.6273379800579517,5.749951931010796e-06,1.000005709133732
0.2388777555110217,1.7333160371646428,-0.026960104110177997,1.53892025109584e-05,-0.026929941827505726,-0.02699026639285027,4.2513499107122586e-05,-0.026876779183071263,-0.02704342903728473,1.6312668696640162,0.000931149824350993,1.633091889783955,1.6294418495440774,0.002572351439131069,1.6363085858402928,1.6262251534877397,5.749951931010796e-06,1.000005709133732
0.2490981963927854,1.7745906793339266,-0.02692916749725246,1.5367149612653193e-05,-0.02689904843746662,-0.026959286557038296,4.2505521284013114e-05,-0.026845858206391692,-0.027012476788113225,1.6293949973775144,0.0009298154762995784,1.6312174022233294,1.6275725925316993,0.0025718687273997886,1.634435767456183,1.6243542272988458,5.749951931010796e-06,1.000005709133732
0.2593186372745488,1.8168481752059913,-0.026884996377375223,1.5343427393822087e-05,-0.026854923812283927,-0.02691506894246652,4.249695067410737e-05,-0.026801703884601197,-0.026968288870149248,1.6267223487795257,0.0009283801231757195,1.628541940384913,1.6249027571741383,0.0025713501480970186,1.6317621024614375,1.621682595097614,5.749951931010796e-06,1.000005709133732
0.2695390781563123,1.8601119290152626,-0.026826766360345602,1.532197127061083e-05,-0.026796735848483046,-0.02685679687220816,4.2489208700862486e-05,-0.026743489041560306,-0.0269100436791309,1.6231990427413814,0.0009270818840145163,1.6250160898447694,1.6213819956379933,0.0025708817068622004,1.6282378782953442,1.6181602071874186,5.749951931010796e-06,1.000005709133732
0.2797595190380759,1.904405902310225,-0.026753930219531378,1.5299177228188892e-05,-0.026723944383171033,-0.026783916055891723,4.248099429471441e-05,-0.026670669000686285,-0.02683719143837647,1.6187919683866658,0.0009257026917800699,1.6206063123229466,1.616977624450385,0.0025703846802725195,1.6238298297864135,1.6137541069869181,5.749951931010796e-06,1.000005709133732
0.2899799599198394,1.9497546272244826,-0.026665907819918525,1.5278252387663678e-05,-0.02663596299549199,-0.02669585264434506,4.247346287305964e-05,-0.02658266136238863,-0.02674915427744842,1.6134660236614535,0.0009244365987797502,1.6152778861010526,1.6116541612218545,0.002569928978819117,1.6185029919027647,1.6084290554201424,5.749951931010796e-06,1.000005709133732
0.300200400801603,1.9961832200638372,-0.02656262622057488,1.525628453823062e-05,-0.026532724452342053,-0.026592527988807707,4.2465565701159325e-05,-0.02647939524121749,-0.02664585719993227,1.6072167951508116,0.0009231073967547333,1.6090260524023134,1.6054075378993098,0.002569451147026169,1.612252826859018,1.6021807634426053,5.749951931010796e-06,1.000005709133732
0.3104208416833665,2.043717395216903,-0.026444111870450725,1.5235964580408969e-05,-0.026414249928603396,-0.026473973812298053,4.245826973751405e-05,-0.02636089519091931,-0.02652732854998214,1.6000458831933793,0.0009218779032093091,1.6018527306818129,1.5982390357049456,0.0025690096923593705,1.605081049666338,1.5950107167204206,5.749951931010796e-06,1.000005709133732
0.3206412825651299,2.0923834793969758,-0.026310823647054025,1.5214750119972324e-05,-0.026281003284785102,-0.02634064400932295,4.24506616393811e-05,-0.026227621879120942,-0.02639402541498711,1.5919810529518177,0.0009205942862645573,1.5937853845972696,1.5901767213063658,0.0025685493514654816,1.5970153171732038,1.5869467887304316,5.749951931010796e-06,1.000005709133732
0.3308617234468936,2.142208426223033,-0.02616321723684903,1.5195010156807273e-05,-0.026133435564196967,-0.02619299890950109,4.244359063596647e-05,-0.026080029327827974,-0.026246405145870084,1.5830498765092704,0.0009193998862804941,1.5848518671737704,1.5812478858447705,0.0025681215083993556,1.5880833021736558,1.578016450844885,5.749951931010796e-06,1.000005709133732
0.341082164328657,2.19321983114794,-0.02600166938989111,1.5174644009333794e-05,-0.0259719276341546,-0.026031411145627622,4.2436303717666487e-05,-0.02591849576296748,-0.02608484301681474,1.5732751497674504,0.0009181675979517694,1.5750747251912076,1.5714755743436932,0.0025676806010365306,1.5783077112692843,1.5682425882656166,5.749951931010796e-06,1.000005709133732
0.3513026052104206,2.2454459467421484,-0.025826343136055026,1.5155274588500293e-05,-0.02579663934368575,-0.025856046928424303,4.2429381332525544e-05,-0.02574318307675696,-0.025909503195353092,1.562666737125708,0.0009169956182605507,1.5644640155114797,1.560869458739936,0.0025672617503713652,1.5676984776953231,1.5576349965560927,5.749951931010796e-06,1.000005709133732
0.3615230460921841,2.2989156983413195,-0.025637177981415696,1.5135923700122894e-05,-0.02560751211609071,-0.025666843846740683,4.242247327377279e-05,-0.02555403146166399,-0.025720324501167402,1.5512209782964044,0.0009158247599070512,1.5530159618419723,1.5494259947508364,0.002566843766548639,1.5562518996327808,1.546190056960028,5.749951931010796e-06,1.000005709133732
0.3717434869739475,2.3536587000665743,-0.02543441178521235,1.5116739998052029e-05,-0.025404783519252513,-0.02546404005117219,4.241563250237736e-05,-0.025351278673126205,-0.025517544897298496,1.538952265356626,0.0009146640174448626,1.5407449738887729,1.5371595568244794,0.0025664298540617023,1.5439823754394355,1.5339221552738167,5.749951931010796e-06,1.000005709133732
0.3819639278557112,2.4097052712262164,-0.025218645794729086,1.5098349557864828e-05,-0.025189053573369674,-0.025248238016088498,4.240908171346677e-05,-0.025135525521953275,-0.025301766067504897,1.5258969777940417,0.0009135512726396751,1.527687505386446,1.5241064502016373,0.002566033487457318,1.5309263110125817,1.5208676445755016,5.749951931010796e-06,1.000005709133732
0.3921843687374746,2.4670864531080188,-0.024990538718598902,1.5079699018554246e-05,-0.024960983051624832,-0.025020094385572973,4.240244538818735e-05,-0.02490743145278163,-0.025073645984416176,1.5120949718927876,0.000912422790095454,1.5138832877000483,1.510306656085527,0.002565631945329721,1.5171235181032192,1.507066425682356,5.749951931010796e-06,1.000005709133732
0.4024048096192383,2.5258340261713927,-0.024750598037581093,1.5061698748308743e-05,-0.024721077650488418,-0.02478011842467377,4.239604724019481e-05,-0.02466750331190345,-0.024833692763258735,1.4975769536377614,0.0009113336531849847,1.4993631347759033,1.4957907724996196,0.002565244814523223,1.502604741085755,1.4925491661897679,5.749951931010796e-06,1.000005709133732
0.4126252505010017,2.585980527648923,-0.024499059467283386,1.5044039047615307e-05,-0.024469573692568046,-0.024528545241998725,4.238977663628577e-05,-0.02441597703176357,-0.024582141902803202,1.4823571854019852,0.0009102651230134521,1.4841412722594745,1.480573098544496,0.0025648654009880305,1.4873842292131148,1.4773301415908557,5.749951931010796e-06,1.000005709133732
0.4228456913827652,2.6475592695670653,-0.024236298574578322,1.5026333844904576e-05,-0.024206847501422633,-0.024265749647734012,4.238349633084261e-05,-0.024153228448230986,-0.02431936870092566,1.4664583914966869,0.0009091938396651139,1.468240378677396,1.4646764043159777,0.002564485400445046,1.471484690520438,1.4614320924729358,5.749951931010796e-06,1.000005709133732
0.4330661322645288,2.71060435719594,-0.023962851135301163,1.5009171895540313e-05,-0.023933433698948132,-0.023992268571654193,4.237741489753595e-05,-0.023879792928344083,-0.024045909342258243,1.4499129899483711,0.000908155426782791,1.45169294187723,1.4481330380195123,0.0025641174329983072,1.454938567769179,1.4448874121275632,5.749951931010796e-06,1.000005709133732
0.4432865731462923,2.775150707938475,-0.023679386529176095,1.4992369319270364e-05,-0.023650002025267403,-0.02370877103308479,4.23714666988697e-05,-0.02359633998047417,-0.02376243307787802,1.4327614827136637,0.0009071387583796514,1.4345394420090682,1.430983523418259,0.0025637575271396807,1.437786355131951,1.4277366102953764,5.749951931010796e-06,1.000005709133732
0.4535070140280559,2.8412340706693446,-0.023386638101070084,1.4975626588245556e-05,-0.023357286412311204,-0.023415989789828964,4.236554548354821e-05,-0.023303603157736937,-0.02346967304440323,1.4150482420687482,0.0009061257110146692,1.4168242158278028,1.4132722683096937,0.002563399253954139,1.4200724122844952,1.4100240718530013,5.749951931010796e-06,1.000005709133732
0.4637274549098193,2.9088910455344137,-0.023085410647054626,1.4959158986748675e-05,-0.02305609123420159,-0.023114730059907662,4.23597272181827e-05,-0.023002387107312047,-0.023168434186797204,1.3968219635662424,0.0009051293108288645,1.3985959844168185,1.3950479427156663,0.002563047209930463,1.401845443788382,1.3917984833441028,5.749951931010796e-06,1.000005709133732
0.4739478957915828,2.9781591042216626,-0.022776609981191492,1.494315161203779e-05,-0.022747321942216375,-0.02280589802016661,4.235407692900853e-05,-0.022693597515812198,-0.022859622446570787,1.3781374550237644,0.0009041607574460789,1.379909577544593,1.3763653325029357,0.002562705329591419,1.3831602651727524,1.3731146448747764,5.749951931010796e-06,1.000005709133732
0.4841683366733464,3.0490766107148097,-0.02246127348457834,1.4927386357095405e-05,-0.022432016344935118,-0.02249053062422156,4.234851728056158e-05,-0.022378271915909766,-0.022544275053246913,1.3590574849458017,0.000903206853930936,1.3608277378500961,1.3572872320415073,0.0025623689336234574,1.364079635770808,1.3540353341207954,5.749951931010796e-06,1.000005709133732
0.4943887775551099,3.1216828425411283,-0.022140604659945044,1.4911795472206262e-05,-0.022111378077874694,-0.022169831242015395,4.234302417887669e-05,-0.022057613857557938,-0.02222359546233215,1.3396548733082259,0.0009022635009718945,1.3414232772746957,1.337886469341756,0.0025620365641803116,1.344676372701094,1.3346333739153577,5.749951931010796e-06,1.000005709133732
0.5046092184368736,3.1960180125252373,-0.021816002681935853,1.4896435003026238e-05,-0.021786806205831878,-0.021845199158039827,4.2337617176778025e-05,-0.021733022477078125,-0.02189898288679358,1.3200142795482819,0.0009013340897065126,1.321780861902145,1.3182476971944188,0.0025617094043388026,1.3250351377196434,1.3149934213769203,5.749951931010796e-06,1.000005709133732
0.514829659318637,3.272123291060891,-0.021489076190144653,1.48813671568096e-05,-0.02145990924647659,-0.021518243133812717,4.2332317924533685e-05,-0.021406106371630467,-0.02157204600865884,1.300233037135604,0.0009004223840903196,1.3019978325792947,1.298468241691913,0.0025613887640851575,1.3052532668636163,1.2952128074075915,5.749951931010796e-06,1.000005709133732
0.5250501002004004,3.350040828913131,-0.021161626960639512,1.4866593887285808e-05,-0.02113248897204765,-0.021190764949231375,4.232712683631513e-05,-0.021078667316471275,-0.02124458660480775,1.280420165590086,0.0008995285023370336,1.2821832090577339,1.278657122122438,0.002561074668479524,1.2854397797020236,1.2754005514781483,5.749951931010796e-06,1.000005709133732
0.5352705410821641,3.4298137805634057,-0.020835575041580272,1.4852046117606922e-05,-0.020806465566093037,-0.020864684517067508,4.2322019402286885e-05,-0.020752625407798785,-0.02091852467536176,1.2606918406853274,0.0008986482648346974,1.2624531589191728,1.258930522451482,0.0025607656345126954,1.26571084910182,1.2556728322688346,5.749951931010796e-06,1.000005709133732
0.5454909819639275,3.5114863281105926,-0.020512807218219478,1.4837691866143778e-05,-0.020483725876548134,-0.020541888559890822,4.231698420637574e-05,-0.02042986745324063,-0.020595746983198326,1.24116222556625,0.0008977797364805427,1.2429218415158017,1.2394026096166983,0.002560460971435782,1.2461806368540846,1.2361438142784154,5.749951931010796e-06,1.000005709133732
0.5557114228456912,3.5951037057411823,-0.020194964966893707,1.482354483768423e-05,-0.02016591135288863,-0.020224018580898784,4.231202587873641e-05,-0.020112034920058457,-0.020277895013728956,1.2219306405453518,0.0008969237465060253,1.2236885787853824,1.2201727023053213,0.0025601609594041543,1.2269484638204096,1.216912817270294,5.749951931010796e-06,1.000005709133732
0.5659318637274546,3.6807122247821336,-0.019883647202436745,1.4809680503964233e-05,-0.01985462076202643,-0.01991267364284706,4.230717065743729e-05,-0.019800726671660378,-0.019966567733213113,1.203093830679147,0.0008960848614566587,1.2048501247346937,1.2013375366236003,0.0025598671859966868,1.2081110781689064,1.1980765831893876,5.749951931010796e-06,1.000005709133732
0.5761523046092181,3.7683592993503265,-0.019580294081315144,1.4796281183134506e-05,-0.01955129390309107,-0.019609294259539216,4.230248206971318e-05,-0.019497382740001856,-0.019663205422628432,1.1847389350796147,0.0008952741128016756,1.186493640096997,1.1829842300622324,0.00255958349503657,1.1897556265453095,1.1797222436139199,5.749951931010796e-06,1.000005709133732
0.5863727454909817,3.8580934726127776,-0.01928601729493881,1.4783701370276738e-05,-0.019257041772694872,-0.019314992817182745,4.2298083628144984e-05,-0.01920311457441258,-0.019368920015465037,1.166933218522842,0.0008945129498678238,1.1686864316882877,1.1651800053573964,0.002559317359862202,1.1719493883731802,1.161917048672504,5.749951931010796e-06,1.000005709133732
0.5965931863727452,3.949964443672174,-0.019001741377314744,1.4772532197913862e-05,-0.018972787746246375,-0.019030695008383114,4.229418115942696e-05,-0.018918846305486656,-0.019084636449142833,1.1497326215085149,0.0008938371401319761,1.1514845101112179,1.1479807329058118,0.002559081234367152,1.1547483285613869,1.1447169144556428,5.749951931010796e-06,1.000005709133732
0.6068136272545088,4.044023095092643,-0.01872818590771576,1.4763622471374923e-05,-0.018699249739390522,-0.018757122076041,4.229106998983723e-05,-0.018645296933668017,-0.018811074881763507,1.133180683402173,0.0008932980420015928,1.1349315153919561,1.1314298514123897,0.002558892987769257,1.1381960214984927,1.128165345305853,5.749951931010796e-06,1.000005709133732
0.6170340681362723,4.140321521080947,-0.018466163331973443,1.4757984749248133e-05,-0.018437238213380523,-0.018495088450566362,4.228910221637562e-05,-0.018383278214690813,-0.018549048449256072,1.1173265626181546,0.0008929569220530859,1.1190767260251244,1.1155763992111847,0.0025587739242952504,1.1223416673543534,1.1123114578819557,5.749951931010796e-06,1.000005709133732
0.6272545090180357,4.2389130563387765,-0.018216780944249902,1.4756491195439502e-05,-0.018187858752968657,-0.018245703135531147,4.228858102146616e-05,-0.018133896848490524,-0.01829966504000928,1.1022372578696042,0.0008928665520442713,1.1039872441546115,1.100487271584597,0.0025587423885124155,1.1072523007968045,1.097222214942404,5.749951931010796e-06,1.000005709133732
0.6374749498997994,4.339852305602068,-0.017981414409063208,1.4759275839766129e-05,-0.017952486759979375,-0.01801034205814704,4.228955279643341e-05,-0.017898528408659894,-0.01806430040946652,1.0879960060736693,0.0008930350416767764,1.089746322592288,1.0862456895550505,0.0025588011874066023,1.0930111642445846,1.082980847902754,5.749951931010796e-06,1.000005709133732
0.6476953907815628,4.443195173883727,-0.01776140696350174,1.476486225860103e-05,-0.017732468365238188,-0.017790345561765293,4.229150280994382e-05,-0.017678517141142176,-0.017844296785861306,1.0746840820708112,0.0008933730574325094,1.0764350610881375,1.072933103053485,0.0025589191762846095,1.079699471495678,1.0696686926459444,5.749951931010796e-06,1.000005709133732
0.6579158316633265,4.5489988974365305,-0.017557723227424143,1.4769306591027877e-05,-0.017528775918429097,-0.01758667053641919,4.2293054625881594e-05,-0.01747483036356123,-0.017640616091287056,1.0623598518232233,0.0008936419693111898,1.0641113578981467,1.0606083457483,0.0025590130715424605,1.0673754252794139,1.0573442783670328,5.749951931010796e-06,1.000005709133732
0.6681362725450899,4.657322075453299,-0.017370821865318027,1.4766167804325023e-05,-0.017341880708231876,-0.017399763022404178,4.229195862139172e-05,-0.01728793114958444,-0.017453712581051613,1.0510510676044085,0.0008934520516929796,1.0528022014476401,1.0492999337611768,0.0025589467559301014,1.056066511084387,1.04603562412443,5.749951931010796e-06,1.000005709133732
0.6783567134268533,4.768224702521965,-0.017200593760486257,1.4753165535036293e-05,-0.017171678087379627,-0.017229509433592888,4.2287420655701e-05,-0.017117711939001988,-0.017283475581970527,1.040751127123358,0.0008926653273155633,1.0425007190151443,1.0390015352315718,0.002558672178611828,1.0457660324416818,1.0357362218050343,5.749951931010796e-06,1.000005709133732
0.688577154308617,4.881768201853454,-0.017046560103764614,1.4739194950003166e-05,-0.01701767181250149,-0.017075448395027736,4.228254864813879e-05,-0.0169636878312397,-0.017129432376289527,1.0314310592187108,0.0008918200133501117,1.0331789943255691,1.0296831241118525,0.0025583773895230134,1.0364453867610375,1.0264167316763841,5.749951931010796e-06,1.000005709133732
0.6987975951903804,4.998015459300811,-0.016907687586821856,1.4731747461839283e-05,-0.01687881389236731,-0.0169365612812764,4.227995311832113e-05,-0.016824820401441905,-0.016990554772201807,1.0230283418156259,0.0008913693904350699,1.0247753937178,1.0212812899134518,0.002558220342584935,1.02804236155161,1.0180143220796416,5.749951931010796e-06,1.000005709133732
0.7090180360721441,5.117030858188424,-0.016782686289503284,1.4733218271739971e-05,-0.016753809712314306,-0.016811562866692262,4.228046562007988e-05,-0.016699818099638344,-0.016865554479368224,1.0154649261052306,0.0008914583842851219,1.0172121524321458,1.0137176997783155,0.0025582513523739287,1.0204790066192844,1.010450845591177,5.749951931010796e-06,1.000005709133732
0.7192384769539075,5.238880314970591,-0.01667016612248735,1.4740339204701394e-05,-0.01664127558852623,-0.01669905665644847,4.228294753535616e-05,-0.016587293068157854,-0.016753039176816847,1.0086567023731547,0.0008918892484232422,1.0104047731782628,1.0069086315680467,0.002558401524871296,1.013671077219895,1.0036423275264146,5.749951931010796e-06,1.000005709133732
0.729458917835671,5.363631315739237,-0.016568574355797,1.4746302364285145e-05,-0.016539672134257864,-0.016597476577336134,4.228502673319418e-05,-0.016485697226314624,-0.016651451485279373,1.0025097200560484,0.0008922500595175815,1.0042584980379066,1.0007609420741903,0.002558527330266363,1.007524341476832,0.997495098635265,5.749951931010796e-06,1.000005709133732
0.7396793587174346,5.491352953600956,-0.016476123001204417,1.4751514694213861e-05,-0.016447210563686344,-0.01650503543872249,4.228684474138065e-05,-0.016393242308491474,-0.01655900369391736,0.9969157938907003,0.0008925654403889507,0.9986651900077078,0.9951663977736928,0.0025586373319381388,1.0019306309107987,0.9919009568706019,5.749951931010796e-06,1.000005709133732
0.7498997995991981,5.622115966944088,-0.01639053046005639,1.4756976692981604e-05,-0.016361607317217447,-0.01641945360289533,4.228875043702789e-05,-0.016307646032248612,-0.016473414887864166,0.9917368718771009,0.0008928959278972909,0.9934869157377221,0.9899868280164797,0.002558752639288597,0.9967519348954533,0.9867218088587485,5.749951931010796e-06,1.000005709133732
0.7601202404809617,5.755992778617059,-0.01630975618403395,1.4758911434047208e-05,-0.0162808292491722,-0.0163386831188957,4.2289425618304084e-05,-0.01622687043289519,-0.01639264193517271,0.9868494871749491,0.0008930129926900973,0.9885997604783481,0.9850992138715502,0.002558793492277976,0.9918646302636894,0.9818343440862088,5.749951931010796e-06,1.000005709133732
0.7703406813627252,5.893057536039618,-0.016232319937474354,1.4758241572948892e-05,-0.01620339431551623,-0.016261245559432477,4.22891918429939e-05,-0.01614943464452678,-0.016315205230421927,0.9821640756124576,0.0008929724616071129,0.9839142694763936,0.9804138817485215,0.00255877934730595,0.9871791909775621,0.977148960247353,5.749951931010796e-06,1.000005709133732
0.7805611222444886,6.033386152269268,-0.016157441980724392,1.4754351711945675e-05,-0.016128523982753742,-0.016186359978695043,4.228783450175498e-05,-0.016074559348116763,-0.01624032461333202,0.9776334577181359,0.0008927370989632517,0.9793831902797666,0.9758837251565052,0.0025586972190699154,0.9826484121148558,0.9726185033214161,5.749951931010796e-06,1.000005709133732
0.7907815631262523,6.177056348045559,-0.016084625790927898,1.4749925765705158e-05,-0.016055716467652477,-0.01611353511420332,4.2286290479324826e-05,-0.016001746184548624,-0.016167505397307172,0.9732275905336192,0.0008924692995719894,0.9749767982180879,0.9714783828491504,0.0025586037953714744,0.9782423618232547,0.9682128192439836,5.749951931010796e-06,1.000005709133732
0.8010020040080157,6.324147694835562,-0.0160134016532616,1.4745307373505738e-05,-0.015984501381868556,-0.016042301924654646,4.228467975457763e-05,-0.01593052520384482,-0.016096278102678382,0.9689180531660851,0.0008921898559112663,0.9706667131510432,0.967169393181127,0.0025585063357360994,0.9739326334383455,0.9639034728938248,5.749951931010796e-06,1.000005709133732
0.8112224448897793,6.474741658904403,-0.015943044372919872,1.4742776679339197e-05,-0.01591414906159625,-0.015971939684243493,4.228379732976796e-05,-0.015860169653023937,-0.016025919092815807,0.9646609664726477,0.0008920367319643312,0.9664093263401845,0.9629126066051108,0.0025584529431248878,0.9696754420973129,0.9596464908479824,5.749951931010796e-06,1.000005709133732
0.8214428857715428,6.6289216464351695,-0.015872625039511805,1.4741616329676363e-05,-0.01584373200243173,-0.01590151807659188,4.228339277327927e-05,-0.015789751112532016,-0.015955498966491594,0.9604001251530833,0.0008919665230380425,0.9621483474136533,0.9586519028925132,0.002558428464747719,0.9654145528010109,0.9553856975051557,5.749951931010796e-06,1.000005709133732
0.8316633266533062,6.786773049723291,-0.015801214496571514,1.474157180227568e-05,-0.015772321546763543,-0.015830107446379485,4.228337724933611e-05,-0.015718340600018095,-0.015884088393124933,0.9560793090179839,0.0008919638288320694,0.9578275259980071,0.9543310920379606,0.002558427525445183,0.9610937348249123,0.9510648832110554,5.749951931010796e-06,1.000005709133732
0.8418837675350699,6.948383294470898,-0.015728085485274518,1.4739873993917033e-05,-0.01569919586310978,-0.015756975107439255,4.228278535958312e-05,-0.015645212748803698,-0.015810958221745337,0.9516545140374987,0.0008918611000549409,0.9534025296728187,0.9499064984021787,0.0025583917121508202,0.9566688696516601,0.9466401584233373,5.749951931010796e-06,1.000005709133732
0.8521042084168333,7.113841888207363,-0.015652671819123963,1.4737601357667096e-05,-0.015623786651244427,-0.0156815569870035,4.2281993167133634e-05,-0.015569800635321812,-0.015735543002926115,0.9470914821364143,0.0008917235903403578,0.9488392282576461,0.9453437360151824,0.0025583437792017502,0.9521057438037218,0.9420772204691067,5.749951931010796e-06,1.000005709133732
0.8623246492985968,7.283240469862901,-0.01557453906694622,1.4735352491607189e-05,-0.015545658306763167,-0.015603419827129272,4.228120936609949e-05,-0.015491669419365866,-0.01565740871452657,0.9423639273190311,0.0008915875188814774,0.9441114067451042,0.940616447892958,0.0025582963539895107,0.9473780960346306,0.9373497586034315,5.749951931010796e-06,1.000005709133732
0.8725450901803604,7.456672860522611,-0.015493566780912914,1.4731390874996158e-05,-0.01546469378535574,-0.015522439776470089,4.227982887287914e-05,-0.015410699839049555,-0.015576433722776273,0.937464561685008,0.000891347814542745,0.9392115712992103,0.9357175520708058,0.0025582128249035346,0.9424785666866075,0.9324505566834086,5.749951931010796e-06,1.000005709133732
0.8827655310621239,7.63423511538909,-0.015409853521717167,1.4727280034408309e-05,-0.015380988583259491,-0.015438718460174843,4.2278396724803864e-05,-0.015326989386812455,-0.01549271765662188,0.93239934881641,0.0008910990811539561,0.9341458709221284,0.9306528267106915,0.002558126170352866,0.9374131839782109,0.927385513654609,5.749951931010796e-06,1.000005709133732
0.8929859719438875,7.816025576982457,-0.015323568577097428,1.4726989484222898e-05,-0.015294704208107652,-0.015352432946087204,4.2278295515269255e-05,-0.015240704640559759,-0.015406432513635097,0.9271785317552533,0.0008910815009217174,0.9289250194043498,0.9254320441061569,0.0025581200464981496,0.9321923549145197,0.922164708595987,5.749951931010796e-06,1.000005709133732
0.903206412825651,8.002144929607143,-0.015235014708515671,1.472957947652915e-05,-0.015206145263234255,-0.015263884153797088,4.227919776868305e-05,-0.015152149003593806,-0.015317880413437537,0.9218204295977966,0.0008912382128032669,0.9235672243965369,0.9200736347990564,0.002558174638872717,0.9268343597561509,0.9168064994394424,5.749951931010796e-06,1.000005709133732
0.9134268537074144,8.192696255115719,-0.015144791232852083,1.4733029357366279e-05,-0.015115915025928474,-0.015173667439775692,4.228039979060086e-05,-0.01506192317201055,-0.015227659293693616,0.9163613050293427,0.0008914469537002195,0.918108508952723,0.9146141011059623,0.002558247369249541,0.921375377736616,0.9113472323220693,5.749951931010796e-06,1.000005709133732
0.9236472945891778,8.387785090000587,-0.01505368857785568,1.4736391383928165e-05,-0.015024805781481096,-0.015082571374230266,4.2281571439911466e-05,-0.014970818220623697,-0.015136558935087665,0.9108489842227641,0.0008916503788250975,0.9125965868520628,0.9091013815934653,0.0025583182618802015,0.9158631958770403,0.9058347725684878,5.749951931010796e-06,1.000005709133732
0.9338677354709416,8.587519483845169,-0.014963121239225012,1.4739463701307135e-05,-0.014934232421219015,-0.01499201005723101,4.228264233240604e-05,-0.014880248783082308,-0.015045993695367717,0.9053690536417068,0.0008918362746040205,0.9071170206200371,0.9036210866633766,0.0025583830580486523,0.9103833922941397,0.900354714989274,5.749951931010796e-06,1.000005709133732
0.9440881763527053,8.792010059166936,-0.014874875185008803,1.4742635008705736e-05,-0.014845980151354521,-0.014903770218663084,4.228374793473186e-05,-0.014792000561925358,-0.014957749808092247,0.9000295763150176,0.0008920281599421378,0.9017779193816997,0.8982812332483354,0.0025584499543943695,0.9050440460818787,0.8950151065481564,5.749951931010796e-06,1.000005709133732
0.9543086172344686,9.001370072685514,-0.014790849839777602,1.4744741435110896e-05,-0.01476195067760343,-0.014819749001951774,4.228448240662644e-05,-0.014707973777155697,-0.014873725902399507,0.8949454801510122,0.0008921556128478862,0.8966940730207993,0.893196887281225,0.0025584943948632724,0.8999600370195918,0.8899309232824325,5.749951931010796e-06,1.000005709133732
0.964529058116232,9.215715478049708,-0.014713197920337763,1.474381352974557e-05,-0.014684300576824688,-0.014742095263850839,4.228415885184348e-05,-0.01463032249187158,-0.014796073348803947,0.8902470189347513,0.0008920994683584416,0.8919955017633612,0.8884985361061415,0.002558474817631827,0.8952615374326623,0.8852325004368403,5.749951931010796e-06,1.000005709133732
0.9747494989979956,9.435164990058185,-0.014644081320246053,1.4739969960584405e-05,-0.014615191509990105,-0.014672971130502001,4.228281881387469e-05,-0.014561208518206026,-0.014726954122286081,0.8860650017061584,0.0008918669066810739,0.8878130287222564,0.8843169746900604,0.0025583937363595276,0.8910793612876959,0.8810506421246209,5.749951931010796e-06,1.000005709133732
0.9849699398797592,9.65984015040946,-0.014585452065961855,1.4737394618087764e-05,-0.014556567303284447,-0.014614336828639262,4.228192110745758e-05,-0.014502581023394074,-0.014668323108529635,0.8825175391401361,0.0008917110812111261,0.8842652607439252,0.880769817536347,0.0025583394191087136,0.8875317922618183,0.8775032860184538,5.749951931010796e-06,1.000005709133732
0.9951903807615228,9.889865395017523,-0.014538601908665296,1.4737009463332263e-05,-0.014509717900877338,-0.014567485916453253,4.2281786863026136e-05,-0.014455731129211766,-0.014621472688118826,0.8796827908348589,0.0008916877767687629,0.8814304667627803,0.8779351149069375,0.0025583312964214807,0.8846970280363666,0.8746685536333512,5.749951931010796e-06,1.000005709133732
1.0054108216432862,10.125368122930446,-0.0145037201984013,1.473636547702615e-05,-0.01447483745280331,-0.01453260294399929,4.228156241058877e-05,-0.014420849858866464,-0.014586590537936137,0.8775722137362566,0.0008916488112840086,0.8793198132932312,0.875824614179282,0.002558317715545702,0.882586424319737,0.8725580031527762,5.749951931010796e-06,1.000005709133732
1.0156312625250496,10.36647876689011,-0.014480072984025457,1.4735225535947327e-05,-0.014451192472670925,-0.014508953495379989,4.228116512116546e-05,-0.014397203423163581,-0.014562942544887332,0.8761413988842993,0.0008915798372137434,0.8778888632545804,0.8743939345140183,0.0025582936768746628,0.8811555623528502,0.8711272354157484,5.749951931010796e-06,1.000005709133732
1.025851703406813,10.613330865572118,-0.014466256360481992,1.4733318102538493e-05,-0.014437379587628245,-0.014495133133335739,4.2280500407618325e-05,-0.01438338810243473,-0.014549124618529254,0.8753054006201618,0.0008914644247170703,0.877052638786106,0.8735581624542177,0.002558253457253001,0.8803194852597028,0.8702913159806208,5.749951931010796e-06,1.000005709133732
1.036072144288577,10.866061137545968,-0.014460063650795716,1.4732070635926476e-05,-0.0144311893229316,-0.014488937978659832,4.228006572404958e-05,-0.014377196244712592,-0.01454293105687884,0.8749307002071596,0.0008913889446318719,0.8766777904348552,0.873183609979464,0.0025582271559857067,0.8799447332971639,0.8699166671171552,5.749951931010796e-06,1.000005709133732
1.0462925851703404,11.124809556996311,-0.014458586822135194,1.4731497069700494e-05,-0.014429713618440223,-0.014487460025830165,4.2279865873990414e-05,-0.014375719807750988,-0.0145414538365194,0.8748413421818257,0.000891354240033619,0.8765883643897587,0.8730943199738928,0.0025582150637185894,0.879855351571422,0.8698273327922295,5.749951931010796e-06,1.000005709133732
1.0565130260521038,11.389719431247471,-0.014459294114481729,1.4732014891003399e-05,-0.014430419895875655,-0.014488168333087803,4.228004630031488e-05,-0.014376426746468426,-0.014542161482495031,0.8748841381060312,0.0008913855716906623,0.8766312217228835,0.8731370544891788,0.0025582259807196634,0.8798981688925563,0.869870107319506,5.749951931010796e-06,1.000005709133732
1.0667334669338673,11.660937480133882,-0.014460684981308822,1.47319637393493e-05,-0.014431810862958147,-0.014489559099659497,4.2280028477113485e-05,-0.014377817648228352,-0.014543552314389292,0.874968294864695,0.0008913824766729903,0.8767153724154242,0.8732212173139657,0.002558224902296604,0.8799823235375498,0.8699542661918401,5.749951931010796e-06,1.000005709133732
1.0769539078156307,11.93861391726061,-0.01446270529015163,1.4731937828564136e-05,-0.01443383122258516,-0.0144915793577181,4.228001944882126e-05,-0.014379837974766286,-0.014545572605536973,0.8750905370811305,0.0008913809088969449,0.8768376115590751,0.8733434626031858,0.0025582243560244556,0.8801045646833116,0.8700765094789494,5.749951931010796e-06,1.000005709133732
1.0871743486973946,12.222902533198889,-0.014466737680639462,1.473432408490424e-05,-0.014437858936096509,-0.014495616425182415,4.2280850968813456e-05,-0.014383868735504882,-0.014549606625774042,0.8753345237134323,0.0008915252933879775,0.8770818811797793,0.8735871662470854,0.0025582746685532645,0.8803486499263579,0.8703203975005068,5.749951931010796e-06,1.000005709133732
1.097394789579158,12.513960780662677,-0.014475233068322347,1.473942454733938e-05,-0.014446344327056717,-0.014504121809587977,4.228262868359458e-05,-0.014392360638930821,-0.014558105497713872,0.8758485515679023,0.0008918339055267294,0.8775965139029264,0.8741005892328783,0.002558382232204143,0.8808628886017096,0.870834214534095,5.749951931010796e-06,1.000005709133732
1.1076152304609217,12.811949861713638,-0.014491136219605499,1.4744240654488978e-05,-0.01446223803894331,-0.014520034400267688,4.228430778534172e-05,-0.014408260499235022,-0.014574011939975975,0.8768107987352516,0.000892125312266176,0.8785593322169898,0.8750622652535134,0.002558483829105984,0.8818253348953274,0.8717962625751757,5.749951931010796e-06,1.000005709133732
1.117835671342685,13.117034817042512,-0.014517212197521875,1.4745711562550366e-05,-0.014488311133932862,-0.01454611326111089,4.228482070310759e-05,-0.01443433547185105,-0.0146000889231927,0.8783885700485685,0.0008922143120556078,0.8801372779666887,0.8766398621304483,0.0025585148640661945,0.8834031670360486,0.8733739730610884,5.749951931010796e-06,1.000005709133732
1.1280561122244483,13.429384617376673,-0.014555717000642013,1.4745104006153694e-05,-0.014526817127841655,-0.014584616873442372,4.2284608837735683e-05,-0.014472840690219688,-0.01463859331106434,0.880718368531398,0.0008921775508243718,0.8824670043988289,0.878969732663967,0.0025585020447921806,0.8857329403935628,0.8757037966692331,5.749951931010796e-06,1.000005709133732
1.1382765531062122,13.74917225706419,-0.014607480379952383,1.474509486595272e-05,-0.01457858052506649,-0.014636380234838276,4.228460565044884e-05,-0.014524604075777024,-0.014690356684127742,0.8838503996758541,0.0008921769977809944,0.88559903445934,0.8821017648923682,0.0025585018519399794,0.8888649711600355,0.8788358281916727,5.749951931010796e-06,1.000005709133732
1.1484969939879757,14.076574849886402,-0.014671648563689906,1.4746129826333199e-05,-0.014642746680318942,-0.01470055044706087,4.228496656334374e-05,-0.014588771552138271,-0.014754525575241541,0.8877330045719538,0.0008922396198158794,0.8894817620923726,0.885984247051535,0.002558523689587411,0.8927476188571377,0.8827183902867699,5.749951931010796e-06,1.000005709133732
1.158717434869739,14.411773727152124,-0.014747442951234764,1.4746688275120519e-05,-0.014718539973324288,-0.01477634592914524,4.2285161315662514e-05,-0.014664565557975599,-0.01483032034449393,0.8923190726673558,0.000892273409707841,0.8940678964147459,0.8905702489199656,0.002558535473407092,0.8973337100484018,0.8873044352863098,5.749951931010796e-06,1.000005709133732
1.1689378757515023,14.754954538127595,-0.014834558823294439,1.4746735788283804e-05,-0.014805655752259875,-0.014863461894329003,4.228517788560756e-05,-0.014751681397558778,-0.0149174362490301,0.8975901664039406,0.0008922762845724492,0.8993389957859619,0.8958413370219194,0.002558536475999748,0.9026048057500322,0.892575527057849,5.749951931010796e-06,1.000005709133732
1.179158316633266,15.106307352858021,-0.014933580241945528,1.4745267681936811e-05,-0.01490468004834653,-0.014962480435544526,4.228466591354358e-05,-0.014850703819656674,-0.015016456664234382,0.9035816254492219,0.0008921874543055035,0.9053302807271192,0.9018329701713247,0.002558505498260836,0.9085962040800609,0.898567046818383,5.749951931010796e-06,1.000005709133732
1.18937875751503,15.466026767437457,-0.015045590139623767,1.4742960205108969e-05,-0.015016694468596246,-0.015074485810651288,4.2283861318681046e-05,-0.014962715294311866,-0.015128464984935667,0.9103589744687307,0.000892047836502605,0.9121073561007627,0.9086105928366988,0.0025584568148827084,0.9153734576819019,0.9053444912555595,5.749951931010796e-06,1.000005709133732
1.1995991983967933,15.834312011785466,-0.015170960633641662,1.4741434525850126e-05,-0.015142067952890541,-0.015199853314392784,4.2283329389819234e-05,-0.015088086830891172,-0.015253834436392152,0.9179447290522078,0.0008919555226888855,0.9196929297524896,0.916196528351926,0.0025584246296238627,0.9229591491834308,0.9129303089209848,5.749951931010796e-06,1.000005709133732
1.2098196392785567,16.211367059990366,-0.015307797749323369,1.4739644750027633e-05,-0.0152789085764684,-0.015336686922178338,4.228270544519404e-05,-0.015224925169481873,-0.015390670329164864,0.9262242910464689,0.0008918472292642228,0.9279722794955386,0.9244763025973991,0.0025583868767950373,0.9312386371835071,0.9212099449094306,5.749951931010796e-06,1.000005709133732
1.2200400801603202,16.597400743279756,-0.015452141251125345,1.4737417297198801e-05,-0.015423256443997698,-0.015481026058252993,4.228192901228371e-05,-0.01536927019306439,-0.0155350123091863,0.9349580396766145,0.000891712453449242,0.9367057639699409,0.9332103153832881,0.002558339897403639,0.9399722937357375,0.9299437856174915,5.749951931010796e-06,1.000005709133732
1.2302605210420836,16.992626865681363,-0.015598274699114737,1.4735163808620406e-05,-0.015569394308743543,-0.015627155089485933,4.228114360888198e-05,-0.015515405180416162,-0.01568114421781331,0.943800092039642,0.0008915761022970329,0.9455475490896208,0.9420526349896632,0.0025582923752374286,0.9488142529570308,0.9387859311222532,5.749951931010796e-06,1.000005709133732
1.2404809619238475,17.39726432243801,-0.0157386522852106,1.4733702312662719e-05,-0.015709774759318847,-0.015767529811102354,4.2280634293328515e-05,-0.015655783764752167,-0.015821520805669034,0.9522938762070088,0.0008914876720029145,0.954041159936796,0.9505465924772216,0.002558261558235196,0.9573079767241831,0.9472797756898345,5.749951931010796e-06,1.000005709133732
1.250701402805611,17.811537221242236,-0.015864479570469724,1.4733527140966922e-05,-0.015835602387908185,-0.015893356753031263,4.2280573250863494e-05,-0.015781611169652324,-0.015947347971287124,0.9599072697200361,0.0008914770729420694,0.9616545326760458,0.9581600067640265,0.002558257864757217,0.9649213629981266,0.9548931764419457,5.749951931010796e-06,1.000005709133732
1.2609218436873744,18.235675006358072,-0.015967390826751054,1.473418172793901e-05,-0.015938512361222627,-0.015996269292279482,4.228080135948178e-05,-0.01588452197884898,-0.01605025967465313,0.9661340899949572,0.0008915166798381155,0.9678814305790566,0.9643867494108578,0.002558271666856429,0.971148210324665,0.9611199696652494,5.749951931010796e-06,1.000005709133732
1.2711422845691378,18.6699125856982,-0.016042806499760715,1.4734394841385929e-05,-0.016013927616537606,-0.016071685382983824,4.2280875626574776e-05,-0.01595993750629781,-0.01612567549322362,0.970697243324459,0.0008915295746290263,0.9724446091818841,0.9689498774670338,0.002558276160512975,0.9757113724615718,0.9656831141873461,5.749951931010796e-06,1.000005709133732
1.2813627254509012,19.114490460927296,-0.016090447256542923,1.4734560854325029e-05,-0.01606156804794043,-0.016119326465145415,4.2280933480445206e-05,-0.016007578149688517,-0.01617331636339733,0.973579828193825,0.0008915396195237486,0.9753272137388821,0.971832442648768,0.0025582796610596242,0.9785939641918833,0.9685656921957668,5.749951931010796e-06,1.000005709133732
1.2915831663326651,19.569654860663444,-0.016112954601197355,1.473501789618035e-05,-0.01608407449680929,-0.01614183470558542,4.2281092757978474e-05,-0.01603008518216472,-0.01619582402022999,0.9749416732931185,0.00089156727361713,0.9766891130392027,0.9731942335470344,0.002558289298417182,0.9799558281800504,0.9699275184061866,5.749951931010796e-06,1.000005709133732
1.3018036072144286,20.035657876851307,-0.01611494160909735,1.4736434522243664e-05,-0.01608605872817322,-0.01614382449002148,4.228158647492309e-05,-0.016032071222397283,-0.016197811995797416,0.9750619005794738,0.0008916529889821132,0.9768095083245862,0.9733142928343614,0.0025583191715991055,0.9800761140167664,0.9700476871421813,5.749951931010796e-06,1.000005709133732
1.312024048096192,20.512757604382895,-0.016102522436668994,1.4738118727714477e-05,-0.016073636254762796,-0.01613140861857519,4.228217350184629e-05,-0.0160196508994173,-0.016185393973920686,0.9743104574675248,0.0008917548946934195,0.9760582649441611,0.9725626499908884,0.0025583546906596958,0.9793247405208969,0.9692961744141526,5.749951931010796e-06,1.000005709133732
1.3222444889779554,21.001218284042853,-0.01608186456652242,1.47398838718484e-05,-0.016052974924997295,-0.016110754208047546,4.22827888030532e-05,-0.015998991823302524,-0.016164737309742317,0.9730605179632035,0.000891861697735948,0.9748085347699567,0.9713125011564503,0.0025583919205038235,0.9780748739857292,0.9680461619406777,5.749951931010796e-06,1.000005709133732
1.3324649298597189,21.50131044885775,-0.016057838462941773,1.4742039095591838e-05,-0.01602894459725573,-0.016086732328627815,4.2283540167587466e-05,-0.01597496424707445,-0.016140712678809097,0.971606777776665,0.0008919921032074928,0.9733550501734458,0.9698585053798843,0.0025584373830905695,0.9766212229042235,0.9665923326491066,5.749951931010796e-06,1.000005709133732
1.3426853707414828,22.0133110739303,-0.016033524612884223,1.4744603577187763e-05,-0.016004625720906614,-0.016062423504861832,4.228443433530172e-05,-0.015950648644480384,-0.016116400581288062,0.970135627001031,0.0008921472715202041,0.9718842035221162,0.9683870504799457,0.002558491486226159,0.9751501781687866,0.9651210758332753,5.749951931010796e-06,1.000005709133732
1.3529058116232462,22.537503729841415,-0.016010701620001386,1.4746703995286985e-05,-0.01598179861127995,-0.016039604628722823,4.2285166797975835e-05,-0.015927824215997085,-0.016093579024005687,0.9687546830697985,0.0008922743608832014,0.9705035086814581,0.9670058574581389,0.0025585358051237665,0.9737693211009972,0.9637400450385998,5.749951931010796e-06,1.000005709133732
1.3631262525050096,23.074178739705363,-0.015990551013446937,1.4747941628572471e-05,-0.015961645579008834,-0.01601945644788504,4.228559843123667e-05,-0.01590767276345699,-0.016073429263436884,0.9675354364103058,0.0008923492459862839,0.9692844087940704,0.9657864640265412,0.0025585619218270027,0.9725501256293023,0.9625207471913093,5.749951931010796e-06,1.000005709133732
1.373346693386773,23.623633339964602,-0.015974063270851085,1.4747913979671755e-05,-0.015945157890603832,-0.016002968651098338,4.228558878814178e-05,-0.015891185039761255,-0.016056941501940914,0.9665378175531142,0.0008923475730426061,0.9682867866579694,0.964788848448259,0.002558561338355175,0.9715525056285269,0.9615231294777015,5.749951931010796e-06,1.000005709133732
1.3835671342685365,24.186171845013636,-0.015962493055774973,1.4746011236546416e-05,-0.015933591404835717,-0.015991394706714228,4.228492520741142e-05,-0.015879616125279477,-0.01604536998627047,0.9658377420470474,0.0008922324443394989,0.967586485503791,0.9640889985903038,0.002558521187276516,0.970852351427792,0.9608231326663028,5.749951931010796e-06,1.000005709133732
1.3937875751503004,24.762105815742988,-0.015957243162702767,1.474266236424549e-05,-0.015928348075432613,-0.01598613824997292,4.228375747251142e-05,-0.01587436852092562,-0.016040117804479916,0.9655200883539099,0.0008920298151355124,0.9672684346647115,0.9637717420431083,0.0025584505314939143,0.9705345592518654,0.9605056174559544,5.749951931010796e-06,1.000005709133732
1.4040080160320638,25.35175423209653,-0.01595921829177922,1.4738943373664971e-05,-0.01593033049359666,-0.01598810608996178,4.22824609522687e-05,-0.015876346191135052,-0.016042090392423387,0.96563959689188,0.0008918047912966652,0.9673875021640617,0.9638916916196982,0.0025583720833355114,0.9706539140342703,0.9606252797494896,5.749951931010796e-06,1.000005709133732
1.4142284569138273,25.955443669738056,-0.015968071293670033,1.4735990123880088e-05,-0.01593918928375069,-0.015996953303589377,4.2281431590464346e-05,-0.01588520121053793,-0.016050941376802137,0.9661752628011264,0.0008916260999046649,0.9679228178446154,0.9644277077576374,0.0025583098000519795,0.9711894578705241,0.9611610677317287,5.749951931010796e-06,1.000005709133732
1.4244488977955907,26.573508480924513,-0.0159812997200137,1.4734511137886143e-05,-0.015952420608853636,-0.01601017883117376,4.228091615469697e-05,-0.015898430647117136,-0.016064168792910262,0.966975671195101,0.0008915366113462097,0.9687230508442384,0.9652282915459636,0.0025582786127358132,0.9719898051384822,0.9619615372517197,5.749951931010796e-06,1.000005709133732
1.434669338677354,27.206290979686358,-0.015995178907804167,1.4734477670815554e-05,-0.01596629986223836,-0.016024057953369975,4.228090449174174e-05,-0.015912309857766576,-0.01607804795784176,0.9678154550152193,0.0008915345863642863,0.9695628306954651,0.9660680793349734,0.0025582779070489068,0.9728295875754797,0.9628013224549589,5.749951931010796e-06,1.000005709133732
1.444889779559118,27.85414163141766,-0.01600671168609539,1.4735239918418288e-05,-0.01597783114655173,-0.016035592225639047,4.228117013354021e-05,-0.01592384211540944,-0.016089581256781338,0.9685132653450595,0.0008915807074495663,0.9702607314209715,0.9667657992691476,0.0025582939801569063,0.9735274294080327,0.9634991012820864,5.749951931010796e-06,1.000005709133732
1.4551102204408817,28.51741924698045,-0.016013811016490014,1.473681041406389e-05,-0.015984927398831453,-0.016042694634148574,4.228171748626215e-05,-0.01593094037301244,-0.016096681659967586,0.9689428223832008,0.0008916757329548517,0.9706904747056807,0.967195170060721,0.002558327098662594,0.9739570513572524,0.9639285934091493,5.749951931010796e-06,1.000005709133732
1.465330661322645,29.19649118143166,-0.016015147053107238,1.4738513498422128e-05,-0.015986260097464674,-0.0160440340087498,4.2282311107024365e-05,-0.015932275246154353,-0.016098018860060122,0.9690236615469306,0.0008917787809652928,0.9707715158397997,0.9672758072540616,0.002558363016694609,0.9740379609190313,0.96400936217483,5.749951931010796e-06,1.000005709133732
1.4755511022044083,29.891733537482033,-0.016010255006246362,1.4740137400242572e-05,-0.015981364867814714,-0.01603914514467801,4.2282877184340876e-05,-0.015927382089802322,-0.016093127922690402,0.9687276599463295,0.0008918770379018555,0.9704757068192554,0.9669796130734035,0.0025583972681636805,0.9737420264500759,0.963713293442583,5.749951931010796e-06,1.000005709133732
1.4857715430861718,30.60353137379975,-0.015999631772430772,1.4741461288089528e-05,-0.015970739039226627,-0.016028524505634918,4.228333872007114e-05,-0.015916757951393325,-0.01608250559346822,0.9680848831491314,0.0008919571419836152,0.9698330870231726,0.9663366792750903,0.0025584251941665943,0.9730993043868379,0.963070461911425,5.749951931010796e-06,1.000005709133732
1.4959919839679356,31.332278918274582,-0.015984903046504684,1.4741814536685618e-05,-0.01595600962094601,-0.016013796472063357,4.228346187627096e-05,-0.01590202898408552,-0.016067777108923847,0.9671936965818466,0.0008919785158896358,0.9689419423479738,0.9654454508157194,0.0025584326459415483,0.9722081324247636,0.9621792607389297,5.749951931010796e-06,1.000005709133732
1.506212424849699,32.07837978636012,-0.015968489724838088,1.474112885339508e-05,-0.01593959764319397,-0.015997381806482205,4.228322282277478e-05,-0.01588561613095517,-0.016051363318721007,0.9662005806893249,0.0008919370274580493,0.9679487451396204,0.9644524162390294,0.002558418181603918,0.971214988182661,0.9611861731959888,5.749951931010796e-06,1.000005709133732
1.5164328657314623,32.842247204615575,-0.015952781721179424,1.47405875252079e-05,-0.015923890700519056,-0.015981672741839793,4.228303410348339e-05,-0.01586990849717952,-0.01603565494517933,0.9652501412602996,0.0008919042734770651,0.9669982415139721,0.9635020410066272,0.0025584067628228015,0.970264526373236,0.9602357561473632,5.749951931010796e-06,1.000005709133732
1.526653306613226,33.62430423957054,-0.015939340143402966,1.474048256917861e-05,-0.015910449328452637,-0.015968230958353296,4.228299751413425e-05,-0.015856466991116865,-0.016022213295689067,0.9644368357770144,0.0008918979229343277,0.9661849235838518,0.9626887479701771,0.0025584045489221137,0.9694512165507853,0.9594224550032436,5.749951931010796e-06,1.000005709133732
1.5368737474949894,34.42498403203942,-0.015928621974499922,1.4740255043097968e-05,-0.015899731605492514,-0.01595751234350733,4.2282918195692215e-05,-0.01584574897767511,-0.016011494971324734,0.9637883147711775,0.0008918841560825449,0.9655363755954812,0.9620402539468739,0.0025583997496251183,0.9688026861384991,0.958773943403856,5.749951931010796e-06,1.000005709133732
1.5470941883767533,35.24473003701584,-0.01592061716926322,1.473946492142557e-05,-0.015891728348865833,-0.015949505989660606,4.228264275773168e-05,-0.015837744712286893,-0.016003489626239546,0.9633039704404813,0.0008918363484293579,0.9650519375635066,0.961556003317456,0.002558383083783702,0.9683183091433539,0.9582896317376087,5.749951931010796e-06,1.000005709133732
1.5573146292585167,36.08399626927919,-0.015915321752667685,1.4738825556084565e-05,-0.01588643418540334,-0.01594420931993203,4.228241988321761e-05,-0.01583244973251738,-0.01599819377281799,0.9629835622692792,0.0008917976625439425,0.9647314535693623,0.961235670969196,0.002558369598382852,0.9679978745412517,0.9579692499973066,5.749951931010796e-06,1.000005709133732
1.5675350701402802,36.94324755485002,-0.015912920529546654,1.4738834637711717e-05,-0.015884032944482648,-0.01594180811461066,4.228242304889628e-05,-0.01583004850319173,-0.015995792555901577,0.962838272187757,0.0008917982120432113,0.9645861645648389,0.961090379810675,0.002558369789927614,0.9678525848351504,0.9578239595403636,5.749951931010796e-06,1.000005709133732
1.5777555110220436,37.82295978843295,-0.015913471295584507,1.4739815362178312e-05,-0.015884581788335867,-0.015942360802833146,4.2282764920462954e-05,-0.015830598599173625,-0.01599634399199539,0.9628715972219192,0.0008918575524420497,0.9646196059040456,0.9611235885397927,0.002558390475447155,0.967885950412186,0.9578572440316524,5.749951931010796e-06,1.000005709133732
1.587975951903807,38.72362019699008,-0.015916605531865587,1.4740683612668876e-05,-0.015887714322877257,-0.015945496740853916,4.228306760130855e-05,-0.01583373224221115,-0.015999478821520023,0.9630612395091347,0.0008919100874120201,0.9648093511579102,0.9613131278603592,0.002558408789665583,0.9680756285946099,0.9580468504236594,5.749951931010796e-06,1.000005709133732
1.598196392785571,39.6457276095908,-0.015921305069027412,1.4740724093409465e-05,-0.01589241378069829,-0.015950196357356537,4.2283081713683625e-05,-0.01583843175171323,-0.016004178386341595,0.9633455929835691,0.0008919125367679541,0.9650937094329941,0.9615974765341442,0.0025584096435587954,0.9683599837426443,0.958331202224494,5.749951931010796e-06,1.000005709133732
1.6084168336673343,40.58979273368708,-0.01592605494408841,1.4740047616023669e-05,-0.015897164981630598,-0.015954944906546222,4.2282845884952794e-05,-0.015843182088990045,-0.016008927799186775,0.9636329922380522,0.0008918716053552631,0.9653810284633825,0.961884956012722,0.002558395374341067,0.9686473550299746,0.9586186294461299,5.749951931010796e-06,1.000005709133732
1.6186372745490978,41.55633843796817,-0.015929762679199284,1.4738763986403317e-05,-0.015900875232609298,-0.01595865012578927,4.228239842126892e-05,-0.015846890701113624,-0.016012634657284943,0.9638573350455999,0.000891793937165851,0.9656052190440761,0.9621094510471236,0.0025583682997912098,0.9688716447723796,0.9588430253188202,5.749951931010796e-06,1.000005709133732
1.6288577154308612,42.54590004195022,-0.01593167915222919,1.4737502445320384e-05,-0.015902794178214292,-0.01596056412624409,4.228195869083939e-05,-0.015848808035999338,-0.016014550268459046,0.9639732944998927,0.0008917176054808953,0.9657210288910155,0.9622255601087698,0.002558341693155036,0.9689875520786237,0.9589590369211616,5.749951931010796e-06,1.000005709133732
1.6390781563126249,43.55902561246206,-0.015930997386775697,1.4737104350634175e-05,-0.015902113193012046,-0.015959881580539348,4.228181993539901e-05,-0.015848126542501506,-0.016013868231049888,0.9639320431236881,0.0008916935180860563,0.9656797303043846,0.9621843559429916,0.0025583332975215494,0.9689462842472799,0.9589178020000962,5.749951931010796e-06,1.000005709133732
1.6492985971943883,44.59627626719089,-0.015926252153900724,1.473787817862549e-05,-0.01589736644346208,-0.01595513786433937,4.228208965526692e-05,-0.01584338078098531,-0.01600912352681614,0.9636449247525515,0.0008917403398624076,0.9653927037022433,0.9618971458028597,0.0025583496173800634,0.9686591978624782,0.9586306516426247,5.749951931010796e-06,1.000005709133732
1.659519038076152,45.658226485456424,-0.01591625234813503,1.4739196601695404e-05,-0.015887364053634653,-0.015945140642635407,4.228254922389914e-05,-0.015833380074481644,-0.015999124621788416,0.9630398695279134,0.0008918201132885546,0.9647878048306474,0.9612919342251794,0.002558377424360371,0.9680541971385201,0.9580255419173067,5.749951931010796e-06,1.000005709133732
1.6697394789579154,46.74546442638496,-0.015900858509058115,1.4740471642054831e-05,-0.015871967715524554,-0.015929749302591677,4.2282993704777425e-05,-0.01581798536423822,-0.015983731653878012,0.9621084391602676,0.0008918972617701524,0.9638565256712469,0.9603603526492882,0.002558404318430512,0.9671228194822831,0.957094058838252,5.749951931010796e-06,1.000005709133732
1.6799599198396789,47.85859225466043,-0.015880155614857498,1.4741311123576843e-05,-0.01585126317597039,-0.015909048053744608,4.228328636766678e-05,-0.01579728189642888,-0.015963029333286118,0.9608557753991185,0.0008919480560248391,0.9626039614650077,0.9591075893332293,0.0025584220264954893,0.9658701904283036,0.9558413603699334,5.749951931010796e-06,1.000005709133732
1.6901803607214425,48.99822647403202,-0.01585396319486811,1.4741179412067642e-05,-0.015825071014130814,-0.015882855375605406,4.2283240448986305e-05,-0.01577108956643845,-0.01593683682329777,0.959270958560489,0.0008919400865963668,0.9610191290065855,0.9575227881143926,0.0025584192481077706,0.9642853681441343,0.9542565489768438,5.749951931010796e-06,1.000005709133732
1.7004008016032062,50.16499826876365,-0.01582118482465094,1.4740401168074244e-05,-0.015792294169243843,-0.015850075480058037,4.228296913656595e-05,-0.01573831172798385,-0.015904057921318028,0.9572876476222845,0.0008918929976223125,0.9590357257756876,0.9555395694688813,0.0025584028318891673,0.9623020250307325,0.9522732702138365,5.749951931010796e-06,1.000005709133732
1.7106212424849696,51.35955385321414,-0.01578120043988461,1.4739807628613015e-05,-0.01575231094779348,-0.01581008993197574,4.228276222453475e-05,-0.01569832774875765,-0.01586407313101157,0.9548683245400496,0.000891857084509552,0.9566163323050452,0.9531203167750539,0.002558390312325442,0.9598826774106036,0.9498539716694955,5.749951931010796e-06,1.000005709133732
1.720841683366733,52.58255482974195,-0.01573546484114136,1.474005264174955e-05,-0.015706574868833305,-0.015764354813449413,4.2282847636950524e-05,-0.01565259198260914,-0.015818337699673578,0.9521010144922389,0.0008918719094453398,0.9538490513135748,0.9503529776709031,0.0025583954803486643,0.9571153774919323,0.9470866514925456,5.749951931010796e-06,1.000005709133732
1.7310621242484965,53.83467855513231,-0.015686169820813833,1.4740951546226288e-05,-0.01565727808668538,-0.015715061554942285,4.228316100880132e-05,-0.015603296348084075,-0.015769043293543592,0.949118335598601,0.0008919262991867853,0.9508664790218713,0.9473701921753308,0.0025584144414445113,0.9541327357613595,0.9441039354358426,5.749951931010796e-06,1.000005709133732
1.74128256513026,55.11661851574995,-0.01563562374173546,1.4741740097905566e-05,-0.015606730462074114,-0.015664517021396804,4.228343592380143e-05,-0.0155527497301822,-0.015718497753288718,0.9460599592713064,0.0008919740118448732,0.947808196209668,0.9443117223329447,0.0025584310756433196,0.9510743920364954,0.9410455265061174,5.749951931010796e-06,1.000005709133732
1.7515030060120238,56.42908471162537,-0.015587122198735313,1.4741683558004408e-05,-0.015558229029890139,-0.015616015367580487,4.2283416211706005e-05,-0.015504248225817053,-0.015669996171653575,0.9431252910704572,0.0008919705908021652,0.9448735213036983,0.9413770608372161,0.0025584298829295204,0.9481397214979701,0.9381108606429442,5.749951931010796e-06,1.000005709133732
1.7617234468937872,57.772804049686734,-0.015544994030249561,1.4740581353365422e-05,-0.015516103021685781,-0.01557388503881334,4.228303195187413e-05,-0.015462120810466731,-0.01562786725003239,0.9405762547147524,0.000891903900039258,0.9423243542365001,0.9388281551930047,0.002558406632636031,0.9455906395725274,0.9355618698569773,5.749951931010796e-06,1.000005709133732
1.771943887775551,59.1485207463563,-0.015513565293288057,1.473906161727396e-05,-0.015484677263352283,-0.01554245332322383,4.2282502170115515e-05,-0.015430693111858395,-0.01559643747471772,0.9386746056279697,0.0008918119458269706,0.9404225249227731,0.9369266863331662,0.002558374577291309,0.9436889276584235,0.9336602835975158,5.749951931010796e-06,1.000005709133732
1.782164328657314,60.55699673973282,-0.015495655524229573,1.4737994515082531e-05,-0.015466769585775662,-0.015524541462683485,4.228213020573381e-05,-0.015412784071836702,-0.015578526976622445,0.937590944645466,0.0008917473789972465,0.9393387373916086,0.9358431518993234,0.0025583520709549054,0.9426052225643111,0.9325766667266209,5.749951931010796e-06,1.000005709133732
1.7923847695390775,61.999012111590126,-0.015492192658799921,1.4737923760562138e-05,-0.015463306859022322,-0.01552107845857752,4.228210554336393e-05,-0.015409321254744406,-0.015575064062855436,0.9373814180936986,0.0008917430978748694,0.9391292024489954,0.9356336337384017,0.0025583505787163466,0.9423956930878098,0.9323671430995873,5.749951931010796e-06,1.000005709133732
1.8026052104208412,63.47536551942328,-0.015501614211148542,1.473852878867888e-05,-0.015472727225537624,-0.01553050119675946,4.2282316436812455e-05,-0.015418742393749463,-0.01558448602854762,0.9379514851136292,0.0008917797061282361,0.9396993412197843,0.9362036290074742,0.0025583633391824856,0.9429657851177945,0.932937185109464,5.749951931010796e-06,1.000005709133732
1.8128256513026049,64.98687463878393,-0.015517935662273418,1.4739371726900625e-05,-0.015489047024533945,-0.015546824300012892,4.228261027079315e-05,-0.01543506326897032,-0.015600808055576516,0.9389390422230545,0.0008918307095364086,0.9406869982940527,0.9371910861520563,0.0025583811181063326,0.9439533770732702,0.9339247073728387,5.749951931010796e-06,1.000005709133732
1.8230460921843683,66.53437661614826,-0.015531473535436418,1.4739943276573706e-05,-0.01550258377748017,-0.015560363293392665,4.228280951172279e-05,-0.015448600751628273,-0.015614346319244563,0.9397581742221842,0.0008918652921197048,0.9415061980738001,0.9380101503705683,0.0025583931735170345,0.9447725327005707,0.9347438157437977,5.749951931010796e-06,1.000005709133732
1.833266533066132,68.11872853256911,-0.015535034742844457,1.4740225566087306e-05,-0.01550614443161093,-0.015563925054077984,4.228290791971572e-05,-0.015452161766160192,-0.015617907719528723,0.9399736511223102,0.0008918823725259713,0.9417217084509073,0.9382255937937132,0.0025583991278597153,0.944988021270994,0.9349592809736265,5.749951931010796e-06,1.000005709133732
1.8434869739478952,69.74080787836839,-0.01552637615033312,1.4740345693185123e-05,-0.015497485603654809,-0.015555266697011433,4.228294979731932e-05,-0.015443503091570259,-0.015609249209095982,0.9394497482826201,0.0008918896410199658,0.9411978198572035,0.9377016767080366,0.002558401661735217,0.9444641233976085,0.9344353731676316,5.749951931010796e-06,1.000005709133732
1.853707414829659,71.40151303913396,-0.015506301539528455,1.4740541690821313e-05,-0.015477410608701834,-0.015535192470355076,4.228301812485559e-05,-0.015423428346846084,-0.015589174732210826,0.938235099874987,0.0008919015001896911,0.939983194693116,0.936487005056858,0.002558405796008799,0.9432494830930027,0.9332207166569713,5.749951931010796e-06,1.000005709133732
1.8639278557114225,73.10176379328809,-0.015476634645727091,1.4740993216420412e-05,-0.015447742829926558,-0.015505526461527624,4.228317553607554e-05,-0.015393761144524398,-0.015559508146929784,0.9364400540997099,0.0008919288205126247,0.9381882024646879,0.9346919057347318,0.0025584153204419014,0.9414544559852716,0.9314256522141482,5.749951931010796e-06,1.000005709133732
1.874148296593186,74.84250182150569,-0.015438598891724524,1.4741251185338768e-05,-0.0154097065703142,-0.015467491213134846,4.2283265471309996e-05,-0.01535572521425201,-0.015521472569197036,0.9341386362300491,0.0008919444293599866,0.9358868151878058,0.9323904572722924,0.002558420762125946,0.9391530487811155,0.9291242236789827,5.749951931010796e-06,1.000005709133732
1.8843687374749492,76.62469122826194,-0.015393874384730527,1.4741340642879676e-05,-0.015364981887986646,-0.015422766881474408,4.228329665905251e-05,-0.01531100064613116,-0.015476748123329893,0.9314325040050693,0.0008919498421403723,0.9331806935716805,0.929684314438458,0.0025584226491932546,0.9364469202547197,0.9264180877554189,5.749951931010796e-06,1.000005709133732
1.8945891783567128,78.44931907580003,-0.015345341426637382,1.4741202040086179e-05,-0.015316449201549984,-0.01537423365172478,4.228324833778344e-05,-0.015262467782745964,-0.0154282150705288,0.9284959349806844,0.0008919414557430443,0.930244108110259,0.9267477618511097,0.0025584197254328337,0.9335103454998696,0.9234815244614992,5.749951931010796e-06,1.000005709133732
1.9048096192384767,80.31739593081346,-0.01529739728475475,1.4740926308819977e-05,-0.015268505600090704,-0.015326288969418796,4.2283152210426387e-05,-0.015214523829269489,-0.015380270740240011,0.9255949932807567,0.0008919247721546705,0.9273431337110989,0.9238468528504145,0.002558413909083899,0.9306093924001074,0.9205805941614059,5.749951931010796e-06,1.000005709133732
1.91503006012024,82.22995642414644,-0.01525512549664418,1.4740782631997769e-05,-0.015226234093581531,-0.015284016899706829,4.2283102121436546e-05,-0.015172252139331535,-0.015337998853956826,0.9230372669758276,0.000891916078744621,0.9247853903673992,0.921289143584256,0.0025584108783645323,0.9280516601550776,0.9180228737965775,5.749951931010796e-06,1.000005709133732
1.925250501002004,84.18805982382285,-0.015224405893685693,1.4740756956257259e-05,-0.01519551454094657,-0.015253297246424815,4.228309317033785e-05,-0.015141532553916879,-0.015307279233454507,0.9211785252458023,0.0008919145251903514,0.9229266455924636,0.9194304048991411,0.0025584103367631093,0.926192917363533,0.9161641331280717,5.749951931010796e-06,1.000005709133732
1.935470941883767,86.19279062171874,-0.015210806491557309,1.4740777657829654e-05,-0.01518191509824385,-0.015239697884870769,4.228310038733672e-05,-0.015127933137643438,-0.01529367984547118,0.9203556703321636,0.0008919157777741346,0.9221037931338439,0.9186075475304832,0.0025584107734398782,0.925370063305765,0.9153412773585622,5.749951931010796e-06,1.000005709133732
1.9456913827655304,88.24525913420746,-0.01521767760809322,1.474067549187979e-05,-0.015188786415021345,-0.015246568801165096,4.228306477024732e-05,-0.01513480432398756,-0.01530055089219888,0.9207714189033422,0.0008919095960498898,0.9225195295890657,0.9190233082176188,0.0025584086183674166,0.9257858076530793,0.9157570301536052,5.749951931010796e-06,1.000005709133732
1.9559118236472943,90.34660211710525,-0.015245533828839464,1.4740454690526876e-05,-0.015216643068530288,-0.015274424589148641,4.228298779522919e-05,-0.015162660695602069,-0.01532840696207686,0.9224569068314189,0.0008918962360891747,0.9242049913321005,0.9207088223307373,0.002558403960863263,0.9274712864526156,0.9174425272102222,5.749951931010796e-06,1.000005709133732
1.9661322645290575,92.49798339526143,-0.015291098440045819,1.4740197096355795e-05,-0.01526220818461194,-0.015319988695479698,4.228289799490381e-05,-0.015208225482813826,-0.015373971397277812,0.925213870988022,0.0008918806499165329,0.9269619249403666,0.9234658170356774,0.002558398527342121,0.9302282399597128,0.9201995020163312,5.749951931010796e-06,1.000005709133732
1.9763527054108208,94.70059450714119,-0.015349411141885769,1.4740227026361046e-05,-0.015320520827790158,-0.01537830145598138,4.228290842878112e-05,-0.015266538164203753,-0.015432284119567785,0.9287421800109903,0.0008918824608823131,0.9304902375127626,0.926994122509218,0.002558399158661581,0.9337565502200446,0.923727809801936,5.749951931010796e-06,1.000005709133732
1.9865731462925849,96.95565536475661,-0.015415448327531969,1.4740649023113372e-05,-0.015386557186337921,-0.015444339468726016,4.228305554274239e-05,-0.015332575061511887,-0.01549832159355205,0.9327378720406004,0.0008919079945122413,0.9344859795873678,0.9309897644938331,0.002558408060041565,0.9377522596960389,0.927723484385162,5.749951931010796e-06,1.000005709133732
1.996793587174348,99.26441492931195,-0.015487741544069948,1.4741153319402364e-05,-0.015458849414473336,-0.01551663367366656,4.228323135232396e-05,-0.015404867933469419,-0.015570615154670477,0.937112095840253,0.0008919385078153563,0.9388602631919956,0.9353639284885105,0.002558418697698772,0.9421265043451165,0.9320976873353896,5.749951931010796e-06,1.000005709133732
2.007014028056112,101.62815190293985,-0.015567478266769621,1.4741514493439275e-05,-0.015538585429284905,-0.015596371104254337,4.228335726935959e-05,-0.015484604409376237,-0.015650352124163006,0.9419367016171446,0.0008919603612636288,0.9436849118008587,0.9401884914334305,0.0025584263165227836,0.9469511250546288,0.9369222781796605,5.749951931010796e-06,1.000005709133732
2.0172344689378754,104.0481754369067,-0.015653710671773395,1.4741663498542844e-05,-0.015624817542244042,-0.015682603801302746,4.228340921818267e-05,-0.015570836712562187,-0.015736584630984603,0.9471543396796401,0.000891969377070388,0.9489025675340107,0.9454061118252696,0.002558429459774518,0.9521687692777845,0.9421399100814958,5.749951931010796e-06,1.000005709133732
2.027454909819639,106.52582585668456,-0.015739336280465806,1.4741652491513177e-05,-0.015710443172509834,-0.01576822938842178,4.228340538069943e-05,-0.01565646232877593,-0.015822210232155683,0.9523352625011515,0.0008919687110713713,0.954083489050188,0.950587035952115,0.0025584292275810795,0.957349691644205,0.947320833358098,5.749951931010796e-06,1.000005709133732
2.0376753507014023,109.0624754042875,-0.015811144736194622,1.4741557169830936e-05,-0.015782251815065713,-0.01584003765732353,4.228337214791908e-05,-0.015728270849639795,-0.01589401862274945,0.9566801550250617,0.0008919629434711586,0.9584283702698094,0.9549319397803139,0.0025584272167752846,0.9616945802270083,0.951665729823115,5.749951931010796e-06,1.000005709133732
2.0478957915831657,111.65952899828524,-0.01585758855118138,1.4741451374558923e-05,-0.015828695837407397,-0.015886481264955364,4.2283335263866184e-05,-0.01577471473691797,-0.01594046236544479,0.9594903168990324,0.0008919565421486156,0.9612385195974186,0.9577421142006463,0.002558424985043046,0.9645047377268642,0.9544758960712006,5.749951931010796e-06,1.000005709133732
2.0581162324649296,114.31842501191491,-0.015872895113306053,1.4741274719273902e-05,-0.015844002745770067,-0.01590178748084204,4.2283273675971786e-05,-0.0157900214197527,-0.015955768806859408,0.9604164664265117,0.0008919458533206857,0.9621646481751801,0.9586682846778433,0.002558421258562937,0.9654308799505766,0.9554020529024467,5.749951931010796e-06,1.000005709133732
2.068336673346693,117.04063606972076,-0.015859786560028552,1.4740957914913603e-05,-0.0158308948134177,-0.015888678306639405,4.228316322908302e-05,-0.01577691308294712,-0.015942660037109983,0.9596233111559155,0.0008919266845350233,0.9613714553344543,0.9578751669773766,0.0025584145757864252,0.9646377115819792,0.9546089107298518,5.749951931010796e-06,1.000005709133732
2.0785571142284565,119.82766986316528,-0.015826575544065156,1.4740695725103568e-05,-0.01579768431133689,-0.015855466776793423,4.228307182393578e-05,-0.01574370224613452,-0.015909448841995792,0.9576138222523278,0.0008919108202954446,0.9593619353375284,0.9558657091671272,0.0025584090451628116,0.9626282118385685,0.9525994326660872,5.749951931010796e-06,1.000005709133732
2.08877755511022,122.68106998566076,-0.015782893402558548,1.4740592813003643e-05,-0.015754002371534293,-0.015811784433582804,4.228303594689955e-05,-0.015700020174945612,-0.015865766630171484,0.9549707601207983,0.0008919045934241236,0.9567188610015555,0.9532226592400411,0.0025584068743618256,0.9599851454523471,0.9499563747892494,5.749951931010796e-06,1.000005709133732
2.098997995991984,125.60241678748581,-0.015737019316287817,1.4740468603097069e-05,-0.015708128528710504,-0.01576591010386513,4.228299264535228e-05,-0.015654146173544353,-0.01581989245903128,0.9521950706500257,0.0008918970778928536,0.9539431568006123,0.9504469844994392,0.0025584042543281946,0.9572094508464031,0.9471806904536484,5.749951931010796e-06,1.000005709133732
2.109218436873747,128.59332825105898,-0.01569417159585243,1.4740407907559389e-05,-0.015665280927236184,-0.015723062264468676,4.228297148603991e-05,-0.015611298494580457,-0.0157770446971244,0.9496024965820166,0.0008918934054063029,0.9513505755346617,0.9478544176293714,0.0025584029740480774,0.9546168742690909,0.9445881188949422,5.749951931010796e-06,1.000005709133732
2.1194388777555107,131.6554608870559,-0.015655382306525387,1.474041425635118e-05,-0.015626491625465738,-0.015684272987585037,4.228297369931384e-05,-0.015572509200915479,-0.015738255412135298,0.9472554847782629,0.0008918937895507287,0.9490035644838173,0.9455074050727086,0.0025584031079659737,0.9522698627278116,0.9422411068287143,5.749951931010796e-06,1.000005709133732
2.129659318637274,134.79051065186417,-0.015619423042621235,1.4740401492030692e-05,-0.015590532386579195,-0.015648313698663277,4.228296924950145e-05,-0.015536549945732798,-0.015702296139509672,0.9450797084672877,0.0008918930172238473,0.9468277866591093,0.9433316302754662,0.002558402838722521,0.9500940858891289,0.9400653310454465,5.749951931010796e-06,1.000005709133732
2.139879759519037,138.0002138868856,-0.015585405473450928,1.4740537859698424e-05,-0.01555651455013317,-0.015614296396768685,4.228301678926454e-05,-0.015502532283386267,-0.01566827866351559,0.9430214176926213,0.0008919012683810965,0.9447695120564138,0.9412733233288287,0.0025584057151965957,0.948035800752248,0.9380070346329945,5.749951931010796e-06,1.000005709133732
2.150100200400801,141.2863482802063,-0.015552650967899307,1.4740766511475006e-05,-0.015523759596432303,-0.015581542339366311,4.2283096501484465e-05,-0.015469777621601566,-0.015635524314197048,0.941039550726521,0.0008919151033450233,0.9427876722063446,0.9392914292466974,0.0025584105383197903,0.9460539432392955,0.9360251582137465,5.749951931010796e-06,1.000005709133732
2.160320641282565,144.65073385116457,-0.01552441173966024,1.4740982484520794e-05,-0.015495519944893843,-0.015553303534426636,4.228317179466287e-05,-0.01544153824579058,-0.015607285233529899,0.9393308882798549,0.0008919281711608185,0.9410790353721268,0.937582741187583,0.0025584150940613755,0.9443452897217188,0.934316486837991,5.749951931010796e-06,1.000005709133732
2.1705410821643283,148.0952339583661,-0.015505030918847595,1.4741148795559304e-05,-0.015476138798117553,-0.015533923039577636,4.228322977518208e-05,-0.015422157311338206,-0.015587904526356984,0.9381582188135442,0.0008919382340925519,0.9399063856287999,0.9364100519982885,0.0025584186022711247,0.943172627131373,0.9331438104957155,5.749951931010796e-06,1.000005709133732
2.180761523046092,151.62175633170185,-0.015495723668230755,1.474121297632093e-05,-0.01546683142170873,-0.015524615914752779,4.2283252150482434e-05,-0.015412850016866583,-0.015578597319594926,0.9375950678139463,0.0008919421174584945,0.9393432422404594,0.9358468933874332,0.0025584199561266598,0.9426094787852831,0.9325806568426095,5.749951931010796e-06,1.000005709133732
2.190981963927855,155.2322541289395,-0.015492107871031233,1.4741194482087727e-05,-0.015463215660757241,-0.015521000081305225,4.228324570284025e-05,-0.015409234232304208,-0.015574981509758258,0.9373762878658088,0.0008919409984335166,0.9391244600990732,0.9356281156325444,0.002558419566001123,0.9423906980725136,0.932361877659104,5.749951931010796e-06,1.000005709133732
2.2012024048096186,158.9287270174779,-0.01548855167739867,1.4740985936000274e-05,-0.015459659875867497,-0.015517443478929843,4.2283172997935985e-05,-0.015405678181170638,-0.015571425173626701,0.93716111433268,0.0008919283799984441,0.9389092618342662,0.9354129668310939,0.0025584151668674583,0.9421755159172412,0.9321467127481188,5.749951931010796e-06,1.000005709133732
2.2114228456913825,162.71322228185764,-0.015483758967674345,1.474067339653478e-05,-0.01545486777870927,-0.015512650156639421,4.22830640397705e-05,-0.015400885685000395,-0.015566632250348296,0.9368711232941715,0.0008919094692674826,0.9386192337314061,0.935123012856937,0.002558408574168676,0.9418855119572807,0.9318567346310624,5.749951931010796e-06,1.000005709133732
2.221643286573146,166.58783595764592,-0.01547942835127573,1.4740371482824536e-05,-0.015450537754050654,-0.015508318948500808,4.228295878790522e-05,-0.015396555274891645,-0.015562301427659816,0.9366090919968363,0.0008918912014658819,0.9383571666298376,0.934861017363835,0.0025584022057258803,0.9416234681780269,0.9315947158156457,5.749951931010796e-06,1.000005709133732
2.2318637274549094,170.5547139923227,-0.015479269436849592,1.4740215426548265e-05,-0.015450379145489196,-0.015508159728209988,4.2282904384976636e-05,-0.015396396467093287,-0.015562142406605896,0.9365994766096919,0.0008918817590159475,0.9383475327358314,0.9348514204835524,0.0025583989139843256,0.9416138463391875,0.9315851068801962,5.749951931010796e-06,1.000005709133732
2.242084168336673,174.61605343380893,-0.015488579174658516,1.4740293096310742e-05,-0.015459688731068183,-0.015517469618248849,4.2282931461444e-05,-0.01540570615183331,-0.015571452197483722,0.9371627781010694,0.0008918864585567871,0.9389108434381397,0.9354147127639991,0.0025584005522919515,0.9421771510415891,0.9321484051605498,5.749951931010796e-06,1.000005709133732
2.252304609218436,178.77410364729755,-0.015511328043604522,1.4740520204524223e-05,-0.01548243715489027,-0.015540218932318774,4.228301063439087e-05,-0.015428454865603193,-0.015594201221605852,0.938539237037663,0.000891900200124808,0.9402873293077116,0.9367911447676143,0.002558405342785515,0.9435536193673774,0.9335248547079485,5.749951931010796e-06,1.000005709133732
2.2625250501002,183.03116756106112,-0.01554912871645294,1.4740821476701381e-05,-0.01552023723725607,-0.015578020195649809,4.2283115663536496e-05,-0.015466255332598267,-0.015632002100307612,0.9408264309229919,0.0008919184291093601,0.9425745589211938,0.93907830292479,0.00255841169775228,0.9458408257082124,0.9358120361377714,5.749951931010796e-06,1.000005709133732
2.2727454909819635,187.38960294192182,-0.01560482110498129,1.474110610138197e-05,-0.015575929067930299,-0.015633713142032282,4.228321489078409e-05,-0.015521947526644786,-0.015687694683317797,0.9441961934405061,0.0008919356508088699,0.9459443551926188,0.9424480316883934,0.002558417701665355,0.9492105999931799,0.9391817868878323,5.749951931010796e-06,1.000005709133732
2.282965931863727,191.85182370109902,-0.015680503018530335,1.4741319802964485e-05,-0.015651610562631937,-0.015709395474428733,4.228328939358074e-05,-0.015597629294171033,-0.015763376742889638,0.9487754561058429,0.0008919485811859235,0.9505236432010289,0.9470272690106569,0.0025584222095835505,0.9537898714938741,0.9437610407178117,5.749951931010796e-06,1.000005709133732
2.2931863727454904,196.42030123114785,-0.015773725681635015,1.4741457343782069e-05,-0.015744832956161567,-0.015802618407108462,4.228333734494678e-05,-0.015690851863292762,-0.015856599499977267,0.9544160516021749,0.000891956903326596,0.9561642550084569,0.9526678481958929,0.0025584251109623604,0.959430472676804,0.9494016305275458,5.749951931010796e-06,1.000005709133732
2.303406813627254,201.09756577473567,-0.015878336561027624,1.4741497481578181e-05,-0.01584944375688554,-0.015907229365169705,4.228335133840979e-05,-0.015795462715258685,-0.01596121040679656,0.9607457104589135,0.0008919593319320923,0.9624939186251749,0.9589975022926522,0.0025584259576605967,0.9657601331930408,0.9557312877247863,5.749951931010796e-06,1.000005709133732
2.3136272545090177,205.88620782601242,-0.015988281698991438,1.4741461396370726e-05,-0.015959388965575062,-0.016017174432407813,4.2283338757821777e-05,-0.01590540787788,-0.016071155520102874,0.9673981276865347,0.0008919571485353528,0.969146331573417,0.9656499237996523,0.0025584251964507606,0.972412548928718,0.9623837064443513,5.749951931010796e-06,1.000005709133732
2.323847695390781,210.78887956535007,-0.01609447715165772,1.4741285397227557e-05,-0.01606558476319333,-0.016123369540122112,4.2283277398642354e-05,-0.016011603450808064,-0.016177350852507377,0.9738236638393452,0.0008919464994083996,0.9755718468543222,0.9720754808243681,0.0025584214838094395,0.9788380778048852,0.9688092498738051,5.749951931010796e-06,1.000005709133732
2.3340681362725446,215.80829632824896,-0.016187429513395545,1.4740986423123472e-05,-0.016158537710909627,-0.016216321315881462,4.228317316775948e-05,-0.016104556016834665,-0.016270303009956424,0.9794479042925818,0.0008919284094726603,0.9811960518519363,0.9776997567332273,0.002558415177142917,0.9844623058972826,0.974433502687881,5.749951931010796e-06,1.000005709133732
2.344288577154308,220.94723810922045,-0.016260784931845667,1.4740730473093664e-05,-0.01623189363101259,-0.016289676232678744,4.2283083937768975e-05,-0.016177911610172357,-0.016343658253518977,0.9838863984222409,0.0008919129227815774,0.9856345156282387,0.9821382812162431,0.002558409778130855,0.9889007894450725,0.9788720073994093,5.749951931010796e-06,1.000005709133732
2.3545090180360715,226.2085511014818,-0.016311324072811554,1.4740676502321094e-05,-0.01628243287775925,-0.016340215267863858,4.2283065122506266e-05,-0.01622845078801548,-0.016394197357607627,0.9869443549472607,0.0008919096571883562,0.9886924657528133,0.9851962441417081,0.0025584086396814422,0.9919587437387725,0.981929966155749,5.749951931010796e-06,1.000005709133732
2.364729458917836,231.59514927331546,-0.016340205480774448,1.4740707537528357e-05,-0.016311314224894253,-0.016369096736654643,4.2283075941976715e-05,-0.016257332174772602,-0.016423078786776294,0.9886918735683529,0.0008919115350262605,0.9904399880544001,0.9869437590823056,0.00255840929433187,0.9937062636429559,0.9836774834937498,5.749951931010796e-06,1.000005709133732
2.374949899799599,237.1100159819627,-0.016349327990640358,1.4740729410398027e-05,-0.01632043669189013,-0.016378219289390587,4.228308356729199e-05,-0.01626645466969317,-0.016432201311587548,0.9892438465151794,0.0008919128584813737,0.9909919635951511,0.9874957294352077,0.0025584097557145163,0.9942582374940757,0.984229455536283,5.749951931010796e-06,1.000005709133732
2.3851703406813622,242.75620562595427,-0.01634036320681208,1.4740782816275204e-05,-0.016311471803388256,-0.016369254610235907,4.228310218567956e-05,-0.016257489849373523,-0.01642323656425064,0.9887014170500333,0.0008919160898946401,0.9904495404634586,0.9869532936366081,0.002558410882251664,0.9937158102369019,0.9836870238631648,5.749951931010796e-06,1.000005709133732
2.3953907815631257,248.53684533677978,-0.016314546665058577,1.4740846316054973e-05,-0.01628565513717747,-0.016343438192939683,4.2283124323086346e-05,-0.0162316732642315,-0.016397420065885654,0.9871393433621987,0.0008919199320566193,0.988887474306123,0.9853912124182743,0.0025584122217130454,0.9921537391743633,0.982124947550034,5.749951931010796e-06,1.000005709133732
2.405611222444889,254.4551367108453,-0.016272274935901495,1.4740958296548065e-05,-0.016243383188542654,-0.016301166683260336,4.228316336213025e-05,-0.016189401458559297,-0.016355148413243693,0.9845816206243505,0.0008919267076264644,0.9863297648481477,0.9828334764005533,0.0025584145838366736,0.9895960210661924,0.9795672201825086,5.749951931010796e-06,1.000005709133732
2.415831663326653,260.51435758267115,-0.01621491872148518,1.4741103815167522e-05,-0.016186026688915084,-0.016243810754055274,4.2283214093746124e-05,-0.01613204514471084,-0.016297792298259516,0.9811111854967887,0.0008919355124775832,0.982859346977777,0.9793630240158003,0.0025584176534392197,0.986125591954941,0.9760967790386363,5.749951931010796e-06,1.000005709133732
2.4260521042084164,266.7178638403137,-0.01614506864681001,1.4741271732822006e-05,-0.016116176285127362,-0.01617396100849266,4.228327263480112e-05,-0.016062194955297312,-0.01622794233832271,0.9768847881432955,0.0008919456726203435,0.9786329695377978,0.9751366067487932,0.0025584211955651387,0.9818992015438871,0.9718703747427039,5.749951931010796e-06,1.000005709133732
2.43627254509018,273.0690912840189,-0.016066013116617497,1.4741462016712513e-05,-0.016037120381985275,-0.01609490585124972,4.2283338974094773e-05,-0.015983139295082174,-0.01614888693815282,0.972101399075518,0.0008919571860701858,0.9738496030359672,0.9703531951150687,0.0025584252095367257,0.9771158203433493,0.9670869778076866,5.749951931010796e-06,1.000005709133732
2.4464929859719438,279.5715575291332,-0.015984448789490256,1.474155898347924e-05,-0.015955555864806664,-0.01601334171417385,4.22833727802244e-05,-0.015901574901696136,-0.016067322677284376,0.9671662109899913,0.0008919630532090283,0.9689144264498214,0.9654179955301613,0.002558427255033992,0.9721806362669236,0.962151785713059,5.749951931010796e-06,1.000005709133732
2.4567134268537067,286.22886395432687,-0.015911326074149055,1.4741449055557867e-05,-0.01588243336492023,-0.01594021878337788,4.2283334455381265e-05,-0.015828452261470245,-0.015994199886827865,0.9627417969570002,0.0008919564018335196,0.9644899993803738,0.9609935945336266,0.0025584249361242936,0.967756217688953,0.9577273762250474,5.749951931010796e-06,1.000005709133732
2.46693386773547,293.04469769621386,-0.01585689079539826,1.4741193927666265e-05,-0.015827998586210913,-0.015885783004585607,4.2283245509552475e-05,-0.015774017157050072,-0.015939764433746447,0.9594480980007868,0.0008919409648873048,0.9611962701683018,0.9576999258332718,0.002558419554305918,0.9644625081845694,0.9544336878170042,5.749951931010796e-06,1.000005709133732
2.477154308617234,300.02283369146255,-0.015825969244799697,1.4740930315728963e-05,-0.015797077552282254,-0.01585486093731714,4.228315360733163e-05,-0.015743095786576553,-0.01590884270302284,0.9575771370859498,0.0008919250145995013,0.9593252779914752,0.9558289961804245,0.0025584139936060224,0.962591536370961,0.9525627378009387,5.749951931010796e-06,1.000005709133732
2.487374749498997,307.1671367675377,-0.015815354178388235,1.4740737926431958e-05,-0.015786462862946885,-0.015844245493829585,4.2283086536152655e-05,-0.015732480851622186,-0.015898227505154284,0.9569348544714046,0.0008919133737584645,0.9586829725613008,0.9551867363815084,0.0025584099353504713,0.961949245802381,0.9519204631404282,5.749951931010796e-06,1.000005709133732
2.497595190380761,314.4815637832305,-0.01581670248198174,1.4740667889568595e-05,-0.01578781130381012,-0.01584559366015336,4.228306211993856e-05,-0.015733829203070593,-0.01589957576089289,0.95701643586936,0.0008919091360591443,0.9587645456535182,0.9552683260852018,0.0025584084580059854,0.9620308243047944,0.9520020474339257,5.749951931010796e-06,1.000005709133732
2.5078156312625244,321.97016582015317,-0.01582317648065687,1.4740684880098156e-05,-0.015794285269184423,-0.015852067692129317,4.2283068043158586e-05,-0.01574030319013642,-0.01590604977117732,0.9574081561501805,0.0008919101640999804,0.9591562679492617,0.9556600443510993,0.0025584088164004692,0.9624225452880552,0.9523937670123058,5.749951931010796e-06,1.000005709133732
2.5180360721442883,329.6370904264268,-0.01583053006229099,1.4740772336673685e-05,-0.015801638679406805,-0.015859421445175177,4.228309853227019e-05,-0.015747656712012982,-0.015913403412569,0.9578530970912128,0.0008919154558085588,0.9596012192618522,0.9561049749205734,0.002558410661195928,0.9628674898448202,0.9528387043376054,5.749951931010796e-06,1.000005709133732
2.528256513026052,337.48658391379035,-0.01583665196419098,1.4740927469499931e-05,-0.015807760277252045,-0.015865543651129917,4.228315261506741e-05,-0.01575377850791264,-0.015919525420469323,0.9582235131588948,0.0008919248423835816,0.9599716537268831,0.9564753725909064,0.002558413933567391,0.9632379123262323,0.9532091139915572,5.749951931010796e-06,1.000005709133732
2.538476953907815,345.52299370941284,-0.015844497539976663,1.4741075647384383e-05,-0.01581560556261441,-0.015873389517338916,4.2283204273682166e-05,-0.015761623982449294,-0.015927371097504032,0.9586982230413312,0.0008919338081380437,0.9604463811818754,0.956950064900787,0.002558417059259578,0.9637126283349129,0.9536838177477496,5.749951931010796e-06,1.000005709133732
2.5486973947895786,353.75077076371014,-0.015858046162831447,1.4741140224017512e-05,-0.01582915405890132,-0.015886938266761574,4.228322678689709e-05,-0.01577517256117899,-0.015940919764483905,0.9595180054688124,0.0008919377154568637,0.9612661712675608,0.957769839670064,0.002558418421459868,0.9645324134322576,0.9545035975053672,5.749951931010796e-06,1.000005709133732
2.558917835671342,362.17447201549214,-0.015879465866519164,1.474111416907014e-05,-0.015850573813655795,-0.015908357919382533,4.228321770340551e-05,-0.015796592282670024,-0.015962339450368304,0.960814041004914,0.0008919361389580392,0.9625622037137814,0.9590658782960465,0.002558417871847789,0.9658284478911392,0.9557996341186887,5.749951931010796e-06,1.000005709133732
2.569138276553106,370.7987629158169,-0.015910719104275623,1.4741083924018868e-05,-0.015881827110691464,-0.015939611097859782,4.228320715914288e-05,-0.015827845541092858,-0.015993592667458388,0.9627050712143485,0.0008919343089298645,0.9644532303364266,0.9609569120922703,0.002558417233849278,0.9677194768501196,0.9576906655785773,5.749951931010796e-06,1.000005709133732
2.5793587174348693,379.6284200119399,-0.015952692749712193,1.4741080803061433e-05,-0.015923800762244998,-0.015981584737179387,4.228320607109176e-05,-0.01586981918866197,-0.016035566310762417,0.965244757890627,0.0008919341200910364,0.9669929166425879,0.9634965991386661,0.0025584171680148975,0.9702591633973652,0.9602303523838889,5.749951931010796e-06,1.000005709133732
2.5895791583166328,388.66833359279826,-0.016002339228420617,1.4741044260778687e-05,-0.015973447312574978,-0.016031231144266255,4.2283193331467536e-05,-0.015919465692339596,-0.016085212764501637,0.968248702370276,0.0008919319090381806,0.9699968567886529,0.9665005479518992,0.0025584163971823057,0.97326310636621,0.963234298374342,5.749951931010796e-06,1.000005709133732
2.599799599198396,397.92351039748644,-0.016053791537353517,1.4740980817537878e-05,-0.016024899745854346,-0.01608268332885269,4.2283171213510514e-05,-0.015970918044622896,-0.016136665030084138,0.9713619116734357,0.0008919280702971872,0.9731100585680185,0.9696137647788529,0.002558415058897766,0.9763763130463802,0.9663475103004912,5.749951931010796e-06,1.000005709133732
2.61002004008016,407.3990763882299,-0.016103693336595712,1.4740897299434405e-05,-0.016074801708789017,-0.016132584964402407,4.22831420970639e-05,-0.01602081990093228,-0.016186566772259145,0.974381304755441,0.000891923016892547,0.9761294417455327,0.9726331677653494,0.0025584132971577323,0.9793957026754385,0.9693669068354436,5.749951931010796e-06,1.000005709133732
2.6202404809619235,417.1002795893881,-0.01615316829499017,1.4740856993666791e-05,-0.01612427674618133,-0.016182059843799012,4.2283128045542703e-05,-0.01607029488686721,-0.01623604170311313,0.9773748711073015,0.0008919205781236499,0.979123003317494,0.9756267388971089,0.002558412446946587,0.9823892673609158,0.9723604748536872,5.749951931010796e-06,1.000005709133732
2.630460921843687,427.03249299406536,-0.01620160001282907,1.4740875728988794e-05,-0.016172708427299672,-0.01623049159835847,4.228313457710433e-05,-0.016118726591904487,-0.016284473433753655,0.9803053144182265,0.0008919217117361149,0.9820534488502587,0.9785571799861944,0.0025584128421498116,0.9853197114464249,0.9752909173900282,5.749951931010796e-06,1.000005709133732
2.6406813627254504,437.20121753993135,-0.01624138630214825,1.4740942619590577e-05,-0.016212494585515682,-0.01627027801878082,4.228315789675703e-05,-0.016158512835517988,-0.016324259768778514,0.9827126513991229,0.0008919257590655367,0.9844607937637749,0.9809645090344709,0.0025584142531449887,0.987727051192821,0.9776982516054248,5.749951931010796e-06,1.000005709133732
2.650901803607214,447.61208515590533,-0.01626244623876801,1.4740999514132237e-05,-0.016233554410624188,-0.01629133806691183,4.228317773161889e-05,-0.01617957273326213,-0.016345319744273886,0.9839869186179971,0.0008919292015663703,0.9857350677298268,0.9822387695061675,0.002558415453286979,0.9890013207639303,0.978972516472064,5.749951931010796e-06,1.000005709133732
2.6611222444889773,458.2708618813895,-0.016259865952941696,1.4741053994590034e-05,-0.016230974018018138,-0.016288757887865254,4.2283196724933694e-05,-0.016176992410209604,-0.01634273949567379,0.9838307940434952,0.0008919324979989614,0.985578949616214,0.9820826384707764,0.0025584166025097365,0.9888451984418636,0.9788163896451267,5.749951931010796e-06,1.000005709133732
2.671342685370741,469.18345105977943,-0.016235379566976266,1.4741090503207576e-05,-0.016206487560497133,-0.016264271573455398,4.2283209452828686e-05,-0.016152505999297958,-0.016318253134654574,0.9823492036898389,0.0008919347070148468,0.9840973635921493,0.9806010437875285,0.0025584173726326312,0.9873636095976205,0.9773347977820573,5.749951931010796e-06,1.000005709133732
2.6815631262525046,480.3558966080178,-0.01619771967927478,1.47410899995062e-05,-0.016168827673782887,-0.016226611684766676,4.2283209277224526e-05,-0.016114846111940653,-0.01628059324660891,0.9800705282488376,0.00089193467653754,0.9818186880914135,0.9783223684062616,0.0025584173620074036,0.985084934135794,0.9750561223618811,5.749951931010796e-06,1.000005709133732
2.691783567134268,491.79438636400937,-0.016156631676230427,1.474105478951872e-05,-0.016127739739748837,-0.016185523612712017,4.228319700206712e-05,-0.016073758132955165,-0.01623950521950569,0.9775844288690653,0.0008919325460974711,0.9793325845360554,0.9758362732020751,0.0025584166192781648,0.9825988333002992,0.9725700244378314,5.749951931010796e-06,1.000005709133732
2.7020040080160315,503.5052555137412,-0.01612020200055563,1.4740997431479248e-05,-0.01609131017649373,-0.016149093824617527,4.228317700555272e-05,-0.016037328496472814,-0.016203075504638443,0.9753801894952838,0.0008919290755519155,0.9771283383601297,0.973632040630438,0.002558415409355113,0.9803945915551121,0.9703657874354555,5.749951931010796e-06,1.000005709133732
2.712224448897795,515.4949901000141,-0.01609497470498928,1.4740948189380542e-05,-0.016066082977440124,-0.016123866432538436,4.228315983852231e-05,-0.016012101234553225,-0.016177848175425336,0.9738537691483731,0.0008919260960751344,0.9756019121735517,0.9721056261231944,0.0025584143706347934,0.978868169172347,0.9688393691243992,5.749951931010796e-06,1.000005709133732
2.722444889779559,527.7702306147257,-0.016084964063620838,1.4740909112317752e-05,-0.016056072412661316,-0.01611385571458036,4.228314621531417e-05,-0.01600209061988578,-0.016167837507355894,0.9732480582971949,0.0008919237316511087,0.9749961966881876,0.9714999199062021,0.0025584135463394566,0.9782624567055795,0.9682336598888102,5.749951931010796e-06,1.000005709133732
2.7326653306613222,540.3377756766924,-0.01608855090456479,1.4740875428215497e-05,-0.016059659319624896,-0.016117442489504686,4.228313447224782e-05,-0.01600567748384572,-0.016171424325283863,0.9734650861979297,0.0008919216935373158,0.9752132205942928,0.9717169518015666,0.002558412835805291,0.978479483213693,0.9684506891821664,5.749951931010796e-06,1.000005709133732
2.7428857715430857,553.2045857970546,-0.016097506351168925,1.4740862113389364e-05,-0.01606861479232561,-0.01612639791001224,4.228312983039433e-05,-0.016014632939547722,-0.016180379762790128,0.9740069506984773,0.000891920887901156,0.9757550835158225,0.9722588178811321,0.0025584125549420644,0.9790213471637589,0.9689925542331957,5.749951931010796e-06,1.000005709133732
2.753106212424849,566.3777872343404,-0.016101449818471867,1.4740861275501554e-05,-0.016072558261270783,-0.01613034137567295,4.228312953828756e-05,-0.01601857640742318,-0.016184323229520552,0.9742455568825115,0.0008919208372033314,0.9759936896004908,0.9724974241645321,0.0025584125372676487,0.9792599533131517,0.9692311604518712,5.749951931010796e-06,1.000005709133732
2.7633266533066125,579.8646759413311,-0.016098504198565546,1.4740914740636356e-05,-0.016069612536574723,-0.01612739586055637,4.228314817748005e-05,-0.016015630750984715,-0.016181377646146376,0.9740673271492667,0.0008919240722020811,0.9758154662077271,0.9723191880908063,0.002558413665063634,0.9790817257903466,0.9690529285081868,5.749951931010796e-06,1.000005709133732
2.7735470941883764,593.672721605912,-0.016094317258842156,1.474102383554925e-05,-0.016065425383029235,-0.016123209134655078,4.228318621069439e-05,-0.016011443736717593,-0.01617719078096672,0.9738139892530876,0.0008919306731749974,0.9755621412492171,0.972065837256958,0.002558415966327837,0.9788283924045624,0.9687995861016128,5.749951931010796e-06,1.000005709133732
2.78376753507014,607.8095717881416,-0.016095571803363302,1.4741131788681381e-05,-0.016066679715966127,-0.016124463890760478,4.228322384609879e-05,-0.016012698207474703,-0.016178445399251902,0.9738898975991941,0.0008919372050625303,0.975638062397588,0.9721417328008002,0.0025584182435218748,0.9789043052138872,0.968875489984501,5.749951931010796e-06,1.000005709133732
2.7939879759519037,622.2830561558435,-0.016104880426181332,1.4741181215003722e-05,-0.016075988241910345,-0.016133772610452318,4.2283241077542804e-05,-0.016022006796519724,-0.01618775405584294,0.9744531316261545,0.0008919401956860752,0.9762013022860628,0.9727049609662463,0.0025584192861396486,0.9794675412843409,0.9694387219679682,5.749951931010796e-06,1.000005709133732
2.8042084168336667,637.1011908210467,-0.016123561503162864,1.4741178615344025e-05,-0.016094669323987117,-0.01615245368233861,4.228324017122506e-05,-0.016040687875277605,-0.016206435131048122,0.9755834619040007,0.0008919400383892518,0.9773316322556129,0.9738352915523885,0.002558419231301355,0.980597871454706,0.9705690523532954,5.749951931010796e-06,1.000005709133732
2.81442885771543,652.2721827797019,-0.016150312430385328,1.474115383571145e-05,-0.01612142029977677,-0.016179204560993886,4.22832315323242e-05,-0.016067438819432005,-0.01623318604133865,0.9772020721709516,0.0008919385390555141,0.9789502395839237,0.9754539047579794,0.0025584187085899916,0.9822164806971614,0.9721876636447417,5.749951931010796e-06,1.000005709133732
2.8246492985971936,667.8044344571038,-0.016182066958453326,1.4741111902697051e-05,-0.016153174910031966,-0.016210959006874685,4.2283216913284414e-05,-0.016099193376152794,-0.016264940540753857,0.9791234338017318,0.0008919360018272877,0.980871596241828,0.9773752713616357,0.002558417824040171,0.9841378405942559,0.9741090270092078,5.749951931010796e-06,1.000005709133732
2.834869739478957,683.7065483615619,-0.016213060517153665,1.4741061208333788e-05,-0.01618416856809143,-0.0162419524662159,4.228319923983837e-05,-0.01613018696949245,-0.01629593406481488,0.9809987516890157,0.0008919329344787741,0.9827469081172192,0.9792505952608123,0.0025584167546783133,0.986013156385629,0.9759843469924024,5.749951931010796e-06,1.000005709133732
2.845090180360721,699.9873318488839,-0.0162394873823065,1.4741008119985985e-05,-0.016210595537295515,-0.016268379227317484,4.228318073184085e-05,-0.016156613870920294,-0.016322360893692704,0.9825977540302798,0.0008919297222781616,0.9843459041626859,0.9808496038978738,0.0025584156348205027,0.9876121565320122,0.9775833515285475,5.749951931010796e-06,1.000005709133732
2.8553106212424844,716.6558020003096,-0.01625980630307719,1.4740970402306994e-05,-0.0162309145319915,-0.01628869807416288,4.228316758249925e-05,-0.01617693281746322,-0.01634267978869116,0.983827184827175,0.0008919274401059605,0.9855753304866057,0.9820790391677443,0.002558414839197265,0.9888415857695145,0.9788127838848355,5.749951931010796e-06,1.000005709133732
2.865531062124248,733.7211906166091,-0.0162726392598125,1.474094092769732e-05,-0.01624374754649598,-0.01630153097312902,4.228315730692171e-05,-0.01618976579433829,-0.01635551272528671,0.9846036646611027,0.0008919256566946629,0.9863518068251115,0.982855522497094,0.002558414217456001,0.9896180643848517,0.9795892649373538,5.749951931010796e-06,1.000005709133732
2.8757515030060112,751.1929493310953,-0.01627638246931467,1.4740905861412433e-05,-0.016247490824726804,-0.016305274113902535,4.228314508197147e-05,-0.016193509027800923,-0.016359255910828416,0.9848301539069212,0.0008919235349495632,0.986578291912386,0.9830820159014564,0.0025584134777646324,0.9898445521809017,0.9798157556329407,5.749951931010796e-06,1.000005709133732
2.885971943887775,769.0807548443946,-0.016271074182001858,1.4740876384980267e-05,-0.01624218259518674,-0.016299965768816975,4.228313480579809e-05,-0.016188200760629042,-0.016353947603374674,0.9845089669711192,0.0008919217514279926,0.986257101480946,0.9827608324612924,0.0025584128559873157,0.9895233640264386,0.9794945699157999,5.749951931010796e-06,1.000005709133732
2.8961923847695386,787.3945142838663,-0.016257110607610342,1.4740870502032338e-05,-0.01622821903232559,-0.016286002182895096,4.2283132754867065e-05,-0.016174237190257276,-0.016339984024963408,0.9836640771964402,0.0008919213954702406,0.9854122110086027,0.9819159433842778,0.002558412731892252,0.9886784740085378,0.9786496803843426,5.749951931010796e-06,1.000005709133732
2.906412825651302,806.144370690651,-0.01623565676991,1.4740870579602326e-05,-0.016206765194473213,-0.01626454834534679,4.2283132781909737e-05,-0.016152783352503933,-0.01631853018731607,0.9823659763239551,0.0008919214001637444,0.9841141101453166,0.9806178425025935,0.002558412733528515,0.9873803731392596,0.9773515795086505,5.749951931010796e-06,1.000005709133732
2.916633266533065,825.3407086373708,-0.016212483975928744,1.4740882560816295e-05,-0.01618359237700921,-0.01624137557484828,4.2283136958837414e-05,-0.016129610550336047,-0.01629535740152144,0.9809638670834011,0.0008919221251074362,0.9827120023256262,0.979215731841176,0.0025584129862606156,0.9859782643940515,0.9759494697727508,5.749951931010796e-06,1.000005709133732
2.926853707414829,844.9941599796103,-0.01619274485277052,1.4740918213239285e-05,-0.01616385318397352,-0.01622163652156752,4.228314938811245e-05,-0.016109871402816892,-0.016275618302724146,0.9797695179253773,0.0008919242823178168,0.9815176573956569,0.9780213784550976,0.002558413738315003,0.9847839167100272,0.9747551191407273,5.749951931010796e-06,1.000005709133732
2.9370741482965923,865.1156097443419,-0.01617955615770724,1.4740956402927379e-05,-0.016150664414059827,-0.016208447901354655,4.22831627019672e-05,-0.01609668268165894,-0.016262429633755543,0.9789715135399748,0.00089192659304973,0.9807196575392058,0.9772233695407438,0.0025584145438923875,0.9839859139035273,0.9739571131764223,5.749951931010796e-06,1.000005709133732
2.947294589178356,885.7162021585855,-0.016173635177471758,1.474096501322614e-05,-0.01614474341694847,-0.016202526937995048,4.22831657037311e-05,-0.016090761695540107,-0.01625650865940341,0.9786132545787111,0.0008919271140304742,0.9803613995990456,0.9768651095583766,0.0025584147255192083,0.9836276552982457,0.9735988538591764,5.749951931010796e-06,1.000005709133732
2.95751503006012,906.807346821612,-0.016174388153792973,1.474096165957405e-05,-0.01614549639984272,-0.016203279907743225,4.228316453456454e-05,-0.016091514674152846,-0.0162572616334331,0.9786588146893626,0.0008919269111120611,0.9804069593119843,0.9769106700667408,0.002558414654776801,0.9836732152702445,0.9736444141084806,5.749951931010796e-06,1.000005709133732
2.9677354709418835,928.4007250241302,-0.016184458039620125,1.4740983121968658e-05,-0.016155566243604355,-0.016213349835635896,4.228317201689331e-05,-0.016101584545314903,-0.016267331533925348,0.979268110227095,0.0008919282097306838,0.9810162573949625,0.9775199630592276,0.002558415107507806,0.9842825116953136,0.9742537087588765,5.749951931010796e-06,1.000005709133732
2.977955911823647,950.5082962179503,-0.01620642917020257,1.4741018396712305e-05,-0.01617753730504957,-0.016235321035355566,4.228318431457398e-05,-0.016123555651794335,-0.016289302688610802,0.9805975107836259,0.0008919303440889345,0.9823456621347586,0.9788493594324932,0.002558415851599853,0.9856119137102379,0.9755831078570139,5.749951931010796e-06,1.000005709133732
2.9881763527054104,973.1423046396994,-0.01623830572851411,1.4741055053826014e-05,-0.016209413791514492,-0.01626719766551373,4.2283197094211714e-05,-0.016155432185058247,-0.016321179271969976,0.9825262560614642,0.0008919325620898326,0.9842744117597988,0.9807781003631295,0.00255841662485353,0.9875406605036255,0.9775118516193028,5.749951931010796e-06,1.000005709133732
2.998396793587174,996.3152860922721,-0.0162752102574697,1.4741062698782008e-05,-0.01624631830548624,-0.01630410220945316,4.228319975944875e-05,-0.016192336708790066,-0.016358083806149334,0.9847592272391638,0.000891933024660874,0.986507383844121,0.9830110706342066,0.0025584167861182217,0.9897736319973982,0.9797448224809293,5.749951931010796e-06,1.000005709133732
3.0086172344689373,1020.0400748877589,-0.016312339586258284,1.4741040393624862e-05,-0.016283447677992127,-0.01634123149452444,4.228319198327516e-05,-0.01622946605281967,-0.016395213119696897,0.987005800312404,0.0008919316750494731,0.9887539542721715,0.9852576463526366,0.002558416315607637,0.9920202041484547,0.9819913964763534,5.749951931010796e-06,1.000005709133732
3.0188376753507007,1044.3298109557077,-0.016347067832365968,1.4741014400124258e-05,-0.01631817597504614,-0.016375959689685797,4.228318292125955e-05,-0.01626419431668858,-0.016429941348043355,0.9891070918016908,0.0008919301022685896,0.9908552426788644,0.9873589409245171,0.0025584157672949976,0.9941214945630684,0.9840926890403131,5.749951931010796e-06,1.000005709133732
3.029058116232464,1069.1979471206475,-0.016375506631846767,1.4741004518264077e-05,-0.01634661479389503,-0.016404398469798506,4.228317947618777e-05,-0.016292633122921597,-0.016458380140771937,0.9908278296451523,0.0008919295043498629,0.9925759793504266,0.9890796799398779,0.002558415558845081,0.9958422319979755,0.985813427292329,5.749951931010796e-06,1.000005709133732
3.039278557114228,1094.6582565529127,-0.016393697923035397,1.4741008794232656e-05,-0.016364806076702914,-0.01642258976936788,4.2283180966900646e-05,-0.01631082441118848,-0.016476571434882313,0.9919285246020839,0.0008919297630746011,0.9936766748144494,0.9901803743897184,0.0025584156490431943,0.9969429271316922,0.9869141220724756,5.749951931010796e-06,1.000005709133732
3.049498997995991,1120.7248403968797,-0.016402757292940964,1.4741011733670411e-05,-0.016373865440847287,-0.01643164914503464,4.2283181991664646e-05,-0.01631988377908555,-0.016485630806796377,0.9924766771584163,0.0008919299409302728,0.9942248277193725,0.99072852659746,0.00255841571104828,0.9974910798095523,0.9874622745072802,5.749951931010796e-06,1.000005709133732
3.0597194388777558,1147.412135580876,-0.01640781685009795,1.4741003001371594e-05,-0.016378925015119263,-0.016436708685076636,4.228317894736004e-05,-0.016324943342209262,-0.016490690357986636,0.9927828142538678,0.0008919294125677079,0.9945309637792525,0.9910346647284831,0.002558415526847461,0.9977972165439769,0.9877684119637588,5.749951931010796e-06,1.000005709133732
3.0699398797595188,1174.7349228130183,-0.01641152945388025,1.474099642037252e-05,-0.016382637631800086,-0.016440421275960414,4.228317665305505e-05,-0.016328655950488317,-0.016494402957272183,0.993007451648646,0.0008919290143731863,0.9947556003935838,0.9912593029037082,0.002558415388026643,0.9980218536666713,0.9879930496306207,5.749951931010796e-06,1.000005709133732
3.080160320641282,1202.7083347675107,-0.016416365442006427,1.4740995460453591e-05,-0.01638747362180767,-0.016445257262205182,4.2283176318402785e-05,-0.0163334919392704,-0.016499238944742454,0.9933000613203327,0.0008919289562916619,0.9950482099514327,0.9915519126892326,0.0025584153677779393,0.9983144632986712,0.9882856593419941,5.749951931010796e-06,1.000005709133732
3.0903807615230456,1231.347864465827,-0.016425387385689078,1.4740989882546684e-05,-0.016396495576422816,-0.01645427919495534,4.2283174373802264e-05,-0.016342513886764398,-0.016508260884613758,0.9938459493395086,0.0008919286187909347,0.9955940973091194,0.9920978013698979,0.0025584152501165833,0.9988603510872351,0.9888315475917822,5.749951931010796e-06,1.000005709133732
3.100601202404809,1260.669373857498,-0.01644182843219561,1.4740987280878308e-05,-0.016412936628028528,-0.016470720236362694,4.228317346679457e-05,-0.016358954935048634,-0.01652470192934259,0.9948407427705396,0.0008919284613725728,0.996588890431616,0.9930925951094631,0.0025584151952365436,0.9998551444107032,0.9898263411303759,5.749951931010796e-06,1.000005709133732
3.1108216432865725,1290.6891026052224,-0.01646691848251036,1.4741005099753473e-05,-0.01643802664341892,-0.016495810321601797,4.228317967890994e-05,-0.01638404497318786,-0.016549791991832857,0.9963588588604992,0.000891929539533866,0.998107008634733,0.9946107090862655,0.0025584155711111303,1.0013732612373636,0.991344456483635,5.749951931010796e-06,1.000005709133732
3.121042084168336,1321.423677079173,-0.01649671129404533,1.4741032947273505e-05,-0.016467819400373757,-0.016525603187716904,4.228318938728047e-05,-0.016413837765694776,-0.016579584822395885,0.9981615235020204,0.0008919312244953426,0.999909676578718,0.9964133704253227,0.0025584161585325707,1.0031759270302094,0.9931471199738312,5.749951931010796e-06,1.000005709133732
3.1312625250500994,1352.8901195654803,-0.016525120160153773,1.4741041631876374e-05,-0.01649622824946069,-0.016554012070846856,4.228319241496244e-05,-0.01644224662586907,-0.016607993694438477,0.9998804501759693,0.0008919317499719831,1.0016286042825822,0.9981322960693564,0.002558416341727609,1.004894854063214,0.9948660462887244,5.749951931010796e-06,1.000005709133732
3.141482965931863,1385.1058576939938,-0.016548466257879313,1.474101444900438e-05,-0.016519574400463678,-0.016577358115294948,4.228318293830043e-05,-0.016465592742168526,-0.0166313397735901,1.0012930454537907,0.0008919301052261645,1.003041196336761,0.9995448945708204,0.002558415768326085,1.0063074482171892,0.9962786426903922,5.749951931010796e-06,1.000005709133732
3.1517034068136263,1418.0887340905415,-0.01656664944713743,1.4740979748529203e-05,-0.01653775765773348,-0.016595541236541382,4.2283170840827116e-05,-0.016483775955137257,-0.016649522939137604,1.0023932501896617,0.0008919280056150024,1.0041413969574697,1.0006451034218538,0.0025584150363479243,1.0074076515184094,0.9973788488609141,5.749951931010796e-06,1.000005709133732
3.1619238476953906,1451.8570162590381,-0.0165850135877998,1.4740955712396876e-05,-0.016556121845505804,-0.016613905330093798,4.228316246123119e-05,-0.016502140112223333,-0.01666788706337627,1.0035044036974505,0.0008919265512680096,1.0052525476147909,1.0017562597801102,0.0025584145293262466,1.008518804032454,0.9984900033624471,5.749951931010796e-06,1.000005709133732
3.172144288577154,1486.4294066988957,-0.016608955794153613,1.4740939125268512e-05,-0.016580064084369787,-0.016637847503937438,4.2283156678551055e-05,-0.01652608232991099,-0.016691829258396237,1.0049530675398461,0.0008919255476356478,1.006701209490103,1.0032049255895892,0.0025584141794353678,1.0099674671890762,0.9999386678906163,5.749951931010796e-06,1.000005709133732
3.182364729458917,1521.825053263384,-0.016637629540854522,1.4740936544474317e-05,-0.016608737836128963,-0.01666652124558008,4.2283155778823355e-05,-0.01655475607837533,-0.016720503003333713,1.006688021263733,0.0008919253914803136,1.0084361629079313,1.0049398796195348,0.002558414124995816,1.0117024208062633,1.0016736217212028,5.749951931010796e-06,1.000005709133732
3.192585170340681,1558.0635597646278,-0.016664319185447696,1.474095687370339e-05,-0.01663542744087758,-0.016693210930017813,4.228316286609136e-05,-0.016581445709077717,-0.016747192661817675,1.0083029235211585,0.0008919266215348319,1.0100510675762193,1.0065547794660976,0.002558414553822999,1.0133173239041746,1.0032885231381423,5.749951931010796e-06,1.000005709133732
3.2028056112224443,1595.1649968311303,-0.01668003033661609,1.4740983935327165e-05,-0.016651138539006165,-0.016708922134226017,4.228317230045066e-05,-0.016597156841755105,-0.016762903831477077,1.0092535533956035,0.0008919282589443211,1.011001700659928,1.0075054061312791,0.002558415124664925,1.0142679548974494,1.0042391518937577,5.749951931010796e-06,1.000005709133732
3.213026052104208,1633.149913023869,-0.016677166542395313,1.474100877387432e-05,-0.01664827469610273,-0.016706058388687897,4.228318095980321e-05,-0.01659429303056231,-0.016760040054228317,1.009080274664379,0.0008919297618427854,1.0108284248743302,1.0073321244544278,0.0025584156486137518,1.0140946771931456,1.0040658721356124,5.749951931010796e-06,1.000005709133732
3.223246492985971,1672.0393462170618,-0.016655953593597093,1.4741037438124076e-05,-0.016627061691123612,-0.016684845496070574,4.228319095290941e-05,-0.01657308006217796,-0.016738827125016224,1.0077967491838764,0.0008919314962218806,1.0095449027931482,1.0060485955746046,0.002558416253263608,1.012811152897735,1.0027823454700178,5.749951931010796e-06,1.000005709133732
3.233466933867734,1711.8548352499702,-0.01661846809914703,1.4741063492245109e-05,-0.016589576145608412,-0.01664736005268565,4.2283200036071374e-05,-0.016535594549925228,-0.016701341648368836,1.0055286257026221,0.0008919330726707061,1.0072767824016768,1.0037804690035674,0.0025584168028557432,1.0105430304936616,1.0005142209115827,5.749951931010796e-06,1.000005709133732
3.243687374749498,1752.6184318561372,-0.01656833688436988,1.4741069180114758e-05,-0.01653944491968324,-0.016597228849056518,4.228320201901641e-05,-0.016485463331261576,-0.016651210437478182,1.0024953514441926,0.0008919334168249154,1.0042435088177772,1.0007471940706079,0.0025584169228371994,1.0075097564703912,0.9974809464179939,5.749951931010796e-06,1.000005709133732
3.253907815631261,1794.352712876687,-0.016512702311345297,1.474104319183136e-05,-0.016483810397594757,-0.016541594225095838,4.228319295880412e-05,-0.016429828775994682,-0.016595575846695913,0.9991290871518881,0.0008919318443597079,1.0008772414434974,0.9973809328602786,0.0025584163746336726,1.0041434911036276,0.9941146832001485,5.749951931010796e-06,1.000005709133732
3.264128256513026,1837.080792764495,-0.016459157925135026,1.4741005650363319e-05,-0.016430266084964413,-0.01648804976530564,4.228317987086672e-05,-0.016376284415436298,-0.016542031434833755,0.9958892931613177,0.0008919295728494495,0.9976374430008488,0.9941411433217866,0.0025584155827258004,1.0009036955609463,0.9908748907616891,5.749951931010796e-06,1.000005709133732
3.2743486973947893,1880.8263363860417,-0.016413123038544343,1.4740973231485703e-05,-0.016384231261913563,-0.016442014815175123,4.228316856882183e-05,-0.016330249550997215,-0.01649599652609147,0.9931038741941939,0.0008919276112902214,0.9948520201891395,0.9913557281992482,0.0025584148988763876,0.9981182752535023,0.9880894731348855,5.749951931010796e-06,1.000005709133732
3.2845691382765527,1925.6135721281967,-0.016379477947433944,1.4740956576269661e-05,-0.016350586203446787,-0.0164083696914211,4.228316276239861e-05,-0.016296604471267198,-0.01646235142360069,0.9910681208369023,0.0008919266035380991,0.9928162648566902,0.9893199768171145,0.0025584145475488927,0.9960825212076215,0.9860537204661831,5.749951931010796e-06,1.000005709133732
3.294789579158316,1971.467305317041,-0.01636125406889476,1.4740955238626654e-05,-0.016332362327529337,-0.016390145810260184,4.228316229606318e-05,-0.016278380593642016,-0.016444127544147504,0.9899654541270018,0.000891926522601738,0.9917135979881572,0.9882173102658464,0.002558414519332476,0.9949798544424178,0.9849510538115858,5.749951931010796e-06,1.000005709133732
3.30501002004008,2018.412931956259,-0.016357430774080216,1.4740971716690537e-05,-0.01632853900041838,-0.01638632254774205,4.228316804072627e-05,-0.016274557287568138,-0.016440304260592294,0.9897341191833962,0.0008919275196349682,0.9914822649987008,0.9879859733680915,0.0025584148669230687,0.9947485201800772,0.9847197181867151,5.749951931010796e-06,1.000005709133732
3.315230460921843,2066.4764527926545,-0.016366151262297967,1.4740993734226835e-05,-0.016337259445482553,-0.01639504307911338,4.228317571659607e-05,-0.01628327776074146,-0.016449024763854472,0.990261767127884,0.0008919288518433813,0.9920099155542692,0.9885136187014989,0.0025584153313646025,0.9952761690348538,0.9852473652209143,5.749951931010796e-06,1.000005709133732
3.3254509018036065,2115.684487716638,-0.016385836142804207,1.474101563750856e-05,-0.016356944283059147,-0.016414728002549266,4.228318335264383e-05,-0.016302962626281323,-0.01646870965932709,0.9914528342421614,0.0008919301771386276,0.9932009852660775,0.9897046832182452,0.0025584157933966362,0.9964672370546972,0.9864384314296255,5.749951931010796e-06,1.000005709133732
3.33567134268537,2166.0642905055815,-0.016412056938998033,1.474102975201894e-05,-0.016383165051589044,-0.016440948826407023,4.228318827333072e-05,-0.016329183412830777,-0.01649493046516529,0.993039368031215,0.0008919310311610405,0.9947875207289842,0.9912912153334457,0.00255841609113115,0.9980537714272998,0.9880249646351301,5.749951931010796e-06,1.000005709133732
3.3458917835671333,2217.643763918282,-0.016439301492116573,1.4741034307642934e-05,-0.016410409595778722,-0.016468193388454424,4.228318986154108e-05,-0.016356427962836484,-0.016522175021396662,0.9946878459710423,0.0008919313068068044,0.9964359992090674,0.9929396927330172,0.002558416187228515,0.9997022495554745,0.9896734423866101,5.749951931010796e-06,1.000005709133732
3.356112224448897,2270.4514751488487,-0.01646174818098198,1.474103964578814e-05,-0.01643285627418156,-0.016490640087782404,4.2283191722559474e-05,-0.016378874648054362,-0.0165446217139096,0.9960460209888446,0.0008919316298003426,0.9977941748599254,0.9942978671177639,0.002558416299832592,1.0010604247939767,0.9910316171837126,5.749951931010796e-06,1.000005709133732
3.366332665330661,2324.516671648598,-0.01647224391705283,1.4741047052669829e-05,-0.016443351995735187,-0.016501135838370474,4.228319430479503e-05,-0.016389370379064124,-0.016555117455041537,0.9966810833185428,0.000891932077966294,0.9984292380680126,0.9949329285690729,0.0025584164560751377,1.0016954874299047,0.9916666792071809,5.749951931010796e-06,1.000005709133732
3.3765531062124245,2379.8692973246752,-0.01646387452157965,1.4741050259916307e-05,-0.01643498259397592,-0.01649276644918338,4.228319542292663e-05,-0.016381000981399448,-0.016546748061759854,0.9961746788366196,0.0008919322720261872,0.9979228339664399,0.9944265237067993,0.0025584165237295883,1.0011890830805819,0.9911602745926574,5.749951931010796e-06,1.000005709133732
3.386773547094188,2436.5400091244637,-0.016431694276498536,1.4741055967222332e-05,-0.016402802337708692,-0.01646058621528838,4.228319741264615e-05,-0.016348820732418553,-0.01651456782057852,0.9942275584752158,0.0008919326173564276,0.9959757142818709,0.9924794026685607,0.002558416644120946,0.9992419629551407,0.989213153995291,5.749951931010796e-06,1.000005709133732
3.3969939879759514,2494.5601940148554,-0.01637542579405785,1.474105766729753e-05,-0.016346533851935918,-0.016404317736179782,4.228319800533796e-05,-0.016292552248816213,-0.016458299339299487,0.9908229384174947,0.0008919327202223637,0.9925710944257634,0.989074782409226,0.00255841667998277,0.9958373429677074,0.985808533867282,5.749951931010796e-06,1.000005709133732
3.407214428857715,2553.961986365871,-0.01630241023123543,1.4741046078157015e-05,-0.016273518311827797,-0.016331302150643063,4.228319396505393e-05,-0.016219536693912604,-0.016385283768558256,0.9864050078295664,0.0008919320190017418,0.988153162463468,0.9846568531956649,0.0025584164355185257,0.9914194119006381,0.9813906037584947,5.749951931010796e-06,1.000005709133732
3.4174348697394783,2614.7782857482166,-0.01622145011255324,1.4741030375258683e-05,-0.01619255822392272,-0.01625034200118376,4.2283188490608465e-05,-0.01613857658596013,-0.01630432363914635,0.9815063784017791,0.0008919310688712193,0.9832545311734591,0.9797582256300992,0.0025584161042779088,0.9865207818236311,0.9764919749799271,5.749951931010796e-06,1.000005709133732
3.4276553106212417,2677.042775154653,-0.01614200538977429,1.4741018220018545e-05,-0.016113113524967606,-0.016170897254580974,4.228318425297394e-05,-0.01605913187148679,-0.01622487890806179,0.9766994405758226,0.0008919303333977787,0.9784475919060011,0.9749512892456441,0.0025584158478726376,0.9817138434951295,0.9716850376565157,5.749951931010796e-06,1.000005709133732
3.437875751503005,2740.789939655255,-0.01607543790483401,1.4741013997447598e-05,-0.01604654604830341,-0.01610432976136461,4.228318278087602e-05,-0.01599256438943177,-0.016158311420236254,0.972671661887129,0.0008919300779039548,0.9744198127165487,0.9709235110577092,0.0025584157588008543,0.9776860646318584,0.9676572591423995,5.749951931010796e-06,1.000005709133732
3.4480961923847686,2806.0550854969024,-0.01602832643496396,1.4741017160669228e-05,-0.015999434572233562,-0.016057218297694357,4.228318388365722e-05,-0.015945452917400307,-0.016111199952527612,0.9698211024209593,0.0008919302693000497,0.9715692536255085,0.9680729512164101,0.0025584158255265023,0.9748355052964686,0.9648066995454501,5.749951931010796e-06,1.000005709133732
3.458316633266532,2872.874359657579,-0.016005407880418123,1.4741032467535244e-05,-0.015976515987686818,-0.01603429977314943,4.2283189220031084e-05,-0.01592253435239537,-0.016088281408440878,0.9684343763690707,0.0008919311954679646,0.9701825293888757,0.9666862233492657,0.0025584161484128627,0.9734487798774256,0.9634199728607158,5.749951931010796e-06,1.000005709133732
3.4685370741482964,2941.2847698663154,-0.0160119097381809,1.474106748859766e-05,-0.015983017776809574,-0.016040801699552226,4.2283201429307785e-05,-0.015929036186228405,-0.016094783290133394,0.9688277823112861,0.0008919333144768017,0.970575939484272,0.9670796251383001,0.0025584168871558774,0.9738421872675507,0.9638133773550215,5.749951931010796e-06,1.000005709133732
3.47875751503006,3011.324205099824,-0.016048068022196084,1.4741120177872541e-05,-0.016019175957555677,-0.01607696008683649,4.2283219798242725e-05,-0.015965194434241138,-0.01613094161015103,0.9710156006719579,0.0008919365025308297,0.9727637640934149,0.9692674372505009,0.0025584179985994712,0.976030007806612,0.9660011935373038,5.749951931010796e-06,1.000005709133732
3.4889779559118232,3083.031456567274,-0.01611064923350196,1.474117920316956e-05,-0.016081757053174096,-0.01613954141382982,4.22832403761583e-05,-0.01602777560521504,-0.016193522861788878,0.9748021831068593,0.0008919400739566336,0.9765503535281823,0.9730540126855363,0.0025584192437011883,0.9798165926818678,0.9697877735318507,5.749951931010796e-06,1.000005709133732
3.4991983967935867,3156.446239194705,-0.01619386414517101,1.4741239509810363e-05,-0.016164971846644303,-0.016222756443697715,4.228326140086191e-05,-0.016110990475676427,-0.01627673781466559,0.9798372426123044,0.0008919437229123187,0.9815854201854491,0.9780890650391597,0.0025584205158365745,0.9848516546806525,0.9748228305439564,5.749951931010796e-06,1.000005709133732
3.50941883767535,3231.609213621072,-0.016289680427018675,1.4741299629096033e-05,-0.016260788010660332,-0.016318572843377017,4.228328236032311e-05,-0.016206806716444304,-0.016372554137593046,0.9856347694138972,0.0008919473605317634,0.987382954116645,0.9838865847111493,0.002558421784024357,0.9906491839678476,0.9806203548599467,5.749951931010796e-06,1.000005709133732
3.5196392785571136,3308.5620087180605,-0.016389004143577267,1.4741395731855044e-05,-0.016360111538860977,-0.016417896748293557,4.228331586490325e-05,-0.016306130367335126,-0.016471877919819407,0.9916445195072866,0.0008919531753923521,0.9933927156069517,0.9898963234076215,0.0025584238112758596,0.996658938034577,0.9866301009799963,5.749951931010796e-06,1.000005709133732
3.529859719438877,3387.347244646161,-0.016483451762231427,1.4741608834077358e-05,-0.01645455873984246,-0.016512344784620395,4.2283390160025864e-05,-0.01640057784037352,-0.016566325684089334,0.997359233018761,0.0008919660695040993,0.9991074543904207,0.9956110116471012,0.0025584283066283856,1.0023736603567803,0.9923448056807416,5.749951931010796e-06,1.000005709133732
3.5400801603206404,3468.008556459764,-0.016570413006898287,1.4742068174838625e-05,-0.01654151908421797,-0.016599306929578603,4.2283550305995056e-05,-0.01648753877116005,-0.016653287242636525,1.002620970762431,0.000891993862696688,1.0043692466077472,1.0008726949171147,0.0025584379965321326,1.0076354170923127,0.9976065244325492,5.749951931010796e-06,1.000005709133732
3.550300601202404,3550.590618274351,-0.016650842952340338,1.4742955399107284e-05,-0.01662194729073241,-0.016679738613948267,4.2283859642990155e-05,-0.01656796811031273,-0.016733717794367945,1.0074875211582424,0.0008920475457073138,1.009235902220326,1.0057391400961586,0.002558456713492186,1.0125020041726918,1.002473038143793,5.749951931010796e-06,1.000005709133732
3.5605210420841678,3635.1391680091765,-0.016726917536959207,1.4744505829792821e-05,-0.016698018836562974,-0.01675581623735544,4.228440025083505e-05,-0.016644041635359694,-0.01680979343855872,1.0120905430533012,0.0008921413571481262,1.0138391079824303,1.010341978124172,0.002558489423887638,1.0171050901789476,1.0070759959276547,5.749951931010796e-06,1.000005709133732
3.570741482965932,3721.7010327191165,-0.016794971225102023,1.4746943372028463e-05,-0.016766067747210796,-0.01682387470299325,4.228525027980607e-05,-0.01671209365747634,-0.016877848792727704,1.0162082469899083,0.0008922888447793372,1.0179571009894826,1.014459392990334,0.002558540856333633,1.0212228949212965,1.0111935990585201,5.749951931010796e-06,1.000005709133732
3.580961923847695,3810.3241545297356,-0.01684836255523948,1.4750365160976976e-05,-0.016819452370765153,-0.01687727273971381,4.228644374726004e-05,-0.01676548264846057,-0.01693124246201839,1.0194387800629483,0.0008924958859288772,1.0211880398557192,1.0176895202701775,0.0025586130691080994,1.0244535695287738,1.0144239905971228,5.749951931010796e-06,1.000005709133732
3.5911823647294585,3901.0576171899893,-0.016880994428637244,1.4754580578843781e-05,-0.016852075982095715,-0.016909912875178772,4.228791435464297e-05,-0.01679811163952083,-0.016963877217753658,1.0214132269623852,0.0008927509469434715,1.0231629866655585,1.019663467259212,0.00255870205070447,1.0264281908289348,1.0163982630958357,5.749951931010796e-06,1.000005709133732
3.601402805611222,3993.9516732571137,-0.0168928306856592,1.4758950411777722e-05,-0.016863903674402502,-0.0169217576969159,4.228943922145739e-05,-0.01680994490785875,-0.01697571646345965,1.022129399788048,0.0008930153511038551,1.023879677713853,1.020379121862243,0.0025587943153598607,1.0271445444899991,1.017114255086097,5.749951931010796e-06,1.000005709133732
3.6116232464929854,4089.0577719289345,-0.016887591448665126,1.476239532579501e-05,-0.016858657685501027,-0.016916525211829226,4.229064161446453e-05,-0.016804703314217684,-0.01697047958311257,1.0218123908590089,0.0008932237914749411,1.023563077320434,1.0200617043975837,0.002558867068190074,1.026827678153887,1.0167971035641308,5.749951931010796e-06,1.000005709133732
3.621843687374749,4186.428587538903,-0.016869930919974813,1.4763886549765057e-05,-0.01684099423406544,-0.016898867605884188,4.2291162179140437e-05,-0.016787041765239357,-0.01695282007471027,1.0207438105881195,0.0008933140205129168,1.0224946738952094,1.0189929472810295,0.0025588985658395584,1.0257591596172562,1.0157284615589828,5.749951931010796e-06,1.000005709133732
3.632064128256512,4286.118048729675,-0.016843192077378697,1.4763921114060862e-05,-0.016814255323724547,-0.016872128831032847,4.229117424558269e-05,-0.016760302898993447,-0.016926081255763947,1.019125931522002,0.0008933161118843146,1.0208767989281047,1.0173750641158994,0.0025588992959401325,1.0241412819821096,1.0141105810618944,5.749951931010796e-06,1.000005709133732
3.642284569138276,4388.18136832141,-0.016807935144445608,1.4767590082118452e-05,-0.016778991199746206,-0.01683687908914501,4.2292455228344306e-05,-0.01672504345538028,-0.016890826833510935,1.0169926509387863,0.0008935381090254882,1.0187439534512903,1.0152413484262823,0.002558976803976863,1.0220081533118544,1.0119771485657183,5.749951931010796e-06,1.000005709133732
3.652505010020039,4492.675073891224,-0.01675997477499696,1.4789821387881451e-05,-0.01673098725773893,-0.01678896229225499,4.2300223038341775e-05,-0.0166770678613038,-0.01684288168869012,1.0140907273624271,0.000894883251923021,1.0158446663065643,1.01233678841829,0.00255944680850826,1.0191071509274492,1.009074303797405,5.749951931010796e-06,1.000005709133732
3.6627254509018026,4599.657039080969,-0.016695004828048244,1.4862659083860899e-05,-0.01666587455152938,-0.01672413510456711,4.2325744972192725e-05,-0.016612047892283918,-0.01677796176381257,1.0101596104220716,0.0008992904203756486,1.0119221872576498,1.0083970335864934,0.002560991056444791,1.0151790606574325,1.0051401601867107,5.749951931010796e-06,1.000005709133732
3.672945891783567,4709.186515650385,-0.01661528063710004,1.5042621186088366e-05,-0.016585797641342225,-0.016644763632857853,4.2389273461055914e-05,-0.01653219918778555,-0.01669836208641453,1.0053357629000779,0.0009101793328946448,1.007119681612024,1.0035518441881317,0.0025648349555165016,1.0103627470391796,1.0003087787609761,5.749951931010796e-06,1.000005709133732
3.6831663326653294,4821.324166293552,-0.01653129383592574,1.5412679844308437e-05,-0.01650108553852565,-0.016561502133325832,4.2522003155909484e-05,-0.01644795224118966,-0.01661463543066182,1.0002539989096721,0.0009325703602630749,1.0020818032288372,0.998426194590507,0.002572865991040341,1.0052967235891592,0.9952112742301851,5.749951931010796e-06,1.000005709133732
3.6933867735470938,4936.132098236912,-0.016449948716481626,1.6069793341023265e-05,-0.01641845250029422,-0.016481444932669034,4.276456839991748e-05,-0.016366131702603388,-0.016533765730359865,0.9953320743571646,0.0009723301279709192,0.9972378063890709,0.9934263423252584,0.002587542812934839,1.0004035650789724,0.9902605836353569,5.749951931010796e-06,1.000005709133732
3.703607214428857,5053.673897637101,-0.016371823207398533,1.7090976327887186e-05,-0.01633832550933525,-0.016405320905461818,4.315867843491532e-05,-0.016287233752045754,-0.016456412662751312,0.99060495779552,0.0010341185382651797,0.992631792886265,0.9885781227047751,0.0026113891096875065,0.9957231864001277,0.9854867291909124,5.749951931010796e-06,1.000005709133732
3.7138276553106206,5174.014664798135,-0.01629664769760561,1.8495411372749716e-05,-0.016260397357435768,-0.01633289803777545,4.373385752772404e-05,-0.016210930911946263,-0.016382364483264956,0.9860563359491746,0.0011190962649800568,0.9882497243237688,0.9838629475745805,0.002646191297186035,0.9912427755878626,0.9808698963104867,5.749951931010796e-06,1.000005709133732
3.724048096192384,5297.221050227034,-0.016224339760936426,2.026191391879818e-05,-0.01618462713939773,-0.016264052382475122,4.4509720377248064e-05,-0.016137102312035072,-0.01631157720983778,0.9816812214829931,0.0012259815005403348,0.9840841010697645,0.9792783418962216,0.0026931361960877372,0.9869596714327863,0.9764027715331999,5.749951931010796e-06,1.000005709133732
3.734268537074148,5423.3612915481,-0.016154819329629585,2.2350831058306242e-05,-0.016111012505730764,-0.016198626153528406,4.549867801821248e-05,-0.016065643559369704,-0.016243995099889465,0.9774747697611397,0.0013523749784448357,0.9801253760124847,0.9748241635097946,0.002752974757119009,0.9828705011354408,0.9720790383868385,5.749951931010796e-06,1.000005709133732
3.744488977955911,5552.505251296169,-0.016088008584142163,2.471645600128546e-05,-0.016039565220554174,-0.01613645194773015,4.670624422570824e-05,-0.015996466027606644,-0.01617955114067768,0.973432272180055,0.0014955111317683679,0.9763634201367998,0.9705011242233103,0.0028260406006025284,0.9789712099760839,0.9678933343840261,5.749951931010796e-06,1.000005709133732
3.7547094188376735,5684.724455609886,-0.016023831875243526,2.731470116250655e-05,-0.015970296044716538,-0.016077367705770514,4.813172500549987e-05,-0.01592949542771896,-0.016118168322768092,0.969549151454609,0.0016527223663186346,0.9727884277690373,0.9663098751401806,0.002912291735238876,0.9752571383681509,0.963841164541067,5.749951931010796e-06,1.000005709133732
3.764929859719438,5820.092133846324,-0.01596221564739723,3.0106539206290585e-05,-0.015903207914853758,-0.016021223379940705,4.9769204890051605e-05,-0.015864669798273535,-0.016059761496520927,0.9658209569821927,0.0018216472668932276,0.9693913200178392,0.9622505939465462,0.0030113702356220433,0.9717231341881278,0.9599187797762576,5.749951931010796e-06,1.000005709133732
3.775150300601202,5958.683259138853,-0.01590308836805196,3.3058846937629404e-05,-0.015838294218683782,-0.015967882517420137,5.1608695132251055e-05,-0.01580193718430364,-0.01600423955180028,0.9622433605643473,0.0020002816583445503,0.9661638405736387,0.958322880555056,0.003122671715649985,0.9683636846625632,0.9561230364661315,5.749951931010796e-06,1.000005709133732
3.7853707414829656,6100.574589920927,-0.01584638045811037,3.614402029336161e-05,-0.015775539480078895,-0.015917221436141844,5.363730283464075e-05,-0.015741253276326604,-0.015951507639894134,0.9588121521996629,0.002186955309967288,0.9630985058429974,0.9545257985563284,0.0032454160686736164,0.9651730508091108,0.952451253590215,5.749951931010796e-06,1.000005709133732
3.795591182364729,6245.844712438611,-0.0157920242219898,3.933916348154864e-05,-0.015714920878384032,-0.015869127565595567,5.584030655213163e-05,-0.015682579232261944,-0.015901469211717655,0.955523235851983,0.00238028287299975,0.96018850455608,0.950857967147886,0.0033787125486650586,0.96214539076148,0.9489010809424859,5.749951931010796e-06,1.000005709133732
3.805811623246493,6394.574084275402,-0.015739953778308287,4.262523277439487e-05,-0.015656409857237836,-0.015823497699378738,5.820206629905309e-05,-0.01562587982453633,-0.015854027732080243,0.952372625256444,0.002579112074360906,0.9574275920342837,0.9473176584786042,0.0035216148317391287,0.9592748634940748,0.9454703870188131,5.749951931010796e-06,1.000005709133732
3.816032064128256,6546.84507891348,-0.015690104992663094,4.598628086586297e-05,-0.01559997353838306,-0.015780236446943128,6.07067383433014e-05,-0.015571121971891326,-0.01580908801343486,0.9493564398521269,0.002782477995225044,0.9548099965105432,0.9439028831937106,0.0036731642659868042,0.9565557095227606,0.9421571701814933,5.749951931010796e-06,1.000005709133732
3.8262525050100193,6702.7420313561815,-0.015642415413537628,4.940883801330286e-05,-0.01554557587051358,-0.015739254956561675,6.333879795380416e-05,-0.015518273650724113,-0.015766557176351143,0.9464709009039957,0.002989565625945384,0.9523303418602675,0.9406114599477238,0.0038324215011980366,0.9539823090199208,0.9389594927880706,5.749951931010796e-06,1.000005709133732
3.836472945891783,6862.351284836705,-0.015596824211877448,5.2881422277353056e-05,-0.015493178528762582,-0.015700469894992315,6.608339333360355e-05,-0.01546730314096739,-0.015726345282787504,0.943712327846841,0.0031996802322878403,0.94998358586417,0.937441069829512,0.003998487904183826,0.9515492201316603,0.9358754355620217,5.749951931010796e-06,1.000005709133732
3.846693386773546,7025.761238639192,-0.015553272124553064,5.6394157549166986e-05,-0.015442741606818218,-0.015663802642287908,6.892656279032267e-05,-0.015418178543905894,-0.015688365705200234,0.9410771348644014,0.0034122242435198676,0.9477649714888747,0.934389298239928,0.004170518699043985,0.9492512013113784,0.9329030684174243,5.749951931010796e-06,1.000005709133732
3.8569138276553097,7193.0623970584875,-0.015511701401750077,5.993847681761947e-05,-0.015394224145899353,-0.0156291786576008,7.185534813515504e-05,-0.015370867507308586,-0.015652535296191566,0.9385618277061142,0.003626679298089023,0.9456699885138456,0.9314536668983827,0.00434772982856551,0.9470832215846131,0.9300404338276153,5.749951931010796e-06,1.000005709133732
3.867134268537073,7364.347419525782,-0.015472055758144452,6.350689116147534e-05,-0.015347584538697855,-0.01559652697759105,7.485783377445209e-05,-0.01532533709998584,-0.015618774416303063,0.9361630007328924,0.003842592266101946,0.9436943431817243,0.9286316582840605,0.004529400319525454,0.9450404622307265,0.9272855392350583,5.749951931010796e-06,1.000005709133732
3.877354709418837,7539.711171927864,-0.015434280327617062,6.709280888799538e-05,-0.015302780838574961,-0.015565779816659162,7.792313556889954e-05,-0.015281553788339586,-0.015587006866894538,0.9338773341770513,0.004059564305998658,0.941833934009733,0.9259207343443696,0.00471487160859648,0.9431183127216308,0.9246363556324718,5.749951931010796e-06,1.000005709133732
3.887575150300601,7719.25077914839,-0.015398321621066491,7.069039284898944e-05,-0.015259770997029484,-0.015536872245103498,8.104135792021553e-05,-0.01523948347828465,-0.015557159763848333,0.9317015915897009,0.004277242231218121,0.9400848323160421,0.9233183508633597,0.004903544945804674,0.9413123630800515,0.9220908200993503,5.749951931010796e-06,1.000005709133732
3.897795591182364,7903.065678860331,-0.015364127486690735,7.429444690918691e-05,-0.015218513046497404,-0.015509741926884065,8.420353255030348e-05,-0.015199091595521094,-0.015529163377860375,0.9296326174375219,0.004495311640774247,0.9384432663527231,0.9208219685223207,0.005094877690258251,0.9396183942160647,0.9196468406589791,5.749951931010796e-06,1.000005709133732
3.908016032064128,8091.257676599398,-0.015331647071826568,7.790032481724681e-05,-0.015178965240800792,-0.015484328902852344,8.740154837896515e-05,-0.01516034318481076,-0.015502950958842375,0.927667334793793,0.004713491405341658,0.9369056081897018,0.9184290613978843,0.005288379067279546,0.9380323673022565,0.9173023022853296,5.749951931010796e-06,1.000005709133732
3.918236472945891,8283.931002148704,-0.015300830785413392,8.150385643294887e-05,-0.01514108616220369,-0.015460575408623094,9.062807879377542e-05,-0.015123203014989534,-0.01547845855583725,0.9258027430672012,0.0049315292035066296,0.9354683626947817,0.9161371234396207,0.0054836057677453,0.9365504128773982,0.9150550732570043,5.749951931010796e-06,1.000005709133732
3.928456913827655,8481.192367266409,-0.01527163026069312,8.51012874933498e-05,-0.015104834802168165,-0.015438425719218074,9.387651029641974e-05,-0.015087635681517834,-0.015455624839868405,0.9240359157449357,0.005149197877216124,0.9341281581335494,0.913943673356322,0.005680157630712182,0.9351688201276419,0.9129030113622295,5.749951931010796e-06,1.000005709133732
3.938677354709418,8683.151024787667,-0.015243998320085458,8.868922991819106e-05,-0.015070170623629212,-0.015417826016541705,9.714087479475249e-05,-0.015053605704061028,-0.015434390936109888,0.9223639982674069,0.005366292424922114,0.9328817381507644,0.9118462583840494,0.005877673546632822,0.933884026731691,0.9108439698031228,5.749951931010796e-06,1.000005709133732
3.9488977955911815,8889.918829134233,-0.015217888949783523,9.226462003985366e-05,-0.015037053617458138,-0.015398724282108908,0.00010041578642577367,-0.015021077624909741,-0.015414700274657306,0.9207842064911113,0.005582627474214092,0.9317259552796747,0.9098424577025478,0.006075827634722763,0.9326926098314411,0.9088758031507814,5.749951931010796e-06,1.000005709133732
3.959118236472945,9101.610298264728,-0.015193257303879997,9.58246820193825e-05,-0.015005444378292005,-0.01538107022946799,0.00010369638246594618,-0.014990016128919653,-0.015396498478840342,0.9192938269382909,0.005798035068243503,0.9306577668531484,0.9079298870234334,0.006274325667638893,0.9315912792741383,0.9069963746024434,5.749951931010796e-06,1.000005709133732
3.969338677354709,9318.342677100254,-0.015170059778664275,9.936689339711286e-05,-0.014975304246350303,-0.015364815310978247,0.00010697826674517219,-0.014960386228715218,-0.015379733328613332,0.9178902212924092,0.006012362581305927,0.929674235413765,0.9061062071710533,0.006472901647646012,0.9305768753972653,0.905203567187553,5.749951931010796e-06,1.000005709133732
3.9795591182364727,9540.236002460228,-0.015148254213626436,0.00010288894716923038,-0.0149465955827675,-0.015349912844485373,0.00011025745100445913,-0.014932153580630506,-0.015364354846622366,0.9165708385602371,0.006225470424218948,0.9287725363785255,0.9043691407419487,0.0066713142583628635,0.9296463742361769,0.9034953028842974,5.749951931010796e-06,1.000005709133732
3.989779559118236,9767.413169544567,-0.015127800207787903,0.00010638869938170427,-0.014919282188637705,-0.015336318226938102,0.00011353028410313553,-0.014905284939791158,-0.01535031547578465,0.9153332342119765,0.006437228873404116,0.9279499709640899,0.9027164974598632,0.006869342581324535,0.92879689826884,0.901869570155113,5.749951931010796e-06,1.000005709133732
4.0,9999.999999999,-0.015108659161096718,0.00010986424820422223,-0.014893329191427872,-0.015323989130765563,0.00011679350618029658,-0.01487974809535518,-0.015337570226838255,0.9141750726859521,0.00664752285538963,0.9272039780689226,0.9011461673029816,0.007066789373112679,0.9280257253435833,0.9003244200283209,5.749951931010796e-06,1.000005709133732
