x_transformed,iter_1,iter_2,iter_3,iter_4,iter_5,iter_6,iter_7,iter_8,iter_9,iter_10,iter_11,iter_12
-1.1,1.3180337216115097,1.318563439922246,1.3195126615261858,1.3212152444007128,1.3243057237164995,1.3300252467491593,1.340133084989863,1.3537393023741149,1.3615554827307808,1.3628542062314133,1.3634045362119351,1.3634152019395451
-1.0897795591182369,1.3202446584582932,1.3207597008127117,1.3216830496984062,1.3233406459825723,1.326354380023614,1.3319510198681472,1.3419225842619573,1.355676126598658,1.3643834351992012,1.365958431343665,1.3664665349359573,1.36647664990801
-1.079559118236473,1.3207825560810345,1.321283767958698,1.3221829671360026,1.3237993632056306,1.326745631572305,1.3322460097187263,1.3421685402965915,1.3563540963754945,1.3665573330695384,1.3687729986659065,1.369247129786288,1.3692567090972267
-1.0693386773547096,1.31997131928714,1.3204587537395234,1.3213340252723156,1.3229100457791607,1.3257918179419652,1.3312072566512951,1.3411257043718467,1.3559095152623994,1.3680082749889895,1.3712624302122414,1.3717288619840573,1.3717377291627695
-1.059118236472946,1.3185813644987854,1.319053930066423,1.3199033064236536,1.321435386371127,1.3242460685803457,1.3295639967435933,1.339455058680046,1.3548049202360024,1.3688089857089176,1.3733603550809563,1.373892749410471,1.373901225654139
-1.0488977955911825,1.317912921296932,1.3183685639670863,1.3191881671727417,1.3206686960331127,1.323392227993323,1.3285743162357098,1.3383348242944488,1.3539698050246787,1.369345378945159,1.3750269969904412,1.3757171849057357,1.375727742475911
-1.038677354709419,1.3198891998557687,1.3203256519018018,1.3211110004889959,1.3225305499707256,1.3251450692916944,1.3301325661302246,1.3395834551825745,1.3549578361356907,1.3705336810468614,1.3764519619666609,1.3771860422387512,1.3771977751973068
-1.0284569138276554,1.3253797133147724,1.32579458885232,1.3265408906220708,1.3278891449480774,1.3303700548247492,1.3350948059765417,1.34402268011426,1.3584747906359507,1.3728249355390152,1.3777866989857175,1.3782982202952831,1.3783054471830243
-1.018236472945892,1.3326684637469588,1.333058542611215,1.3337596666064,1.3350244293173783,1.337345469929694,1.3417429959880112,1.3499684123722095,1.3629994644582935,1.375206655553888,1.3787338256813875,1.379063699250922,1.3790691606410657
-1.0080160320641285,1.3403404609880196,1.3407026785053129,1.3413529358577203,1.3425233478946184,1.3446625371306913,1.3486834248355488,1.3560830773427959,1.3673952026616947,1.3770745507874007,1.3792628372105402,1.3795057179689758,1.379510533990068
-0.9977955911823648,1.3475022450476608,1.347834514121062,1.348430106189259,1.349499159437466,1.3514430824489794,1.3550598551201996,1.3615744228343447,1.3710602831521055,1.3782443473570885,1.379445045444521,1.3796462619098901,1.3796503441015762
-0.9875751503006012,1.3536483833899335,1.3539499957485122,1.3544897055393557,1.3554553902610718,1.3572009696443879,1.3604101214434363,1.3660425171462687,1.37375602663628,1.3787516635880555,1.379338236218118,1.3795052346187648,1.3795084686614731
-0.9773547094188376,1.3585482714979624,1.3588199410285926,1.3593051823046784,1.3601704794445153,1.361724632330571,1.364544685607281,1.3693508698423011,1.375466504756402,1.378716756130183,1.3789737547290573,1.3791016847670847,1.3791040371087482
-0.9671342685370744,1.3621553009108547,1.3623989426569547,1.362833336774069,1.363605368169935,1.3649831494552538,1.3674499786878687,1.3715252718016298,1.3762943193985242,1.3782688261297154,1.3783700236136536,1.3784540280546822,1.3784554783155167
-0.9569138276553107,1.3645377517534627,1.364756090760077,1.3651447419216856,1.3658333910960083,1.367055215386238,1.3692158398329173,1.372679407210971,1.3763896545841892,1.3775130679084324,1.377542520912808,1.3775800155439784,1.377580541632425
-0.9466933867735472,1.365829248182241,1.3660253374772822,1.3663739495128309,1.3669902131512306,1.3680786408411212,1.3699844382281594,1.3729639006324084,1.375906484291652,1.3765231222003806,1.3765069932517566,1.3764967400812447,1.376496321042177
-0.9364729458917836,1.3661959268141997,1.3663726334703843,1.3666865738239824,1.3672408336399164,1.3682172664360341,1.3699172480456605,1.3725345434699914,1.3749790237938075,1.3753456423727592,1.3752794867988283,1.3752206633353496,1.375219280665304
-0.92625250501002,1.3658173175265984,1.3659768163113812,1.366260197308672,1.3667605354225725,1.3676420357814845,1.369176539087619,1.3715354481004474,1.3737121474394713,1.3740085742254626,1.373875800379735,1.373767641844402,1.3737652794413702
-0.9160320641282568,1.3648780924588984,1.3650213916414837,1.3652762118339228,1.3657268421887103,1.366523192946968,1.3679181398351719,1.370093388713862,1.3721807981999112,1.3725287782453153,1.3723111855101344,1.3721529508174939,1.3721495948823685
-0.9058116232464932,1.3635681258699053,1.3636946409122384,1.363920013275942,1.3643198722725058,1.3650309371770935,1.3662926933544648,1.3683203036670553,1.3704348913640239,1.3709173184529826,1.370600289371598,1.3703913070301452,1.3703869460581761
-0.8955911823647296,1.3620885918312289,1.3621957801610016,1.3623872695295414,1.3627288016296182,1.3633422354986022,1.3644530906572858,1.3663216430015486,1.368507575156875,1.3691822614288993,1.368757189362994,1.3684968910741842,1.368491515863424
-0.885370741482966,1.3606620098450155,1.3607450829686598,1.36089418097153,1.361162366965542,1.3616517507881636,1.3625661080970757,1.3642088001649841,1.3664257951667738,1.3673295555947957,1.366795434206095,1.3664833689249327,1.3664769725840817
-0.8751503006012025,1.3595441575879417,1.3595958940625472,1.359689673487785,1.3598613757486566,1.3601849080186972,1.3608264062404543,1.3621141659869143,1.3642228299327854,1.3653628833902105,1.3647280725343498,1.3643639128263958,1.3643564907852834
-0.864929859719439,1.3590355526108893,1.3590462449576515,1.3590672533964605,1.3591109873294585,1.3592109359556575,1.359470902375255,1.360207309848449,1.3619527609544577,1.3632835923751332,1.3625676802042808,1.3621512215195806,1.3621427715437504
-0.8547094188376755,1.3594897262990078,1.3594473044710966,1.359373775073932,1.359250051238907,1.3590532452976207,1.3587910612825636,1.3587103694175473,1.359706646726041,1.3610920740533001,1.3603264079360402,1.359857539843187,1.3598480620479372
-0.8444889779559119,1.361314758256781,1.3612051390473707,1.3610116092473357,1.3606740170261056,1.3600937164900033,1.3591398323173582,1.357909873588019,1.3576294038992252,1.3587922651344395,1.358016059475348,1.3574946777310544,1.3574841745880053
-0.8342685370741485,1.3649635169908196,1.3647712297606571,1.3644296613628213,1.3638268722224158,1.3627663763333624,1.360928794428085,1.3581609136235797,1.3559349620211982,1.3564010845397656,1.3556481366636077,1.3550740285559664,1.3550625049494405
-0.8240480961923848,1.3709068082427638,1.370615939447863,1.3700974198106304,1.369176265374829,1.3675345850403897,1.3646095934343523,1.359877835939974,1.354915066087412,1.3539641254622479,1.353233608525276,1.3526065866832573,1.3525940502148626
-0.8138276553106214,1.3795822616439624,1.37917774105046,1.3784548100020326,1.3771645273773787,1.374844333674384,1.3706320676549728,1.3635035474506398,1.3549341325297244,1.351577044319403,1.350781999377748,1.3501029650489997,1.3500894260748293
-0.8036072144288579,1.3913104576640993,1.3907796760431015,1.389829263274868,1.38812689068127,1.3850447458689061,1.379369749099586,1.3694473036665153,1.356398947562511,1.3494078486211187,1.3482998741027845,1.347573416453899,1.347558884041186
-0.7933867735470943,1.406168776135412,1.4055034778760693,1.4043103511426118,1.4021671009873102,1.3982656788978232,1.39100201519209,1.3779788591114233,1.3596881305029302,1.34770773696603,1.3457912109890655,1.3450278529865276,1.345012328010997
-0.7831663326653309,1.423813128460188,1.4230114666906757,1.421571988965674,1.41898023512635,1.4142418660487404,1.4053415373479374,1.389065697079533,1.3650229944658958,1.3467869872018097,1.3432670290211932,1.3424757996454744,1.3424593236835103
-0.7729458917835672,1.4432386700555715,1.4423072557419265,1.4406331462696191,1.437613468236588,1.432073957660805,1.4215965294213295,1.4021406178899603,1.3722601596408384,1.3469190964449886,1.3407735304041928,1.339926257514959,1.3399090983298845
-0.7627254509018038,1.4624735171126602,1.4614292542250573,1.4595509752048,1.4561585614076507,1.4499199434890806,1.4380605989216104,1.41579051055615,1.38058924447114,1.3481258999074368,1.3384269017965296,1.337388384026906,1.337370623400666
-0.7525050100200402,1.4782053594236582,1.4770768629696112,1.475046260469386,1.4713759798816024,1.464616857569466,1.45172998848883,1.4273653255603105,1.388129348787878,1.349799263496015,1.3363662671019667,1.3348748869293297,1.3348529732886407
-0.7422845691382767,1.485350826341679,1.4841793089731248,1.482071297118552,1.4782610396355147,1.4712437046993647,1.457860188495573,1.4325211686826642,1.3914399703362719,1.3501490658371507,1.334413331622244,1.332397861546226,1.332364913744454
-0.7320641282565132,1.478231262096179,1.4770682874142957,1.4749767954641804,1.4712001138404507,1.4642568524573,1.4510573998324787,1.4262115545984697,1.3862805596433407,1.3464798578042847,1.3317269862021672,1.3299381176650207,1.3299107594322734
-0.7218436873747496,1.4602502960596146,1.4591388513698462,1.457142159520261,1.4535436079062598,1.4469509592526852,1.4345014043210558,1.4113678936720857,1.3750777921756252,1.3403845771241762,1.3288500706055224,1.3275125533215237,1.3274909591633741
-0.7116232464929861,1.43748728033838,1.4364538188861409,1.4346000195252089,1.4312681489217103,1.4251947316359779,1.413837367538948,1.393145588410491,1.3619589686634939,1.3342519956933663,1.3262680938543918,1.325123067596739,1.3251010366711846
-0.7014028056112226,1.4141478429462564,1.4132029849619645,1.4115113174461646,1.4084813317944953,1.4029935062094772,1.3928607558562278,1.37488632321721,1.3493349074803114,1.329055806735965,1.3239005383000915,1.3227580749857475,1.3227348986884357
-0.691182364729459,1.3930135663052174,1.3921534347708282,1.390616759774187,1.3878752234355747,1.3829465270537156,1.373981831415843,1.3585971188046722,1.3384106855959748,1.3249463004899154,1.3216097942921334,1.3204106465937402,1.3203866902961294
-0.6809619238476956,1.3758560612565638,1.3750642369733526,1.3736526199873917,1.37114415213572,1.366668350664829,1.3586537873794768,1.3453909070238057,1.3296448014053686,1.3216978099300511,1.3193289445794745,1.3180750558677656,1.318050436521466
-0.670741482965932,1.3637761710794214,1.3630261645499113,1.3616913818706382,1.3593269924723999,1.355134075593624,1.347723262146472,1.3358456457289154,1.3231121453572783,1.318986876158341,1.3170412047794962,1.315745134485809,1.3157198680881756
-0.6605210420841685,1.3574595595453316,1.3567176688042726,1.355398400122237,1.3530650396531574,1.348939362810577,1.3416940644932107,1.3302731803080416,1.3187672792909297,1.3165401545740902,1.3147453050053994,1.3134143107063276,1.3133884182351498
-0.650300601202405,1.3573452022011374,1.3565736406505722,1.3552011419497254,1.3527720999377293,1.3484720246709214,1.3409013312810982,1.3288967659903026,1.3166154615477985,1.3142028594759056,1.3124393815583795,1.3110757162379363,1.3110492261338171
-0.6400801603206414,1.3637049875246816,1.3628651886726806,1.3613692826759543,1.3587151571876779,1.3539937339437427,1.3455951703427198,1.331937993196344,1.3167998212515473,1.311969250831513,1.310117115678387,1.3087221874158579,1.3086951291520676
-0.629859719438878,1.3766319857093021,1.375687999518705,1.3740032362933627,1.37100322885334,1.3656295429419067,1.3559317004794063,1.3396118671502462,1.319607718670118,1.3099980140591418,1.3077667660462806,1.306346254319693,1.3063186534985345
-0.6196392785571143,1.3959331194051603,1.3948549961072088,1.3929268023362478,1.3894800305285084,1.383260715075954,1.3718667610022166,1.35202486231812,1.3253906838691532,1.3086126564385971,1.305371584228309,1.3039401393547438,1.3039120054315194
-0.6094188376753509,1.4209201152140378,1.419687126348709,1.4174776770583069,1.4135140378997537,1.4063141420033483,1.3929448671816853,1.3689667251648736,1.3343832072198505,1.3082620119167157,1.3029204170181734,1.301495690290049,1.301467055381468
-0.5991983967935873,1.4500919252462732,1.448695409554235,1.4461888412031874,1.4416787402170514,1.4334406993666873,1.4179747546563586,1.3895845657558992,1.346399066680475,1.3093903105342353,1.3004440527424581,1.299004130366894,1.2989753030114901
-0.5889779559118238,1.4807036164381675,1.4791491848670169,1.4763556690635624,1.471317737438137,1.4620767918486408,1.4445847936009744,1.4119295686583186,1.360383498200933,1.3121454518888571,1.2980725987672108,1.2964564917988965,1.2964279114691608
-0.5787575150300602,1.5082225654032049,1.5065313960604436,1.503489584191346,1.49799548039293,1.4878898017187168,1.4686586551974918,1.43237509698523,1.3738101082856455,1.3158512296765001,1.2960139103471102,1.2938479081244572,1.2938161344304164
-0.5685370741482968,1.5256844479172704,1.523893508881197,1.5206710507402552,1.514846791516351,1.5041212195243527,1.483666210959661,1.4449231870527586,1.38193904023787,1.3182084822255344,1.2941674869013702,1.291178263211219,1.2911313715576904
-0.5583166332665332,1.5239056026090378,1.522065919657154,1.5187564063805772,1.5127770419494604,1.5017738807498857,1.4808233911554916,1.4413003858510605,1.377751046502616,1.314836476101872,1.2912969091668132,1.2884053595489273,1.288360870844268
-0.5480961923847697,1.504764587006584,1.5029238352428347,1.499614619854851,1.4936432294062505,1.4826803608949017,1.461907061269651,1.423141149019479,1.3625146569483106,1.3064130050840093,1.2876395511893737,1.2855360335560992,1.2855043122118648
-0.5378757515030061,1.4783804751195266,1.4765691277849209,1.473315746609672,1.467455029371094,1.4567294395335006,1.4365383633042275,1.3994115891816086,1.3435605923964424,1.297133466184652,1.284262755553033,1.2826000048994513,1.2825696281234853
-0.5276553106212426,1.4521379172877578,1.4503692732653206,1.4471956214923998,1.4414886335868358,1.4310791177638746,1.4116178946497686,1.3763949858142046,1.3256633399945141,1.2889860837230915,1.28115899959896,1.27959241259208,1.2795610537739066
-0.5174348697394792,1.4309948594331117,1.4292669702293916,1.4261689341227488,1.4206062025799076,1.4104882962215737,1.3916826251186993,1.3581056766874937,1.3115897966763355,1.2825618144099857,1.2781166858198578,1.276514980315515,1.276483151574975
-0.5072144288577156,1.4180185169599189,1.4163175666022345,1.413269286379707,1.4078007324289035,1.3978707227813234,1.3794780805431106,1.3469006429502628,1.3027967003058958,1.277846669963141,1.275017247360521,1.2733725505392772,1.2733404656927791
-0.496993987975952,1.4147673052623706,1.4130720343578458,1.4100340565557115,1.4045843693769695,1.3946898075484664,1.3763661430965473,1.3439149576053278,1.2999229655284195,1.2747317211146811,1.2718278641442662,1.270169541422803,1.2701371683751175
-0.4867735470941885,1.4214946638065802,1.4197812589562813,1.4167095294345573,1.411195070192727,1.401168150654561,1.3825402483014544,1.3492888368525155,1.3030401236234266,1.2732548255883438,1.268551397998171,1.266909751013086,1.2668770469245194
-0.4765531062124249,1.4371630104121367,1.4354098100507842,1.4322643325773672,1.4266094204941662,1.4162991756826713,1.3970345841051037,1.3621715554145155,1.3116462155452402,1.2735964521220808,1.2652270975335271,1.2635963560342516,1.2635635100442224
-0.4663326653306615,1.4592651106705756,1.4574564743923848,1.454208452834433,1.4483588735817732,1.4376581135429205,1.4175245156074896,1.38049944887729,1.324400280512047,1.2758245475530294,1.261984473331165,1.2602320581738071,1.2601996087651983
-0.456112224448898,1.4834588886825757,1.4815876398811656,1.478224035747248,1.4721558203676073,1.4610191380050817,1.4399258010168476,1.4005569837620813,1.3386064993368936,1.2793564862875313,1.2590594007212228,1.2568226537234963,1.2567884057891638
-0.4458917835671344,1.5030331064990474,1.5011011232579108,1.497625860208386,1.49134793380214,1.4797981428271791,1.457814195812142,1.4163468364428697,1.349479688987069,1.2821167919657823,1.2565024891274903,1.2533815350528894,1.2533334394868991
-0.4356713426853709,1.5084585056686894,1.506475336216257,1.5029069187704842,1.4964571637259598,1.4845792096078707,1.461926420259486,1.4190345474033659,1.3494597795204561,1.279596045587346,1.2532447165059468,1.2498881448392247,1.2498345028976467
-0.4254509018036073,1.4975879384406834,1.495566186499537,1.4919287938278027,1.485355932777978,1.473256662789163,1.4502057592820077,1.4066825394707376,1.3368835651991449,1.2705796112333432,1.2488495021394803,1.246329997113725,1.2462923159564807
-0.4152304609218439,1.480477772375669,1.4784274498505787,1.4747398554979323,1.4680803475076687,1.455835562320974,1.4325645535212617,1.388884936894615,1.3201762438448426,1.2600948272761712,1.2446917154215713,1.2427479871043754,1.2427133246515731
-0.4050100200400803,1.4650148814196409,1.462941332005455,1.4592132390307244,1.452484895951878,1.4401283465843222,1.4167044692792317,1.373001842832143,1.305538513381001,1.251144928122753,1.2409130824928618,1.2391347903933807,1.23909882641732
-0.3947895791583168,1.4561865277110326,1.4540902209555864,1.450322075964745,1.443524347480562,1.4310503520230966,1.4074433660880967,1.3635699379180994,1.2966106155641757,1.2450440824378124,1.2372709018940788,1.235487206755071,1.2354502640146752
-0.3845691382765532,1.4564644000515705,1.4543421587653673,1.450527573452546,1.443646641083792,1.4310219302136489,1.4071365785992176,1.362768305773686,1.295054855177834,1.2422623231884513,1.2336139463074787,1.231806854779308,1.231769300477012
-0.3743486973947897,1.465986723738573,1.463833677948236,1.459963171339048,1.4529794747282474,1.44015969146283,1.4158777658343698,1.3706412731629654,1.3008339807491673,1.2428202484521818,1.2299756246590616,1.2280949477943859,1.2280572906828489
-0.3641282565130262,1.4825133975181843,1.480324738041299,1.4763891112478118,1.4692841868336328,1.4562290324306968,1.4314484939244025,1.3850405801986652,1.3121317876306635,1.2461717510045625,1.2265772750295674,1.2243532479258001,1.2243153821081472
-0.3539078156312627,1.5011502938847026,1.4989218968452196,1.4949135497615746,1.4876730603649462,1.4743540853367583,1.4490127471058643,1.4012834110251777,1.324914187253406,1.2505692164066453,1.2236729474526398,1.2205911636516467,1.2205452412740696
-0.3436873747494992,1.5138604690928474,1.511587687415413,1.5074985984838312,1.500109201221357,1.4865057474305992,1.4605802719474046,1.4115581356704703,1.3321838955353766,1.2519792732835968,1.2208194119053026,1.2168140738568742,1.216747866907484
-0.3334669338677356,1.5120928679491288,1.5097691748957875,1.505588430591752,1.4980332095714588,1.4841235899333978,1.4576108662456735,1.4074575140904018,1.3262072188659022,1.2451684749822112,1.2163879104499866,1.2129694510608637,1.21291721424645
-0.3232464929859721,1.5020671971327604,1.4996906112666553,1.4954152042984845,1.4876906109869878,1.4734747220666453,1.4464005795961121,1.3952803643089668,1.313005212225994,1.2343345025056567,1.2115941122094631,1.2090920194450865,1.2090507106682606
-0.3130260521042086,1.4927559363508018,1.4903289489338087,1.485963449846958,1.4780780414323171,1.4635727556507698,1.4359739482709901,1.3839788334103391,1.3009214314438267,1.2247759848135302,1.2072587063102582,1.2051818413171485,1.205140127633761
-0.3028056112224451,1.4894765328541153,1.4870035727096964,1.482555711818285,1.4745226514608767,1.4597495802073666,1.431656735260252,1.3787998460112167,1.294719039127069,1.2190796548160052,1.2032189328490266,1.2012178320242162,1.201174808035111
-0.2925851703406815,1.4941943812932625,1.491680587408519,1.487159220569241,1.4789931908103469,1.463974977265259,1.435413526580222,1.3816660088045691,1.29608783878517,1.2180367889199448,1.1993419178548017,1.1971876411604383,1.1971447030155136
-0.282364729458918,1.5056033467886087,1.503053870213936,1.4984679095165363,1.4901838121663586,1.4749438747355312,1.4459422412661245,1.391287363890148,1.3038037528355912,1.2209387692739682,1.195794643677886,1.1930839372999493,1.1930399823709945
-0.2721442885771544,1.51895163758425,1.5163704628875079,1.5117269302861704,1.503336958339825,1.4878960687246605,1.4584870954310751,1.4029575240473369,1.3134719128948544,1.225131117699933,1.192743505407645,1.1889095369480256,1.1888515460075535
-0.261923847695391,1.5256331876203153,1.5230206098944528,1.518320238989455,1.509826405866921,1.4941904694836607,1.464394223205108,1.4080638954978024,1.3169008942463845,1.2249294444956451,1.1892055325018527,1.1846426374792824,1.1845674671476867
-0.2517034068136274,1.5196509149255009,1.5170042928463827,1.5122427735885633,1.5036387887458629,1.487801064403171,1.4576240722167249,1.4005851350080762,1.3083293477914597,1.216085196355399,1.1837651341780577,1.1802232498100202,1.1801700079160615
-0.2414829659318639,1.5095168489999686,1.5068390706766948,1.5020217794794868,1.4933179690162706,1.4772995107777827,1.4467901775953682,1.3891706643644859,1.2962331102871294,1.2052353065583714,1.1782684724422088,1.1756924144176246,1.1756470341510223
-0.2312625250501003,1.5025212606648417,1.4998186258000132,1.4949568187886517,1.4861732583688219,1.470010247736105,1.439234511170275,1.3811492577639337,1.2876655606822525,1.197440055400265,1.173262155121153,1.171024435619132,1.1709785110703168
-0.2210420841683368,1.5018599956612864,1.4991389009748575,1.4942438793194983,1.485400287022009,1.4691268027522832,1.4381407656394467,1.379661091705938,1.2855577886507306,1.194556608511807,1.1686582959391534,1.166189426967216,1.1661435894311984
-0.2108216432865733,1.506808513647563,1.504072686484466,1.4991509631736941,1.4902584537252999,1.4738928689006574,1.44272320817608,1.3838660661992406,1.2889886711668497,1.1957563676831902,1.1645171510075767,1.1611729246345617,1.1611225802899345
-0.2006012024048098,1.5126331358463092,1.5098804977914255,1.5049282915375903,1.4959798901792025,1.4795088901409745,1.4481283185052407,1.388833743985746,1.2930397548209056,1.1972192699602642,1.1605830250361002,1.155969211460078,1.155896250661863
-0.1903807615230462,1.5110939013104399,1.508313387035002,1.5033109896157557,1.4942717609505591,1.477633105627226,1.4459311713411804,1.3860199938483326,1.2891730084665576,1.1919353605464742,1.154937622092448,1.150507400711423,1.1504382399474173
-0.1801603206412827,1.5029678400439335,1.500152327140398,1.4950871121851643,1.485934877087404,1.46908971941076,1.4370002439491183,1.3763771674145944,1.2784810847908832,1.1810820178738173,1.1479278955217491,1.1447765546030242,1.1447273775144295
-0.1699398797595191,1.4954462021403858,1.492602026393197,1.4874853758836024,1.4782406444364475,1.461226608816712,1.4288208361473171,1.3676205622692303,1.2688995211644118,1.171537218168062,1.1412775365392942,1.1387900434832963,1.1387441047312035
-0.1597194388777557,1.4915090863118678,1.4886520530092524,1.4835122745479379,1.4742257644540975,1.4571349042130675,1.4245831148420343,1.363109588706841,1.263965216588478,1.166244291248453,1.1352245639404173,1.1325094472105304,1.1324630353571215
-0.1494989979959922,1.4897501530003243,1.486902024523773,1.4817781476847867,1.4725199668527,1.4554800568507515,1.423020682886284,1.361706294420522,1.2627439133399263,1.164487252364381,1.1297029995637622,1.125916429365097,1.125860261562915
-0.1392785571142286,1.484280430581209,1.4814655765676155,1.4764014381281156,1.467250777116943,1.4504074973375805,1.418317732401053,1.3576841963094541,1.2597338081084242,1.161715386704685,1.1238765021834654,1.1189908287599208,1.1189110923847754
-0.1290581162324651,1.4677611377906858,1.4650030944855008,1.4600411828920814,1.4510753091978739,1.4345723245885675,1.4031314681844131,1.3437244896453917,1.2477516732838239,1.1517363546880501,1.1156628231429944,1.1116429706715756,1.1115828684692828
-0.1188376753507016,1.4456813556807253,1.4430005978469453,1.4381778087657302,1.4294635950671881,1.4134246225375948,1.3828708601051602,1.325149691540224,1.2319447405235142,1.1391334525559,1.1067693799351854,1.103897840699341,1.1038525818997045
-0.1086172344689381,1.4246953428633384,1.4221056887604477,1.4174468305022314,1.409028927982977,1.3935356671027423,1.364022802469235,1.3082732013982694,1.2182796387974604,1.128893338375058,1.098416288468232,1.0957354641531836,1.095691494881633
-0.0983967935871745,1.4071478328310243,1.4046523728896652,1.400162927164451,1.3920509749294283,1.3771203980292348,1.3486777913446033,1.2949459801738457,1.208196324206818,1.1218471502540954,1.09059990248398,1.0871210515564778,1.0870686329264734
-0.0881763527054111,1.3913425835109785,1.3889293797314683,1.3845878504994866,1.3767429426798958,1.3623032371194628,1.3347932688024806,1.2828160457275273,1.198867646414412,1.1149732658234155,1.0824432218800215,1.0780251758102204,1.077952805233643
-0.0779559118236474,1.3738424050913014,1.3714820986116478,1.3672357439752423,1.3595628400710529,1.3454397889987513,1.3185332579944158,1.267695503341904,1.1855787813596825,1.1034701883198057,1.0720617554088983,1.0683713082350617,1.0683161580640785
-0.067735470941884,1.3594153931362374,1.3570700106558216,1.35285054086181,1.3452263367547697,1.3311932515395035,1.3044593340262172,1.2539505462725946,1.1723734729083126,1.0909247076414328,1.061059426968744,1.0582356104850525,1.0581939731335304
-0.0575150300601203,1.353203211632671,1.3508247375488074,1.3465457371737364,1.3388139766368794,1.324582963645129,1.297472150295729,1.2462522612310025,1.163533225701772,1.0809934822448255,1.050687983215252,1.0476785475832406,1.0476354598024866
-0.0472945891783569,1.3568800044828093,1.3544036386096425,1.3499485015915107,1.341898396369999,1.3270812388374031,1.2988530771357014,1.2455214874096077,1.1593961061727434,1.0734401276933094,1.0408108142998362,1.0367497843828886,1.036688026884493
-0.0370741482965935,1.3686662139074557,1.3660048014868809,1.3612167708236438,1.3525652090035605,1.336641176381154,1.3063050346188874,1.2489936035321954,1.1564567704645943,1.0642344925822407,1.029656194651066,1.0254586661674523,1.0253941836258555
-0.0268537074148298,1.3831542767346343,1.3802605420087457,1.3750546086205337,1.3656481315399578,1.3483351557677643,1.3153551264211256,1.253054549939674,1.152484577644939,1.0525096022384237,1.0169993765775702,1.0138347765325597,1.0137929655906412
-0.0166332665330664,1.3907821644006513,1.387728518486232,1.3822349134696865,1.3723086983711283,1.3540392615673973,1.3192377594961087,1.253497752957581,1.1473811115938195,1.0419579890316517,1.0050268125963069,1.0019616520470809,1.0019223161060515
-0.0064128256513027,1.376937207192796,1.3739189454867589,1.3684889580394692,1.3586775550120995,1.3406190590521418,1.3062179354165528,1.2412304790250255,1.1363143930755575,1.0319223039534033,0.9939723581213261,0.989873755526398,0.9898143334238199
0.0038076152304606,1.3216609738223948,1.318996088391746,1.3142018042827301,1.305538923883335,1.2895940046761663,1.2592178362447157,1.201829982819776,1.109165436872999,1.0167827502074094,0.9819232080642115,0.9775610534316377,0.9774954689740243
0.0140280561122241,1.2270157987364072,1.2249884427592448,1.2213411046995455,1.2147506394141119,1.2026201374885932,1.1795103752393947,1.1358490581032905,1.0653398454100826,0.9949691434476023,0.968151155104997,0.9649995453301349,0.9649588121591107
0.0242484969939877,1.1292132237217753,1.1278502684080338,1.1253982163448792,1.1209675029931119,1.112812165257478,1.097275073757078,1.0679199819583285,1.0205121003647468,0.9731662858019099,0.9547306568977209,0.952192999659601,0.9521558264137515
0.0344689378757512,1.0639779091519523,1.0630287311045095,1.061321073996817,1.058235372647384,1.052555552055892,1.0417340974196576,1.021287882036188,0.9882704277599658,0.9552877402710943,0.941755135328965,0.9390725975341069,0.9390268548413241
0.0446893787575148,1.062539576621918,1.0614936828059176,1.0596120364119794,1.0562119778948513,1.0499536310116317,1.0380303569071065,1.0155035683670455,0.979131463122456,0.9428475613965721,0.9282463790738921,0.925554324972665,0.9255111774255936
0.0549098196392783,1.115150932156064,1.1135788648356484,1.1107506217004444,1.1056402081911962,1.0962339605122604,1.0783143982968357,1.0444606890872097,0.9898027146104914,0.9353438319010621,0.914516869985689,0.9116038240644492,0.9115638544231629
0.0651302605210417,1.1861448934436747,1.1839069218257539,1.179880687502278,1.1726056337824344,1.159215234085809,1.133705933953994,1.0855143600740804,1.0077089577063159,0.930222167672936,0.9011371461877772,0.897206411891169,0.8971484401871997
0.0753507014028054,1.237948595030838,1.235186782610678,1.230218140536876,1.221240275398165,1.2047157907309587,1.1732362815395128,1.1137666042005605,1.0177540220114305,0.9221689148145844,0.8868254454923424,0.8822931010159085,0.8822226278743738
0.0855711422845688,1.2515458882427153,1.2485454170755417,1.2431474356368741,1.2333938634558108,1.215441800591395,1.1812433666967117,1.1166382542583861,1.0123349804853563,0.9085308015135937,0.8708190927119046,0.8668197699107355,0.8667696884395745
0.0957915831663325,1.2436984838147775,1.2406393821081072,1.2351359159854787,1.225191724472764,1.206888767721609,1.1720217116196494,1.1061533335688563,0.9998115247952087,0.8939763292010984,0.8553528646503106,0.8508928581066867,0.8508307392790758
0.1060120240480959,1.22971703697875,1.226649408514905,1.2211305876772958,1.2111586011662017,1.192804359908005,1.157839136314941,1.0917846116161833,0.985142451479867,0.8789851317521299,0.8397535151276629,0.8345256060851073,0.8344413027656234
0.1162324649298593,1.2187396584729782,1.2156204109214075,1.210008733737882,1.1998689955130792,1.1812060682766807,1.1456530575319195,1.0784883355863912,0.970051871782347,0.8621045887172899,0.822401482885409,0.817701142648541,0.8176395795399798
0.126452905811623,1.212587005525906,1.2093842509991188,1.2036223386242852,1.193211133166672,1.1740485353103254,1.1375435948813097,1.0685805970186713,0.9572421201572306,0.8464131205067192,0.8056342475968111,0.8005704176420904,0.8004979327010202
0.1366733466933865,1.207776629721613,1.2044807406262736,1.198551268399642,1.1878372775457382,1.1681173312115496,1.1305504597696543,1.0595812581324742,0.9450057937678487,0.8309614563781383,0.788872784352912,0.7831721192049605,0.7830799525381985
0.1468937875751501,1.20097452878095,1.197587702474581,1.1914946397922288,1.1804850916205287,1.160221234570343,1.1216185158329035,1.0486928097398334,0.930957448561516,0.8137723772329851,0.7707719816664202,0.765546948492055,0.7654775024752728
0.1571142284569135,1.1955312166893612,1.1920534720403397,1.18579683834874,1.1744917181686152,1.153683803748471,1.1140445243728052,1.0391605811664384,0.9182652632139373,0.7979406139618545,0.7537218074311992,0.7479578513632692,0.7478695411494656
0.167334669338677,1.1911456041410262,1.1875671242440164,1.1811292621695892,1.1694966776644842,1.1480860355270759,1.1072985350345186,1.030245462025391,0.9058486147452527,0.7820408904627525,0.7365365788205324,0.7305223300396786,0.7304287828693936
0.1775551102204406,1.187166747027632,1.1834814860288005,1.17685152636979,1.1648718640261473,1.1428224570000691,1.10081831310499,1.021467073886781,0.8933591129171987,0.7658605131156099,0.7191701621739081,0.7134013859851379,0.7133222427005341
0.1877755511022041,1.1831262612870947,1.1793484411594144,1.1725519568253089,1.1602713792512922,1.1376680663106804,1.094608551207573,1.0132635490671935,0.8819390889517367,0.7512487354372029,0.7033103513007624,0.696819915109773,0.696712122713533
0.1979959919839677,1.175029435188905,1.1711856327736614,1.1642704495712985,1.1517754172070098,1.1287774383595077,1.0849662772444348,1.0022015063510934,0.8685838361461472,0.7356115922311387,0.6869743494433529,0.6808138980243108,0.6807245778058896
0.2082164328657312,1.1655177976358593,1.1616299240359387,1.1546354536045318,1.141997153525254,1.11873547334497,1.0744219370133212,0.9907081856659072,0.8555594298558429,0.7210697389179926,0.6718976400825396,0.6654957464593005,0.6653960546078679
0.2184368737474946,1.1557496643725276,1.151824254172433,1.1447622530271513,1.1320019297493502,1.1085156537383727,1.0637742501687784,0.9792522558989403,0.8427992906170014,0.7070158688478188,0.6573821098433308,0.6508157788926445,0.6507107781798737
0.2286573146292583,1.1465638605352635,1.1425976352259637,1.135462209668238,1.1225692293446223,1.0988388217126512,1.053632467188485,0.9682322632915796,0.8303610438161438,0.6931681140364363,0.6431156294066257,0.6367199197827524,0.6366241445086994
0.2388777555110217,1.1393842774056162,1.135371306157403,1.1281517791383893,1.1151068246194653,1.0910966729557956,1.045357317900807,0.9589502491507694,0.8194551514667362,0.6806546178589599,0.6300055417307306,0.623176915991949,0.6230610645290311
0.2490981963927854,1.132630505692196,1.128563852879734,1.1212477558507181,1.1080283286436903,1.0836970946686553,1.0373462473844632,0.9497841443515708,0.8084232555611752,0.6677653552615525,0.6165515918155975,0.6100341235585032,0.6099362473731712
0.2593186372745488,1.1260342474267706,1.121922481691265,1.1145252214240666,1.1011591302788684,1.076557929345769,1.0296927185658022,0.9411589833946791,0.7982311542877311,0.6560232987105071,0.6042555071352985,0.597311038069478,0.5971910903473374
0.2695390781563123,1.1166588361667065,1.1125196803168147,1.1050731488106784,1.0916180463153329,1.066853053861997,1.01967596519913,0.9305531730487605,0.7866733494794208,0.6435169247223338,0.5914941939105429,0.5848586368179752,0.5847560984738036
0.2797595190380759,1.1068663168216923,1.102710913435503,1.0952351495952761,1.081727219438938,1.056864977680937,1.0095025719247084,0.9200297557608392,0.7755862357538048,0.6318768117639617,0.5796699736678209,0.5727218630387846,0.5726012013717199
0.2899799599198394,1.0968130981921813,1.0926403184919888,1.0851332978257766,1.0715689034712008,1.0466027681941599,0.9990425638309318,0.9091961792767075,0.7641487408681366,0.619837369875855,0.5674857534150423,0.5607975363590244,0.5606913488836862
0.300200400801603,1.0868923548676774,1.082707736479805,1.075179415770728,1.0615765285388332,1.036539532554449,0.9888442971538023,0.8987428877116446,0.7532849156862061,0.6085720995618685,0.5560987352108429,0.549155603123737,0.5490337161713577
0.3104208416833665,1.075225889070767,1.0710408492309544,1.0635117737238342,1.0499075343835147,1.0248680776922177,0.9771682556141791,0.8870582588299974,0.7415856708769021,0.5968570835540589,0.5444391033769062,0.537748012823831,0.537639453466721
0.3206412825651299,1.0641341650526894,1.0599507907725154,1.0524247102321718,1.038825877412758,1.0137963615570618,0.9661154410883296,0.8760412101903922,0.7306274003829881,0.5859635319945722,0.5335930962629081,0.526697456118002,0.5265750594001598
0.3308617234468936,1.0540960467374785,1.049905479588674,1.042366461934324,1.0287442640611146,1.0036717693975097,0.955909069036507,0.8656804198547993,0.7200166219862784,0.5751029669142366,0.5227012958223194,0.5160281147771233,0.5159174272912734
0.341082164328657,1.0441841085061756,1.0399925801784482,1.0324518327306016,1.0188265072144642,0.9937482524115812,0.9459745673865186,0.8557252255733382,0.7100287152806852,0.5650872184061825,0.5127056137344158,0.5059077409899346,0.5057879209961781
0.3513026052104206,1.0328796077747344,1.028701017437944,1.0211835479278364,1.0076002897180418,0.9825994783013293,0.9349733793899775,0.8450029002833699,0.6997562694613931,0.5552625264253372,0.5030863550083564,0.4964343189794775,0.4963205984430284
0.3615230460921841,1.0225441438432712,1.0183784915102088,1.0108842986642639,0.9973431009814122,0.9724197102857864,0.9249411178229696,0.835249344858212,0.6904528091702772,0.5464089468932173,0.4944282457820119,0.4878005857754746,0.48768595420705146
0.3717434869739475,1.0143589373422175,1.0101976525289953,1.0027113172331998,0.9891843178974034,0.9642870626040576,0.9168582673233339,0.8272606224054017,0.6826164107371658,0.5387272718455752,0.486837531866863,0.48017168722991765,0.480052335917841
0.3819639278557112,1.0081230500307845,1.0039583922818538,0.9964659909951202,0.9829280381815513,0.958010639426672,0.9105435331874617,0.8208735701136654,0.6761122202585781,0.5321064282051815,0.4802209824047103,0.4736918407192388,0.4735785070274562
0.3921843687374746,1.0034645411211938,0.9992959115844265,0.9917963649524831,0.9782455014897546,0.9533043414642882,0.9057919768153117,0.8160365690195377,0.6711376633994719,0.5269982197808752,0.4750972360152267,0.4685091372782049,0.46839064015742005
0.4024048096192383,0.9989569712883364,0.9947925743910964,0.987300643777724,0.97376354613755,0.9488477340367706,0.901383697191988,0.8117196350847343,0.6669680649447368,0.5229760435497319,0.47116711785387144,0.46465873856929063,0.46454261807651465
0.4126252505010017,0.993482388546635,0.9893396857096465,0.9818867848990086,0.9684202141145275,0.943634221286995,0.8964175254747252,0.8072207594740431,0.6632234441614202,0.519982456112485,0.4684810109742965,0.46207750104573075,0.4619637713453861
0.4228456913827652,0.9875548887331361,0.9834463463390656,0.9760549016081347,0.9626993750531032,0.9381177659981438,0.8912904185845552,0.8028292089426662,0.660019689153724,0.5179628295716479,0.46691126493888785,0.46051120192570894,0.4603941941044999
0.4330661322645288,0.9814501305202192,0.9773810402578784,0.9700605725298473,0.9568332967470506,0.932487748383806,0.8861101192356586,0.7984985071167875,0.6570604891214145,0.5163687006446342,0.4658371049426821,0.4595457323889396,0.4594310388091909
0.4432865731462923,0.9736643733814235,0.9696488294734441,0.9624246949997628,0.9493714864255467,0.9253463275303978,0.8795790644770729,0.7931205254618052,0.6535438549210612,0.5147040120517113,0.46486797052466416,0.45872399002655334,0.45861247911290964
0.4535070140280559,0.9646564423444864,0.9607029723919577,0.9535905118058405,0.9407390861993025,0.9170853222306548,0.8720255642181322,0.7869035980226218,0.649484824635683,0.5127930732737552,0.46374794466770425,0.4576827966213837,0.4575710953142574
0.4637274549098193,0.9552912868693679,0.9513989989736195,0.9443966077006374,0.9317440657377762,0.9084563602464204,0.8640939412227048,0.7802893434625937,0.6449974706727643,0.5104230301642795,0.46215888067578764,0.4561695490466598,0.4560571008100997
0.4739478957915828,0.945489934703559,0.9416568742562805,0.9347610365928795,0.9223010282865983,0.8993676992856035,0.8556803851707685,0.7731511499115608,0.6399180511275859,0.5073917231069016,0.45988674920465744,0.45404565065805447,0.45393681327851565
0.4841683366733464,0.934999775199026,0.9312263937895959,0.9244379220225492,0.9121719145954564,0.8895956614848538,0.8465885906262137,0.7653444245548026,0.6341858258799401,0.5037235104340224,0.456983523652903,0.4512770987444121,0.4511706405397112
0.4943887775551099,0.9224737482023788,0.918771342510301,0.9121105593379697,0.9000752718869651,0.8779236741686605,0.8357255689783135,0.7560096350147053,0.6273182497933756,0.49931105370743345,0.45346778149215317,0.44786972170911266,0.4477642802762965
0.5046092184368736,0.9096224495614608,0.9059888955863376,0.8994519796676929,0.887640506852591,0.8659008534786392,0.8244874947441596,0.7462540385942071,0.6199560547892738,0.4943307099615353,0.4493550234901488,0.44384726820460324,0.44374211840396366
0.514829659318637,0.8999504152484012,0.8963562839023376,0.8898902913782132,0.8782069706442046,0.8567031919180801,0.815739181091917,0.7383546082125222,0.613427069862986,0.48916576110933124,0.4446982955632544,0.43926285358522854,0.4391581792849774
0.5250501002004004,0.8924071229538058,0.8888320791038268,0.8824004265468649,0.8707791568931321,0.8493895929018358,0.8086431808525139,0.7316696966295977,0.6074057090173105,0.48380476939710443,0.4395965408654447,0.43423525332304924,0.4341321736739335
0.5352705410821641,0.8900943393529723,0.8864951660421715,0.8800201045917513,0.868320403447197,0.8467864905141901,0.8057651291479937,0.7282722723612969,0.6031696649525069,0.4787348663564234,0.4342573867733838,0.4289237154915872,0.42882147321678993
0.5454909819639275,0.8842375529813384,0.8806410642300744,0.874170833123734,0.8624798623052036,0.8409620239397693,0.7999713058168976,0.7225363606459745,0.597527152406387,0.47318560235592244,0.428763292220247,0.42347553165348856,0.4233741813078967
0.5557114228456912,0.8723116355709121,0.868765345507359,0.8623854241959307,0.850857633889834,0.8296401402701027,0.7892215775550557,0.7128674976972124,0.5896032168356697,0.4669977217003928,0.4232075204070934,0.4180045926390792,0.4179044328679658
0.5659318637274546,0.8603120549639354,0.8568169614207068,0.8505291449334815,0.839167778164678,0.8182565973367086,0.7784215556422232,0.7031698097083909,0.5816851432924182,0.46085026282310815,0.41770227216675393,0.41257687189133946,0.412477576554566
0.5761523046092181,0.8517436190501707,0.8482732765423544,0.8420299884465984,0.8307490803022405,0.8099859900479108,0.7704330641183833,0.6957142738250661,0.5750900134581676,0.45511145267749425,0.4122813862567568,0.4072004607417894,0.40710142501246144
0.5863727454909817,0.8453528102597312,0.8418902823996816,0.8356610534792368,0.8244055496999456,0.803689220124905,0.7642253813181061,0.6896748995847775,0.5693223548288345,0.44961454313330895,0.40689417732295974,0.4018363679355882,0.401737229884727
0.5965931863727452,0.8408700057703568,0.8374000061172049,0.8311573354675095,0.8198775451584924,0.7991165178359991,0.7595675419990362,0.6848562448965424,0.5642440761211377,0.44427849365718697,0.40147975763055005,0.39642525432227377,0.3963256666115221
0.6068136272545088,0.8380496468225165,0.8345582459761473,0.8282770740489234,0.8169277175129975,0.796038652934359,0.756245781728691,0.681073761680789,0.5597178024816533,0.4390128802428149,0.39596436914973326,0.3908936629108356,0.3907932195334545
0.6170340681362723,0.8327993737625126,0.8293040298983175,0.8230157645015753,0.8116535914943072,0.7907409391646745,0.7509031402085399,0.6756462601351024,0.5541533307113068,0.43331267257356587,0.39022596963838224,0.38515272018242735,0.38505150434748486
0.6272545090180357,0.8242805446642509,0.8208049985173416,0.8145523500165798,0.8032545326391233,0.7824603302399796,0.7428481745232969,0.668017561569571,0.5472128547590837,0.42705727117225306,0.3842208424082303,0.3791661630955193,0.379064408607732
0.6374749498997994,0.8188997514196488,0.8154180637184588,0.8091543663940614,0.7978365853365018,0.7770056396166851,0.7373234925153838,0.6623606716040545,0.5413425906398388,0.4209754007572472,0.3780726542401622,0.37300329870967175,0.37290023594490557
0.6476953907815628,0.8087514118153762,0.8053007474181526,0.7990928621657005,0.7878759267191763,0.7672305917301088,0.7279020235464938,0.653607150845513,0.5336675003850223,0.41437367992668983,0.3718590402500102,0.3668135087079003,0.3667094902958083
0.6579158316633265,0.779542843801392,0.7762737944226158,0.7703926412707847,0.7597660708153667,0.7402073269046445,0.7029486531002919,0.6325639726923988,0.5189370447353487,0.4059225730869415,0.3656344792541471,0.36079510197980125,0.36069388276345554
0.6681362725450899,0.7672147049126573,0.7639978681567254,0.7582106478758298,0.7477538041666942,0.7285074529334908,0.6918438826832021,0.6225834100977591,0.5107713459866619,0.39956213933702744,0.3599258539330479,0.3551765261516153,0.35507696232851255
0.6783567134268533,0.7648197816012988,0.761582032189303,0.7557571898842034,0.7452323698910618,0.7258609105526574,0.6889590349589703,0.619248401203278,0.5067094729081383,0.3947773364388758,0.35490208949195867,0.3501701238484969,0.35007124015429286
0.688577154308617,0.7583488870191487,0.7551283234618724,0.7493343995566347,0.7388654467651528,0.7195968167752045,0.6828908380154899,0.613550282605642,0.5016087669173077,0.3902711435371514,0.35062081373356957,0.34593256947071926,0.345834160011724
0.6987975951903804,0.7566153222195371,0.7533816445402906,0.7475641281614982,0.7370525477322982,0.7177054625342573,0.6808500411301126,0.6112271924525045,0.49882993498554057,0.3870395033822402,0.34724329114858643,0.34255238658366494,0.34245303471400945
0.7090180360721441,0.7459444064226795,0.7427742308844497,0.7370709574861275,0.726765801176512,0.707798650437845,0.6716669912729402,0.6034113917224465,0.4932213894941699,0.3836264508119925,0.3446154062599774,0.34001865230765155,0.33992107645853187
0.7192384769539075,0.730723901543965,0.7276585640295136,0.7221438982425209,0.7121795333631161,0.6938396244660985,0.6589028297449505,0.5929044240135705,0.48635845166048564,0.3803881524208714,0.3426650038621835,0.3382001596073778,0.33810476506381804
0.729458917835671,0.7442607532530858,0.7410786921830076,0.735354036741826,0.7250102472986812,0.7059719946638363,0.6697049051983748,0.6011934878226712,0.4905904680498234,0.3805853435703444,0.34144940604998997,0.33686019343528256,0.3367616173127079
0.7396793587174346,0.7401389479630651,0.7369799608814349,0.7312968166381419,0.7210280337015559,0.7021278356213303,0.666123739577243,0.5981091431970798,0.48830815671516425,0.3791008446337317,0.34025462502223563,0.3357085586080389,0.3356108299999999
0.7498997995991981,0.6969988098065594,0.6941683897620793,0.6890763493582377,0.6798756176477971,0.6629412088393524,0.6306818188358044,0.5697412492995604,0.4713607817902509,0.37351317813873114,0.338681202023478,0.33449213753882995,0.3343995055155471
0.7601202404809617,0.6695314659345758,0.6669048639788346,0.6621794996145969,0.6536413060236916,0.637926324166718,0.607989866930563,0.5514374890669808,0.46014144082592456,0.3693405032420621,0.3369986276829834,0.3330328287066824,0.33294359700628906
0.7703406813627252,0.6904574405173799,0.6876525703968869,0.6826064952190858,0.6734888169606528,0.6567072713616442,0.624739076995219,0.5643486060055039,0.46685630263842026,0.36989274207410167,0.3353809483409606,0.3312091568994028,0.3311153005623362
0.7805611222444886,0.692213583850472,0.6893769548626785,0.6842737442661672,0.6750528291193358,0.6580812714550427,0.6257511138146499,0.5646768688898132,0.46608070523913797,0.3680194169740144,0.3331207687216458,0.32890447269923057,0.3288093481347296
0.7907815631262523,0.685986499124267,0.683176493456595,0.6781211789550531,0.668986805378697,0.6521745291694974,0.6201477869242862,0.5596467159314462,0.46197598221956276,0.36483553350002196,0.33026096015512035,0.3260530220443619,0.3259569807460168
0.8010020040080157,0.7026310946909218,0.6996638831061964,0.6943257493617464,0.684680355907915,0.6669275266510877,0.6331090846762328,0.5692233633860833,0.466088445817551,0.3635134175844534,0.3270199114107104,0.32261933875364845,0.3225191249290363
0.8112224448897793,0.7072654366456632,0.7042307816828276,0.6987713146481013,0.688906686162913,0.6707503445476719,0.6361632299620438,0.5708254301895122,0.46534633730830777,0.36044007618020396,0.32312200125451146,0.3186227765397593,0.31851976576157054
0.8214428857715428,0.6986800677539128,0.6956781405435833,0.6902775516493441,0.6805193077655677,0.6625587690746992,0.628344639529583,0.5637114340297934,0.45936994265589554,0.35559549256387685,0.31867377819459064,0.3141872726846434,0.3140835575480825
0.8316633266533062,0.7037818444199717,0.7007049607384346,0.6951695222796525,0.685167621303785,0.6667586208879208,0.6316901943139647,0.5654431591837726,0.4584963348934008,0.35213077622669653,0.31429256101124814,0.3097044541421724,0.30959819728328014
0.8418837675350699,0.709064329141673,0.7059148091565,0.7002486952392151,0.6900106794072708,0.6711670993638548,0.6352708214587068,0.5674599145704433,0.4579883945018518,0.34911186975579844,0.31038579307942976,0.30570274994106533,0.3055942516156401
0.8521042084168333,0.7167195911437326,0.7134861446742066,0.7076690439067611,0.697158213217617,0.6778125061836306,0.6409597048961018,0.5713418571342725,0.45895322001336514,0.3471754463901098,0.30742543790489335,0.3026375109603303,0.30252654092215775
0.8623246492985968,0.7135798702964342,0.7103585986151526,0.7045634006612436,0.6940921454067928,0.6748192780024587,0.6381052299678018,0.5687494990550652,0.4567840699829078,0.3454274604932684,0.30582716040164526,0.301043870637927,0.3009323232980755
0.8725450901803604,0.7112932123208753,0.7080959972090738,0.7023440782380699,0.6919510239636347,0.6728220911788367,0.6363822393774667,0.5675444834192992,0.45641513320833244,0.34588944775586317,0.3065841293380244,0.30186469095340485,0.30175563574079534
0.8827655310621239,0.7097332794588482,0.7065803950184038,0.7009082297171333,0.6906592846211896,0.6717955994007534,0.6358610601650908,0.5679778616463423,0.4583889805619341,0.3493925814717424,0.3106226710411888,0.3060903119768922,0.30599287734097574
0.8929859719438875,0.7040601705080352,0.7010146052417277,0.6955355100702572,0.6856354155877903,0.667413796686076,0.632702330245007,0.5671296261062153,0.46127138252182087,0.35598849722907294,0.31854123708207627,0.31401241672447966,0.31390687192459926
0.903206412825651,0.7006638179726296,0.6977340144345406,0.6924631786441997,0.6829393826323157,0.6654103548282762,0.6320182289370916,0.5689378638648245,0.46710342379551123,0.3658235520614477,0.3297956375969982,0.32537350775191926,0.32526806840203837
0.9134268537074144,0.7051355312711799,0.7022818570022098,0.6971479811383293,0.6878716569637887,0.6707981156196254,0.6382736812401992,0.57683244952008,0.47764401839203074,0.3789950079828522,0.34390121037338706,0.3396267146510804,0.33952646567688116
0.9236472945891778,0.7096662943440532,0.706904948260597,0.7019371751388875,0.6929609815938343,0.6764398501329087,0.644967750660014,0.585514451661677,0.48953494432512484,0.394075695196744,0.3601104522982896,0.3560465250331069,0.3559559754524108
0.9338677354709416,0.7199752365847288,0.7172732000898533,0.7124121268042689,0.7036287257907604,0.6874624349395067,0.6566662799190338,0.5984899104412487,0.5045721705528544,0.4111654696244212,0.37794227538666847,0.3738945175037975,0.37379860195431147
0.9440881763527053,0.7301085006834253,0.7274712378946819,0.7227266958258125,0.7141538557364003,0.6983751180942627,0.6683172556482085,0.6115355729401367,0.5198690414686263,0.42869974931786525,0.39627045760795016,0.39239611418820325,0.3923091322928986
0.9543086172344686,0.7391246207159491,0.7365618336901959,0.7319512762112569,0.7236205297326707,0.708287375232381,0.6790783232722272,0.6239001242894785,0.5348224350260227,0.4462293567660284,0.41472671467442057,0.41091438758752286,0.41082444291420417
0.964529058116232,0.7430656108219198,0.7406121823872326,0.7361983657252855,0.7282231082584529,0.7135442511771376,0.6855816175545997,0.6327579958242369,0.5474812959822417,0.4626677070256316,0.4325059172630246,0.4288914056285586,0.4288087023971798
0.9747494989979956,0.7402510964104132,0.7379533073236753,0.7338194919102521,0.7263501636584794,0.7126024926750163,0.6864137248895273,0.6369410714761129,0.5570741132602564,0.4776409449230303,0.4493874605442383,0.44598632243467495,0.4459083821580966
0.9849699398797592,0.7441326648140585,0.7419295900468322,0.7379661693133416,0.730804723895142,0.7176237250759887,0.6925144398186707,0.6450810184419218,0.5685062416162258,0.4923479931173451,0.46526181066430405,0.4619750504534289,0.4618979349202009
0.9951903807615228,0.7528567035805729,0.7506994984439166,0.7468185993558815,0.7398062621778346,0.7268997070479859,0.702313235301575,0.655867450483622,0.580886956016597,0.5063138353251669,0.4797938384810797,0.4766068271711204,0.47653347474550145
1.0054108216432862,0.7552439942149628,0.753170038169967,0.7494389075298041,0.7426971845743344,0.7302887081554473,0.7066510556682588,0.6619976650128958,0.5899107593558727,0.5182155362426459,0.4927186739958115,0.48965227245451903,0.48958159448925265
1.0156312625250496,0.7571189959399445,0.7551184693243062,0.7515194410920838,0.7450164116136664,0.7330472616659087,0.7102465059228857,0.6671740807084227,0.5976394823164916,0.5284829605060039,0.5038896010651913,0.5009200745211688,0.5008509415839518
1.025851703406813,0.7573954352696093,0.7554646795213829,0.7519911718029912,0.7457149431011548,0.7341632305461032,0.7121576738046427,0.6705874424594156,0.603477972732156,0.5367335707483551,0.5129976423073599,0.5101217637930884,0.5100543810510659
1.036072144288577,0.7563437204565656,0.7544732234405528,0.7511081235420398,0.7450277750252182,0.7338365891391344,0.7125178193271717,0.6722449828042188,0.6072300121333118,0.5425688568134622,0.519573512407391,0.5167794342027463,0.5167135945887357
1.0462925851703404,0.7525812963153715,0.7507694233070701,0.7475097903169734,0.7416200081811799,0.7307795688005567,0.7101289556324972,0.6711183182623828,0.6081410059238886,0.5455064205538387,0.5232303516505916,0.5205199993246625,0.5204560763043342
1.0565130260521038,0.7491823465590072,0.7474026978874118,0.7442010379422285,0.7384160069810454,0.7277683685612483,0.7074850378590336,0.6691682234944768,0.6073109111719016,0.5457898063891781,0.523908488831797,0.5212650668431894,0.5212039329711827
1.0667334669338673,0.7453957740827465,0.7436291571054795,0.7404509416752831,0.7347082721473354,0.7241386018771053,0.7040037968182373,0.6659675619858232,0.6045632421038895,0.543492912144224,0.5217743433410194,0.5191437494841256,0.5190821745613392
1.0769539078156307,0.7372071976914812,0.7354676953365795,0.7323382601864815,0.7266837309327885,0.7162762870470434,0.6964505161308205,0.6589980701139971,0.5985361983334815,0.5384031575918081,0.517016842426598,0.5144256459934607,0.5143651358558334
1.0871743486973946,0.7285165807672954,0.7267915464795454,0.7236881400110777,0.7180806417409016,0.7077597610485453,0.68809889073048,0.6509579539265795,0.5909989462222991,0.5313658975444132,0.5101569022728033,0.5075928259894386,0.5075332357865324
1.097394789579158,0.7184589305299155,0.7167491221259683,0.7136731076537178,0.708115103622277,0.6978853196280836,0.6783979851651558,0.6415848690703398,0.5821550596736184,0.5230481567913355,0.5020243356897692,0.4994871455457862,0.49942876765178257
1.1076152304609217,0.7085162375811921,0.7068197216680906,0.7037676206371019,0.6982528244420528,0.6881025644598793,0.6687667123538934,0.6322397617819734,0.5732720679044095,0.5146254675389971,0.4937667307017049,0.4912165413322689,0.4911558178380766
1.117835671342685,0.7052694183070638,0.7035387821101249,0.7004252975768168,0.6947995893901787,0.6844451924389604,0.6647204750172638,0.6274589277023276,0.5673052258326083,0.5074786652269591,0.4862022786210004,0.4836273901107326,0.4835673048183697
1.1280561122244483,0.6989972089704398,0.697265239731714,0.6941493570631729,0.688519315934352,0.678156944438748,0.6584170374386947,0.6211267947218778,0.560926735546396,0.501053901248211,0.47976060191295633,0.4771911235399742,0.4771315762877347
1.1382765531062122,0.6938360763066068,0.6921045345218301,0.6889894208296694,0.6833607690466548,0.6730009544790044,0.6532659174983326,0.6159848749106835,0.5557996824226431,0.49594170544502547,0.4746538160758386,0.47208157941374074,0.4720217636764547
1.1484969939879757,0.6906380822861072,0.6889022396520658,0.6857793885476121,0.6801367561142883,0.6697512093978296,0.6499671534826389,0.6125935112659936,0.5522588414423049,0.4922522859744504,0.4709123673749375,0.4683314488405001,0.4682712169005311
1.158717434869739,0.681417212071985,0.679734624268555,0.6767075804778888,0.6712380598607132,0.6611711318488286,0.6419940238433782,0.6057669505907799,0.5472833428267976,0.4891180037384817,0.4684280758736735,0.46590278362095566,0.46584330318527223
1.1689378757515023,0.6776914912892524,0.6760288270628707,0.6730376264940104,0.6676328701092353,0.6576851431147954,0.6387351054873157,0.6029369851212772,0.5451458948292938,0.48766940572603273,0.4672231229853974,0.464718792804583,0.46465945998241115
1.179158316633266,0.6798171530332795,0.6781373628347763,0.675115352208327,0.6696549264957061,0.6596047393026647,0.6404595261474116,0.6042927022029736,0.5459062754887956,0.48783715785351195,0.46718026147049263,0.464678193923312,0.46462040414704325
1.18937875751503,0.6815799450031146,0.6798941848712583,0.6768614340144705,0.6713816016672467,0.6612956950264747,0.6420824357383293,0.6057870697110257,0.5471931796189173,0.48891801953147407,0.46818952823573257,0.4656677523337781,0.46560867379546733
1.1995991983967933,0.6857204201689606,0.6840167612611685,0.6809518097536078,0.6754137944348694,0.6652207989640988,0.6458035391551805,0.6091228033504295,0.5499068237617822,0.49101322644693574,0.4700675451343619,0.4675122184373792,0.4674515647463363
1.2098196392785567,0.6903540205305881,0.6886334666789582,0.6855381207337521,0.6799451870328845,0.6696511134265051,0.6500413105166236,0.6129968429573588,0.5531935485743151,0.49371524347929785,0.4725606792912769,0.47000831740002935,0.46994946052353004
1.2200400801603202,0.6948408496881091,0.6931091485732032,0.6899937481571972,0.6843645780106044,0.6740038087485909,0.6542669509068201,0.6169824696905719,0.5567917675253294,0.49692852549867556,0.475639372725833,0.473057306063048,0.4729966267944693
1.2302605210420836,0.7006295719023473,0.698880623820449,0.6957341955417713,0.6900489620651841,0.6795850064382378,0.6596515862239345,0.6219957829907953,0.5612055798089357,0.5007458735641618,0.47924510885313387,0.47665040096106204,0.47659012914757026
1.2404809619238475,0.7027582145867597,0.7010251529404901,0.6979073049169753,0.6922737123772369,0.6819048037838592,0.6621524418951397,0.6248386704556194,0.5646006513051834,0.5046901528984529,0.4833827653806319,0.48080528004760925,0.4807453077001311
1.250701402805611,0.7045725110895216,0.7028616956708981,0.6997838693560423,0.6942225909011185,0.6839867787600886,0.6644879558747758,0.6276531377677248,0.5681883697136558,0.509047042975736,0.48801058310129,0.4854530723182965,0.48539325651796017
1.2609218436873744,0.7073965689857162,0.7057027883528902,0.7026556081575117,0.6971497031959637,0.687015807549868,0.6677111272565563,0.6312430582302445,0.5723704026407413,0.5138181028413692,0.4929888121381286,0.4904437626174789,0.49038386000541623
1.2711422845691378,0.7143987348537405,0.7126905479367526,0.7096174503306989,0.7040647158602463,0.6938446287419069,0.6743757591547204,0.6375975223803272,0.578224102981812,0.519173553657999,0.49816644999369514,0.4956091642747007,0.49554955462144756
1.2813627254509012,0.7267480533344859,0.7249842797797159,0.721811179735002,0.7160777529609097,0.7055250940222424,0.6854226933240204,0.6474476697355229,0.5861421606591295,0.5251699788545747,0.5034834645120252,0.5008563011723537,0.5007951966685873
1.2915831663326651,0.7353477993411893,0.733558038757849,0.730338186930298,0.7245202848310341,0.713812144363158,0.693413555830868,0.6548790126854719,0.5926702825740106,0.5308000748506212,0.5087960602570618,0.5061203345122147,0.5060572643750967
1.3018036072144286,0.7417113599507664,0.7399127587456148,0.736677002337982,0.7308303626896164,0.7200693297125477,0.6995699843611961,0.6608451007537616,0.5983290465684715,0.5361528942937472,0.5140377101918766,0.5113579847405262,0.5112957020610592
1.312024048096192,0.7511813791940215,0.7493496573877422,0.746054315746584,0.7401000126735273,0.7291408203390213,0.7082639912543804,0.6688260126462535,0.605158749092465,0.5418376375482418,0.5193169922354619,0.5165928438160377,0.5165294922111661
1.3222444889779554,0.7602351533359923,0.758374671085279,0.7550275882685484,0.7489797949405232,0.7378485293675205,0.7166439084710021,0.6765867070870516,0.61191979604793,0.5476045454358264,0.5247319677591008,0.5219655400434978,0.5219010249104441
1.3324649298597189,0.7681407327050546,0.7662640416278718,0.7628877984690114,0.7567873157317186,0.7455590726336445,0.7241697132716208,0.6837635276415251,0.6185332420739142,0.5536577748617463,0.5305869161571137,0.5277940479557457,0.5277286831688616
1.3426853707414828,0.7775779259675428,0.7756799178872775,0.7722653246523674,0.7660955480001641,0.7547397666080311,0.7331074540972228,0.6922423128937449,0.6262710931501999,0.5606587386776992,0.5373281094319969,0.5345084123906456,0.534442322115584
1.3529058116232462,0.788980337910166,0.7870557706891815,0.7835933967485026,0.7773372867720151,0.7658226066364026,0.7438876057079716,0.7024506630377222,0.635556250938462,0.5690253531146388,0.5453703540120192,0.5425362573272695,0.5424708815026049
1.3631262525050096,0.7935296297900252,0.7916442839376909,0.7882524706777563,0.7821238552164553,0.7708438339371528,0.7493558446390347,0.7087633411486484,0.6432322111394442,0.5780573525627452,0.5548828704509718,0.552093711263282,0.5520288493707955
1.373346693386773,0.795820024035165,0.7940012608165935,0.7907292322642955,0.7848170534851239,0.7739353935365075,0.7532062624569799,0.7140472976674671,0.6508304430127322,0.5879572160817019,0.5655965618299722,0.5628974947570505,0.5628349546073399
1.3835671342685365,0.7997297665136119,0.7979685694784477,0.7948001046916212,0.7890750532755288,0.7785378095759272,0.758464774191316,0.720545224646356,0.6593292772571023,0.5984461982836419,0.5767914358272472,0.5741669555817169,0.574105830231427
1.3937875751503004,0.8036241385479674,0.8019188504132292,0.7988509678956924,0.793307656701008,0.7831049141491633,0.763669087339305,0.7269532751467028,0.6676806398119786,0.6087304816971763,0.5877625865364875,0.585210820037911,0.5851509263230773
1.4040080160320638,0.806226033414427,0.8045828595014614,0.8016267229485422,0.7962853237352919,0.7864542099999199,0.767726320425696,0.7323478567506146,0.675234195741742,0.6184312746483543,0.5982261930246253,0.5957645156010558,0.5957066922839415
1.4142284569138273,0.8099215509602906,0.8083281316856957,0.805461505861264,0.8002818426524704,0.7907484130429655,0.7725876033213677,0.7382803977047488,0.6828960853851084,0.6278128750595117,0.6082196014827324,0.6058446643273214,0.6057895628252765
1.4244488977955907,0.813191640200865,0.8116491490514796,0.8088741449310031,0.8038600314072588,0.7946313039084515,0.7770509384719738,0.7438402413665345,0.6902261416543352,0.6369038377757923,0.6179395916223721,0.6156308486582117,0.6155763184166856
1.434669338677354,0.8143500714735011,0.8128750414831303,0.8102214027707021,0.8054265827573344,0.7966014763111785,0.7797899944283343,0.7480317776005561,0.6967624773225083,0.6457720356730925,0.6276360548146176,0.6254347705139218,0.6253833420942516
1.444889779559118,0.8167113804238909,0.8152965124008752,0.8127511075217815,0.8081518536567971,0.7996866966437296,0.7835609048349176,0.7530980112815311,0.7039198313995837,0.6550091475023448,0.6376135156821758,0.6355029447309654,0.635453571819896
1.4551102204408817,0.8197568237389363,0.8183976476430717,0.8159524348159908,0.8115342165323022,0.8034022647397105,0.7879112164249116,0.7586474044838962,0.7114049788852401,0.6644195624287946,0.647709813582282,0.6456828761077864,0.6456353142942489
1.465330661322645,0.8242432469585209,0.8229262806036719,0.8205570049568485,0.8162759969323461,0.8083965886387406,0.793386629923952,0.7650316348383157,0.7192563175904285,0.6737298422371818,0.6575406159764771,0.6555902844536218,0.6555450281427737
1.4755511022044083,0.8283691802586086,0.8270937178843648,0.8247991096513905,0.8206530173039102,0.8130219286550912,0.798485011267133,0.771023630335583,0.7266909173701449,0.6825992173667873,0.6669226364332296,0.6650389294707463,0.6649951376571837
1.4857715430861718,0.829905193732523,0.8286886506453287,0.8265000405676182,0.8225454745970068,0.8152668996118716,0.8014015061206684,0.7752086868406264,0.732923905458997,0.6908690701881502,0.6759173090667312,0.6741182601082796,0.674076220245949
1.4959919839679356,0.8296438084501978,0.828498992704853,0.8264394229683892,0.8227180178753503,0.8158685867090483,0.8028206936813379,0.7781721946998862,0.738380508296208,0.6988051522493539,0.6847333918661856,0.6830388540909822,0.6829994057209254
1.506212424849699,0.8279331166293086,0.8268717318803483,0.8249622577146855,0.8215120574652423,0.8151617910047085,0.803064782088273,0.7802125748321745,0.7433207974932934,0.7066296711847746,0.693580677460201,0.6919971369305283,0.6919599710192765
1.5164328657314623,0.8260485594888266,0.8250731149140421,0.8233182504075341,0.8201474113573493,0.8143113215701342,0.8031937931735206,0.7821918970412258,0.7482872337264485,0.7145670152761566,0.7025702696706444,0.701100752925617,0.7010661392559551
1.526653306613226,0.8261814513519742,0.8252772728780905,0.8236506187693857,0.8207114404567285,0.8153017322054725,0.8049964378867541,0.785528912415016,0.7541013344349468,0.722844877277767,0.7117212329771817,0.7103412934975815,0.7103083056668708
1.5368737474949894,0.8323155116596962,0.8314351078209538,0.8298512252864816,0.8269893304383503,0.8217218665730736,0.8116875432783326,0.7927319018801241,0.7621306636585179,0.7316959351665219,0.7208645552879741,0.7195253801063128,0.7194936457291828
1.5470941883767533,0.8375802639389606,0.8367278926164993,0.8351944416550333,0.8324236706549633,0.8273239242998388,0.8176090944579808,0.7992569995314973,0.7696301149303445,0.7401644614722325,0.7296766912002134,0.7283750406614555,0.7283440791471556
1.5573146292585167,0.8444871997088665,0.8436463464990063,0.842133617086521,0.8394002875354469,0.83436945400042,0.8247859001935439,0.8066817947295211,0.7774552468187602,0.7483876948054362,0.7380406975960139,0.7367573138437602,0.7367269724373529
1.5675350701402802,0.8575465482616822,0.8566644807348804,0.855077605268353,0.8522103029171783,0.8469328871365784,0.8368796089594043,0.8178881611769118,0.7872290859412163,0.7567367902523131,0.7458872975458385,0.7445547629485604,0.7445233252371577
1.5777555110220436,0.8779207171944656,0.8769341003571685,0.8751591369449266,0.8719519830307434,0.8660490574688903,0.8548042224484322,0.8335618393789254,0.7992688160672937,0.7651621105614327,0.7530367969392927,0.7515873837912105,0.7515539550931071
1.587975951903807,0.8855871120958428,0.8845887411462923,0.8827926316312718,0.8795472692122973,0.8735740192325264,0.8621952199393231,0.8406997722311761,0.8059982330468306,0.7714853406897774,0.7592158084939521,0.757748495348536,0.7577146187089443
1.598196392785571,0.8907784687884626,0.8897817172307605,0.88798852105032,0.8847484226293125,0.8787848612926458,0.8674245185837615,0.8459639432146494,0.8113187493621205,0.7768620714202479,0.7646115817437734,0.7631422544025931,0.7631082726301538
1.6084168336673343,0.8989540083866687,0.8979307393616109,0.8960898373479865,0.8927635405369387,0.886641328264616,0.8749787674849325,0.8529472910576957,0.8173804778862638,0.7820073431444847,0.769433303624534,0.7679329159916694,0.7678983842146784
1.6186372745490978,0.9065104388134958,0.9054620538234956,0.903575967358218,0.9001680280766565,0.8938955505383085,0.881946747149285,0.8593745538699958,0.8229348764095241,0.7866939016667264,0.7738143983635529,0.7722838757080239,0.772248653153694
1.6288577154308612,0.9077793013956392,0.906752856805517,0.9049062420204111,0.9015696235562861,0.8954284160285,0.8837296789780662,0.8616299004074056,0.8259529945403961,0.7904710892857515,0.7778606572272597,0.7763543359204422,0.7763194511485652
1.6390781563126249,0.9049056027682763,0.9039320132420721,0.9021804867767725,0.8990156816765348,0.8931907050607382,0.8820943752675595,0.8611326139732841,0.8272930540600889,0.7936390547673581,0.7816752962237273,0.7802300439795768,0.7801962100296274
1.6492985971943883,0.9023056560878037,0.9013810993915119,0.8997177849823159,0.8967123689379168,0.8911807564499252,0.8806432764481436,0.8607372527426533,0.8286021963189665,0.7966438891599181,0.7852800197847101,0.7838971068409657,0.7838647142502793
1.659519038076152,0.9057975626635607,0.9048725255064126,0.9032083469399191,0.9002013701741328,0.8946668873897721,0.8841239484633494,0.8642076455638048,0.8320561241262111,0.800081913365415,0.7887148411127692,0.7873330567351187,0.7873004762696573
1.6697394789579154,0.9070745225413468,0.9061642978384188,0.9045267676442061,0.9015679419820762,0.8961220855812029,0.8857479836433081,0.866150655355851,0.834514180973211,0.8030524502761316,0.7918672224395141,0.7905092521678034,0.7904774176102755
1.6799599198396789,0.901822034102264,0.900975713390021,0.8994531488860006,0.8967020523732598,0.8916385308448965,0.8819927582941869,0.8637713174675963,0.8343561746331246,0.805103925630305,0.7946985514577203,0.7934122980863445,0.7933816291677177
1.6901803607214425,0.8986103317505556,0.897809757867599,0.8963694935962957,0.8937671035547158,0.8889772824586212,0.8798528936243528,0.8626163856011344,0.8347913033014395,0.8071201184786447,0.7972708968721758,0.7960395733485234,0.7960101412720872
1.7004008016032062,0.8986185707438225,0.8978369386176819,0.8964307511138475,0.893889933113216,0.8892134362073293,0.8803049165166321,0.863476171548679,0.8363092174970332,0.8092915367383399,0.7996692274375683,0.7984613240955419,0.7984325621797558
1.7106212424849696,0.9036477822287762,0.9028454048316552,0.9014018953993396,0.8987936397940223,0.8939930165730903,0.8848480247247408,0.867572491596723,0.8396838780732812,0.811946572897179,0.8020649552774901,0.8008288246100738,0.8007993754170424
1.720841683366733,0.9125986761116297,0.9117455947123085,0.910210866141393,0.9074377860837586,0.9023337879185087,0.8926108490856135,0.8742433824539528,0.8445912331672066,0.8150966809619896,0.8045868660190445,0.803291752613382,0.8032613100113424
1.7310621242484965,0.9120551006560911,0.9112276780766,0.9097391094075419,0.9070494304038662,0.9020989211537808,0.892668313828486,0.8748528524265827,0.8460908107729306,0.8174769666772068,0.8072667646847249,0.8060004910248406,0.805970872282378
1.74128256513026,0.9140844370224279,0.9132648494079462,0.9117903757661016,0.9091261634638635,0.9042225224742965,0.8948811772586118,0.8772342462969221,0.8487436816754665,0.8203960517389621,0.8102697230973289,0.8090131625052199,0.8089838476799601
1.7515030060120238,0.9184742280007177,0.9176450545757067,0.9161533339726526,0.9134579526497876,0.9084969237138621,0.8990461768076663,0.8811922235918016,0.8523657200493777,0.8236764509748546,0.8134149650273718,0.8121552785059161,0.8121264203101677
1.7617234468937872,0.9658084780191152,0.9646327343344445,0.962517485204474,0.958695344783624,0.9516600647153438,0.9382564419371666,0.9129290073949557,0.8720132709077916,0.8312334629538557,0.8166324218750438,0.8149833699704018,0.8149483417828286
1.771943887775551,1.0303425534787767,1.0286754471529376,1.0256762111437665,1.0202567902018278,1.010281562718061,0.9912771821239841,0.9553681026517252,0.8973640729726384,0.8395793810797413,0.8190016106424172,0.8168742377060878,0.8168318684009813
1.782164328657314,1.0362357828185962,1.0344763112642295,1.0313116885754405,1.0255960310114955,1.0150843330252297,0.9950913605276777,0.9574464874379951,0.8971360468208837,0.8383700093105544,0.8188847574291099,0.8173692128969053,0.8173457388459864
1.7923847695390775,1.0189399580300607,1.0172011598879453,1.0140756660755494,1.008437133824744,0.9980891147306251,0.9784903532397353,0.9419152140003723,0.884537754069157,0.8317110189233315,0.8170771338796287,0.8164637430073564,0.8164564200709078
1.8026052104208412,0.9898582490208389,0.9882131360377204,0.985258714195053,0.9799376602138626,0.9702023234509466,0.951877656725812,0.9181288770591908,0.8668299415882145,0.8235054336037909,0.8144437829911089,0.814280314429298,0.8142757844939683
1.8128256513026049,0.9560413805538142,0.9545389387240222,0.9518438146173701,0.9469999534896592,0.9381722793017163,0.921686584879955,0.8918377118213654,0.8483082320682558,0.8155882646113184,0.8110651026020086,0.811020049882942,0.8110163991294962
1.8230460921843683,0.9221538485754972,0.9208221654732317,0.9184365960301695,0.9141598026713291,0.9064019990877429,0.8920510574566025,0.8666015983242409,0.8313548875894647,0.808594911791878,0.8070285708566795,0.8069920822960986,0.8069896972032083
1.833266533066132,0.8910797890334367,0.8899298489827682,0.8878730746359389,0.8841963653321757,0.8775631888004062,0.8654275648996629,0.8444287506631378,0.8171123812678195,0.802650460503457,0.8026380611158769,0.8026030650273366,0.8026018048328274
1.8434869739478952,0.8644350605099552,0.8634649076634798,0.8617327585575218,0.8586464253203703,0.8531125432639847,0.843115013743979,0.8263009559693737,0.8060078457556576,0.7977874056577807,0.7983660484400359,0.7983433566609668,0.7983428870928878
1.853707414829659,0.8429599037669531,0.8421586892643539,0.8407309659432587,0.8381962451835977,0.8336825466885611,0.8256427113388091,0.8125525648258821,0.798095900575117,0.794114081010176,0.7947458701648132,0.794738524524725,0.7947385667857574
1.8639278557114225,0.8268105722904917,0.8261621562932915,0.8250091870920324,0.8229703642194423,0.8193671273069637,0.8130489440257468,0.8031306969852988,0.793262324726327,0.7918360200896386,0.7922889028444768,0.7922932090918592,0.7922935536608745
1.874148296593186,0.8157722599620696,0.8152582032439408,0.8143462791354432,0.8127406826485356,0.8099265692957035,0.8050767740097402,0.7977685081441347,0.7913347857479778,0.7912150717558034,0.7914380911389138,0.7914488169895684,0.7914493086522896
1.8843687374749492,0.8094012170035261,0.8090030294221848,0.8082984788833338,0.8070639395838325,0.8049200528435547,0.8012960856703123,0.7960825786230546,0.7921188677836195,0.7924972078960726,0.7925278873028764,0.7925408971028434,0.7925414287923911
1.8945891783567128,0.8070857561740855,0.8067861454209748,0.8062575910227786,0.8053365499063257,0.8037540916400808,0.8011389274843178,0.7975796331231295,0.7953434215107411,0.795785195097203,0.7956914911399716,0.7957038952042648,0.7957043951372432
1.9048096192384767,0.8081747557921662,0.8079587400991628,0.8075790950417193,0.8069221905488613,0.8058089839447864,0.8040231252617839,0.8017720460890907,0.8007542879426855,0.8011225221119246,0.8009812724605122,0.8009916443773415,0.8009920706770755
1.91503006012024,0.8119555578259717,0.8118105298342214,0.8115570969171773,0.8111232885150194,0.8104038048934582,0.8093044574273985,0.8081041581709818,0.8079956247677259,0.8083530622430294,0.8082410143242572,0.8082497835590265,0.8082501257525887
1.925250501002004,0.8174120264369357,0.81732525050151,0.8171751973484888,0.8169235139174058,0.8165234150885012,0.8159739293311499,0.815592665499939,0.8161591641646933,0.8166044472763203,0.8165707484374152,0.8165789642250841,0.8165792314029697
1.935470941883767,0.82323734173053,0.8231930558604227,0.8231181760346251,0.8229981652108408,0.8228264275465875,0.8226610614197699,0.8228210624411645,0.8237675103545125,0.8242809886369464,0.8243174958699763,0.8243247099060693,0.8243249043426688
1.9456913827655304,0.8284475279271147,0.8284285250022174,0.8283980574591947,0.8283547958881248,0.8283126392725574,0.8283524324847427,0.8287552144170651,0.829750652021181,0.8302147092587789,0.8302776132938746,0.830282779702727,0.8302829054658272
1.9559118236472943,0.8326350090553103,0.8326260073390945,0.83261267689305,0.832597607659071,0.8325981774682839,0.8326874425413233,0.833078829643273,0.8338500672492134,0.8341461335403855,0.8341948773767545,0.8341977406819839,0.8341978115370566
1.9661322645290575,0.8357683001655184,0.8357576705136021,0.8357407753301012,0.8357172214031121,0.8356955141101421,0.8357199246112076,0.8359212031026011,0.8362959871805489,0.8363552640277085,0.8363691875483451,0.8363700892724196,0.8363701190334374
1.9763527054108208,0.8380272532220925,0.838007502262825,0.8379737674552895,0.8379184228449948,0.8378338585209595,0.8377247339663417,0.8376386439064655,0.8375517638628499,0.8373702186520849,0.837350998838936,0.8373506557259417,0.8373506571113541
1.9865731462925849,0.8396372400158195,0.8396043222103036,0.8395466509549415,0.8394472877268356,0.8392793694152699,0.8390049946024296,0.8385980804113112,0.8380621266676058,0.8376799988337735,0.8376426739453626,0.8376419882257671,0.8376419754459644
1.996793587174348,0.84071405450928,0.8406656400343268,0.8405799904125706,0.8404297932393898,0.8401676079702676,0.8397130076913669,0.8389768969776427,0.8380210714318539,0.8374696213129735,0.8374236586925042,0.8374229270727497,0.8374229072804853
2.007014028056112,0.8413828078510976,0.8413176780824998,0.8412019723014426,0.840997557777405,0.8406361023337374,0.8399959763454363,0.8389341147368673,0.8375855299096747,0.8368748548963459,0.8368204353640262,0.8368195120499451,0.8368194876504123
2.0172344689378754,0.8418663754741726,0.8417847049292985,0.8416393364842921,0.8413816701228508,0.8409235453153503,0.8401055576373626,0.8387399512328617,0.8370380532729975,0.8361767054917294,0.8361119480929573,0.8361108666951337,0.8361108411828033
2.027454909819639,0.8424153328756592,0.8423186004610805,0.8421462768930671,0.8418403977246649,0.8412953350528981,0.8403193690452582,0.8386900132227045,0.836689576529021,0.8356919039363749,0.8356150678680722,0.8356140463943743,0.8356140242862018
2.0376753507014023,0.8432327420879709,0.8431232154797621,0.8429280349803298,0.842581401598341,0.8419632716072394,0.8408559515866559,0.8390115002896421,0.8367715343763199,0.8356504600301623,0.8355565949539837,0.8355555208603641,0.8355555017505805
2.0478957915831657,0.8445518641645209,0.8444328400767441,0.8442207291020442,0.8438440284924412,0.8431723934136505,0.8419702983017059,0.8399752286307783,0.8375743368690041,0.8363602622845889,0.836247359198615,0.8362460435591419,0.8362460266235885
2.0581162324649296,0.8466072474715467,0.8464831815053439,0.8462621342789055,0.8458697343168935,0.8451707495243246,0.8439223965900129,0.8418618355064286,0.8394094446318034,0.8381650716959315,0.838039812608851,0.8380382344054151,0.8380382189340619
2.068336673346693,0.8495632759437848,0.8494394353816529,0.8492188951626004,0.8488277462679139,0.8481322060975384,0.8468945841178638,0.8448687497639243,0.8424990714839375,0.8413170174505272,0.8411958679729737,0.8411943430813775,0.8411943297399896
2.0785571142284565,0.8534165249212069,0.8532979193181665,0.853086859947226,0.8527130466906112,0.8520500986809676,0.8508769212292867,0.8489797747053396,0.8468196467174136,0.8457936947345033,0.8456957818874854,0.8456948147534737,0.8456948071303299
2.08877755511022,0.8579308539026567,0.8578206576289167,0.8576247502603506,0.8572783872165017,0.8566661887926424,0.8555902810789645,0.853876905001833,0.8519947019835974,0.8511712894358904,0.8511044332746603,0.8511039815140649,0.8511039790042115
2.098997995991984,0.8628050830454232,0.8627043425400038,0.8625254325578079,0.8622097308000393,0.8616537696675527,0.8606840040965942,0.8591652512094009,0.8575630407832288,0.8569342748162139,0.8568946850616412,0.8568942362123826,0.8568942331868861
2.109218436873747,0.8678521102382998,0.8677608024467384,0.8675988160661756,0.8673135359616869,0.8668130104120728,0.865946543899314,0.8646123800289429,0.8632636499469476,0.8628038299687727,0.8627893932552526,0.862789006806841,0.862789003607261
2.1194388777555107,0.8728734245615083,0.8727904601614562,0.872643411586398,0.8723848799275951,0.8719327433689681,0.8711551381927939,0.869974910700905,0.8688244104751942,0.8684871095036049,0.8684947036230393,0.8684948398342074,0.8684948399454536
2.129659318637274,0.8776032502939259,0.8775259742359899,0.8773890675742633,0.8771485560883014,0.8767285356480589,0.8760080788361971,0.874919687545874,0.8738649336823241,0.8735606164505231,0.8735746195302596,0.8735753105995621,0.8735753152753886
2.139879759519037,0.881838764937265,0.881763433953179,0.8816299221071424,0.8813951985621334,0.8809846462492127,0.880277755829477,0.879197690908728,0.8781040162969984,0.8777107282479096,0.8777019669746227,0.8777023873754487,0.8777023903238985
2.150100200400801,0.8856854902103716,0.8856096606137475,0.8854751405388276,0.8852382279449142,0.8848223949130188,0.8841007772326518,0.8829752325599899,0.8817572860582906,0.8811982350787277,0.8811467808023911,0.8811463243728882,0.8811463228073796
2.160320641282565,0.8894394210502722,0.8893634174623563,0.8892284719397491,0.8889904200588906,0.8885712319507313,0.8878385673471119,0.8866748100817285,0.8853465382380118,0.8846380495498896,0.8845476990591175,0.884546435210721,0.8845464295311357
2.1705410821643283,0.89336798346129,0.893294672591967,0.893164462876539,0.8929346108949477,0.8925293059824537,0.8918186348331167,0.8906799835441932,0.8893463244164819,0.8885899776384579,0.8884864261598776,0.8884850247208566,0.8884850184466986
2.180761523046092,0.897504685986258,0.8974376598657491,0.8973186570521283,0.8971087269228141,0.896738982247993,0.8960919832719912,0.8950586468368655,0.8938525413640365,0.8931748542561788,0.8930884503286136,0.8930875891155973,0.8930875864081833
2.190981963927855,0.9016118859614439,0.9015533530966301,0.90144954410141,0.9012667848708533,0.900946096846931,0.9003890469819533,0.8995127373686106,0.8985223689305885,0.8980058880487707,0.8979526601787277,0.8979523618236408,0.8979523610099116
2.2012024048096186,0.9053897748121932,0.9053400661003119,0.9052520645434813,0.9050976451431724,0.9048283692623104,0.904366501431939,0.903659803575632,0.9029120041615495,0.9025822850245764,0.902563747444529,0.9025638314549307,0.9025638316040056
2.2114228456913825,0.908558430237168,0.9085160962770297,0.9084413170275227,0.908310640043734,0.9080845632484457,0.9077031426117064,0.9071415359693673,0.9066054414135483,0.9064371902651089,0.9064444609728571,0.9064447574829552,0.9064447585058284
2.221643286573146,0.9109084636631428,0.9108707087871922,0.9108041478870128,0.910688255850539,0.9104891753389792,0.9101583804180365,0.9096893767184598,0.9092912235150735,0.9092239502690899,0.9092425425449333,0.9092428678370219,0.9092428695253978
2.2318637274549094,0.9123374144301093,0.9123007631417304,0.9122361954175429,0.9121239303911025,0.9119316140992698,0.9116140305981636,0.9111711622971692,0.9108164937135437,0.9107758972684169,0.9107907003378479,0.91079079897918,0.9107907985860734
2.242084168336673,0.9129053852338803,0.9128667518855155,0.912798653654514,0.9126801257861169,0.9124766779304968,0.9121393570050744,0.9116647095039686,0.91127397639457,0.9112053744135552,0.9112093526458234,0.9112093463921126,0.911209346236133
2.252304609218436,0.9126966961018129,0.912653353719847,0.9125768448077183,0.9124433212941344,0.9122129568872428,0.9118269065659025,0.9112698537725551,0.9107752974638725,0.9106378361566254,0.9106275244257837,0.9106274014974461,0.9106274013006627
2.2625250501002,0.9118537954484532,0.9118036228495531,0.911714909225474,0.9115596076788375,0.9112900909463725,0.9108329334773223,0.910154828605652,0.9095068172561953,0.9092769216307373,0.9092524533560409,0.9092521048358067,0.9092521030971971
2.2727454909819635,0.9105817016437596,0.9105234950438382,0.9104204276258018,0.9102395198141027,0.9099239912537621,0.9093833653995559,0.9085636487464172,0.9077392882365486,0.9074165811356768,0.9073838943189965,0.9073834231376476,0.9073834209443492
2.282965931863727,0.9090600345546253,0.9089931690356052,0.9088746331865375,0.9086661370270689,0.9083010571861265,0.9076706356622231,0.9066990356854385,0.9056884521244501,0.9052798213619848,0.9052459599209619,0.9052455119621103,0.9052455094883356
2.2931863727454904,0.9074409719416218,0.9073650968780915,0.9072304634647264,0.9069932477966073,0.906576553849718,0.9058524855939574,0.9047220968184158,0.9035163764548624,0.90302205660186,0.9029911465411731,0.9029909128484553,0.9029909112902329
2.303406813627254,0.905834194446488,0.9057488636237223,0.9055973231670684,0.9053299032172373,0.9048587869433278,0.9040354432571076,0.9027345891480222,0.9013121032286393,0.9007105255960544,0.9006784616926715,0.9006784426590144,0.9006784423312841
2.3136272545090177,0.9043655342839522,0.9042703542903255,0.904101184177758,0.9038022051675983,0.9032740056703692,0.9023456890252819,0.9008611686801147,0.899192714718112,0.8984445791584683,0.8983992781021409,0.8983991912537755,0.8983991910088901
2.323847695390781,0.9032458352196581,0.9031412179268443,0.9029551371112258,0.9026258251855225,0.9020425507400731,0.9010121485046343,0.8993457346836926,0.8974215799385403,0.8964965129380984,0.8964253151739362,0.8964247674278557,0.896424764502914
2.3340681362725446,0.9027923983481277,0.9026805502580685,0.9024815007884803,0.9021288875150202,0.9015031692553175,0.9003935664279135,0.8985838477195301,0.8964499401094111,0.8953634482502794,0.8952643275367399,0.8952633089981586,0.8952633034069218
2.344288577154308,0.9032957375914017,0.9031806677628756,0.9029758313126537,0.9026127910812246,0.9019679776812551,0.9008223360967734,0.8989456435856596,0.8967065627777867,0.8955253687584982,0.8954082041947742,0.8954070809711555,0.8954070758966466
2.3545090180360715,0.9048748528687752,0.9047612954218277,0.9045591575197921,0.9042009187894227,0.9035646858975638,0.9024343885495695,0.9005825032250473,0.8983673170072531,0.8971792842848733,0.8970563779172579,0.8970553074300107,0.8970553023750983
2.364729458917836,0.9075305311530552,0.907423314612536,0.9072325328879387,0.9068946426500802,0.9062952785594524,0.9052329785074593,0.9035005118075459,0.9014444377154281,0.9003453439765501,0.9002294511227333,0.9002285432650576,0.9002285390071192
2.374949899799599,0.9111297883725521,0.9110330743289471,0.9108611114513863,0.9105569738602549,0.9100188790892928,0.9090700422250834,0.9075389374941585,0.905760274322522,0.9048362848081469,0.9047381016520737,0.904737345544306,0.9047373427220659
2.3851703406813622,0.9154359769854825,0.9153526917849876,0.9152047951287212,0.9149438348106353,0.9144841651809559,0.9136807670366518,0.9124087695221038,0.910991854653261,0.9103074236078368,0.91023526741419,0.9102344817834025,0.9102344778812113
2.3953907815631257,0.9201964535131597,0.9201283353645466,0.920007623001366,0.9197954445888541,0.9194244188724893,0.9187855847205265,0.9178076697529729,0.9168061038077042,0.9164104496602012,0.9163760600922481,0.9163754665513064,0.9163754637841771
2.405611222444889,0.9250409433656365,0.9249876908338629,0.9248936198779525,0.9247292412646435,0.9244450512438842,0.9239673681914057,0.9232774638233092,0.9226846843447156,0.9225833676621323,0.9225941343863711,0.922593989635594,0.9225939878971705
2.415831663326653,0.9295586602676711,0.929517577957132,0.929445306321405,0.9293200026727708,0.9291066757765974,0.9287600816369254,0.9283031238048736,0.928038773295037,0.9281781428540977,0.9282316424876293,0.9282322835196762,0.9282322858865225
2.4260521042084164,0.9333115576617844,0.9332771990704771,0.9332169412077869,0.9331130749938576,0.9329383006301387,0.9326618619219831,0.9323254648268376,0.9322203654574284,0.9324679593565995,0.9325421659673621,0.9325433529883278,0.9325433590332097
2.43627254509018,0.9360404899456133,0.9360058409968712,0.9359449947365004,0.9358398506459343,0.9356620109878074,0.935377206552913,0.9350162861170671,0.9348501109150361,0.9350256462041863,0.9350843522830377,0.9350852330247025,0.9350852368548267
2.4464929859719438,0.937864388168494,0.9378235821250752,0.937751610290884,0.9376262069298488,0.9374105651521949,0.9370520046980487,0.936546302598857,0.9361382316260177,0.9360968079066935,0.9361123380275796,0.9361124238312105,0.9361124229887386
2.4567134268537067,0.9391571906457633,0.9391072730685587,0.939018876312448,0.9388636910956192,0.9385929008354108,0.9381282368094346,0.9374194814531799,0.9366862522708502,0.9363701440622835,0.936336092651925,0.9363355784816905,0.9363355760983622
2.46693386773547,0.9402991608740924,0.9402399629566256,0.9401348500952601,0.9399493982973294,0.9396227084561674,0.9390510417813202,0.9381396081387463,0.9370887875521695,0.9365170836892605,0.9364421017860319,0.9364411910356534,0.9364411880423251
2.477154308617234,0.9416124674478922,0.9415460632738708,0.9414279739254207,0.9412190395692214,0.9408490274671814,0.9401946441677037,0.9391275645329429,0.9378376674096863,0.9370857653784102,0.9369873507988177,0.9369861169293069,0.9369861106083184
2.487374749498997,0.943362347573459,0.943292611229438,0.9431685189810927,0.94294871492398,0.9425586356544292,0.9418659587440826,0.9407274097550087,0.9393328534287756,0.9385196071622849,0.9384233394924698,0.9384223771960517,0.9384223721745732
2.497595190380761,0.9455570544869353,0.9454877110136183,0.9453643177152604,0.945145753712845,0.9447578944351341,0.9440693363336465,0.9429389786374085,0.9415638363904222,0.9407898894092678,0.940712460514588,0.9407121141972724,0.9407121136250683
2.5078156312625244,0.948023472529262,0.9479567806677288,0.9478381478600842,0.9476281550097565,0.947255980086693,0.9465970400771447,0.9455221474211494,0.9442366046363431,0.9435463416854243,0.943486220899639,0.9434860524268759,0.9434860518040031
2.5180360721442883,0.950662888716062,0.9506003426227271,0.9504891553686667,0.9502925745338334,0.9499449543496497,0.9493323438654753,0.9483434718667149,0.9471907021928011,0.9466041842615028,0.9465553782308629,0.9465550628880681,0.946555060678445
2.528256513026052,0.9534241157546846,0.9533669180869015,0.9532653374027769,0.9530860639749066,0.9527701339507665,0.9522172875183269,0.9513389780957153,0.9503538298298311,0.9498896319809232,0.9498507743891786,0.9498503838731334,0.9498503817269063
2.538476953907815,0.9562156633667263,0.9561644765022479,0.9560736927977986,0.9559138732175384,0.9556335668582893,0.9551478957761169,0.9543937044556279,0.9535956583931668,0.9532665760175094,0.9532396832107043,0.9532393434270651,0.9532393421044982
2.5486973947895786,0.9589068496583081,0.9588615159914908,0.9587812463855124,0.958640371579219,0.9583947579065248,0.9579745069704484,0.9573411671518892,0.9567253304423675,0.9565302924578215,0.9565179952742602,0.9565177191352164,0.9565177175010823
2.558917835671342,0.9613765473333472,0.9613361483655416,0.9612647429443563,0.9611398401428842,0.9609234760800824,0.9605583913062976,0.9600270520935038,0.9595659543957231,0.9594907802934393,0.959496541404291,0.9594964843529004,0.9594964846413933
2.569138276553106,0.9634569550370706,0.9634193827364932,0.9633530528442465,0.963237289245358,0.9630376427444891,0.9627040336960068,0.9622307936480649,0.9618583452196623,0.9618570218668309,0.9618779442429607,0.9618779998358257,0.9618779990159253
2.5793587174348693,0.9650735236392983,0.9650361172483911,0.9649700801684001,0.9648548279656464,0.9646560673660515,0.9643239781960417,0.9638532102604978,0.9634850566062811,0.963495889021254,0.9635267434997657,0.9635271219794876,0.9635271228722935
2.5895791583166328,0.966150826402544,0.9661102472651085,0.9660384999011684,0.9659129235057639,0.9656951444313194,0.9653268257273107,0.9647880343202495,0.9643151643216284,0.9642496821161286,0.964275989796152,0.9642766178295071,0.9642766222205613
2.599799599198396,0.9666876574282696,0.9666403581180314,0.9665565199358721,0.9664090955233386,0.9661511054152824,0.9657062676880535,0.965023779336333,0.9643269703449812,0.9640798365642568,0.9640774104253432,0.9640774907392344,0.9640774896225455
2.61002004008016,0.9670123852355053,0.9669571221460607,0.9668589547244709,0.9666856341423408,0.9663799701217793,0.9658443578550368,0.9649911428643091,0.9640270351231942,0.9635584701967541,0.9635186569021106,0.9635183288711877,0.9635183269047903
2.6202404809619235,0.9674181955578879,0.9673557279200329,0.9672445933313387,0.967047824955844,0.9666989499373441,0.9660808972770502,0.9650720227515914,0.9638623095600305,0.9631862477774443,0.9631094322956609,0.9631087863359903,0.9631087840183858
2.630460921843687,0.9681737946215265,0.9681067403689337,0.9679873423589356,0.9677756050529729,0.9673990554876629,0.9667278842593767,0.965617578447571,0.9642446751758783,0.9634258640916394,0.9633207171298251,0.9633196839117183,0.963319679096474
2.6406813627254504,0.9695169403576541,0.9694496476241666,0.9693298014680511,0.969117192236643,0.9687388311150403,0.9680634755758377,0.9669427364816617,0.9655469021276003,0.9647017387688664,0.9645886608749779,0.9645874768895901,0.9645874720024894
2.650901803607214,0.9714991335562398,0.9714363725912475,0.9713246531906471,0.9711266422771188,0.9707748622263778,0.9701490808232502,0.9691180199938465,0.9678540509126459,0.9671126604942218,0.9670157573392878,0.9670146234720784,0.9670146183805408
2.6611222444889773,0.9740104433535732,0.973956301519785,0.9738600569094904,0.9736899033396434,0.9733890459726503,0.9728589528381933,0.9720035339963061,0.9710046102576784,0.9704802146687764,0.9704225381858272,0.9704218168176497,0.9704218134552725
2.671342685370741,0.9767428120746542,0.9766992662105316,0.9766220503752648,0.9764861673971034,0.9762480069629764,0.9758359042306319,0.9751976428909177,0.9745275529845396,0.9742730920125889,0.9742661339386595,0.9742660864780628,0.9742660850409313
2.6815631262525046,0.9792988112886295,0.9792650887035955,0.979205512660096,0.9791013940750407,0.9789213286622437,0.9786184827551189,0.9781809398744123,0.9778129148447086,0.9778019051223182,0.9778406449793422,0.9778414528245244,0.9778414572047864
2.691783567134268,0.9812345656820036,0.9812067580183861,0.9811577951689603,0.9810727602917643,0.98092750238288,0.9806897468485805,0.9803702350478929,0.9801735829335239,0.9802861239077364,0.980342166768678,0.9803431132139129,0.9803431172647746
2.7020040080160315,0.9824076339386437,0.9823809741102637,0.9823340559474546,0.9822526480432872,0.9821138350390842,0.9818874715214749,0.9815858751695802,0.9814042498595269,0.981501944955225,0.9815450332956007,0.9815455774911063,0.9815455792790017
2.712224448897795,0.9829159331162223,0.9828865452873204,0.982834708627715,0.9827443780592315,0.9825890205258312,0.9823306750165837,0.9819667621309702,0.9816774560080475,0.9816582272093378,0.9816696562209233,0.9816696420649987,0.9816696415674577
2.722444889779559,0.9829915658239281,0.9829573732234927,0.9828968921501472,0.9827909408926677,0.9826068277880733,0.9822936906516234,0.9818262173684488,0.9813699072408756,0.9811934302633205,0.9811703662022943,0.9811699147653452,0.9811699130009042
2.7326653306613222,0.9828798769358944,0.9828405833509978,0.9827709347064169,0.9826484499288115,0.9824340124005786,0.9820635239498653,0.9814894077504308,0.9808678125143132,0.9805501102141901,0.9805017974438289,0.9805010664031955,0.9805010630951888
2.7428857715430857,0.9827903367272688,0.9827470639841884,0.9826702741889066,0.9825349447083163,0.9822970661975664,0.9818827001763814,0.9812288657857722,0.9804908367300242,0.9800890095373215,0.9800324131160391,0.9800317166336611,0.9800317137391887
2.753106212424849,0.9828035826125371,0.9827578190044285,0.9826765715513608,0.9825332660280653,0.9822809762965524,0.9818401968529885,0.9811407004802752,0.9803448787797696,0.9799201485405303,0.9798698296147613,0.9798693634412926,0.9798693609462872
2.7633266533066125,0.9829146161782506,0.9828675373141246,0.9827839505775812,0.9826365079483186,0.982376911940597,0.9819234024988573,0.981204690554062,0.9803956077786644,0.9799908721709857,0.9799543158226004,0.9799542320756571,0.9799542312036176
2.7735470941883764,0.9830493043344487,0.9830012416166972,0.9829159125186956,0.9827654136964245,0.9825005093341083,0.9820381071368137,0.9813075504783797,0.9804972409289875,0.9801205707911568,0.9800946847258263,0.9800948687895263,0.9800948707669812
2.78376753507014,0.9831335501011101,0.9830840110084005,0.9829960516048409,0.9828408859274849,0.9825676875734357,0.9820906242562044,0.9813370019401656,0.9805060221017257,0.9801333001111585,0.9801063136770595,0.9801061336034592,0.9801061329684224
2.7939879759519037,0.9832702926232203,0.9832193796030668,0.9831289699650994,0.9829694487522647,0.9826884814693468,0.9821975754286952,0.9814217140498686,0.9805688666740359,0.9801942920010487,0.9801635656517056,0.9801629078459467,0.9801629029385577
2.8042084168336667,0.9836038832255684,0.9835526515404893,0.983461683886145,0.9833012054772525,0.9830186533535853,0.9825254174954892,0.9817480126925129,0.9809031947428876,0.9805523596640237,0.9805286123165589,0.9805282073478255,0.9805282059328867
2.81442885771543,0.9840507373300662,0.9839994378479191,0.9839083556994237,0.9837476956521892,0.9834648976369924,0.9829715478573063,0.9821954670920715,0.9813589801719789,0.981028106883406,0.9810134142474096,0.9810133297252186,0.9810133290572388
2.8246492985971936,0.9845500177705764,0.9844983157588567,0.9844065080740845,0.9842445329910988,0.9839593024679608,0.9834612923042818,0.9826764392434608,0.9818269917631703,0.9814900319334721,0.9814793053369477,0.9814794852290807,0.9814794858452298
2.834869739478957,0.9850560230110257,0.9850031565568834,0.9849092433200731,0.9847434288004941,0.984451013531554,0.9839388870519761,0.98312579172362,0.9822264811402738,0.981840122996525,0.9818211968118186,0.9818213376561181,0.9818213388523641
2.845090180360721,0.9856106028669365,0.985556116315323,0.9854592686944208,0.9852880869175218,0.9849855711800453,0.9844533773586308,0.9835992015945748,0.9826236407704142,0.9821527203719901,0.9821133613246382,0.9821130149409865,0.9821130125360776
2.8553106212424844,0.9864027783327372,0.9863477383197697,0.9862498671224826,0.9860767436605368,0.9857703397085977,0.9852295555331844,0.9843545278077315,0.9833299526359377,0.9827905338662108,0.9827323080237906,0.9827316541988128,0.9827316510942866
2.865531062124248,0.9875405384120348,0.9874869696578668,0.9873917111325007,0.9872231951850877,0.9869248850026946,0.9863980549691667,0.9855436057095924,0.9845322930387838,0.9839743803531457,0.983906693577789,0.9839059399615281,0.9839059359070037
2.8757515030060112,0.9890623642384605,0.9890127868743847,0.9889246711500305,0.9887689357220916,0.9884937197742668,0.9880092512650793,0.9872283334399661,0.9863126276371442,0.9858073522044227,0.9857447463881803,0.9857442224570505,0.9857442216018578
2.885971943887775,0.99083122569383,0.9907873514660522,0.9907094576260698,0.9905720647335872,0.9903301751231586,0.9899075349133423,0.9892367881882131,0.9884747800385922,0.9880728370422448,0.9880233167886071,0.9880227432965375,0.9880227405780251
2.8961923847695386,0.9927553927859104,0.9927185345486059,0.9926532276717955,0.9925384612804311,0.9923378190956652,0.9919922312767757,0.991460933006925,0.990901344417314,0.990650079668234,0.9906243093054853,0.9906238804075597,0.9906238768167793
2.906412825651302,0.9946582738935053,0.994628686850189,0.9945764328080516,0.9944851571062608,0.9943274296965652,0.9940623630401679,0.9936782344120276,0.9933376150662548,0.993259679577138,0.9932657316012408,0.9932659624800503,0.9932659641641065
2.916633266533065,0.9962049324922723,0.9961805217702342,0.9961375615517614,0.9960630169073971,0.9959358738629421,0.9957282661202315,0.9954494659451493,0.9952666844061284,0.9953146609860005,0.9953425750071894,0.9953431164461626,0.9953431201126842
2.926853707414829,0.9971996935294192,0.9971770097374196,0.9971371494787205,0.9970681834158029,0.9969512317486318,0.9967627511283864,0.996518967540597,0.9963885614233586,0.9964764627924936,0.9965079775709378,0.9965082178019747,0.9965082173130156
2.9370741482965923,0.9976955032269523,0.9976715586867121,0.9976294357868631,0.9975563999343019,0.9974320222413696,0.997229653377541,0.9969607441182637,0.9967942857735624,0.9968556455812453,0.9968818381177882,0.996882024728205,0.9968820245542366
2.947294589178356,0.9977355451525693,0.9977075801914596,0.9976582413774203,0.9975722241010087,0.9974241491947752,0.997177403727446,0.9968278494971672,0.9965438246117709,0.9965180409497763,0.9965311124709002,0.9965314000127451,0.9965314026081443
2.95751503006012,0.9973814777296451,0.9973469603814075,0.9972858597683286,0.9971786779704259,0.9969919497578427,0.9966727442557128,0.9961911558043149,0.9957130547812739,0.9955400516861995,0.9955284865200407,0.9955283765385607,0.9955283758292018
2.9677354709418835,0.9968993307877193,0.9968574548725164,0.9967831479581337,0.9966522110920542,0.9964221283465311,0.9960217646703887,0.995392754429259,0.9946996629402752,0.9943676472295783,0.9943312831466593,0.9943307814802416,0.9943307789353194
2.977955911823647,0.9965423986940963,0.9964939242550516,0.9964077802094861,0.9962555682570946,0.9959867164067888,0.9955140087139077,0.994754534946929,0.9938747588474135,0.9934126705572437,0.9933597935419557,0.9933591362635594,0.993359132547159
2.9881763527054104,0.9965002779353935,0.9964470294922368,0.996352328378142,0.9961847602549796,0.9958880070447943,0.9953635542243611,0.9945120860939828,0.9935056400280043,0.9929660163868408,0.9929084445184158,0.992908009166884,0.9929080076129608
2.998396793587174,0.9968154360904495,0.9967591961267352,0.9966591386314241,0.9964819773436101,0.9961678609277512,0.9956114700304124,0.9947043133463664,0.9936251143934502,0.9930480731956235,0.9929903810249417,0.9929900522818157,0.9929900509739725
3.0086172344689373,0.9975292722501828,0.9974718634737512,0.9973697196960676,0.9971888438737654,0.9968680818562773,0.9962997750914777,0.9953731378146718,0.9942730924876241,0.9936928671825745,0.9936367576345089,0.9936363477191972,0.9936363462937369
3.0188376753507007,0.9986706996871911,0.9986140006092764,0.9985131391458641,0.9983345991635973,0.9980182041772033,0.9974584880635367,0.9965492008731788,0.9954803151217329,0.9949301780267292,0.9948780143519969,0.9948773795659807,0.9948773761529713
3.029058116232464,1.0002719604988517,1.0002180548281738,1.0001222126906344,0.9999527222418312,0.9996529200305828,0.99912458698356,0.9982737323095983,0.9972949483117296,0.9968166763993694,0.9967761531196565,0.9967756046186306,0.9967756010323203
3.039278557114228,1.0022540642471798,1.0022044824078442,1.0021164015642017,1.0019608776696787,1.0016865917858142,1.0012061673843413,1.0004431279865909,0.9995954307484918,0.9992166532355883,0.999193491228156,0.9991934504761806,0.999193450078888
3.049498997995991,1.0044122730954217,1.0043670989789393,1.0042869202303346,1.004145584044367,1.0038971096231295,1.003464744576993,1.00278826626768,1.002064736756275,1.0017704709794122,1.0017582257553725,1.0017585580160517,1.001758560466401
3.0597194388777558,1.0065766955037665,1.0065349081338906,1.0064607863346606,1.006330276594825,1.0061013359367466,1.005704745230916,1.0050904706986903,1.004448775429979,1.0041943408526768,1.0041780986011384,1.0041781397899625,1.0041781399423102
3.0699398797595188,1.0087725590908136,1.008733608292691,1.0086645472524982,1.0085430432841191,1.0083302172236746,1.0079626537039534,1.0073970975242064,1.0068143468679758,1.0065796711427717,1.0065542724043264,1.006553801720168,1.006553799263098
3.080160320641282,1.0110729741509845,1.0110371771310847,1.0109737429883308,1.010862253342031,1.010667351681405,1.0103321143442432,1.0098211347753188,1.0093072705622055,1.0091093175600003,1.0090835111412864,1.0090828056354502,1.0090828019304392
3.0903807615230456,1.0134756344314706,1.0134435880854744,1.0133868516991238,1.0132873020341302,1.0131138399737798,1.0128175429052035,1.0123735283901536,1.0119501050922852,1.0118203382561428,1.0118094805134046,1.011809093066346,1.0118090912115545
3.100601202404809,1.0158221832972125,1.0157935268848828,1.0157428373535744,1.0156540457760372,1.015499830243996,1.0152382536152629,1.014853262439242,1.014509392728782,1.014448037770961,1.0144587324575258,1.0144589204466599,1.014458920518174
3.1108216432865725,1.0179164939882996,1.0178895854808045,1.0178419873323543,1.0177586094422135,1.01761379066968,1.017368140282084,1.0170066939443638,1.0166866779543449,1.0166481272825454,1.01667277908225,1.0166735261175097,1.0166735309649444
3.121042084168336,1.0195670541963373,1.0195389658189737,1.0194891905103263,1.0194017023793245,1.0192487367413396,1.0189855482281425,1.0185843302316162,1.0181865230535085,1.0180758433133459,1.0180894439981032,1.018089855831228,1.018089856803276
3.1312625250500994,1.0209116239959468,1.0208806963200499,1.0208257568681973,1.0207287560133602,1.0205576810329382,1.0202579033521513,1.019780629894764,1.0192456117658852,1.019004303563134,1.0189915723541205,1.018991487094002,1.0189914863580185
3.141482965931863,1.0221415859708138,1.0221078347128973,1.0220477576055065,1.021941285648989,1.0217521551365485,1.02141579128101,1.0208619819292901,1.020186655338823,1.019805764247496,1.019763004065605,1.0197624694444904,1.019762466873163
3.1517034068136263,1.0234595132321853,1.0234247415855877,1.0233627693300156,1.023252679518191,1.023056245369941,1.0227036721190081,1.0221112319208325,1.021353341531138,1.0208785327705543,1.0208144180441856,1.0208136771452527,1.0208136734558042
3.1619238476953906,1.024980161416782,1.024947332077274,1.0248887942678395,1.024784714383917,1.0245986867565435,1.024263568702299,1.0236955682755653,1.0229530980596677,1.0224663359947117,1.0223968234080805,1.0223961901189569,1.0223961881143462
3.172144288577154,1.0266545004950698,1.0266265330650255,1.0265766838987278,1.0264881124117435,1.026329986558823,1.0260456605109214,1.0255648305013745,1.0249358322839237,1.0245188203220648,1.0244575981405792,1.02445700161356,1.0244569993785582
3.182364729458917,1.028381341248749,1.0283607870273206,1.028324221266568,1.0282594755469148,1.0281446080379117,1.0279404679269812,1.027602591820098,1.0271755895308492,1.026904073543261,1.0268647963481865,1.0268642820111311,1.0268642796277596
3.192585170340681,1.0299691497182233,1.0299575361549123,1.0299370105634496,1.0299011000656941,1.0298388036689654,1.0297329008063167,1.0295730168549775,1.0294056364033053,1.0293314901332273,1.0293252944259104,1.0293250880422251,1.0293250857228917
3.2028056112224443,1.031150144380474,1.0311473768375654,1.0311427342695565,1.0311354176944565,1.0311253897822505,1.0311176484117925,1.0311373301775713,1.0312363018327853,1.0313696141040711,1.0314010061217864,1.0314015285713705,1.031401532146078
3.213026052104208,1.0315208092911066,1.0315240342930942,1.0315301583989651,1.0315422473506752,1.031567764300855,1.0316270104024443,1.0317698500940904,1.0320514738410753,1.0323213575210044,1.0323742146215702,1.0323749225872603,1.032374925549383
3.223246492985971,1.0309123540451748,1.0309176703132108,1.0309275629143086,1.0309464795685785,1.030984616685181,1.0310680121760698,1.031256205829349,1.0316049549818536,1.0319161498492322,1.0319711578490844,1.0319717420859467,1.0319717436367903
3.233466933867734,1.0293134253790504,1.0293169343213762,1.0293236039445488,1.0293367889544387,1.0293646779329246,1.0294295838836023,1.0295861179785422,1.0298895821952052,1.0301542244958182,1.0301961154485288,1.0301965587444606,1.0301965616425848
3.243687374749498,1.0267807315175563,1.0267788613228332,1.0267759046095328,1.026771862152436,1.026768595968918,1.0267761299933615,1.0268312157363253,1.02698936411619,1.0271327423756516,1.0271483389377276,1.0271482856235403,1.0271482844019104
3.253907815631261,1.0235754622809952,1.023566374457807,1.0235505048439235,1.0235233658495595,1.0234783778689918,1.0234093000245346,1.0233300766056925,1.0233020306786733,1.0233060360819206,1.0232968818634505,1.0232966278270055,1.023296625937403
3.264128256513026,1.0199035150206388,1.0198864968001897,1.0198564498129488,1.0198039885967507,1.019713383682539,1.0195610365806376,1.0193379466216326,1.0191189161390197,1.0189970277489655,1.018969863820139,1.018969641411891,1.0189696410110411
3.2743486973947893,1.0159149214792405,1.0158898183809335,1.0158453294706127,1.0157671123665708,1.0156302440299283,1.015393973580432,1.0150280940203529,1.0146280759558641,1.0144032969671402,1.014363558149538,1.0143631569757972,1.014363156294389
3.2845691382765527,1.0117860969528667,1.011753440406483,1.011695473587598,1.0115932688955491,1.011413482698528,1.0111000114199182,1.0106054712531622,1.0100525636253546,1.0097608106091784,1.0097165225397549,1.009715684972307,1.0097156793358155
3.294789579158316,1.0077538531982813,1.0077153006181592,1.0076468396460085,1.007526045410502,1.0073133004627781,1.006941696264997,1.0063549555353326,1.0057099857079421,1.0054151654213417,1.005385413658646,1.0053848523838576,1.0053848496906137
3.30501002004008,1.0037954780751832,1.0037517685776078,1.0036741391064519,1.0035371373434905,1.003295772932998,1.002874138169595,1.002209912718977,1.0014951246665373,1.0012185675108531,1.0012109645514167,1.0012109162966143,1.0012109159969689
3.315230460921843,0.9998442784556894,0.9997949092645718,0.9997071970004222,0.9995523033606911,0.9992791089177918,0.9988009140067342,0.998045277085067,0.9972332083595301,0.9969424165329744,0.9969494882738709,0.9969498726772655,0.9969498732719767
3.3254509018036065,0.9958960921103244,0.9958398503565852,0.9957398585054964,0.9955630546016893,0.9952504659969003,0.9947006659077057,0.9938226995531493,0.9928551922169687,0.9924820250803158,0.9924854572716105,0.9924861421359501,0.9924861457981075
3.33567134268537,0.9920135781352674,0.9919491285691675,0.991834436301731,0.9916312859671336,0.9912709252647279,0.9906327488419944,0.9895975416505843,0.98840716941659,0.9878683551108582,0.9878422539906755,0.9878425827420562,0.9878425858633071
3.3458917835671333,0.9884809941034275,0.9884087226028757,0.9882800031784941,0.9880516531095255,0.9876453908153235,0.98692147942976,0.9857303116084165,0.9843060082474597,0.9835682729432622,0.9834982296027726,0.9834976705053139,0.9834976682941087
3.356112224448897,0.9857480239807791,0.9856714897715542,0.9855351251251963,0.9852930356807155,0.9848617203892442,0.9840908413658064,0.9828130863540255,0.9812527404511613,0.9803862893881538,0.9802864914041182,0.9802855929909758,0.980285590657607
3.366332665330661,0.9840523073564752,0.9839767726588093,0.983842210450225,0.9836033876831932,0.9831780960101443,0.9824185712168874,0.9811607750903806,0.9796226928175493,0.9787556714215909,0.9786543357153205,0.9786538214053034,0.97865382229579
3.3765531062124245,0.9833641205389307,0.9832946707494821,0.9831710448100974,0.9829519417099452,0.9825627793258415,0.9818712515481336,0.9807374205968271,0.979377738970796,0.9786379615620954,0.9785609813290349,0.9785612855245195,0.9785612924470425
3.386773547094188,0.9834190148184461,0.9833589216039306,0.983252109116497,0.9830633150833854,0.9827296655004523,0.9821426119404569,0.9811996513630726,0.9801179879580689,0.9795832611761855,0.9795418447853464,0.9795427354399343,0.9795427447470512
3.3969939879759514,0.9839398902629712,0.9838906705111304,0.9838033995065942,0.9836498394164668,0.9833807468152866,0.9829152726112829,0.982194751160806,0.9814381652620391,0.981143934217772,0.9811415104759189,0.9811428999308519,0.9811429121565801
3.407214428857715,0.9846031701051934,0.9845642986606749,0.9844956318241299,0.9843756353786671,0.9841680987734295,0.9838187159920242,0.9833109048461827,0.982864834144744,0.9827972477565255,0.9828290632582625,0.9828308458323709,0.9828308608952502
3.4174348697394783,0.9850866267761931,0.9850555359442471,0.9850008693644009,0.9849061676790232,0.9847451308893975,0.9844837264684365,0.9841374953805082,0.9839254756763326,0.9840210333147774,0.9840736006303579,0.9840754242268462,0.9840754381624861
3.4276553106212417,0.9851775851393626,0.9851504331844342,0.985102877621632,0.9850210947553573,0.9848840179320056,0.9846685089368177,0.9844074703371906,0.984316422237282,0.9844849219000895,0.9845416106847482,0.9845432052219438,0.9845432170820988
3.437875751503005,0.9847162630585772,0.9846881952689481,0.9846390437933416,0.9845545350079362,0.9844129149196448,0.9841900593954881,0.983917542148636,0.9838044993860174,0.983931939852611,0.983970245093266,0.983970952332757,0.9839709568842118
3.4480961923847686,0.983685929240913,0.9836520218677685,0.9835924456161347,0.9834893533721198,0.9833143210022985,0.9830302784236404,0.9826488696577607,0.9823709444925932,0.982344841422155,0.9823413549530204,0.9823402618765865,0.9823402515074081
3.458316633266532,0.9822254053442988,0.9821817212068017,0.9821046660868719,0.9819703393062249,0.9817389265688291,0.9813510945099015,0.9807845957313609,0.9802328583216219,0.979971749177672,0.9799094662100641,0.97990575082465,0.9799057190482143
3.4685370741482964,0.9805235376142655,0.980467403531587,0.9803680875410635,0.9801939742430977,0.9798907365785096,0.9793707634544527,0.9785695624825583,0.9776764643629877,0.9771342516959546,0.9770026250742224,0.9769954729580066,0.9769954124737833
3.47875751503006,0.978746326635776,0.9786761214070472,0.9785516525254428,0.9783326070956041,0.977948340253856,0.9772796468430296,0.9762158804552988,0.9749467769932547,0.9741029562405777,0.9738948026114442,0.9738833068169583,0.9738832082156555
3.4889779559118232,0.9770225892092992,0.976937511306618,0.9767864702691959,0.9765200017829249,0.976050365140925,0.9752255427243718,0.9738882293622244,0.9722335549688894,0.9710858791965582,0.9707965483803876,0.9707799533575493,0.9707798103052507
3.4991983967935867,0.9753745814667228,0.9752738521703591,0.9750948588727127,0.974778540749265,0.9742192894564803,0.9732310166479655,0.9716088951906556,0.969556539206215,0.968094755097304,0.967715048237855,0.9676923791372032,0.9676921823693483
3.50941883767535,0.9738191165536858,0.9737019510558709,0.9734936118473467,0.973124984351748,0.9724717825303154,0.971312446473668,0.9693932013178982,0.9669273219971114,0.9651335007882581,0.9646516195887668,0.9646219407479368,0.9646216824143595
3.5196392785571136,0.9723690459618103,0.9722346520764267,0.971995557086645,0.9715721214550462,0.9708205282497004,0.9694821910605587,0.9672523941987166,0.9643536175842924,0.9622040686765572,0.9616074297272512,0.9615699118672021,0.961569585056027
3.529859719438877,0.9710328230692127,0.9708804056083606,0.9706091365802406,0.9701283691454996,0.9692738650515195,0.9677483195740134,0.9651935884370546,0.9618396803292825,0.9593071656529955,0.9585835816894291,0.9585374866601697,0.958537084990708
3.5400801603206404,0.9698146740099877,0.9696434435292755,0.9693385897272814,0.9687979713280609,0.9678360149696786,0.9661149064721014,0.9632202121294866,0.9593870199291975,0.9564428414440249,0.9555811241524984,0.9555257827160106,0.9555253003061502
3.550300601202404,0.968715110849873,0.968524295206964,0.9681844745129731,0.9675815296701777,0.9665076338253441,0.9645826221504976,0.9613326817330617,0.9569951680322046,0.953610879759725,0.9526010434697061,0.9525358442359309,0.952535275708001
3.5605210420841678,0.9677316001632243,0.9675204573539804,0.967144339714166,0.9664766802048208,0.9652864963399133,0.9631494348115595,0.9595291301730542,0.954662362499979,0.9508110138335478,0.9496442592417415,0.9495686451697971,0.9495679856361224
3.570741482965932,0.9668592628601739,0.9666270937993703,0.9662134245692515,0.9654787927872307,0.9641681950018826,0.9618113065237809,0.9578060840064268,0.9523860921263284,0.9480430183140242,0.9467116250363655,0.9466250922203259,0.9466243372644051
3.580961923847695,0.9660915292139324,0.9658376894278871,0.9653853107222632,0.9645816192912753,0.9631467807873699,0.9605628167463381,0.9561590371554418,0.9501634921467487,0.945306728958937,0.9438039313137425,0.9437060277318202,0.943705173390887
3.5911823647294585,0.9654207081988063,0.9651446177278393,0.9646524864937781,0.9637778517589572,0.962215309284069,0.959397682108481,0.9545829033480014,0.9479916067087036,0.9426020287030333,0.9409219086047725,0.9408122324726351,0.9408112752211543
3.601402805611222,0.9648384546395905,0.9645396057616653,0.9640068078696625,0.9630595759799264,0.9613662798456961,0.9583091647433454,0.9530723506933033,0.9458675454870621,0.9399288239664858,0.9380662303744116,0.9379444283158752,0.9379433650495252
3.6116232464929854,0.9643361335220503,0.9640140961764309,0.9634398563152472,0.96241862152432,0.9605919705876662,0.9572903757550004,0.9516220333284175,0.9437885634496,0.937287023245719,0.9352375156022866,0.9351032808210351,0.9351021088411311
3.621843687374749,0.9639050902010893,0.9635595151989543,0.9629432027394229,0.961846818257106,0.9598846806044486,0.9563344879540313,0.9502267398528599,0.9417520896112339,0.9346765222811618,0.9324363312034638,0.9322894017197654,0.9322881187181289
3.632064128256512,0.9635368399660753,0.9631674602213722,0.9625085914803875,0.9613361736935099,0.9592368946877062,0.9554348749300432,0.9488814787656106,0.9397557253336868,0.9320971959067906,0.9296631943553727,0.9295033513095253,0.9295019553537935
3.642284569138276,0.9632231919554402,0.9628298220590765,0.9621280595568249,0.9608789867321466,0.9586413866175094,0.9545851934970121,0.9475815191611588,0.9377972271067317,0.9295488949654331,0.9269185747470058,0.9267456407576866,0.9267441302770364
3.652505010020039,0.9629563219102587,0.9625388564129451,0.9617940057915284,0.9604679125045616,0.9580912759896343,0.9537794247941257,0.9463224018165018,0.9358744837544958,0.9270314463773812,0.9242028967502104,0.9240167343194975,0.9240151080907677
3.6627254509018026,0.9627288065795385,0.9622872173538867,0.9614992226333867,0.9600959911754754,0.9575800514047316,0.9530118867287416,0.9450999323470743,0.9339854940492288,0.9245446548004338,0.9215165415116129,0.9213170514729581,0.9213153086071524
3.672945891783567,0.9625336303551072,0.9620679633859731,0.9612369011935066,0.9597566511304243,0.9571015702871399,0.9522772275963054,0.9439101648242612,0.932128347846126,0.9220883048450318,0.918859848965786,0.9186469689731317,0.9186451089022856
3.6831663326653294,0.9623641723416938,0.9618745442538721,0.9610006175880612,0.9594436945065419,0.9566500430192169,0.9515704079668016,0.9427493813825605,0.9303012119478731,0.91966216327508,0.9162331197724328,0.9160068228289638,0.9160048452933613
3.6933867735470938,0.9622141798289566,0.9617007744094946,0.9607843064087491,0.9591512707146095,0.9562200067109927,0.9508866754879635,0.9416140709862653,0.9285023207526316,0.9172659809508271,0.9136366171801611,0.9133969102050387,0.9133948152407575
3.703607214428857,0.9620777321960567,0.9615407971087859,0.9605822251841246,0.9588738416203737,0.9558062919115262,0.9502215352184197,0.9405009086643982,0.9267299711069275,0.9148994944593435,0.9110705688197899,0.9108174912510872,0.910815279177863
3.7138276553106206,0.96194919774656,0.9613890415707198,0.9603889121458717,0.9586061404869086,0.9554039839778695,0.9495707165022493,0.9394067350990452,0.9249825204637987,0.9125624274648443,0.9085351684295367,0.9082687908615797,0.9082664622709671
3.724048096192384,0.961823184908316,0.961240174561491,0.9601991385344955,0.9583431256822512,0.9550083796913841,0.9489301362406498,0.9383285353994641,0.9232583872628375,0.9102544918394383,0.9060305775145597,0.9057510003679139,0.9057485561117367
3.734268537074148,0.9616944886919325,0.9610890472187126,0.9600078561178644,0.9580799295720378,0.9546149390839495,0.9482958577178087,0.9372634151624212,0.9215560522672844,0.9079753886402308,0.9035569269431776,0.9032642791655576,0.903261720344626
3.744488977955911,0.9615580333395763,0.9609306379598074,0.9598101406090801,0.9578118029989284,0.9542192323571357,0.94766404393143,0.936208571498165,0.9198740593225267,0.9057248090088565,0.901114318481903,0.9008087562783129,0.9008060842313987
3.7547094188376735,0.9614088127838893,0.9607599929967962,0.9596011323291801,0.9575340563719738,0.9538168823188699,0.9470309047340075,0.9351612566359773,0.9182110135941066,0.9035024351023828,0.8987028262715062,0.8983845318619443,0.8983817481549965
3.764929859719438,0.9612418319615456,0.9605721673945637,0.9593759768556945,0.9572419997446203,0.9534035040267879,0.9463926381212214,0.934118732123165,0.9165655748098933,0.9013079412269734,0.8963224982462912,0.8959916786493858,0.895988785064972
3.775150300601202,0.9610520542853307,0.9603621718618119,0.9591297706351511,0.956930886462862,0.9529746454430379,0.9457453678624917,0.9330782126784741,0.9149364424490714,0.899140995429259,0.893973357498441,0.8936302433394012,0.8936272418663646
3.7853707414829656,0.9608343637671557,0.9601249336515687,0.9588575197211366,0.9565958681324939,0.952525736012442,0.9450850825405656,0.9320368007087155,0.9133223293644629,0.8970012618725743,0.8916554035894575,0.8913002479308193,0.8912971407541334
3.795591182364729,0.9605835544660362,0.9598552841401098,0.9585541240072558,0.9562319728807445,0.9520520543008502,0.9444075851435751,0.9309914156571705,0.9117219202915179,0.8948884043136552,0.8893686138104373,0.8890016910041766,0.8889984804949863
3.805811623246493,0.9602943651048395,0.9595479908503749,0.9582144045680568,0.955834124205186,0.9515487312464136,0.9437084677940393,0.9299387270670706,0.910133812539745,0.8928020907786929,0.8871129443931024,0.8867345489526975,0.8867312376585319
3.816032064128256,0.9599615827259584,0.9591978577634303,0.9578331978878231,0.9553972240220229,0.951010812141141,0.9429831330700809,0.9288751068314821,0.9085564385055986,0.8907419989415604,0.884888331673749,0.8844987771642667,0.8844953677994122
3.8262525050100193,0.9595802458072318,0.9587999243938622,0.9574055475339094,0.9549163305575238,0.950433407935067,0.9422268915578716,0.9277966247698337,0.9069879742820649,0.8887078205359193,0.8826946932136652,0.882294311156371,0.8822908065923891
3.836472945891783,0.9591459837059239,0.9583498006679988,0.9569270306039783,0.9543869688771688,0.9498119742944431,0.941435174349596,0.9266991223808163,0.9054262464660461,0.8866992612510652,0.8805319288794042,0.8801210676653718,0.8801174709217505
3.846693386773546,0.9586555346007765,0.957844180100273,0.956394262012987,0.9538056180972878,0.9491427640622052,0.9406039082890083,0.9255784118979642,0.9038686611412559,0.8847160300713944,0.8783999218823454,0.8779789456919749,0.8779752599268994
3.8569138276553097,0.9581074866736498,0.957281576523855,0.9558056227931973,0.953170423076896,0.9484235037715311,0.9397301093349055,0.9244306604530407,0.9023121954904956,0.8827578095392357,0.8762985397601859,0.8758678275044084,0.8758640560056383
3.867134268537073,0.9575032848425896,0.9566633274157593,0.9551622567595848,0.9524821773141067,0.947654345279812,0.9388127530604002,0.9232530300656479,0.9007535133679683,0.8808241974774266,0.8742276352560335,0.8737875796006532,0.873783725776494
3.877354709418837,0.9568485348352792,0.9559948965502978,0.9544693699916438,0.9517456146526562,0.9468391360872838,0.9378539775279874,0.9220446497837844,0.8991892898395325,0.8789146141389921,0.8721870470584117,0.8717380536314645,0.8717341210018325
3.887575150300601,0.9561546137573402,0.955287486263045,0.9537378454804255,0.9509710260022601,0.9459870320329815,0.9368606577527024,0.9208079912939018,0.897616852295221,0.8770281809065926,0.8701766005362943,0.8697190872853319,0.8697150794729215
3.897795591182364,0.9554405565844014,0.9545599299767363,0.9529861458547488,0.9501761782805563,0.9451144381753985,0.9358463563999329,0.9195506962848687,0.8960352600167024,0.8751636029925384,0.8681961091003579,0.8677305051371582,0.867726425858523
3.908016032064128,0.9547351253285548,0.953840772894646,0.95224241426158,0.9493884498737752,0.9442472009693433,0.9348335944978617,0.9182878530466553,0.8944469382708158,0.8733191339267222,0.8662453774261538,0.8657721194621675,0.8657679725181099
3.918236472945891,0.9540788755307963,0.9531703563441437,0.9515465904989742,0.9486470030342595,0.9434228796678698,0.9338562897861435,0.917044629229847,0.8928599397684795,0.8714927643532888,0.8643242069156,0.8638437310142557,0.8638395202811529
3.928456913827655,0.9535259066855586,0.9526025925184965,0.9509522295501621,0.948004681573073,0.9426927892492077,0.9329620692774748,0.9158590237447083,0.8912908023100002,0.8696828509309021,0.8624323977226785,0.8619451297586213,0.8619408591921544
3.938677354709418,0.9531448135774432,0.9522059455708854,0.9505275367868712,0.947529145608745,0.9421233239315195,0.9322139676827652,0.9147842895212831,0.8897677779858927,0.8678894509129176,0.8605697274910001,0.8600760955784225,0.8600717692248019
3.9488977955911815,0.9530181410206661,0.952062918780046,0.950354914734473,0.9473025300807101,0.9417958348386685,0.9316907681206973,0.9138902886076361,0.8883338953840835,0.8661165893664411,0.8587358760952111,0.858236399149878,0.8582320209858703
3.959118236472945,0.9532393863385092,0.9522670869810607,0.9505280514727207,0.9474186410805419,0.9418040480176055,0.9314849251522308,0.9132626665021557,0.8870488547575345,0.8643754523265854,0.8569303103278023,0.8564258030428633,0.8564213764158843
3.969338677354709,0.9539063007076339,0.9529164172862037,0.9511452792065479,0.9479763926368816,0.9422476787772535,0.9316966416312822,0.9129982807354259,0.8859881349852536,0.8626879255441112,0.8551523425387301,0.8546440602699615,0.8546395892044334
3.9795591182364727,0.9551089320721055,0.9541013093646098,0.9522976137037871,0.9490678574951331,0.9432205475163696,0.9324222746742548,0.9131948173963346,0.8852369309561926,0.8610888335402885,0.8534019562286465,0.8528909047728161,0.8528864043594777
3.989779559118236,0.9569105646080298,0.9558854955571106,0.9540495883256451,0.9507589973251617,0.9447911723602743,0.933734869573552,0.9139320382138078,0.8848757188962827,0.8596236024059479,0.8516820689412511,0.8511660657796938,0.851161560185007
4.0,0.9593195003722782,0.9582777293471106,0.9564107801935215,0.9530609132848539,0.9469735728803451,0.9356543426275965,0.9152417249047055,0.8849535337532217,0.8583360314923986,0.8500010427981645,0.8494694417038356,0.8494648064934376
