x_transformed,x_real,fgpr_mean_real,fgpr_std_real,fgpr_upper_real,fgpr_lower_real,fgpr_std_predictive_real,fgpr_upper_predictive_real,fgpr_lower_predictive_real,fgpr_mean_norm,fgpr_std_norm,fgpr_upper_norm,fgpr_lower_norm,fgpr_std_predictive_norm,fgpr_upper_predictive_norm,fgpr_lower_predictive_norm,sigma_btw_squared,nll
-1.1,0.07943282247242814,-0.03104978941047301,0.0018545500265959877,-0.027414938150817074,-0.03468464067012895,0.004671881394196025,-0.021893070137806028,-0.04020650868313999,1.7609249826179634,0.10517699267377843,1.9670681002608021,1.5547818649751246,0.26495615007594653,2.280229494249208,1.2416204709867187,0.059139561675167436,623.259317864246
-1.0897795591182369,0.08132431905650853,-0.031150721389990706,0.0018164090768310603,-0.02759062501821018,-0.034710817761771234,0.004656872544388786,-0.02202341892239528,-0.04027802385758613,1.7666491323675215,0.10301390710775578,1.9685526802054776,1.5647455845295655,0.2641049540102813,2.2842853303662802,1.2490129343687628,0.059139561675167436,623.259317864246
-1.079559118236473,0.0832608569619369,-0.031259365332205684,0.001797840396901074,-0.027735662904328384,-0.034783067760082984,0.004649661283686934,-0.022146196675869017,-0.04037253398854235,1.7728106502292795,0.10196082259401926,1.972650190347635,1.572971110110924,0.2636959821825439,2.2896452781749814,1.2559760222835776,0.059139561675167436,623.259317864246
-1.0693386773547096,0.08524350873658111,-0.03144747614643903,0.0017842625898893696,-0.027950385731293704,-0.03494456656158435,0.004644428161783379,-0.02234456422056004,-0.04055038807231802,1.7834789683909602,0.1011907851789503,1.9818092629090323,1.5851486738728882,0.2633991964306268,2.29973190695178,1.2672260298301405,0.059139561675167436,623.259317864246
-1.059118236472946,0.08727337246838893,-0.03176698311502005,0.0017688868832275446,-0.028300028531168753,-0.03523393769887134,0.004638542957216444,-0.0226756059781339,-0.040858360251906194,1.8015991493576329,0.10031878358086278,1.998220352148992,1.6049779465662737,0.26306542915083203,2.317197916070837,1.2860003826444288,0.059139561675167436,623.259317864246
-1.0488977955911825,0.08935157239356134,-0.032144226278029764,0.0017486548664771388,-0.028716925718343875,-0.03557152683771565,0.00463086534055375,-0.0230678969932896,-0.04122055556276993,1.822993719912806,0.09917136633839616,2.0173660262336903,1.6286214135919215,0.2626300089033845,2.337739078622873,1.3082483612027387,0.059139561675167436,623.259317864246
-1.038677354709419,0.09147925951920907,-0.032187708867350555,0.0017399714130430302,-0.02877742756365695,-0.03559799017104416,0.004627593378689919,-0.02311779251002229,-0.04125762522467882,1.825459745586335,0.09867890212598626,2.018866839787221,1.632052651385449,0.26244444631189556,2.339841408300206,1.311078082872464,0.059139561675167436,623.259317864246
-1.0284569138276554,0.09365761226083551,-0.031668400538038946,0.001755403014856974,-0.028227873850566246,-0.03510892722551164,0.0046334177131850274,-0.022587068694866354,-0.04074973238121154,1.7960082411436682,0.09955407370273199,1.991130640115269,1.6008858421720673,0.26277476147068696,2.3110373096723182,1.2809791726150181,0.059139561675167436,623.259317864246
-1.018236472945892,0.09588783709499979,-0.031082075173839926,0.0017683899095881032,-0.0276160946404232,-0.03454805570725665,0.004638353461371917,-0.02199106944198427,-0.04017308090569558,1.7627560033229384,0.10029059874244647,1.9593219648460916,1.5661900417997852,0.2630546822835242,2.2783337065632723,1.2471783000826044,0.059139561675167436,623.259317864246
-1.0080160320641285,0.09817116922752188,-0.03063133932984016,0.001775587275205242,-0.027151252219030274,-0.034111426440650044,0.004641102254008049,-0.021534946063416716,-0.0397277325962636,1.7371934464318806,0.10069878253901612,1.934559433495383,1.539827459368378,0.26321057440765466,2.2530766926209838,1.2213102002427774,0.059139561675167436,623.259317864246
-0.9977955911823648,0.10050887327759882,-0.030318352374918558,0.001780840867843659,-0.02682796841174793,-0.03380873633808918,0.004643114704255105,-0.02121801477849021,-0.039418689971346905,1.7194430346378131,0.10099672924658272,1.9173929865174584,1.5214930827581679,0.2633247063867631,2.235549975395453,1.2033360938801732,0.059139561675167436,623.259317864246
-0.9875751503006012,0.10290224397821154,-0.03009067017262602,0.001785853248846973,-0.026590462123212106,-0.03359087822203993,0.004645039481716501,-0.020986560081695083,-0.03919478026355696,1.7065305065425607,0.10128099613208237,1.9050376112797827,1.5080234018053387,0.2634338661840469,2.2228513965714365,1.1902096165136848,0.059139561675167436,623.259317864246
-0.9773547094188376,0.10535260689321052,-0.029902803318912936,0.0017907945499035884,-0.026392910497391286,-0.033412696140434586,0.00464694147587983,-0.020794965387923067,-0.039010641249902805,1.6958760241003183,0.10156123186451205,1.8949323807802836,1.496819667420353,0.26354173387341256,2.2124083309154465,1.1793437172851902,0.059139561675167436,623.259317864246
-0.9671342685370744,0.10786131915147663,-0.029730449452250382,0.001795495017228026,-0.02621134388406233,-0.033249555020438436,0.004648754921178195,-0.020619057233787784,-0.03884184167071298,1.686101328831225,0.10182780920686237,1.8856801675012913,1.4865224901611587,0.26364457969591676,2.2028352097544217,1.1693674479080283,0.059139561675167436,623.259317864246
-0.9569138276553107,0.11042977019856483,-0.029566022883632945,0.0017997941345903338,-0.026038491200249456,-0.03309355456701643,0.004650417065940816,-0.02045137292129852,-0.03868067284596737,1.6767762139759554,0.1020716248110977,1.876832922449192,1.476719505502719,0.26373884481953913,2.1936948511464505,1.1598575768054604,0.059139561675167436,623.259317864246
-0.9466933867735472,0.11305938256624523,-0.02941070639753169,0.0018035724308523233,-0.02587576938955178,-0.0329456434055116,0.004651880638367495,-0.020293187885952205,-0.038528224909111175,1.6679677587245365,0.10228590311719228,1.8684444449603865,1.4674910724886865,0.2638218483213001,2.185049079769074,1.1508864376799992,0.059139561675167436,623.259317864246
-0.9364729458917836,0.1157516126603703,-0.029268620315629285,0.0018067441395184505,-0.02572746687289431,-0.03280977375836426,0.004653111254415919,-0.02014868984091609,-0.03838855079034248,1.6599096386517525,0.10246578005464699,1.860738877206663,1.4590804000968418,0.2638916401809173,2.1771277492275534,1.1426915280759515,0.059139561675167436,623.259317864246
-0.92625250501002,0.11850795156750221,-0.029143851110776803,0.0018092526072722693,-0.025597781161587965,-0.03268992105996564,0.004654085834748788,-0.020022010493711145,-0.03826569172784246,1.6528336096654817,0.10260804264707221,1.8539416777778932,1.45172554155307,0.2639469115012162,2.1701600500384464,1.135507169292517,0.059139561675167436,623.259317864246
-0.9160320641282568,0.12132992588074816,-0.029039439914133533,0.0018110650827685528,-0.025489817578249117,-0.032589062250017946,0.004654790725082201,-0.019916217737401334,-0.03816266209086573,1.6469121432682843,0.1027108334692448,1.8482216776900953,1.4456026088464733,0.2639868879075519,2.164316935957898,1.1295073505786704,0.059139561675167436,623.259317864246
-0.9058116232464932,0.12421909854526168,-0.028957320558583275,0.0018121667754606577,-0.025405538944700302,-0.03250910217246625,0.004655219477357786,-0.01983325804283264,-0.03808138307433391,1.642254912817112,0.10277331370571433,1.8436869062521488,1.4408229193820752,0.26401120371154824,2.159707363606814,1.12480246202741,0.059139561675167436,623.259317864246
-0.8955911823647296,0.12717706972387618,-0.02889855500605236,0.001812555894528805,-0.02534601073281012,-0.0324510992792946,0.0046553709660003394,-0.019774195578018253,-0.038022914434086466,1.6389221452997216,0.10279538179381809,1.8403973913926495,1.4374468992067937,0.2640197950785211,2.1563914348592683,1.1214528557401748,0.059139561675167436,623.259317864246
-0.885370741482966,0.1302054776833524,-0.02886356127297866,0.0018122403627742535,-0.02531163543061132,-0.032415487115345996,0.004655248123650981,-0.019739442611525073,-0.03798767993443225,1.6369375476591412,0.10277748705894392,1.8383777207162029,1.4354973746020796,0.2640128283271834,2.154393182636977,1.1194819126813056,0.059139561675167436,623.259317864246
-0.8751503006012025,0.13330599970172946,-0.02885223360713762,0.001811236106081199,-0.0253022760717199,-0.03240219114255534,0.0046548572687312335,-0.01972888100724992,-0.03797558620702532,1.6362951223753321,0.10272053270487785,1.8376236669496615,1.4349665778010028,0.2639906617938243,2.153707311746122,1.1188829330045424,0.059139561675167436,623.259317864246
-0.864929859719439,0.136480352997282,-0.028863935507805732,0.001809566689340871,-0.025317249969074244,-0.03241062104653722,0.004654207941579308,-0.019741855565749988,-0.03798601544986148,1.6369587716181075,0.10262585516598759,1.8381017516260671,1.435815791610148,0.26395383653911475,2.154298784815945,1.1196187584202701,0.059139561675167436,623.259317864246
-0.8547094188376755,0.13973029567959844,-0.02889736466893614,0.0018072642208708067,-0.025355191885481517,-0.03243953745239076,0.004653313220096793,-0.01977703834876232,-0.03801769098910996,1.63885463777695,0.10249527539950265,1.8397416861454894,1.4379675894084105,0.2639030942493614,2.156095197914378,1.121614077639522,0.059139561675167436,623.259317864246
-0.8444889779559119,0.14305762772330644,-0.02895031132858819,0.0018043715616422756,-0.025413808053041036,-0.03248681460413534,0.004652190526273747,-0.019832185447873206,-0.038068437209303176,1.6418573987456286,0.10233122417730652,1.8424229126270437,1.4412918848642136,0.26383942297691904,2.1589731654822195,1.1247416320090378,0.059139561675167436,623.259317864246
-0.8342685370741485,0.14646419196498553,-0.029019424932594427,0.0018009456281002066,-0.025489636363403158,-0.0325492135017857,0.004650862835610298,-0.019903901277762412,-0.03813494858742644,1.645777034731704,0.10213692939857982,1.8459617378444306,1.4455923316189774,0.2637641257300506,2.162745221576298,1.1288088478871101,0.059139561675167436,623.259317864246
-0.8240480961923848,0.14995187512381894,-0.02910033040406515,0.001797060619009609,-0.02557815631277106,-0.032622504495359236,0.0046493598299855235,-0.019987752586126256,-0.038212908222004044,1.6503654222424813,0.10191659909376224,1.8501182858930627,1.4506125585918999,0.26367888585551574,2.1671665420029402,1.1335643024820226,0.059139561675167436,623.259317864246
-0.8138276553106214,0.15352260884654892,-0.02918880691104828,0.001792809019578818,-0.02567496580151523,-0.03270264802058133,0.004647718164967727,-0.020079446697418943,-0.038298167124677616,1.6553831854698484,0.10167547837133831,1.8546634611885526,1.4561029097511442,0.2635857821985244,2.172001825415775,1.1387645455239217,0.059139561675167436,623.259317864246
-0.8036072144288579,0.15717837077731625,-0.029284101279602872,0.0017883007065564037,-0.02577909630122479,-0.032789106257980954,0.004645980991928179,-0.020178145862565965,-0.03839005669663978,1.660787609701917,0.10141979866524814,1.8595667624051067,1.4620084569987273,0.263487262000399,2.1772131536077683,1.1443620657960656,0.059139561675167436,623.259317864246
-0.7933867735470943,0.16092118565297428,-0.02939525473941038,0.001783663774862977,-0.025899337980150185,-0.032891171498670574,0.004644198146294607,-0.020292793635605266,-0.03849771584321549,1.6670914496955447,0.10115682461561114,1.8653551827325774,1.468827716658512,0.26338615157498496,2.1833188208091228,1.1508640785819666,0.059139561675167436,623.259317864246
-0.7831663326653309,0.16475312642448575,-0.029549412038410286,0.0017789978060522562,-0.026062640409972092,-0.03303618366684848,0.004642408120170668,-0.02045045932133948,-0.03864836475548109,1.6758341640332555,0.10089220378555351,1.873579249773816,1.478089078292695,0.2632846339228196,2.1918625642047944,1.1598057638617165,0.059139561675167436,623.259317864246
-0.7729458917835672,0.168676315405023,-0.029795670100617927,0.0017739750803759137,-0.02631874283360959,-0.033272597367626264,0.004640485701527648,-0.020700485254850652,-0.0388908549463852,1.6898001838403418,0.10060735022318684,1.8869869668577959,1.4926134008228877,0.2631756079010713,2.2056148969358764,1.1739854707448072,0.059139561675167436,623.259317864246
-0.7627254509018038,0.1726929254454066,-0.030187565495003402,0.0017665806297470108,-0.026725131084913173,-0.03364999990509363,0.004637663968172464,-0.021097911144986263,-0.03927721984502054,1.7120257255798788,0.10018798915528927,1.9083905760077353,1.5156608751520222,0.2630155790939917,2.2275267879770486,1.196524663182709,0.059139561675167436,623.259317864246
-0.7525050100200402,0.17680518113753527,-0.030713256694802186,0.0017527715231180207,-0.02727788763636345,-0.03414862575324092,0.004632421394102795,-0.021633877601147877,-0.039792635788456494,1.741839221402039,0.09940483405786944,1.9366691160446436,1.5470093267594345,0.2627182572819027,2.256757543755696,1.226920899048382,0.059139561675167436,623.259317864246
-0.7422845691382767,0.1810153600464715,-0.03113502530201063,0.0017370597696621248,-0.027730450714479424,-0.03453959988954183,0.0046264993897834296,-0.02206725312353857,-0.04020279748048269,1.765758961001523,0.09851377425661073,1.958842410525589,1.5726755114774569,0.2623824029797919,2.28001902101899,1.251498900984056,0.059139561675167436,623.259317864246
-0.7320641282565132,0.18532579397186677,-0.030942872787319345,0.0017453512861576616,-0.027522047126079665,-0.03436369844855902,0.004629618890619401,-0.02186898649955904,-0.04001675907507965,1.75486142610621,0.09898401057118796,1.9488665218710706,1.5608563303413496,0.26255931905747415,2.2694682352642204,1.2402546169481998,0.059139561675167436,623.259317864246
-0.7218436873747496,0.18973887023942462,-0.030449305934816786,0.0017607442597134888,-0.02699831059979271,-0.033900301269840866,0.0046354439170808465,-0.021364002804983052,-0.03953460906465052,1.7268697966083715,0.09985699142567617,1.9225859034072217,1.5311536898095213,0.2628896734597139,2.2421240884969063,1.211615504719837,0.059139561675167436,623.259317864246
-0.7116232464929861,0.19425703302311598,-0.030038239909986063,0.0017688750451837502,-0.026571308528274253,-0.033505171291697874,0.004638538442846155,-0.0209468716211031,-0.03912960819886903,1.7035570319689528,0.10031811221054246,1.900176918898664,1.5069371450392417,0.2630651731276005,2.2191552968858437,1.1879587670520617,0.059139561675167436,623.259317864246
-0.7014028056112226,0.19888278469888093,-0.029781548182522617,0.0017728185431917563,-0.026306887686742008,-0.03325620867830323,0.0046400437010196745,-0.020687229641832117,-0.038875866723213116,1.6889992882836031,0.1005417595940851,1.8860575160302944,1.491941060536912,0.26315054075080724,2.204764870667425,1.173233705899781,0.059139561675167436,623.259317864246
-0.691182364729459,0.20361868723056442,-0.029637527123137494,0.0017755164087539426,-0.02615757890801987,-0.03311747533825512,0.004641075142468856,-0.020541186994354435,-0.03873386725192055,1.6808314299402927,0.10069476349389886,1.878189539820113,1.4834733200604724,0.26320903683243796,2.1967116625373477,1.1649511973432376,0.059139561675167436,623.259317864246
-0.6809619238476956,0.20846736358885526,-0.02955048184795815,0.0017776960104357417,-0.026066261692043558,-0.03303470200387275,0.004641909420250138,-0.020452506564770677,-0.038648457131145626,1.6758948360827364,0.10081837512304381,1.8734952203037512,1.4782944518617216,0.2632563511819197,2.1918678031007275,1.1599218690647453,0.059139561675167436,623.259317864246
-0.670741482965932,0.21343149920401377,-0.029483320081289104,0.0017793148262908677,-0.02599592710460086,-0.032970713057977344,0.004642529613405424,-0.020384129241853812,-0.0385825109207244,1.672085894539178,0.1009101829367415,1.8698662187685398,1.4743055703098165,0.26329152416189566,2.188127799331151,1.156043989747205,0.059139561675167436,623.259317864246
-0.6605210420841685,0.21851384345319164,-0.029418752630425867,0.0017802552728449935,-0.02592951641236215,-0.03290798884848958,0.004642890134041535,-0.020318855183528113,-0.03851865007732362,1.6684240842838505,0.10096351842994193,1.8663089441589826,1.4705392244087183,0.2633119703487114,2.1845060628656032,1.1523421057020975,0.059139561675167436,623.259317864246
-0.650300601202405,0.22371721118317,-0.02935143196563913,0.0017804507555224587,-0.025861812608567982,-0.03284105132271028,0.004642965092818199,-0.02025138760223879,-0.03845147632903947,1.6646061311601674,0.1009746048281737,1.862512719976552,1.4666995423437827,0.26331622148164985,2.1806964418093733,1.1485158205109616,0.059139561675167436,623.259317864246
-0.6400801603206414,0.2290444842693565,-0.029281430361112686,0.0017798891763140484,-0.025792911679064487,-0.032769949043160884,0.004642749771444474,-0.02018180801984995,-0.03838105270237542,1.6606361340499012,0.10094275601771206,1.8584803003448307,1.4627919677549717,0.2633040099725388,2.1767025105810527,1.14456975751875,0.059139561675167436,623.259317864246
-0.629859719438878,0.23449861321190668,-0.029212661039880156,0.0017786101802143165,-0.0257266491441238,-0.03269867293563651,0.004642259593500758,-0.020113999429733118,-0.038311322650027194,1.6567360233536528,0.10087022038293159,1.8544380224168167,1.459034024290489,0.26327621053803674,2.1727479139943893,1.1407241327129163,0.059139561675167436,623.259317864246
-0.6196392785571143,0.24008261876985326,-0.02915685728909397,0.0017767042889959188,-0.025674580871484123,-0.032639133706703814,0.004641529714525623,-0.020059626215451272,-0.038254088362736666,1.6535712283341402,0.10076213168009816,1.851061377432615,1.4560810792356653,0.2632348169522506,2.169501989037545,1.1376404676307352,0.059139561675167436,623.259317864246
-0.6094188376753509,0.24579959363414708,-0.02914163015496782,0.001774285566134463,-0.025664094347055015,-0.03261916596288063,0.004640604403575132,-0.020046212657462585,-0.03823704765247306,1.6527076527220181,0.10062495878476993,1.8499289478859946,1.4554863575580417,0.26318233984369865,2.168535560182648,1.136879745261388,0.059139561675167436,623.259317864246
-0.5991983967935873,0.2516527041405391,-0.029216759363275033,0.0017712140033144827,-0.02574524370786564,-0.032688275018684425,0.004639430892450618,-0.020123641905309304,-0.03830987682124076,1.6569684513407636,0.10045076141312657,1.8538483259301175,1.4600885767514098,0.26311578657246004,2.1726659167867126,1.1412709858948145,0.059139561675167436,623.259317864246
-0.5889779559118238,0.2576451920232487,-0.02944365997606583,0.0017660286686393203,-0.02598230738986754,-0.03290501256226412,0.004637453743030089,-0.020354417659756388,-0.03853290229237527,1.669836653194006,0.10015668581563963,1.8661401502035535,1.4735331561844587,0.26300365660716624,2.1853143479463917,1.1543589584416205,0.059139561675167436,623.259317864246
-0.5787575150300602,0.26378037621039246,-0.029839036339882854,0.001754875683008209,-0.026399543203841636,-0.03327852947592407,0.00463321795549285,-0.020758096014592567,-0.03891997666517314,1.6922596109596137,0.09952416716087611,1.8873233941862748,1.4971958277329527,0.2627634326237832,2.207266475356346,1.1772527465628815,0.059139561675167436,623.259317864246
-0.5685370741482968,0.2700616546621662,-0.030232860659333435,0.0017382685686793426,-0.026825916869263933,-0.033639804449402934,0.0046269533796166945,-0.02116419867713883,-0.039301522641528044,1.7145945477192535,0.09858232880814868,1.9078123616953104,1.5213767337431965,0.2624081500799954,2.228905071125826,1.200284024312681,0.059139561675167436,623.259317864246
-0.5583166332665332,0.27649250625279875,-0.030099283991635962,0.0017402788678609262,-0.02668840008757241,-0.033510167895699515,0.004627708990225198,-0.02102914103986235,-0.03916942694340957,1.7070190215817396,0.0986963387940004,1.9004602910239436,1.5135777521395355,0.26245100298247587,2.2214135351338067,1.1926245080296725,0.059139561675167436,623.259317864246
-0.5480961923847697,0.28307649269731994,-0.029529088166305627,0.0017560325327161891,-0.026087327646501242,-0.03297084868611001,0.004633656247095316,-0.020447288805259776,-0.03861088752735148,1.674681537403184,0.09958977551412407,1.869873910639296,1.479489164167072,0.2627882894310952,2.1897371202470186,1.1596259545593497,0.059139561675167436,623.259317864246
-0.5378757515030061,0.28981726052420964,-0.02900574612736121,0.0017648596038408735,-0.02554668486606347,-0.03246480738865895,0.004637008667401559,-0.019917376143254083,-0.03809411611146834,1.6450012694101068,0.10009038470864437,1.8411748186378083,1.4488277201824054,0.26297841505776076,2.1604294916347437,1.12957304718547,0.059139561675167436,623.259317864246
-0.5276553106212426,0.29671854309502094,-0.028652154471276583,0.001768185720815025,-0.02518657414050114,-0.032117734802052024,0.004638275617466255,-0.019561301310672442,-0.03774300763188072,1.6249480454537903,0.10027901859589765,1.821491310306772,1.4284047806008087,0.26305026752642513,2.1405170959292095,1.109378994978371,0.059139561675167436,623.259317864246
-0.5174348697394792,0.30378416267209496,-0.028435334592755827,0.0017695661674532411,-0.0249670486362869,-0.03190362054922476,0.004638802041614081,-0.019343449659781353,-0.0375272195257303,1.612651551723414,0.10035730778943355,1.8093482605761046,1.4159548428707232,0.2630801225898881,2.1282791170479767,1.097023986398851,0.059139561675167436,623.259317864246
-0.5072144288577156,0.3110180325355143,-0.028294138600301916,0.0017701769204465274,-0.024824655589962698,-0.031763621610641134,0.004639035060222047,-0.019201796959248105,-0.03738648024135573,1.6046439112440951,0.10039194539002623,1.8014085085464584,1.4078793139417318,0.2630933377612619,2.1202973778286003,1.08899044465959,0.059139561675167436,623.259317864246
-0.496993987975952,0.31842415915046524,-0.028190980612284186,0.0017701527092235257,-0.02472154505507007,-0.0316604161694983,0.004639025821684894,-0.01909865707843046,-0.03728330414613791,1.5987935179980863,0.10039057230028059,1.7955554240940006,1.402031611902172,0.2630928138166174,2.1144459576699584,1.0831410783262143,0.059139561675167436,623.259317864246
-0.4867735470941885,0.3260066443862111,-0.028126702090812236,0.001769488177483551,-0.024658568991875057,-0.03159483518974941,0.004638772291300994,-0.019034875467379943,-0.037218528714244525,1.5951480937792824,0.10035288474861336,1.7918361336312634,1.3984600539273013,0.263078435362034,2.1107723521980177,1.079523835360547,0.059139561675167436,623.259317864246
-0.4765531062124249,0.333769687787905,-0.028141169366558496,0.0017680596590618593,-0.024675836112279085,-0.03160650262083791,0.004638227562150197,-0.019050410392643095,-0.0372319283404739,1.5959685755853013,0.10027186926269066,1.7924978280026838,1.3994393231679187,0.26304754216795406,2.1115322844562723,1.0804048667143302,0.059139561675167436,623.259317864246
-0.4663326653306615,0.34171758890249965,-0.028299737032148168,0.0017647813509374043,-0.024840829143722914,-0.031758644920573426,0.004636978884673109,-0.019211425421116167,-0.03738804864318017,1.6049614147985063,0.10008594675607538,1.8011262657990075,1.408796563798005,0.262976725991536,2.120386326514175,1.0895365030828374,0.059139561675167436,623.259317864246
-0.456112224448898,0.34985474966004393,-0.02864294182610522,0.0017562052537495535,-0.02520084277929607,-0.032085040872914375,0.004633721706531948,-0.019561014166921124,-0.03772486948528932,1.624425569219772,0.09959957103249792,1.8196371413191068,1.4292139971204372,0.26279200182848994,2.1394884282287965,1.1093627102107477,0.059139561675167436,623.259317864246
-0.4458917835671344,0.3581856768116829,-0.02905926845503361,0.0017402942235765525,-0.025648354454320472,-0.03247018245574675,0.004627714764859837,-0.019989114185184086,-0.038129422724883136,1.6480366782072564,0.098697209661848,1.8414796545190772,1.4545937018954356,0.2624513304790094,2.162431833640734,1.1336415227737786,0.059139561675167436,623.259317864246
-0.4356713426853709,0.3667149844257136,-0.029066652859356435,0.0017359998973413872,-0.025664155583402085,-0.032469150135310786,0.0046261015557223905,-0.019999660421315835,-0.03813364529739703,1.6484554695195552,0.09845366577654023,1.8414211085875178,1.4554898304515926,0.2623598406387802,2.1626713081612325,1.134239630877878,0.059139561675167436,623.259317864246
-0.4254509018036073,0.3754473964430785,-0.028502223672023562,0.0017513401021496938,-0.025069660147129462,-0.03193478719691766,0.004631879976174417,-0.01942390573800946,-0.03758054160603766,1.616445028361524,0.0993236539599806,1.811115812936005,1.4217742437870429,0.26268755187699594,2.131303169227433,1.101586887495615,0.059139561675167436,623.259317864246
-0.4152304609218439,0.3843877492937105,-0.027918437530772288,0.001761379255147035,-0.024466197627568114,-0.031370677433976465,0.004635685153324172,-0.018832661586589874,-0.0370042134749547,1.5833367973508246,0.09989300388643708,1.7791234872757609,1.3875501074258882,0.26290335467738557,2.09861790393326,1.068055690768389,0.059139561675167436,623.259317864246
-0.4050100200400803,0.3935409945751816,-0.027512305137609962,0.0017647761686576308,-0.024053407406266422,-0.030971202868953503,0.004636976912358926,-0.018423997392242722,-0.0366006128829772,1.5603038334902473,0.10008565285373035,1.7564681084527372,1.3641395585277574,0.2629766141357913,2.075728525972685,1.0448791410078093,0.059139561675167436,623.259317864246
-0.3947895791583168,0.40291220179513465,-0.027286088325357533,0.0017655523658796767,-0.023825669275413883,-0.030746507375301182,0.004637272378990816,-0.018197201476033157,-0.03637497517468191,1.5474744119789652,0.10012967328368143,1.7437249653987432,1.3512238585591871,0.2629933709184782,2.062931947151966,1.0320168768059643,0.059139561675167436,623.259317864246
-0.3845691382765532,0.41250656117902174,-0.027210995993257013,0.0017653718472650291,-0.02375093075329661,-0.030671061233217417,0.004637203653000778,-0.018122243844397916,-0.03629974814211611,1.5432157047184822,0.10011943554151326,1.7394461925323277,1.3469852169046368,0.26298947326522154,2.0586656006314756,1.0277658088054886,0.059139561675167436,623.259317864246
-0.3743486973947897,0.4223293865446997,-0.027293430486182633,0.0017640371003267636,-0.023835981302149707,-0.03075087967021556,0.004636695682446399,-0.018205673941315323,-0.03638118703104994,1.5478908075381235,0.1000437381125229,1.7439729311174255,1.3518086839588215,0.262960664759379,2.063284239817217,1.0324973752590296,0.059139561675167436,623.259317864246
-0.3641282565130262,0.4323861182454792,-0.027565716634635726,0.0017592860530926784,-0.024117579332070455,-0.031013853937201,0.00463489022274468,-0.018481498725759327,-0.036649934543512126,1.5633329567550889,0.09977429223456545,1.7588869761178116,1.3677789373923661,0.262858271823574,2.0785257025677337,1.048140210942444,0.059139561675167436,623.259317864246
-0.3539078156312627,0.4426823261832533,-0.02799702414197083,0.0017470049623200166,-0.024572957335010845,-0.031421090948930815,0.00463024257449419,-0.0189219154562782,-0.03707213282766346,1.5877936754677537,0.0990777954155537,1.7819825861498666,1.3936047647856409,0.2625946900064313,2.102469810411819,1.0731175405236884,0.059139561675167436,623.259317864246
-0.3436873747494992,0.4532237128933777,-0.02829854496725089,0.00173294334845414,-0.024902038417032528,-0.03169505151746925,0.004624955417000176,-0.019233798919827117,-0.03736329101467466,1.6048938092881833,0.09828031988923025,1.79751969666015,1.4122679219162164,0.2622948397370731,2.118982248503552,1.0908053700728146,0.059139561675167436,623.259317864246
-0.3334669338677356,0.46401611670300874,-0.02792320718730422,0.001742389401238766,-0.02450818671383193,-0.03133822766077651,0.004628503082621529,-0.018851507843033403,-0.036994906531575035,1.5836072986168575,0.09881603335625833,1.7772831650902323,1.3899314321434826,0.2624960383004525,2.098090079770191,1.069124517463524,0.059139561675167436,623.259317864246
-0.3232464929859721,0.47506551496465016,-0.027283125807273767,0.0017560008444567276,-0.02384142739531666,-0.030724824219230874,0.004633644238180199,-0.01820134998326904,-0.03636490163127849,1.5473063988553915,0.09958797837962488,1.7424952497726098,1.352117547938173,0.2627876083701591,2.06236064684432,1.032252150866463,0.059139561675167436,623.259317864246
-0.3130260521042086,0.48637802736669844,-0.026793782119853757,0.0017615938924012715,-0.02334112153536154,-0.030246442704345976,0.004635766711347033,-0.017707846324883883,-0.03587971791482363,1.519554277484364,0.09990517659711763,1.7153648254838285,1.3237437294848995,0.26290798007300714,2.0348444496756324,1.0042641052930958,0.059139561675167436,623.259317864246
-0.3028056112224451,0.4979599193228207,-0.026562083067475862,0.0017626611087982285,-0.023107330777281897,-0.030016835357669826,0.004636172359259049,-0.017475352217208036,-0.03564881391774369,1.5064139419932794,0.09996570158137492,1.7023431167820529,1.310484767204506,0.2629309855605154,2.0217492041115106,0.9910786798750482,0.059139561675167436,623.259317864246
-0.2925851703406815,0.5098176054420425,-0.026601235006171838,0.0017613429141477214,-0.02314906633001748,-0.030053403682326195,0.004635671345286053,-0.01751548612524683,-0.035686983887096846,1.5086343637184076,0.09989094288136106,1.704417014147623,1.3128517132891924,0.26290257158288655,2.0239139354638285,0.9933547919729866,0.059139561675167436,623.259317864246
-0.282364729458918,0.5219576530814659,-0.026901030970318145,0.00175547108795544,-0.023460370862024137,-0.030341691078612152,0.004633443503587292,-0.017819648578885967,-0.03598241336175032,1.5256366755851414,0.09955793432858515,1.720766641244372,1.3305067099259107,0.2627762241203384,2.0406686108544303,1.0106047403158527,0.059139561675167436,623.259317864246
-0.2721442885771544,0.5343867859835897,-0.027352569759521835,0.0017415466709879328,-0.02393920100698986,-0.03076593851205381,0.004628185904597715,-0.018281492072754382,-0.03642364744628929,1.5512447698629612,0.09876823964234026,1.7448269623783694,1.357662577347553,0.262478050200801,2.0656922949888274,1.036797244737095,0.059139561675167436,623.259317864246
-0.261923847695391,0.5471118880002395,-0.02752716125420495,0.0017318124845452471,-0.024132871156519436,-0.030921451351890464,0.004624531807860618,-0.018463245465438233,-0.03659107704297167,1.5611463676057276,0.09821618526716293,1.7536465534282804,1.3686461817831748,0.2622708156154648,2.0751877204079836,1.0471050148034715,0.059139561675167436,623.259317864246
-0.2517034068136274,0.5601400069051777,-0.027015586688483886,0.001745274048163925,-0.023594912410930168,-0.030436260966037604,0.0046295897726993385,-0.01794175747079821,-0.03608941590616956,1.5321334676681098,0.09897963017713826,1.7261299780183947,1.3381369573178248,0.2625576676944905,2.046737040214147,1.0175298951220726,0.059139561675167436,623.259317864246
-0.2414829659318639,0.5734783582974986,-0.026420311997686564,0.0017566136565163894,-0.022977412496163228,-0.0298632114992099,0.004633876508771862,-0.01733808093168751,-0.03550254306368562,1.498373687184973,0.09962273275593457,1.6936306554280636,1.3031167189418826,0.2628007811193258,2.0134537532878456,0.9832936210821007,0.059139561675167436,623.259317864246
-0.2312625250501003,0.5871343295979751,-0.026093201805327818,0.0017600116698572713,-0.022643642320037367,-0.02954276129061827,0.0046351656969650604,-0.0170084439769008,-0.035177959633754835,1.479822305010407,0.09981544409784178,1.675456980543048,1.2841876294777659,0.26287389477773715,1.9950456712505436,0.9645989387702703,0.059139561675167436,623.259317864246
-0.2210420841683368,0.6011154841405668,-0.02612300885652631,0.0017580583500215942,-0.022677277807764074,-0.02956873990528855,0.004634424357174089,-0.017039704027389906,-0.03520631368566272,1.4815127506498191,0.09970466557847034,1.6769303042742314,1.2860951970254069,0.2628318512153389,1.9966537130218733,0.9663717882777648,0.059139561675167436,623.259317864246
-0.2108216432865733,0.6154295653613598,-0.026466085146451455,0.0017490251617266535,-0.023038058821412872,-0.02989411147149004,0.004631005179941043,-0.01738948178154858,-0.03554268851135433,1.500969617229059,0.09919236687231911,1.6953830838400883,1.3065561506180297,0.26263793960679066,2.015730519832174,0.9862087146259435,0.059139561675167436,623.259317864246
-0.2006012024048098,0.6300845010872527,-0.026876234908706904,0.0017336327706601994,-0.023478377115794525,-0.030274092701619282,0.004625213783577445,-0.01781098247209688,-0.03594148734531693,1.524230417919927,0.09831941905251837,1.7169329382437644,1.3315278975960898,0.2623094924664225,2.0383475759570957,1.0101132598827585,0.059139561675167436,623.259317864246
-0.1903807615230462,0.6450884079267692,-0.0267422236260307,0.001735579143473588,-0.02334055101250359,-0.030143896239557808,0.004625943679245168,-0.01767554062019946,-0.03580890663186194,1.516630243487259,0.09842980358580053,1.7095491135207794,1.3237113734537385,0.26235088699889453,2.0308285333172296,1.0024319536572883,0.059139561675167436,623.259317864246
-0.1801603206412827,0.6604495957654266,-0.026184127019776574,0.0017502976286262687,-0.022753606705443224,-0.029614647334109925,0.004631485911569046,-0.017106581438196582,-0.03526167260135657,1.4849789416482937,0.09926453221693594,1.679533849735704,1.2904240335608834,0.2626652033129142,1.9997932801334963,0.9701646031630909,0.059139561675167436,623.259317864246
-0.1699398797595191,0.6761765723681499,-0.025807337990871437,0.0017569205329861979,-0.022363837022519574,-0.0292508389592233,0.004633992848453299,-0.016724878903286795,-0.034889797078456075,1.4636101263753751,0.09964013662412574,1.6589012055733119,1.2683190471774384,0.2628073790852188,1.978703124253769,0.9485171284969812,0.059139561675167436,623.259317864246
-0.1597194388777557,0.6922780480912811,-0.025817253735499153,0.0017547278425859398,-0.022378050361361042,-0.029256457109637264,0.00463316196153708,-0.016736423156345527,-0.03489808431465278,1.4641724774498182,0.09951578269521766,1.659219827425759,1.2691251274738773,0.262760257041679,1.979173117819996,0.9491718370796403,0.059139561675167436,623.259317864246
-0.1494989979959922,0.7087629407067948,-0.02615888860952434,0.0017432515041745033,-0.022742178445347035,-0.029575598773701643,0.004628827688205134,-0.01708655305000048,-0.0352312241690482,1.4835475970891665,0.09886492575217957,1.677319290897665,1.289775903280668,0.2625144476388898,1.9980664598828164,0.9690287342955166,0.059139561675167436,623.259317864246
-0.1392785571142286,0.7256403803413883,-0.026463138933828647,0.001729963630366934,-0.023072472523745294,-0.029853805343912,0.004623839759624046,-0.017400579534681174,-0.03552569833297612,1.500802528836187,0.09811133130281653,1.6930972046649846,1.3085078530073895,0.262231567522254,2.0147669567892885,0.9868381008830858,0.059139561675167436,623.259317864246
-0.1290581162324651,0.742919714533185,-0.026142033466865063,0.0017397616989737153,-0.022732163195194367,-0.029551903738535758,0.004627514530447606,-0.017072271649251975,-0.03521179528447815,1.4825916923195097,0.0986670086236188,1.6759754756841054,1.289207908954914,0.26243997459590773,1.9969645906310955,0.9682187940079239,0.059139561675167436,623.259317864246
-0.1188376753507016,0.7606105134088513,-0.02568196863169616,0.0017519360932342336,-0.022248236985741257,-0.029115700277651063,0.004632105356645577,-0.016603208960075767,-0.03476072830331656,1.4565000608703227,0.09935745436926229,1.6512370930296587,1.2617630287109867,0.26270033386714126,1.9713832539765672,0.941616867764078,0.059139561675167436,623.259317864246
-0.1086172344689381,0.7787225749839934,-0.02554010178177609,0.0017529684385123258,-0.022104346776256514,-0.028975856787295667,0.00463249590466178,-0.016460576650109707,-0.034619626913442475,1.4484543740887788,0.09941600170969181,1.643306156926747,1.2536025912508104,0.26272248299509676,1.9633809786881051,0.9335277694894523,0.059139561675167436,623.259317864246
-0.0983967935871745,0.7972659305897695,-0.025760428924520996,0.0017424400419734538,-0.022345309197032568,-0.029175548652009425,0.004628522146448072,-0.01668869221583675,-0.03483216563320524,1.4609497751003384,0.09881890534143255,1.654631270561219,1.2672682796394579,0.26249711946618853,1.9754346752995757,0.946464874901101,0.059139561675167436,623.259317864246
-0.0881763527054111,0.8162508504287225,-0.02601006904489187,0.0017292764791059909,-0.0226207494265319,-0.029399388663251844,0.004623582712732306,-0.01694801344839455,-0.035072124641389195,1.475107601384228,0.0980723609315127,1.6673258966888058,1.28288930607965,0.26221698963615675,1.9890434572056077,0.9611717455628481,0.059139561675167436,623.259317864246
-0.0779559118236474,0.8356878492629152,-0.025719047152093433,0.0017387930090750367,-0.022311075477736333,-0.029127018826450534,0.0046271504285786995,-0.01664999896103011,-0.03478809534315676,1.458602892938615,0.09861207136718711,1.6518790012591953,1.2653267846180347,0.2624193253068353,1.9729353193873127,0.9442704664899174,0.059139561675167436,623.259317864246
-0.067735470941884,0.8555876922375074,-0.025329190902088256,0.0017498157580724356,-0.02189961503668563,-0.02875876676749088,0.0046313038280258,-0.016252002197695205,-0.03440637960648131,1.4364929970810827,0.09923720391897504,1.630994342688731,1.2419916514734344,0.2626548768190374,1.9512870960102002,0.9216988981519652,0.059139561675167436,623.259317864246
-0.0575150300601203,0.875961400843016,-0.025241593487691005,0.001747356499750115,-0.02181683768002881,-0.0286663492953532,0.004630375222107469,-0.016166224817453716,-0.034316962157928295,1.4315250897827216,0.09909773213830574,1.6257530757233982,1.237297103842045,0.2626022128431572,1.9462159692158314,0.9168342103496119,0.059139561675167436,623.259317864246
-0.0472945891783569,0.8968202590195415,-0.025410239208389654,0.0017335074069292715,-0.02201262712387486,-0.028807851292904446,0.004625166795929252,-0.016345078865877802,-0.03447539955090151,1.4410894851756804,0.0983123093062078,1.6337780706528096,1.2484008996985512,0.26230682765853985,1.9552014202853734,0.9269775500659874,0.059139561675167436,623.259317864246
-0.0370741482965935,0.918175819406362,-0.025366455511883258,0.0017312156118129208,-0.02197333526325646,-0.028759575760510057,0.004624308321778793,-0.016302977747787963,-0.034429933275978555,1.4386063828270548,0.09818233485703931,1.6310402230649035,1.246172542589206,0.26225814106171663,1.9526228939604444,0.9245898716936651,0.059139561675167436,623.259317864246
-0.0268537074148298,0.9400399097403379,-0.025020593143823575,0.0017443774050907774,-0.021601676254400216,-0.028439510033246934,0.004629251828500914,-0.015947426284595594,-0.03409376000305156,1.4189915095532837,0.0989287789083221,1.6128883532481206,1.2250946658584467,0.2625385018839316,1.9335575178008906,0.9044255013056767,0.059139561675167436,623.259317864246
-0.0166332665330664,0.9624246394066807,-0.02485588520686131,0.0017459050866610738,-0.021433974116580323,-0.028277796297142298,0.004629827700024789,-0.01578158966018681,-0.03393018075353581,1.4096504374706986,0.099015418228385,1.603717091112504,1.2155837838288932,0.2625711612536865,1.924280456906783,0.8950204180346142,0.059139561675167436,623.259317864246
-0.0064128256513027,0.9853424061457166,-0.024940024881104625,0.001733540128339624,-0.021542348663804018,-0.028337701098405232,0.0046251790599772,-0.015874840501500488,-0.03400520926070876,1.4144222461437201,0.09831416503373608,1.6071144687799699,1.2217300235074704,0.26230752318881007,1.9285355444676928,0.9003089478197474,0.059139561675167436,623.259317864246
0.0038076152304606,1.0088059029193472,-0.024909284477312287,0.0017300217436807001,-0.02151850416722693,-0.028300064787397643,0.004623861502456127,-0.015846682462997017,-0.03397188649162756,1.412678867330483,0.09811462707995307,1.6049800027637695,1.2203777318971967,0.2622328006222824,1.9266457121152292,0.8987120225457369,0.059139561675167436,623.259317864246
0.0140280561122241,1.0328281249410278,-0.02465017945634375,0.0017421651322961857,-0.021235598541921766,-0.02806476037076573,0.004628418661754402,-0.015578645573932046,-0.033721713338755455,1.3979842586645914,0.0988033144041716,1.5916351964499553,1.2043333208792275,0.262491250544503,1.9124576559886972,0.8835108613404856,0.059139561675167436,623.259317864246
0.0242484969939877,1.0574223768731374,-0.024582035455518746,0.0017416166629769373,-0.021168529521209116,-0.027995541389828377,0.004628212242437326,-0.015510906147534226,-0.03365316476350327,1.3941196117298906,0.09877220909412597,1.587709584227837,1.2005296392319442,0.26247954389723627,1.9085700644469739,0.8796691590128074,0.059139561675167436,623.259317864246
0.0344689378757512,1.0826022801957422,-0.024697868967093035,0.001729162736575847,-0.021308772279995655,-0.028086965654190416,0.004623540172838373,-0.015635896747255726,-0.033759841186930345,1.4006888712394812,0.09806591025771685,1.5928945234557432,1.208483219023219,0.2622145770735144,1.9146199985249717,0.8867577439539908,0.059139561675167436,623.259317864246
0.0446893787575148,1.1083817807508276,-0.024569398181982276,0.0017329698863538926,-0.021172839618436176,-0.027965956745528375,0.0046249653606591735,-0.015504632645344994,-0.03363416371861956,1.3934029147375742,0.09828182493166526,1.5860317519385088,1.2007740775366396,0.26229540367125376,1.9074924592436266,0.8793133702315217,0.059139561675167436,623.259317864246
0.0549098196392783,1.1347751564661754,-0.024364150328972593,0.0017412225445424504,-0.0209514168526002,-0.027776883805344987,0.004628063948338517,-0.015293311672080858,-0.033434988985864326,1.381762704647404,0.09874985747723661,1.575308868781251,1.1882165405135567,0.2624711337022454,1.896196673685202,0.8673287356096058,0.059139561675167436,623.259317864246
0.0651302605210417,1.1617970252631677,-0.024389513360157846,0.0017333834496343146,-0.02099214422747679,-0.0277868824928389,0.0046251203382997475,-0.01532444407292663,-0.03345458264738906,1.383201116826585,0.09830527932302235,1.5758759237898587,1.1905263098633112,0.26230419290957757,1.8973078879232035,0.8690943457299664,0.059139561675167436,623.259317864246
0.0753507014028054,1.1894623531528963,-0.02437692111462964,0.0017279899884222504,-0.020990122971676243,-0.027763719257583034,0.004623101703442759,-0.015315808279016057,-0.03343803395024322,1.3824869735052006,0.09799940025680551,1.5745622685150646,1.1904116784953365,0.2621897101830295,1.896369362580933,0.8686045844294681,0.059139561675167436,623.259317864246
0.0855711422845688,1.2177864625250556,-0.02412276241543389,0.001737815460227696,-0.02071670670161071,-0.027528818129257074,0.004626783173447208,-0.015054434031201425,-0.03319109079966635,1.3680728853113362,0.09855663169369189,1.5612403338685512,1.1749054367541212,0.262398497186957,1.8823644893952065,0.8537812812274658,0.059139561675167436,623.259317864246
0.0957915831663325,1.2467850406342253,-0.024041201860875498,0.001734262693706237,-0.020642109441479855,-0.02744029428027114,0.004625449929581881,-0.014975486586601682,-0.033106917135149315,1.363447346109785,0.0983551438432482,1.556219885736808,1.170674806482762,0.2623228850016588,1.8775907530336786,0.8493039391858913,0.059139561675167436,623.259317864246
0.1060120240480959,1.2764741482882205,-0.024024797740132532,0.0017266580792731176,-0.020640610091142115,-0.02740898538912295,0.004622604037012791,-0.014964660312798002,-0.033084935167467064,1.3625170201210224,0.09792386376719267,1.5544442663317268,1.170589773910318,0.2621614860544225,1.8763440909211901,0.8486899493208546,0.059139561675167436,623.259317864246
0.1162324649298593,1.3068702287433454,-0.023782208060406894,0.001735301816681525,-0.020381078997404177,-0.02718333712340961,0.0046258396378674885,-0.01471572897192881,-0.032848687148884975,1.34875904508593,0.09841407556684242,1.5416470887687443,1.1558710014031155,0.2623449865060196,1.8629457701623748,0.834572320009485,0.059139561675167436,623.259317864246
0.126452905811623,1.3379901168114567,-0.02367471734396602,0.001732526521528401,-0.020279027759509897,-0.027070406928422143,0.004624799250571544,-0.014610277377117961,-0.03273915731081408,1.3426629300534592,0.09825668040693754,1.5352424848915192,1.1500833752153992,0.26228598307907824,1.8567340105381347,0.8285918495687837,0.059139561675167436,623.259317864246
0.1366733466933865,1.3698510481838917,-0.02361208812555732,0.0017265022411401697,-0.0202282059136949,-0.026995970337419743,0.004622545829837693,-0.014552064782189626,-0.032672111468925014,1.3391110426676942,0.0979150257278126,1.5310209666395198,1.1472011186958686,0.26215818495413346,1.852931643430186,0.8252904419052024,0.059139561675167436,623.259317864246
0.1468937875751501,1.4024706689774262,-0.02336165814481981,0.0017340736049402618,-0.019962936332595358,-0.02676037995704426,0.004625379036104861,-0.014296081819207692,-0.03242723447043193,1.324908421076693,0.09834442006256368,1.517659942479796,1.13215689967359,0.2623188644238333,1.8390439478128515,0.8107728943405346,0.059139561675167436,623.259317864246
0.1571142284569135,1.4358670455075404,-0.023231695683668084,0.0017291168390598652,-0.019842688954049007,-0.02662070241328716,0.004623523007773207,-0.014169757106740295,-0.03229363426059587,1.3175378672343088,0.0980633072744417,1.5097384176970992,1.1253373167715184,0.2622136035921268,1.8314670865313398,0.8036086479372777,0.059139561675167436,623.259317864246
0.167334669338677,1.4700586742944162,-0.023044751845633215,0.0017277871358523907,-0.019658351286410917,-0.026431152404855513,0.004623025886484395,-0.013983787608527445,-0.03210571608273899,1.3069357317289694,0.09798789589027561,1.49898847859477,1.1148829848631687,0.26218541038008,1.82080969334578,0.7930617701121586,0.059139561675167436,623.259317864246
0.1775551102204406,1.505064492307198,-0.02275248507545697,0.0017323558314952493,-0.019357130037318343,-0.026147840113595597,0.004624735309961362,-0.013688170429902018,-0.031816799721011924,1.2903604226217578,0.09824700007256595,1.4829210043530912,1.0977998408904244,0.26228235681880363,1.8044243957668964,0.7762964494766191,0.059139561675167436,623.259317864246
0.1877755511022041,1.5409038874521974,-0.02257222088933934,0.001725470447429183,-0.019190360955989926,-0.02595408082268875,0.004622160558141537,-0.013512952664620373,-0.0316314891140583,1.2801371098446745,0.09785650966837768,1.4719323444474903,1.0883418752418588,0.26213633506182377,1.7939148856051732,0.7663593340841758,0.059139561675167436,623.259317864246
0.1979959919839677,1.5775967093108507,-0.022331702818202147,0.0017301594222103951,-0.018940652663157143,-0.02572275297324715,0.004623913016758774,-0.013268999837708998,-0.0313944057986953,1.2664966218324207,0.09812243523476227,1.4588130609679189,1.0741801826969226,0.26223572215006785,1.7804691927064062,0.7525240509584352,0.059139561675167436,623.259317864246
0.2082164328657312,1.6151632801333684,-0.02218783690246734,0.001727852277216542,-0.0188013086685174,-0.02557436513641728,0.004623050232494798,-0.013126824948058013,-0.031248848856876666,1.2583375621423352,0.09799159024884338,1.4503975498178745,1.0662775744667958,0.262186791114016,1.7722142299479327,0.7444608943367376,0.059139561675167436,623.259317864246
0.2184368737474946,1.6536244060941794,-0.02211993159474759,0.0017266146174780162,-0.018735829129310277,-0.025504034060184904,0.004622587803122464,-0.01305982598525343,-0.03118003720424175,1.254486452196458,0.09792139892082054,1.4464088673970457,1.0625640369958704,0.26216056538270194,1.7683117185132118,0.7406611858797042,0.059139561675167436,623.259317864246
0.2286573146292583,1.6930013888153899,-0.022106678528567195,0.0017290354708930382,-0.018717831277624587,-0.025495525779509802,0.004623492578116042,-0.01304479959267151,-0.031168557464462877,1.253734831790122,0.09805869264611489,1.44592633774759,1.061543325832654,0.2622118778366698,1.7676606686686114,0.7398089949116328,0.059139561675167436,623.259317864246
0.2388777555110217,1.7333160371646428,-0.02216413371712142,0.0017246352531492585,-0.018783910734480755,-0.025544356699762086,0.0046218488418265065,-0.013105476445153306,-0.031222790989089533,1.2569932847080678,0.0978091433415593,1.4486956830162396,1.065290886399896,0.2621186567117593,1.7707364115391342,0.7432501578770014,0.059139561675167436,623.259317864246
0.2490981963927854,1.7745906793339266,-0.022123729391724065,0.0017285795864680003,-0.018735775657835643,-0.025511683125612486,0.004623322111538596,-0.013062184564180741,-0.031185274219267388,1.2547018364454903,0.0980328380980333,1.4468426684198816,1.062561004471099,0.2622022101751293,1.7686087250555453,0.7407949478354352,0.059139561675167436,623.259317864246
0.2593186372745488,1.8168481752059913,-0.022152278253246276,0.0017240856508403575,-0.018773132471336877,-0.025531424035155674,0.00462164378676261,-0.013094022881818247,-0.031210533624674304,1.2563209264436597,0.09777797377633442,1.447962233526577,1.0646796193607424,0.2621070274353074,1.770041260311714,0.7426005925756053,0.059139561675167436,623.259317864246
0.2695390781563123,1.8601119290152626,-0.022071426605647936,0.0017275633983914655,-0.018685464563791044,-0.02545738864750483,0.004622942272595418,-0.013010626248753168,-0.031132226962542704,1.2517355914431678,0.09797520708007847,1.4437634686979752,1.0597077141883604,0.26218066839023757,1.7656002589306725,0.7378709239556632,0.059139561675167436,623.259317864246
0.2797595190380759,1.904405902310225,-0.02205653593095284,0.0017238553294272618,-0.018677841570717977,-0.025435230291187706,0.00462155787122509,-0.012998448950884063,-0.03111462291102162,1.2508910974360754,0.09776491157082345,1.4425068030666326,1.0592753918055182,0.26210215491219907,1.7646018813343236,0.7371803135378272,0.059139561675167436,623.259317864246
0.2899799599198394,1.9497546272244826,-0.02193923660371523,0.0017266363382892956,-0.018555091566270096,-0.025323381641160367,0.004622595916256242,-0.012879115092771065,-0.030999358114659398,1.2442387072041687,0.09792263077198446,1.4361635367886718,1.0523138776196657,0.2621610255024073,1.7580648753389736,0.7304125390693639,0.059139561675167436,623.259317864246
0.300200400801603,1.9961832200638372,-0.021871975932630596,0.0017234432106420464,-0.018494089310372108,-0.025249862554889084,0.004621404165467026,-0.01281419021031184,-0.030929761654949352,1.2404241564999816,0.0977415391010428,1.431994052931539,1.0488542600684243,0.26209343780607736,1.7541178551841818,0.7267304578157814,0.059139561675167436,623.259317864246
0.3104208416833665,2.043717395216903,-0.021706935443797596,0.001725880520581505,-0.018324271781838607,-0.025089599105756585,0.0046223136556934885,-0.012647367153390683,-0.03076650373420451,1.2310642244216183,0.09787976612429365,1.4229050408404376,1.039223408002799,0.26214501767478604,1.744859017790815,0.7172694310524218,0.059139561675167436,623.259317864246
0.3206412825651299,2.0923834793969758,-0.02159055621610742,0.001723001855645836,-0.0182135346337459,-0.02496757779846894,0.004621239590720958,-0.012533093054363722,-0.030648019377851117,1.2244640157442515,0.09771650855965149,1.4159848532161683,1.0329431782723346,0.26208410428764256,1.7381394210684704,0.7107886104200325,0.059139561675167436,623.259317864246
0.3308617234468936,2.142208426223033,-0.021403295205777138,0.0017250505151698184,-0.018022258324532026,-0.02478433208702225,0.004622003812219919,-0.012344334197419265,-0.03046225621413501,1.213843892464135,0.0978326940734715,1.4055924493586645,1.0220953355696056,0.26212744553907535,1.7276042450802072,0.7000835398480629,0.059139561675167436,623.259317864246
0.341082164328657,2.19321983114794,-0.021264690806470383,0.0017229739116042116,-0.01788772399342403,-0.024641657619516737,0.004621229172023017,-0.012207248064999416,-0.03032213354794135,1.2059832288630579,0.09771492377077061,1.397500960205845,1.0144654975202707,0.2620835134126047,1.7196574760934833,0.6923089816326324,0.059139561675167436,623.259317864246
0.3513026052104206,2.2454459467421484,-0.021090914385957144,0.0017238186993758899,-0.01771229181930372,-0.024469536952610567,0.004621544208228003,-0.012032854184870576,-0.03014897458704371,1.196127856376426,0.0977628341727541,1.3877394903815856,1.0045162223712663,0.26210138004340394,1.709837121559743,0.682418591193109,0.059139561675167436,623.259317864246
0.3615230460921841,2.2989156983413195,-0.020936808300554794,0.0017233925285450554,-0.017559021013381068,-0.02431459558772852,0.004621385265018784,-0.011879059622433885,-0.0299945569786757,1.1873880465126296,0.09773866477009056,1.378952309359041,0.9958237836662183,0.2620923659060057,1.7010796443112945,0.6736964487139648,0.059139561675167436,623.259317864246
0.3717434869739475,2.3536587000665743,-0.020793737877518752,0.0017223194164500838,-0.017418053851402545,-0.02416942190363496,0.004620985190689186,-0.011736773330674993,-0.02985070242436251,1.1792741015557948,0.09767780542343917,1.3707190822746467,0.9878291208369429,0.2620696765127677,1.692921228960882,0.6656269741507076,0.059139561675167436,623.259317864246
0.3819639278557112,2.4097052712262164,-0.020630126048630612,0.0017233799340520598,-0.017252363446209562,-0.024007888651051662,0.004621380568334651,-0.011572386575841451,-0.029687865521419773,1.1699951929895498,0.0977379504993087,1.3615580558909535,0.9784323300881461,0.26209209954321927,1.6836862687267464,0.6563041172523533,0.059139561675167436,623.259317864246
0.3921843687374746,2.4670864531080188,-0.020500421295421036,0.001721959827419602,-0.01712544205085381,-0.023875400539988264,0.004620851177817217,-0.011443719408979801,-0.029557123181862273,1.162639254523378,0.0976574120707217,1.3540442650053797,0.9712342440413763,0.26206207624820155,1.6762714856836425,0.6490070233631133,0.059139561675167436,623.259317864246
0.4024048096192383,2.5258340261713927,-0.02035835221924302,0.0017220795169702516,-0.016983138387467192,-0.023733566051018846,0.004620895781453669,-0.011301562911280759,-0.029415141527205278,1.1545820988952968,0.09766420001756124,1.346000413508633,0.9631637842819607,0.2620646058517587,1.6682192879874287,0.6409449098031651,0.059139561675167436,623.259317864246
0.4126252505010017,2.585980527648923,-0.020220993591540958,0.0017224260550440505,-0.016845100557621215,-0.0235968866254607,0.004621024937758119,-0.0111639511418736,-0.029278036041208315,1.1467920866700578,0.09768385321209708,1.3382489208368653,0.9553352525032504,0.26207193068608087,1.6604436321736538,0.6331405411664619,0.059139561675167436,623.259317864246
0.4228456913827652,2.6475592695670653,-0.020106779318204964,0.001721292154964713,-0.01673310868760279,-0.023480449948807137,0.004620602411269648,-0.011050565005237522,-0.029162993631172404,1.1403146589287583,0.09761954639986394,1.3316454540596283,0.9489838637978882,0.26204796796480345,1.653919238361679,0.6267100794958377,0.059139561675167436,623.259317864246
0.4330661322645288,2.71060435719594,-0.01998681402309281,0.0017212810937488492,-0.016613165072075355,-0.023360462974110267,0.004620598290696244,-0.010930607786300837,-0.029043020259884783,1.1335110738088259,0.0976189190857429,1.3248406394266117,0.9421815081910401,0.26204773427495276,1.6471151952180556,0.6199069523995961,0.059139561675167436,623.259317864246
0.4432865731462923,2.775150707938475,-0.01987127386764781,0.001721618816848133,-0.01649696299151901,-0.02324558474377661,0.004620724111090531,-0.010814821027414512,-0.02892772670788111,1.1269584513891053,0.09763807235711856,1.3183255567289736,0.9355913460492371,0.2620548699199871,1.6405765584056087,0.6133403443726019,0.059139561675167436,623.259317864246
0.4535070140280559,2.8412340706693446,-0.019775213492999773,0.0017209878806323943,-0.016402139229130364,-0.023148287756869182,0.004620489069954759,-0.010719221324927475,-0.02883120566107207,1.1215105846959963,0.09760229010655172,1.3128075581134677,0.9302136112785249,0.26204154004510605,1.6351025656378146,0.607918603754178,0.059139561675167436,623.259317864246
0.4637274549098193,2.9088910455344137,-0.019693336402735975,0.0017203727348049694,-0.016321467802533556,-0.023065205002938394,0.004620259982614414,-0.010637793237600068,-0.028748879567871883,1.116867093822562,0.09756740337540049,1.3080956905034387,0.9256384971416853,0.26202854782749446,1.6304336104857822,0.6033005771593418,0.059139561675167436,623.259317864246
0.4739478957915828,2.9781591042216626,-0.019621532482696418,0.0017205401657075451,-0.016249335723955052,-0.022993729241437784,0.004620322328810054,-0.010565867121262482,-0.028677197844130354,1.1127948820926843,0.09757689887488069,1.3040420896105573,0.9215476745748112,0.2620320836638257,1.6263683288677688,0.5992214353175996,0.059139561675167436,623.259317864246
0.4841683366733464,3.0490766107148097,-0.019552394445011882,0.0017205952148428335,-0.01618008979194797,-0.022924699098075794,0.004620342828581866,-0.010496688904763504,-0.02860809998526026,1.1088738604007686,0.0975800208734334,1.3001271869233648,0.9176205338781724,0.262033246266246,1.6224495858347254,0.5952981349668118,0.059139561675167436,623.259317864246
0.4943887775551099,3.1216828425411283,-0.019478247620940664,0.0017202387530497278,-0.016106641620153107,-0.02284985362172822,0.004620210095632221,-0.010422802232493152,-0.028533693009388177,1.1046687756846465,0.09755980487555557,1.2958824795794905,0.9134550717898025,0.26202571858984364,1.6182297471439675,0.5911078042253256,0.059139561675167436,623.259317864246
0.5046092184368736,3.1960180125252373,-0.019396850752407876,0.001719752030852709,-0.01602619870959695,-0.022767502795218802,0.004620028896869568,-0.010341760507009206,-0.028451940997806548,1.1000525195995758,0.0975322014266241,1.2912121217286652,0.9088929174704865,0.26201544227447937,1.613593349850889,0.5865116893482627,0.059139561675167436,623.259317864246
0.514829659318637,3.272123291060891,-0.019306113171638148,0.0017194460347096689,-0.015936060870246987,-0.02267616547302931,0.004619915002093288,-0.010251246155899015,-0.02836098018737728,1.0949065242201086,0.09751484748435607,1.2860321132473627,0.9037809351928544,0.26200898296635683,1.6084346944601364,0.5813783539800808,0.059139561675167436,623.259317864246
0.5250501002004004,3.350040828913131,-0.01920086126727957,0.0017193706495947031,-0.015830956717998713,-0.022570765816560426,0.004619886945692019,-0.01014604924107646,-0.028255673293482678,1.088937378812938,0.0975105721725172,1.2800545883829653,0.8978201692429106,0.2620073918052297,1.602462430434463,0.5754123271914129,0.059139561675167436,623.259317864246
0.5352705410821641,3.4298137805634057,-0.01909266408178,0.0017193187122327136,-0.0157228613278581,-0.022462466835701904,0.004619867616558008,-0.010037889939983405,-0.0281474382235766,1.0828011978399723,0.09750762665179082,1.2739126342954603,0.8916897613844844,0.26200629559312594,1.5963241009252547,0.5692782947546899,0.059139561675167436,623.259317864246
0.5454909819639275,3.5114863281105926,-0.01899114201133909,0.0017192027871473143,-0.015621566466409472,-0.022360717556268707,0.004619824475412774,-0.009936452424633403,-0.028045831598044774,1.0770435822966538,0.09750105219885997,1.268142133061179,0.8859450315321283,0.2620038489317519,1.5905616900137605,0.5635254745795469,0.059139561675167436,623.259317864246
0.5557114228456912,3.5951037057411823,-0.018890467142289355,0.0017190291027032588,-0.015521232012614763,-0.022259702271963947,0.004619759843999316,-0.009835904230826318,-0.027945030053752394,1.0713340140387875,0.09749120204262908,1.2624132588518582,0.8802547692257168,0.2620001834939895,1.5848449376298923,0.5578230904476825,0.059139561675167436,623.259317864246
0.5659318637274546,3.6807122247821336,-0.0187930164106623,0.0017188274110222826,-0.0154241765894184,-0.022161856231906196,0.004619684797599223,-0.009738600587440612,-0.027847432233883987,1.0658072961075349,0.09747976351352597,1.2568641218155274,0.8747504703995423,0.26199592739166844,1.579309877891376,0.5523047143236938,0.059139561675167436,623.259317864246
0.5761523046092181,3.7683592993503265,-0.018704774464478203,0.0017186212860294979,-0.015336338640796476,-0.02207321028815993,0.004619608109470055,-0.009650508947227727,-0.027759039981728677,1.060802835513738,0.09746807355825643,1.2518367493304214,0.8697689216970547,0.2619915781820575,1.5742968930033805,0.5473087780240955,0.059139561675167436,623.259317864246
0.5863727454909817,3.8580934726127776,-0.01862392582407751,0.0017184224882243711,-0.015255879636934038,-0.021991972011220984,0.004619534154903832,-0.009569805255113325,-0.027678046393041694,1.0562176710602793,0.09745679914937368,1.2472294874416054,0.8652058546789532,0.26198738400085,1.5697035081058104,0.5427318340147482,0.059139561675167436,623.259317864246
0.5965931863727452,3.949964443672174,-0.01854259215776165,0.0017182335372768244,-0.015174916307670216,-0.021910268007853086,0.004619463870289565,-0.009488609344110095,-0.027596574971413206,1.0516049993590277,0.09744608318477806,1.2425958128356869,0.8606141858823686,0.261983397953424,1.5650830238951632,0.5381269748228922,0.059139561675167436,623.259317864246
0.6068136272545088,4.044023095092643,-0.018458386604558535,0.0017180509906934269,-0.015091068539196058,-0.021825704669921012,0.004619395974249283,-0.009404536864700625,-0.027512236344416446,1.0468294544962173,0.09743573043053078,1.237799976947411,0.8558589320450236,0.2619795473690618,1.5602999320256836,0.533358976966751,0.059139561675167436,623.259317864246
0.6170340681362723,4.140321521080947,-0.01837208131883683,0.0017178674777153216,-0.015005122932302136,-0.021739039705371523,0.004619327725035302,-0.009318365344980296,-0.027425797292693364,1.0419348276196798,0.0974253228691941,1.2328849516254867,0.8509847036138729,0.26197567675517924,1.555397718885338,0.5284719363540215,0.059139561675167436,623.259317864246
0.6272545090180357,4.2389130563387765,-0.018279607555179617,0.0017176740052438693,-0.01491302836772097,-0.021646186742638265,0.004619255778648584,-0.00922603259364987,-0.027333182516709367,1.036690368196526,0.09741435047566431,1.2276189867061904,0.8457617496868617,0.2619715964637445,1.550145262237926,0.5232354741551262,0.059139561675167436,623.259317864246
0.6374749498997994,4.339852305602068,-0.018184548118712566,0.0017174657292738558,-0.01481837714465399,-0.02155071909277114,0.0046191783351065795,-0.00913112494373598,-0.02723797129368915,1.0312992676548922,0.09740253853214265,1.2222047351806666,0.8403938001291178,0.26196720441244736,1.5447455534339314,0.517852981875853,0.059139561675167436,623.259317864246
0.6476953907815628,4.443195173883727,-0.018087259460808764,0.0017172541112784041,-0.014721503250399753,-0.021453015671217775,0.004619099657183248,-0.009033990491728289,-0.02714052842988924,1.0257817414017063,0.0973905370525179,1.216663686459655,0.8348997963437575,0.2619627423557505,1.5392192817103227,0.51234420109309,0.059139561675167436,623.259317864246
0.6579158316633265,4.5489988974365305,-0.017986830819453153,0.0017170846996923462,-0.014621406649651381,-0.021352254989254926,0.0046190366772959675,-0.008933685288683497,-0.02703997635022281,1.0200861374413837,0.09738092922264535,1.2109492514988127,0.8292230233839547,0.26195917058090046,1.5335166771999331,0.5066555976828343,0.059139561675167436,623.259317864246
0.6681362725450899,4.657322075453299,-0.01788176960834691,0.0017169891713956112,-0.014516532670566242,-0.02124700654612758,0.004619001166375433,-0.00882869367770256,-0.02693484553899126,1.0141278068100434,0.09737551153165738,1.2049803023882566,0.8232753112318303,0.2619571566520361,1.5275543993405512,0.5007012142795356,0.059139561675167436,623.259317864246
0.6783567134268533,4.768224702521965,-0.017776106962188645,0.0017168815265554084,-0.014411081004417896,-0.021141132919959393,0.004618961153388828,-0.008723109455556953,-0.026829104468820336,1.008135367025996,0.09736940667581256,1.1989758973066227,0.8172948367453695,0.26195488739774875,1.5215575118998288,0.4947132221521632,0.059139561675167436,623.259317864246
0.688577154308617,4.881768201853454,-0.01767463217442593,0.0017166885472891101,-0.014309984449066889,-0.021039279899784973,0.00461888942589898,-0.008621775251091044,-0.02672748909776082,1.0023804330225807,0.09735846225339927,1.1931995126294457,0.8115613534157159,0.2619508195206001,1.5157946050037086,0.4889662610414528,0.059139561675167436,623.259317864246
0.6987975951903804,4.998015459300811,-0.01757735122815681,0.001716466131682718,-0.014213139429375897,-0.020941563026937723,0.0046188067659842244,-0.00852465631527781,-0.026630046141035812,0.9968633441189043,0.09734584840946485,1.187657701045951,0.8060689871918575,0.26194613163344477,1.5102683280100442,0.48345836022776445,0.059139561675167436,623.259317864246
0.7090180360721441,5.117030858188424,-0.01748349857888399,0.0017163659127028702,-0.014119483205694144,-0.020847513952073835,0.004618769522998108,-0.008430876660916452,-0.02653612049685153,0.991540684032403,0.09734016469602598,1.182323901085811,0.8007574669789949,0.2619440194740413,1.5049415281671825,0.47813983989762354,0.059139561675167436,623.259317864246
0.7192384769539075,5.238880314970591,-0.017396708248915444,0.0017162370983171246,-0.014032945347282352,-0.020760471150548535,0.00461872165625163,-0.00834418014804706,-0.026449236349783828,0.9866185488684294,0.09733285925292036,1.1773874475164594,0.7958496502203993,0.26194130480990635,1.5000140723592743,0.47322302537758454,0.059139561675167436,623.259317864246
0.729458917835671,5.363631315739237,-0.01731880223827984,0.001716040203532617,-0.013955425243333128,-0.020682179233226555,0.004618648497171882,-0.008266417526572907,-0.026371186949986775,0.982200269613432,0.0973216927699403,1.172947282356987,0.7914532568698769,0.26193715574307913,1.4955876610827261,0.46881287814413786,0.059139561675167436,623.259317864246
0.7396793587174346,5.491352953600956,-0.017248405292338728,0.0017159596281459077,-0.013885186222248005,-0.02061162436242945,0.004618618560318059,-0.008196079255787097,-0.02630073132889036,0.9782078515274689,0.09731712310250826,1.168945907887436,0.7874697951675019,0.2619354579359507,1.4915919153559387,0.46482378769899924,0.059139561675167436,623.259317864246
0.7498997995991981,5.622115966944088,-0.017186665171863028,0.001715789025742523,-0.013823780476338615,-0.02054954986738744,0.004618555178965203,-0.008134463360480286,-0.02623886698324577,0.974706387503406,0.09730744773787878,1.165425480497162,0.78398729450965,0.2619318633928058,1.4880834061567707,0.4613293688500413,0.059139561675167436,623.259317864246
0.7601202404809617,5.755992778617059,-0.017129409876498157,0.0017156767642677114,-0.013766745209421227,-0.020492074543575087,0.004618513475106026,-0.008077289803177418,-0.026181529949818896,0.9714592711168076,0.09730108105909176,1.16216588564944,0.7807526565841754,0.2619294982441561,1.484831654164001,0.4580868880696143,0.059139561675167436,623.259317864246
0.7703406813627252,5.893057536039618,-0.017075151695461834,0.001715522286263249,-0.013712789799710055,-0.020437513591213614,0.004618456092132273,-0.008023144090702978,-0.026127159300220693,0.9683821299086923,0.09729232015660295,1.1590715733879744,0.7776926864294101,0.2619262438867522,1.4817481345325811,0.4550161252848035,0.059139561675167436,623.259317864246
0.7805611222444886,6.033386152269268,-0.017022707915513413,0.001715410011431389,-0.01366056607438845,-0.020384849756638377,0.004618414388900898,-0.00797078204758609,-0.026074633783440736,0.9654078887287203,0.09728595272029839,1.1560848522621716,0.774730925195269,0.26192387877370704,1.4787692578162213,0.45204651964121934,0.059139561675167436,623.259317864246
0.7907815631262523,6.177056348045559,-0.016972012884240037,0.001715248257617032,-0.013610188074765574,-0.0203338376937145,0.004618354311391243,-0.007920204766067918,-0.026023821002412156,0.9625328242352464,0.09727677918520708,1.1531918079703078,0.771873840500185,0.2619204716012381,1.4758875153874191,0.44917813308307375,0.059139561675167436,623.259317864246
0.8010020040080157,6.324147694835562,-0.01692390276290307,0.0017151595228850544,-0.013562251870307462,-0.02028555365549868,0.004618321356210621,-0.007872159235698077,-0.025975646290108068,0.9598043575954545,0.09727174677727994,1.1504534779922233,0.7691552371986857,0.2619186026159095,1.4731553856036954,0.4464533295872135,0.059139561675167436,623.259317864246
0.8112224448897793,6.474741658904403,-0.01688406484238923,0.0017150340650373566,-0.013522659842656685,-0.020245469842121774,0.0046182747649448465,-0.007832412632387145,-0.02593571705239131,0.9575450318215827,0.09726463169333023,1.148180206910063,0.7669098567331023,0.2619159602880409,1.470890880962366,0.4441991826807994,0.059139561675167436,623.259317864246
0.8214428857715428,6.6289216464351695,-0.016853656823906205,0.00171492413718374,-0.013492467278807648,-0.020214846369004762,0.004618233943466183,-0.007802084622532098,-0.025905229025280314,0.955820503557935,0.09725839736107243,1.1464434595797224,0.7651975475361477,0.26191364518178833,1.4691618151738428,0.44247919194202723,0.059139561675167436,623.259317864246
0.8316633266533062,6.786773049723291,-0.016825464208715106,0.001714855832634997,-0.013464408538072065,-0.020186519879358145,0.0046182085798510755,-0.007773941719113128,-0.025876986698317082,0.9542216173381594,0.09725452360899257,1.144836980945385,0.7636062537309335,0.2619122067364932,1.4675601096530948,0.4408831250232238,0.059139561675167436,623.259317864246
0.8418837675350699,6.948383294470898,-0.0167821539172377,0.0017147834568697208,-0.013421240100487954,-0.020143067733987444,0.0046181817054163085,-0.00773068410055997,-0.02583362373391543,0.9517653631826544,0.09725041896623554,1.142372681837907,0.7611580445274018,0.26191068260816663,1.465100868260962,0.43842985810434665,0.059139561675167436,623.259317864246
0.8521042084168333,7.113841888207363,-0.016722079452600118,0.0017147009221612354,-0.013361327400906477,-0.02008283150429376,0.004618151059975021,-0.007670669699883602,-0.025773489205316635,0.9483583634056434,0.09724573817989643,1.138956507888252,0.7577602189230347,0.2619089446149566,1.461690462079854,0.4350262647314327,0.059139561675167436,623.259317864246
0.8623246492985968,7.283240469862901,-0.016650235016542943,0.0017146272452870284,-0.013289627368869242,-0.020010842664216644,0.004618123704554524,-0.007598878879465382,-0.025701591153620505,0.9442838538931086,0.09724155974742085,1.1348738087985533,0.7536938989876639,0.2619073932085131,1.4576129118665646,0.4309547959196527,0.059139561675167436,623.259317864246
0.8725450901803604,7.456672860522611,-0.016563398215074607,0.0017155946341099874,-0.013200894520148861,-0.019925901910000356,0.004618482966177833,-0.007511337938154334,-0.025615458491994883,0.9393590831935479,0.0972964232160175,1.130056568521509,0.7486615978655868,0.2619277679930057,1.452728075010802,0.4259900913762936,0.059139561675167436,623.259317864246
0.8827655310621239,7.63423511538909,-0.01649216147326992,0.0017155014259818396,-0.01312984046291841,-0.019854482483621434,0.004618448343635938,-0.007440169055284815,-0.025544153891255028,0.9353190378114087,0.09729113710862176,1.1260061625592557,0.7446319130635617,0.2619258044467098,1.448684181148641,0.4219538944741763,0.059139561675167436,623.259317864246
0.8929859719438875,7.816025576982457,-0.016440367240509065,0.0017143637475309672,-0.013080276038947252,-0.01980045844207088,0.004618025879002438,-0.00738920283799036,-0.025491531643027768,0.932381634365015,0.09722661601381359,1.122942300090795,0.7418209686392351,0.2619018452334099,1.4456998185070815,0.41906345022294833,0.059139561675167436,623.259317864246
0.903206412825651,8.002144929607143,-0.016377760549176903,0.0017142912116602095,-0.013017811515309362,-0.019737709583044445,0.00461799895178239,-0.007326648923039698,-0.02542887217531411,0.9288310245560908,0.09722250229100328,1.11938362753332,0.7382784215788615,0.2619003181114746,1.4421462155941642,0.41551583351801735,0.059139561675167436,623.259317864246
0.9134268537074144,8.192696255115719,-0.016309618037782653,0.001715278567533246,-0.012947733821964036,-0.019671502253601272,0.004618365568523861,-0.007257787856036035,-0.02536144821952927,0.9249664620913935,0.09727849814980219,1.115628814935152,0.734304109247635,0.26192111002637514,1.4383224045338416,0.41161051964894546,0.059139561675167436,623.259317864246
0.9236472945891778,8.387785090000587,-0.016272897147874575,0.0017148571236672361,-0.012911838946854843,-0.019633955348894307,0.004618209059243646,-0.007221373718680424,-0.025324420577068726,0.9228839123011754,0.09725459682723225,1.113499419413514,0.7322684051888367,0.26191223392425744,1.4362224579031497,0.40954536669920105,0.059139561675167436,623.259317864246
0.9338677354709416,8.587519483845169,-0.016236598582039543,0.0017145857733173212,-0.012876072217932836,-0.01959712494614625,0.0046181083069098735,-0.007185272623790944,-0.025287924540288144,0.92082531375266,0.09723920774990583,1.1114106588276835,0.7302399686776364,0.261906519962747,1.4341526601958647,0.4074979673094552,0.059139561675167436,623.259317864246
0.9440881763527053,8.792010059166936,-0.01618381178547295,0.0017151357291485918,-0.012822207527743865,-0.019545416043202035,0.004618312519707808,-0.007132085577495216,-0.025235537993450685,0.9178316190902693,0.0972703973644252,1.1084780946864425,0.7271851434940961,0.2619181014718162,1.4311816648741364,0.4044815733064022,0.059139561675167436,623.259317864246
0.9543086172344686,9.001370072685514,-0.016090982195232858,0.001714233245059838,-0.012731146773814352,-0.019450817616651364,0.004617977433764288,-0.00703991274363615,-0.025142051646829568,0.91256697969388,0.09721921483441533,1.1031131393745963,0.7220208200131638,0.26189909776130893,1.42587977888958,0.39925418049817984,0.059139561675167436,623.259317864246
0.964529058116232,9.215715478049708,-0.015897907950747425,0.0017151308846888873,-0.012536313187984885,-0.019259502713509964,0.004618310720588374,-0.006846185268978986,-0.024949630632515863,0.9016171707879359,0.09727012262085101,1.0922631078965988,0.7109712336792731,0.2619179994384556,1.414967016590091,0.38826732498578076,0.059139561675167436,623.259317864246
0.9747494989979956,9.435164990058185,-0.01579829917156198,0.0017145619601637162,-0.0124378194803787,-0.019158778862745265,0.0046180994657465165,-0.0067469905416751436,-0.02484960780144882,0.8959680636253425,0.09723785723584778,1.0865507617414516,0.7053853655092334,0.26190601855434054,1.4092944273261292,0.3826416999245559,0.059139561675167436,623.259317864246
0.9849699398797592,9.65984015040946,-0.015810748377845407,0.0017148552716820472,-0.012449693806649946,-0.01917180294904087,0.004618208371555308,-0.006759226296495632,-0.02486227045919518,0.8966740947699806,0.09725449179569909,1.087289396024297,0.7060587935156643,0.2619121949234269,1.4100125639317316,0.38333562560822954,0.059139561675167436,623.259317864246
0.9951903807615228,9.889865395017523,-0.015871309858673882,0.0017146515072449502,-0.012510654658436461,-0.019231965058911303,0.004618132712643195,-0.006819936066066958,-0.024922683651280808,0.9001087146691812,0.0972429357144932,1.0907013664205316,0.7095160629178308,0.26190790408374565,1.4134387739396936,0.38677865539866874,0.059139561675167436,623.259317864246
1.0054108216432862,10.125368122930446,-0.015963300544388444,0.0017146529099514576,-0.012602642594896787,-0.019323958493880102,0.004618133233449726,-0.006911925731019475,-0.025014675357757414,0.9053257773197991,0.09724301526610946,1.0959185849894524,0.7147329696501459,0.26190793362021747,1.4186558944807326,0.39199566015886567,0.059139561675167436,623.259317864246
1.0156312625250496,10.36647876689011,-0.015964939580213965,0.0017146914177652516,-0.012604206156794147,-0.019325673003633782,0.004618147531039435,-0.006913536744084101,-0.025016342416343828,0.905418731867555,0.09724519915761479,1.0960158198859047,0.7148216438492052,0.26190874447862866,1.4187504382817708,0.39208702545333907,0.059139561675167436,623.259317864246
1.025851703406813,10.613330865572118,-0.015448265912193641,0.0017145729768097368,-0.012087764628780927,-0.018808767195606355,0.004618103555908423,-0.006396949265736777,-0.024499582558650507,0.8761166468243963,0.09723848202228179,1.066700569499414,0.6855327241493785,0.2619062505194656,1.3894434651684735,0.36278982848031893,0.059139561675167436,623.259317864246
1.036072144288577,10.866061137545968,-0.014036677398151115,0.0017145795302415034,-0.010676163270248165,-0.017397191526054068,0.004618105989018765,-0.004985355982885608,-0.023087998813416624,0.7960613058140759,0.09723885368669365,0.9866459569379553,0.6054766546901964,0.2619063885083174,1.3093883946113332,0.28273421701681867,0.059139561675167436,623.259317864246
1.0462925851703404,11.124809556996311,-0.013049467579022886,0.0017150930082005537,-0.009687947052813341,-0.016410988105232432,0.004618296654294335,-0.00399777246668416,-0.02210116269136161,0.7400737301623614,0.09726797453367146,0.9307154570975167,0.5494320032272062,0.2619172016975029,1.2534220124209803,0.22672544790374272,0.059139561675167436,623.259317864246
1.0565130260521038,11.389719431247471,-0.012773263529390243,0.0017146741078186238,-0.00941256403284239,-0.016133963025938097,0.004618141103984526,-0.003721873290056528,-0.02182465376872396,0.7244093852333643,0.09724421745957292,0.9150045491589083,0.5338142213078203,0.2619083799814205,1.2377403772461797,0.21107839322054878,0.059139561675167436,623.259317864246
1.0667334669338673,11.660937480133882,-0.012617187501924563,0.0017147546399875705,-0.009256330165225979,-0.015978044838623147,0.0046181710054573255,-0.0035657386567810763,-0.02166863634706805,0.7155578541547225,0.09724878467599837,0.9061619696599701,0.5249537386494749,0.26191007578198694,1.2288921698755733,0.20222353843387186,0.059139561675167436,623.259317864246
1.0769539078156307,11.93861391726061,-0.012712616564511031,0.001714891931115293,-0.009351490142146713,-0.016073742986875347,0.00461822198423724,-0.003661067802794935,-0.021764165326227127,0.7209699172819412,0.09725657086010102,0.9115892934276069,0.5303505411362754,0.2619129669387014,1.234309899565826,0.2076299349980565,0.059139561675167436,623.259317864246
1.0871743486973946,12.222902533198889,-0.01370816924512134,0.0017148513403050017,-0.010347122379283298,-0.017069216110959386,0.004618206911738979,-0.004656650024958993,-0.022759688465283687,0.7774306411736035,0.097254268835731,0.9680455054344125,0.5868157769127945,0.26191211213294446,1.2907689480689908,0.2640923342782162,0.059139561675167436,623.259317864246
1.097394789579158,12.513960780662677,-0.014938325027342535,0.0017145322880929201,-0.01157790349234936,-0.01829874656233571,0.004618088449477874,-0.0058870379889454805,-0.023989612065739588,0.8471963977392369,0.09723617444534444,1.037775797646566,0.6566169978319079,0.26190539378930877,1.3605215369230623,0.33387125855541144,0.059139561675167436,623.259317864246
1.1076152304609217,12.811949861713638,-0.015056392835193371,0.001714960655666105,-0.011695131715184609,-0.018417653955202135,0.00461824750427806,-0.0060047940551163845,-0.024107991615270358,0.8538923707694871,0.09726046843173489,1.0445193860151822,0.6632653555237918,0.2619144142553593,1.3672351897418955,0.3405495517970788,0.059139561675167436,623.259317864246
1.117835671342685,13.117034817042512,-0.014759174753421556,0.00171479244438655,-0.011398243321462515,-0.018120106185380597,0.004618185042591192,-0.005707698396001243,-0.02381065111084187,0.8370362582027061,0.0972509286747784,1.0276445758683455,0.6464279405370669,0.2619108718691805,1.3503721342257846,0.3237003821796276,0.059139561675167436,623.259317864246
1.1280561122244483,13.429384617376673,-0.014633736305648713,0.0017140981019731314,-0.01127416575981291,-0.017993306851484515,0.004617927269184272,-0.005582765174822136,-0.02368470743647529,0.8299222744798563,0.09721155047204355,1.0204534122863593,0.6393911366733533,0.2618962527802682,1.34322949761518,0.3166150513445327,0.059139561675167436,623.259317864246
1.1382765531062122,13.74917225706419,-0.014794594209562082,0.0017146640240853423,-0.011433914476768291,-0.018155273942355873,0.004618137359994867,-0.005743211308313257,-0.023845977110810906,0.8390449998519347,0.09724364558136728,1.029639042916792,0.6484509567870773,0.2619081676487429,1.3523755757003495,0.32571442400352,0.059139561675167436,623.259317864246
1.1484969939879757,14.076574849886402,-0.01492703522169576,0.0017146571140948881,-0.011566369032234394,-0.01828770141115713,0.004618134794395247,-0.005875657348929789,-0.023978413094461734,0.8465561196185228,0.09724325369546237,1.0371493946011205,0.6559628446359251,0.26190802214603415,1.3598864102868686,0.33322582895017705,0.059139561675167436,623.259317864246
1.158717434869739,14.411773727152124,-0.014888785141851373,0.0017148030276930015,-0.011527832966992849,-0.018249737316709896,0.004618188972321607,-0.005837301082300978,-0.023940269201401767,0.8443868449643638,0.09725152888524947,1.0349963390209096,0.6537773509078181,0.26191109473576324,1.3577231577979179,0.3310505321308097,0.059139561675167436,623.259317864246
1.1689378757515023,14.754954538127595,-0.014795342920869595,0.0017152615054312498,-0.01143349214615639,-0.018157193695582798,0.004618359231621344,-0.005743525159223682,-0.02384716068251551,0.8390874614747411,0.09727753050775916,1.0297479177749453,0.6484270051745368,0.2619207506419747,1.3524426995367076,0.3257322234127745,0.059139561675167436,623.259317864246
1.179158316633266,15.106307352858021,-0.014680540305607918,0.0017144631333505795,-0.01132025431141909,-0.018040826299796746,0.004618062775223622,-0.005629303587824527,-0.02373177702339131,0.8325766671304814,0.0972322524762823,1.0231483801197,0.6420049541412626,0.2619039377267531,1.3458989524841385,0.3192543817768243,0.059139561675167436,623.259317864246
1.18937875751503,15.466026767437457,-0.014483017177756382,0.0017144115259159765,-0.01112283233228071,-0.017843202023232054,0.004618043616130251,-0.005431818011105975,-0.023534216344406788,0.8213745489492452,0.09722932566670946,1.0119405254971117,0.6308085724013788,0.26190285115815465,1.3346947046675828,0.3080543932309078,0.059139561675167436,623.259317864246
1.1995991983967933,15.834312011785466,-0.014393414731092019,0.0017150242754494292,-0.011032028918599236,-0.0177548005435848,0.004618271129510334,-0.005341769646410649,-0.02344505981577339,0.8162929303672606,0.09726407649697372,1.0069270172908777,0.6256588434436434,0.2619157541118453,1.329638375410126,0.3029474853243952,0.059139561675167436,623.259317864246
1.2098196392785567,16.211367059990366,-0.014570007466852776,0.0017145112535790557,-0.011209627158749208,-0.017930387774956345,0.004618080640150953,-0.005518735734455231,-0.02362127919925032,0.8263080243841328,0.09723498151612772,1.0168850861931609,0.6357309625751045,0.26190495089938476,1.339632295519658,0.3129837532486074,0.059139561675167436,623.259317864246
1.2200400801603202,16.597400743279756,-0.014478861950020799,0.001714730059700495,-0.011118052789799613,-0.017839671110241987,0.004618161878705454,-0.005427430992982277,-0.02353029290705932,0.8211388937494201,0.09724739065554244,1.0117402770247803,0.6305375104740598,0.2619095581770149,1.3344721949831673,0.30780559251567285,0.059139561675167436,623.259317864246
1.2302605210420836,16.992626865681363,-0.014573142007171332,0.0017145639802957611,-0.011212658356601998,-0.017933625657740666,0.004618100215761397,-0.005521831907282343,-0.023624452107060323,0.8264857933951556,0.09723797180348427,1.017068716059706,0.6359028707306051,0.2619060610898928,1.3398122404640926,0.31315934632621856,0.059139561675167436,623.259317864246
1.2404809619238475,17.39726432243801,-0.014718442415385028,0.0017146380773654854,-0.011357813537227673,-0.018079071293542383,0.00461812772632367,-0.005667078395784788,-0.023769806434985268,0.8347262073775379,0.09724217406648487,1.0253173663262232,0.6441350484288527,0.26190762129488326,1.348055712392065,0.321396702363011,0.059139561675167436,623.259317864246
1.250701402805611,17.811537221242236,-0.014723099577223231,0.0017145677424053039,-0.011362608553054687,-0.018083590601391777,0.0046181016125226865,-0.0056717867397324175,-0.023774412414714043,0.8349903287382522,0.09723818516379386,1.0255736695813251,0.6444069878951793,0.26190614030433823,1.3483169310646494,0.32166372641185503,0.059139561675167436,623.259317864246
1.2609218436873744,18.235675006358072,-0.01431916286324826,0.001714540427045322,-0.010958725376201505,-0.017679600350295015,0.004618091471188132,-0.005267869902407928,-0.02337045582408859,0.8120818883094996,0.09723663602930005,1.0026621929047574,0.6215015837142417,0.26190556515939484,1.3254073633725219,0.2987564132464773,0.059139561675167436,623.259317864246
1.2711422845691378,18.6699125856982,-0.013246496303878027,0.001714816048143142,-0.009885518609406166,-0.01660747399834989,0.00461819380702641,-0.004195002768480343,-0.02229798983927571,0.7512478092939175,0.09725226731331527,0.9418587506428774,0.5606368679449577,0.2619113689261082,1.2645846595306727,0.23791095905716242,0.059139561675167436,623.259317864246
1.2813627254509012,19.114490460927296,-0.012783570797876192,0.0017145448928544227,-0.009423124558004438,-0.016144017037747947,0.004618093129193152,-0.003732274587405734,-0.02183486700834665,0.7249939407786375,0.09723688929848358,0.9155747417723735,0.5344131397849016,0.26190565918974146,1.2383196001377526,0.21166828141952243,0.059139561675167436,623.259317864246
1.2915831663326651,19.569654860663444,-0.013294419234994411,0.0017148066211509028,-0.00993346001708782,-0.016655378452901,0.004618190306627781,-0.004242932560251971,-0.02234590590973685,0.7539656598251246,0.09725173268082789,0.9445755533136643,0.563355766336585,0.26191117040819517,1.26730212097392,0.24062919867632937,0.059139561675167436,623.259317864246
1.3018036072144286,20.035657876851307,-0.014555293374421286,0.0017143293241489188,-0.011195269641448513,-0.01791531710739406,0.004618013100016576,-0.005504154018254629,-0.02360643273058794,0.8254735448771503,0.09722466376245903,1.0160303842605864,0.6349167054937142,0.2619011204994944,1.338790308566844,0.3121567811874565,0.059139561675167436,623.259317864246
1.312024048096192,20.512757604382895,-0.014903524749375882,0.0017147196646400181,-0.011542735963098847,-0.01826431353565292,0.004618158019014831,-0.005852101357191971,-0.023954948141559795,0.8452227715073998,0.09724680112105484,1.0358229993163965,0.6546225436984029,0.26190933928259497,1.3585556437159676,0.33188989929883206,0.059139561675167436,623.259317864246
1.3222444889779554,21.001218284042853,-0.014671960870639149,0.0017146901497078523,-0.011311229932566166,-0.018032691808712132,0.0046181470602172205,-0.005620558957303868,-0.023723362783974432,0.83209010211152,0.09724512724234592,1.022687049178533,0.6414931550445071,0.2619087177769146,1.345421756191338,0.31875844803170195,0.059139561675167436,623.259317864246
1.3324649298597189,21.50131044885775,-0.014758803325478794,0.0017147448833066089,-0.011397965111523503,-0.018119641539434087,0.004618167382751952,-0.005707361580707365,-0.023810245070250223,0.8370151934304139,0.09724823134589279,1.027618224428583,0.6464121624322449,0.2619098703276983,1.3503491064682582,0.3236812803925694,0.059139561675167436,623.259317864246
1.3426853707414828,22.0133110739303,-0.015353600318700426,0.0017150238705437913,-0.011992215299808111,-0.018714985337592742,0.004618270979146072,-0.006301955528727593,-0.024405245108673257,0.8707478822774672,0.09726405353358275,1.0613819241936653,0.6801138403612692,0.2619157455842453,1.3840933106065436,0.35740245394839076,0.059139561675167436,623.259317864246
1.3529058116232462,22.537503729841415,-0.01589568180855035,0.0017145450210117618,-0.012535235317494826,-0.019256128299605872,0.004618093176773725,-0.0068443855048236826,-0.024946978112277016,0.9014909197091326,0.09723689656666364,1.0920717349482398,0.7109101044700255,0.2619056618881759,1.414816584357082,0.38816525506118327,0.059139561675167436,623.259317864246
1.3631262525050096,23.074178739705363,-0.01583678212495641,0.0017149021137938133,-0.012475635744908927,-0.019197928505003892,0.0046182257653976065,-0.006785225952302177,-0.024888338297610644,0.8981505452242133,0.0972571483497825,1.0887710532288561,0.7075300372195705,0.26191318137943925,1.411490947804221,0.38481014264420565,0.059139561675167436,623.259317864246
1.373346693386773,23.623633339964602,-0.01557187725812805,0.001714544699654027,-0.012211431396922113,-0.018932323119333988,0.004618093057464253,-0.006520581188243651,-0.02462317332801245,0.8831270102221432,0.09723687834152027,1.0737077897406258,0.6925462307036607,0.2619056551217844,1.396452661608209,0.36980135883607756,0.059139561675167436,623.259317864246
1.3835671342685365,24.186171845013636,-0.015283817105852778,0.0017147023692847781,-0.011923062217849112,-0.018644571993856444,0.00461815159728637,-0.00623240630002537,-0.024335227911680184,0.8667902708023529,0.09724582025053355,1.0573885761404545,0.6761919654642513,0.2619089750874653,1.3801224292015832,0.35345811240312275,0.059139561675167436,623.259317864246
1.3937875751503004,24.762105815742988,-0.015111210262519006,0.0017146678903987953,-0.011750522951890094,-0.01847189757314792,0.004618138795516271,-0.006059824547699931,-0.02416259597733808,0.8570012284813529,0.09724386485138743,1.0475957013075528,0.6664067556551531,0.2619082490613886,1.3703319638956208,0.34367049306708475,0.059139561675167436,623.259317864246
1.4040080160320638,25.35175423209653,-0.014973280653450298,0.0017148777835948453,-0.011612181959716528,-0.018334379347184068,0.00461821673083399,-0.005921742188215368,-0.024024819118685228,0.8491788342215743,0.0972557685125595,1.0397966377949555,0.658561030648193,0.2619126690027346,1.3625182325616942,0.33583943588145426,0.059139561675167436,623.259317864246
1.4142284569138273,25.955443669738056,-0.014802554099250761,0.001714780313795557,-0.011441646442813177,-0.018163461755688344,0.004618180538358002,-0.005751086569965281,-0.02385402162853624,0.83949642863383,0.09725024071324502,1.030103397919641,0.6488894593480189,0.26191061642085367,1.3528318039873881,0.3261610532802719,0.059139561675167436,623.259317864246
1.4244488977955907,26.573508480924513,-0.014640767884052105,0.0017146160075074978,-0.01128018226202155,-0.01800135350608266,0.004618119532178522,-0.005589419924681238,-0.02369211584342297,0.8303210559953791,0.0972409224198544,1.020909761761747,0.639732350229011,0.26190715658078456,1.3436496501870094,0.31699246180374874,0.059139561675167436,623.259317864246
1.434669338677354,27.206290979686358,-0.014512983890958715,0.0017147598471082175,-0.0111521163484912,-0.017873851433426232,0.004618172938895036,-0.005461531256346949,-0.02356443652557048,0.823074049491015,0.09724907998714248,1.0136787437954693,0.6324693551865608,0.2619101854329325,1.33640858012377,0.30973951885826023,0.059139561675167436,623.259317864246
1.444889779559118,27.85414163141766,-0.01439280868369399,0.001714683877966466,-0.011032090038008244,-0.017753527329379737,0.004618144731561143,-0.005341411334440755,-0.023444206032947223,0.8162585596348304,0.09724477155342495,1.0068548095643686,0.6256623097052924,0.26190858571197173,1.3295899548721168,0.30292716439754397,0.059139561675167436,623.259317864246
1.4551102204408817,28.51741924698045,-0.014334461544974699,0.001714609533643673,-0.010973888611484081,-0.017695034478465314,0.00461811712856545,-0.005283118296598888,-0.02338580479335051,0.8129495215967039,0.09724055526797479,1.003537507758611,0.6223615354347967,0.26190702026480983,1.3262778486139333,0.29962119457947445,0.059139561675167436,623.259317864246
1.465330661322645,29.19649118143166,-0.014380847185648126,0.001714569286103813,-0.011020353135886101,-0.01774134123541015,0.004618102185653578,-0.005329533224841407,-0.023432161146454845,0.8155801878603863,0.09723827271148168,1.0061637002937744,0.6249966754269983,0.26190617280827866,1.3289068538933362,0.3022535218274365,0.059139561675167436,623.259317864246
1.4755511022044083,29.891733537482033,-0.01443643541882534,0.001714844478235868,-0.011075402002395658,-0.01779746883525502,0.0046182043636920035,-0.005384921192743296,-0.023487949644907385,0.8187327602417093,0.0972538796675853,1.0093468617469687,0.6281186587364498,0.2619119676256979,1.3320707839080979,0.3053947365753208,0.059139561675167436,623.259317864246
1.4857715430861718,30.60353137379975,-0.014512142181751748,0.0017145538372345104,-0.011151678411217157,-0.01787260595228634,0.004618096449952448,-0.005460839462712669,-0.023563444900790827,0.823026313683501,0.09723739656061481,1.0136081088927449,0.6324445184742571,0.26190584751977897,1.3363523421627068,0.30970028520429516,0.059139561675167436,623.259317864246
1.4959919839679356,31.332278918274582,-0.014678345864479473,0.001714684905838815,-0.011317625204200942,-0.018039066524758004,0.004618145113202841,-0.005626947767222255,-0.02372974396173669,0.8324522139126228,0.0972448298470924,1.0230485780956495,0.641855849729596,0.26190860735599625,1.3457836515714177,0.31912077625382784,0.059139561675167436,623.259317864246
1.506212424849699,32.07837978636012,-0.014964862736716104,0.00171464884863157,-0.011604212747265155,-0.018325512726167052,0.004618131725535921,-0.005913490878803884,-0.024016234594628323,0.8487014293772811,0.0972427849367002,1.0392937856095876,0.6581090731449746,0.26190784810198564,1.3620313789255603,0.33537147982900206,0.059139561675167436,623.259317864246
1.5164328657314623,32.842247204615575,-0.015281357276149217,0.0017147383535631926,-0.01192053186025585,-0.018642182692042583,0.004618164958234864,-0.006229920283343961,-0.024332794268954475,0.8666507666169712,0.09724786102491703,1.057253071799365,0.6760484614345773,0.26190973282619534,1.379984410156822,0.3533171230771204,0.059139561675167436,623.259317864246
1.526653306613226,33.62430423957054,-0.015483901254976427,0.0017145089841543617,-0.012123525394863523,-0.01884427711508933,0.004618079797603528,-0.006432631173941489,-0.024535171336011366,0.878137632040779,0.09723485281037107,1.0687144415911596,0.6875608224903984,0.26190490311603937,1.3914618095226683,0.3648134545588897,0.059139561675167436,623.259317864246
1.5368737474949894,34.42498403203942,-0.015573944172382255,0.0017147051310741957,-0.0122131838713708,-0.01893470447339371,0.004618152622729136,-0.0065225313567239575,-0.024625356988040553,0.8832442310154647,0.09724597687974341,1.0738428433411766,0.6926456186897528,0.26190903324334397,1.3965765033981226,0.3699119586328068,0.059139561675167436,623.259317864246
1.5470941883767533,35.24473003701584,-0.015649257486252996,0.0017146637474711283,-0.012288578295613101,-0.01900993667689289,0.004618137257291034,-0.0065978747862999836,-0.02470064018620601,0.8875154708028109,0.09724362989376072,1.0781094831205245,0.6969214584850973,0.26190816182410614,1.4008460352351473,0.3741849063704745,0.059139561675167436,623.259317864246
1.5573146292585167,36.08399626927919,-0.015798318042481482,0.0017148109997884686,-0.012437350242602962,-0.019159285842360003,0.004618191932486495,-0.006746828181114519,-0.024849807903848446,0.8959691338507522,0.09725198100625701,1.0865795140481893,0.705358753653315,0.26191126261543013,1.409305775722407,0.3826324919790972,0.059139561675167436,623.259317864246
1.5675350701402802,36.94324755485002,-0.015865744328841497,0.0017146587289452804,-0.01250507497433152,-0.019226413683351474,0.004618135393969741,-0.006814365280931111,-0.024917123376751883,0.8997930770848551,0.09724334527838299,1.090386531566679,0.7091996226030314,0.26190805614966917,1.4131234343991008,0.3864627197706093,0.059139561675167436,623.259317864246
1.5777555110220436,37.82295978843295,-0.015696945048989837,0.0017147677455569832,-0.012336062025847206,-0.019057828072132466,0.004618175871650017,-0.006645486666283932,-0.024748403431695744,0.8902199729001792,0.09724952793142871,1.0808255451593014,0.6996144006410568,0.2619103517581029,1.4035548295242777,0.3768851162760807,0.059139561675167436,623.259317864246
1.587975951903807,38.72362019699008,-0.01552932857792988,0.0017147876273501128,-0.012168406587188768,-0.018890250568670993,0.004618183253964793,-0.006477855726152891,-0.024580801429706867,0.8807139492848247,0.09725065548645843,1.0713217315111958,0.6901061670584536,0.2619107704309108,1.394049626492548,0.3673782720771014,0.059139561675167436,623.259317864246
1.598196392785571,39.6457276095908,-0.015525569671148494,0.0017146354742208331,-0.012164945895060904,-0.018886193447236084,0.004618126759817699,-0.006474207545865147,-0.02457693179643184,0.8805007706132669,0.09724202643448678,1.0710916402085529,0.689909901017981,0.26190756648148383,1.393830168195505,0.36717137303102876,0.059139561675167436,623.259317864246
1.6084168336673343,40.58979273368708,-0.015549255540794709,0.001714716987824093,-0.01218847200098048,-0.018910039080608936,0.004618157025115143,-0.006497834096618391,-0.024600676984971027,0.8818440660232185,0.09724664931094193,1.0724439962898615,0.6912441357565755,0.2619092829156171,1.3951768277545398,0.36851130429189727,0.059139561675167436,623.259317864246
1.6186372745490978,41.55633843796817,-0.015629579689084818,0.001714724402381753,-0.012268781617004614,-0.018990377761165023,0.004618159778137963,-0.006578152849082924,-0.02468100652908671,0.8863994849847351,0.09724706981233877,1.0770002394189713,0.6957987305504988,0.2619094390476474,1.3997325527292124,0.3730664172402577,0.059139561675167436,623.259317864246
1.6288577154308612,42.54590004195022,-0.015756929598210834,0.0017146481224877862,-0.01239628103197555,-0.01911757816444612,0.004618131455928762,-0.006705558268718938,-0.024808300927702732,0.8936218733091623,0.09724274375494811,1.0842141488267178,0.7030295977916068,0.26190783281176977,1.4069517928891688,0.3802919537291557,0.059139561675167436,623.259317864246
1.6390781563126249,43.55902561246206,-0.015822026443998403,0.0017146643163574195,-0.012461346138361869,-0.019182706749634938,0.004618137468512309,-0.006770643330059299,-0.024873409557937508,0.8973137071094359,0.09724366215697737,1.0879077826618921,0.7067196315569797,0.26190817380308656,1.4106442950201425,0.3839831191987294,0.059139561675167436,623.259317864246
1.6492985971943883,44.59627626719089,-0.015741501356805923,0.0017146682607008688,-0.012380813320398283,-0.01910218939321356,0.004618138933005671,-0.0066901153725125746,-0.024792887341099273,0.8927468923111075,0.09724388585230838,1.083341406298356,0.702152378323859,0.2619082568588173,1.406077643008055,0.37941614161416004,0.059139561675167436,623.259317864246
1.659519038076152,45.658226485456424,-0.015582159211235125,0.001714659842895548,-0.012221487673422744,-0.018942830749047505,0.004618135807566339,-0.006530779352690303,-0.02463353906977995,0.8837101300577402,0.09724340845378265,1.074303708361072,0.6931165517544084,0.26190807960595003,1.3970405333454519,0.3703797267700287,0.059139561675167436,623.259317864246
1.6697394789579154,46.74546442638496,-0.015650785690521384,0.0017146888875488953,-0.012290057226234498,-0.01901151415480827,0.004618146591585361,-0.0065993846956876705,-0.024702186685355097,0.8876021397666217,0.09724505566159508,1.078198946537941,0.6970053329953025,0.26190869119942195,1.4009337417555114,0.3742705377777321,0.059139561675167436,623.259317864246
1.6799599198396789,47.85859225466043,-0.01601912070494542,0.0017146828955944807,-0.012658403984673383,-0.019379837425217455,0.004618144366813589,-0.006967724070584252,-0.025070517339306587,0.9084915029857312,0.0972447158402171,1.0990876437193884,0.7178953622520741,0.261908565026064,1.4218228576793837,0.3951601482920789,0.059139561675167436,623.259317864246
1.6901803607214425,48.99822647403202,-0.016207061136809277,0.0017147058518533387,-0.01284629942309666,-0.019567822850521895,0.004618152890352148,-0.007155647796619513,-0.02525847447699904,0.9191501582615524,0.09724601775725093,1.109748850705707,0.728551465817398,0.261909048421033,1.4324824603919342,0.4058178561311706,0.059139561675167436,623.259317864246
1.7004008016032062,50.16499826876365,-0.016108195083376395,0.0017147049886851015,-0.012747435061442436,-0.019468955105310354,0.004618152569860527,-0.007056782371338666,-0.025159607795414124,0.9135431732633199,0.09724596880443863,1.1041417697617253,0.7229445767649145,0.2619090302450095,1.4268754397693502,0.40021090675728954,0.059139561675167436,623.259317864246
1.7106212424849696,51.35955385321414,-0.01583993937074412,0.0017147888531618984,-0.012479014977456057,-0.019200863764032183,0.004618183709123763,-0.006788465626871944,-0.024891413114616297,0.8983296019292475,0.09725072500585415,1.0889375204111305,0.7077216834473645,0.26191079624431624,1.4116653297303157,0.3849938741281792,0.059139561675167436,623.259317864246
1.720841683366733,52.58255482974195,-0.0156587435674819,0.0017147727590105157,-0.01229785071815091,-0.019019636416812893,0.004618177733190046,-0.006607281536224583,-0.024710205598739217,0.8880534544007765,0.0972498122591405,1.0786595839319737,0.6974473248695794,0.2619104573315192,1.4013885179449685,0.3747183908565844,0.059139561675167436,623.259317864246
1.7310621242484965,53.83467855513231,-0.01579058187175256,0.0017148768802238386,-0.012429484948593429,-0.01915167879491169,0.004618216395386217,-0.006739044063983185,-0.024842119679521935,0.8955303928297982,0.09725571727972976,1.0861480959886782,0.704912689670918,0.26191264997850366,1.4088697538831108,0.3821910317764856,0.059139561675167436,623.259317864246
1.74128256513026,55.11661851574995,-0.015973571526285976,0.0017149557147057492,-0.01261232009038156,-0.01933482296219039,0.004618245669482052,-0.0069219763423430825,-0.02502516671022887,0.9059082749457984,0.09726018821532462,1.0965347409774218,0.7152818089141751,0.2619143101986751,1.4192508899708534,0.39256565992074344,0.059139561675167436,623.259317864246
1.7515030060120238,56.42908471162537,-0.01611105828597688,0.0017149754346825108,-0.012749768199628234,-0.019472348372325525,0.004618252992404409,-0.007059448749369904,-0.025162667822583855,0.9137055539134052,0.09726130659327163,1.1043342119255257,0.7230768959012848,0.2619147255031642,1.4270489829203015,0.400362124906509,0.059139561675167436,623.259317864246
1.7617234468937872,57.772804049686734,-0.016134056074016644,0.0017150524183092346,-0.012772615102532222,-0.01949549704550107,0.004618281580613743,-0.007082390505548994,-0.025185721642484296,0.9150098261894201,0.09726567256141906,1.105647041341867,0.7243726110369729,0.26191634682469256,1.428356432928119,0.4016632194507209,0.059139561675167436,623.259317864246
1.771943887775551,59.1485207463563,-0.01603665845400706,0.0017156024944463728,-0.012674139353105091,-0.01939917755490903,0.004618485886006196,-0.006984592454328354,-0.025088724453685766,0.9094861203743797,0.09729686899883844,1.1001844794206148,0.7187877613281446,0.2619279335850695,1.422855436746115,0.39611680400264426,0.059139561675167436,623.259317864246
1.782164328657314,60.55699673973282,-0.015943951611994873,0.001723135752017717,-0.012566667597566805,-0.01932123562642294,0.00462128951486157,-0.0068863906007336165,-0.02500151262325613,0.9042284423914233,0.09772410221715461,1.0957641631585573,0.7126927216242894,0.26208693563265667,1.4179093970498977,0.3905474877329489,0.059139561675167436,623.259317864246
1.7923847695390775,61.999012111590126,-0.015920089868500274,0.0017388292001377626,-0.01251204726096367,-0.019328132476036878,0.004627164028596733,-0.0068510150218914125,-0.024989164715109133,0.9028751726576747,0.09861412386891776,1.0961553038077252,0.7095950415076242,0.26242009660390286,1.417209110820846,0.3885412344945033,0.059139561675167436,623.259317864246
1.8026052104208412,63.47536551942328,-0.015931488026681075,0.0017477079229591332,-0.01250604344218587,-0.01935693261117628,0.00463050784949793,-0.006855859411535114,-0.025007116641827035,0.9035215957696341,0.099117662383244,1.0977886442725928,0.7092545472666754,0.2626097345329875,1.4182272174439141,0.38881597409535407,0.059139561675167436,623.259317864246
1.8128256513026049,64.98687463878393,-0.015946842175050168,0.0017504838961767142,-0.012515956783026458,-0.01937772756707388,0.004631556307663961,-0.006869158619659491,-0.025024525730440846,0.904392374733463,0.09927509599818078,1.0989679874516538,0.7098167620152722,0.262669195682736,1.4192145381197294,0.3895702113471966,0.059139561675167436,623.259317864246
1.8230460921843683,66.53437661614826,-0.01594970834309941,0.0017512297718368084,-0.01251736106164497,-0.019382055624553852,0.00463183826078323,-0.006871472169749636,-0.025027944516449185,0.9045549235628793,0.09931739680307267,1.099213444335175,0.7098964027905833,0.26268518607433206,1.4194084275407728,0.38970141958498583,0.059139561675167436,623.259317864246
1.833266533066132,68.11872853256911,-0.015939126146572936,0.001751626532461081,-0.012506001228584437,-0.019372251064561433,0.004631988284690436,-0.006860595931768219,-0.025017656361377653,0.9039547760389106,0.09933989826632461,1.0986573988687798,0.7092521532090414,0.2626936943718505,1.41882495597351,0.38908459610431134,0.059139561675167436,623.259317864246
1.8434869739478952,69.74080787836839,-0.01591759315357235,0.0017519795825345253,-0.01248377627015516,-0.01935141003698954,0.004632121805167224,-0.00683880124344193,-0.024996385063702768,0.9027335766026118,0.09935992077553474,1.097475442829413,0.7079917103758107,0.26270126671123606,1.4176185980496854,0.38784855515553807,0.059139561675167436,623.259317864246
1.853707414829659,71.40151303913396,-0.015891158633022377,0.0017522912161837703,-0.012456730958876297,-0.019325586307168456,0.00463223968147187,-0.00681213568958022,-0.024970181576464533,0.9012343971065899,0.0993775944373791,1.096010903074081,0.7064578911390988,0.26270795182355566,1.4161325211330427,0.3863362730801372,0.059139561675167436,623.259317864246
1.8639278557114225,73.10176379328809,-0.015866189797161874,0.001752553514594739,-0.012431248027577094,-0.019301131566746656,0.004632338910507973,-0.0067869723683827345,-0.02494540722594101,0.8998183409049716,0.09939247015259475,1.0946240027385297,0.7050126790714135,0.2627135793943699,1.4147274947675408,0.3849091870424025,0.059139561675167436,623.259317864246
1.874148296593186,74.84250182150569,-0.015843237535891102,0.0017527690088544063,-0.012407873405318499,-0.019278601666463707,0.0046324204427802395,-0.006763860306794742,-0.02492261476498746,0.8985166505860785,0.0994046914665767,1.093346265754885,0.7036870354172722,0.26271820332959944,1.4134348671951642,0.3835984339769928,0.059139561675167436,623.259317864246
1.8843687374749492,76.62469122826194,-0.015825301615122706,0.0017529416492497703,-0.012389599115592913,-0.0192610041146525,0.004632485767486212,-0.00674579635195534,-0.024904806878290074,0.8974994517075359,0.09941448241173213,1.0923482567762215,0.7026506466388502,0.2627219080860217,1.412424929505781,0.38257397390929093,0.059139561675167436,623.259317864246
1.8945891783567128,78.44931907580003,-0.015812977407787553,0.0017530769081240745,-0.012377009805735533,-0.01924894500983957,0.004632536951399922,-0.0067333718259927275,-0.024892582989582378,0.8968005096213097,0.09942215334075952,1.091664349434617,0.7019366698080025,0.26272481087647764,1.411731676784303,0.3818693424583165,0.059139561675167436,623.259317864246
1.9048096192384767,80.31739593081346,-0.015797426478075194,0.0017531821114500099,-0.012361252681293287,-0.0192336002748571,0.004632576764198963,-0.006717742864628123,-0.024877110091522263,0.8959185706080877,0.09942811973114128,1.090794104331661,0.7010430368845144,0.2627270687775388,1.4108541631758413,0.3809829780403339,0.059139561675167436,623.259317864246
1.91503006012024,82.22995642414644,-0.015764850151757555,0.0017532624938677477,-0.012328518808331891,-0.01920118149518322,0.004632607185235024,-0.006685106914175433,-0.024844593389339677,0.8940710712226233,0.09943267845473475,1.0889555398802553,0.6991866025649914,0.2627287940440676,1.4090100452506373,0.3791320971946093,0.059139561675167436,623.259317864246
1.925250501002004,84.18805982382285,-0.01569545748798081,0.0017533218040262128,-0.01225900989878064,-0.01913190507718098,0.004632629632159423,-0.006615670255235304,-0.02477524472072632,0.8901356089352797,0.09943604210845823,1.085026670233066,0.6952445476374933,0.2627300670752446,1.4050770780585518,0.37519413981200755,0.059139561675167436,623.259317864246
1.935470941883767,86.19279062171874,-0.01558593728234049,0.0017533652581341284,-0.012149404524653823,-0.01902247004002716,0.004632646078508435,-0.006506117815343243,-0.024665756749337738,0.8839243955945397,0.09943850651886742,1.0788202870479713,0.6890285041411082,0.2627309997961228,1.3988676928171406,0.3689810983719387,0.059139561675167436,623.259317864246
1.9456913827655304,88.24525913420746,-0.01546004523970794,0.001753395789173344,-0.012023452642284,-0.01889663783713188,0.004632657633991382,-0.006380203124380292,-0.024539887355035588,0.8767846871715997,0.09944023802399903,1.0716839723127283,0.6818854020304712,0.26273165514158553,1.3917292688477052,0.3618401054954944,0.059139561675167436,623.259317864246
1.9559118236472943,90.34660211710525,-0.015356756774370182,0.001753415568192781,-0.011920125410780497,-0.018793388137959867,0.004632665120108363,-0.006276899986522868,-0.024436613562217498,0.8709268941725857,0.09944135975043002,1.0658283778571196,0.676025410488052,0.2627320797013221,1.3858723079704842,0.35598148037468735,0.059139561675167436,623.259317864246
1.9661322645290575,92.49798339526143,-0.015308592784918668,0.0017534280421421919,-0.011871936972837392,-0.018745248596999945,0.004632669841382874,-0.0062287267435433506,-0.024388458826293986,0.8681953725134046,0.09944206718483027,1.0630982427438842,0.6732925022829249,0.26273234745870133,1.3831413111061228,0.3532494339206864,0.059139561675167436,623.259317864246
1.9763527054108208,94.70059450714119,-0.015310878528711509,0.0017534368336847522,-0.011874205485523445,-0.01874755157189957,0.004632673168917728,-0.006231005965487719,-0.0243907510919353,0.868325003774199,0.0994425657790953,1.063228851231481,0.6734211563169169,0.26273253617300074,1.3832713122401474,0.3533786953082505,0.059139561675167436,623.259317864246
1.9865731462925849,96.95565536475661,-0.015339736637110836,0.0017534510506122766,-0.011903035729256854,-0.018776437544964816,0.004632678549951541,-0.006259853527254573,-0.0244196197469671,0.8699616320733375,0.09944337206291651,1.0648670598178704,0.6750562043288046,0.26273284134727254,1.3849085386698676,0.35501472547680735,0.059139561675167436,623.259317864246
1.996793587174348,99.26441492931195,-0.015379123576978087,0.0017534963313635135,-0.011942333920482488,-0.018815913233473685,0.004632695688731683,-0.0062992068757300075,-0.024459040278226166,0.8721953814068425,0.09944594006764693,1.0671058423481592,0.6772849204655258,0.262733813337959,1.3871441930701114,0.3572465697435736,0.059139561675167436,623.259317864246
2.007014028056112,101.62815190293985,-0.015411612595583685,0.0017536245047050422,-0.011974571723954911,-0.018848653467212456,0.0046327442044418795,-0.006331600805290936,-0.02449162438587643,0.8740379293148821,0.09945320915524748,1.0689626374060963,0.6791132212236679,0.26273656480673724,1.388992133757861,0.3590837248719032,0.059139561675167436,623.259317864246
2.0172344689378754,104.0481754369067,-0.015430917396268205,0.001753923779812952,-0.011993289956206458,-0.01886854483632995,0.00463285749680272,-0.006350683557028483,-0.024511151235507928,0.8751327614040931,0.0994701819278234,1.070090735518274,0.6801747872899123,0.2627429899501064,1.3900995588966711,0.3601659639115151,0.059139561675167436,623.259317864246
2.027454909819639,106.52582585668456,-0.015445232157267933,0.0017545143796977166,-0.012006447162702775,-0.01888401715183309,0.00463308112046982,-0.006364560023694607,-0.02452590429084126,0.8759445936497613,0.0995036765862916,1.0709682160882144,0.6809209712113083,0.26275567230672064,1.3909362481045422,0.3609529391949804,0.059139561675167436,623.259317864246
2.0376753507014023,109.0624754042875,-0.015469780411370405,0.0017554980305932043,-0.01202906749647673,-0.01891049332626408,0.004633453711401943,-0.0063883780129891515,-0.02455118280975166,0.8773367974214917,0.09955946232490452,1.072469757898477,0.6822038369445065,0.2627768030355639,1.3923698673437725,0.3623037274992109,0.059139561675167436,623.259317864246
2.0478957915831657,111.65952899828524,-0.015509995840276394,0.0017568587129454922,-0.012066616036977836,-0.018953375643574952,0.0046339694105097745,-0.006427582690216932,-0.024592408990335858,0.879617532807844,0.09963663062759011,1.0749017403788412,0.684333325236847,0.2628060498504292,1.3947079254339234,0.3645271401817647,0.059139561675167436,623.259317864246
2.0581162324649296,114.31842501191491,-0.015556211164191229,0.0017584488255344567,-0.012109714797486936,-0.019002707530895523,0.00463457249725488,-0.006472615985831806,-0.02463980634255065,0.8822385399066544,0.09972681059454791,1.0776994969650158,0.6867775828482929,0.2628402526755145,1.3973959688380702,0.36708111097523843,0.059139561675167436,623.259317864246
2.068336673346693,117.04063606972076,-0.015601783365033843,0.0017601053897710424,-0.012152040192087765,-0.01905152653797992,0.004635201284020888,-0.006516955787259089,-0.024686610942808596,0.8848230736023829,0.09982075923010712,1.080468166602837,0.6891779806019287,0.2628759130244581,1.4000503955334045,0.3695957516713613,0.059139561675167436,623.259317864246
2.0785571142284565,119.82766986316528,-0.015648263797381844,0.0017616937697097334,-0.012195407456962166,-0.01910112013780152,0.0046358046656995704,-0.006562253613247941,-0.024734273981515745,0.8874591157810415,0.09991084093336618,1.0832807656755494,0.6916374658865336,0.262910132576095,1.4027535068008385,0.3721647247612445,0.059139561675167436,623.259317864246
2.08877755511022,122.68106998566076,-0.015701852016135057,0.0017631222789523692,-0.01224619584904823,-0.019157508183221882,0.004636347714616108,-0.006614777475682896,-0.024788926556587217,0.8904982614553985,0.09999185589871759,1.0864786977642038,0.694517825146593,0.2629409304791427,1.4058530152559683,0.3751435076548286,0.059139561675167436,623.259317864246
2.098997995991984,125.60241678748581,-0.015764247850107833,0.001764341836650795,-0.012306201393855024,-0.019222294306360643,0.004636811628354566,-0.006676264055436363,-0.024852231644779302,0.8940369129226089,0.10006102060674546,1.0901529095681501,0.6979209162770676,0.26296724039323033,1.4094432332072269,0.3786305926379909,0.059139561675167436,623.259317864246
2.109218436873747,128.59332825105898,-0.015824479545006074,0.0017653370790097671,-0.012364482449573791,-0.019284476640438357,0.004637190416924299,-0.00673575333838017,-0.02491320575163198,0.8974528296906613,0.10011746373138328,1.0936794528276677,0.701226206553655,0.2629887226083512,1.4129012543432244,0.3820044050380983,0.059139561675167436,623.259317864246
2.1194388777555107,131.6554608870559,-0.015871667635283363,0.0017661169704222257,-0.012410141980770808,-0.01933319328979592,0.004637487370710696,-0.006782359409931049,-0.024960975860635677,0.9001290052341671,0.10016169366975008,1.0964423174574107,0.7038156930109234,0.26300556373194905,1.415610437882441,0.3846475725858931,0.059139561675167436,623.259317864246
2.129659318637274,134.79051065186417,-0.015908330543977566,0.0017667056456209544,-0.012445651107276912,-0.01937100998067822,0.004637711590704706,-0.006818582855512378,-0.024998078232442753,0.9022082667390225,0.10019507917360601,1.0985870133474296,0.7058295201306155,0.26301827990801824,1.417714622634413,0.3867019108436319,0.059139561675167436,623.259317864246
2.139879759519037,138.0002138868856,-0.01594279850128442,0.0017671343131502695,-0.012479278891664967,-0.019406318110903875,0.004637874905708528,-0.006852730721293606,-0.025032866281275237,0.9041630460877345,0.10021939017139182,1.1005894413762298,0.707736650799239,0.263027541982761,1.419687555316043,0.38863853685942584,0.059139561675167436,623.259317864246
2.150100200400801,141.2863482802063,-0.01598338262164679,0.0017674350706459716,-0.01251927353816768,-0.0194474917051259,0.0046379895093927445,-0.006893090222562416,-0.025073675020731163,0.9064646910521788,0.10023644701454429,1.102924517138943,0.7100048649654145,0.2630340414951399,1.422001939090667,0.3909274430136904,0.059139561675167436,623.259317864246
2.160320641282565,144.65073385116457,-0.01603933683504737,0.0017676381474422166,-0.012574829728361523,-0.019503843941733216,0.004638066901261857,-0.006948892750686837,-0.0251297809194079,0.9096380192495863,0.10024796409761272,1.1061204184043716,0.713155620094801,0.2630384306159153,1.4251838698067183,0.39409216869245445,0.059139561675167436,623.259317864246
2.1705410821643283,148.0952339583661,-0.016111346615702033,0.0017677697872761182,-0.01264658149968281,-0.019576111731721257,0.004638117072810266,-0.0070208041969135725,-0.025201889034490492,0.9137219059410968,0.10025542978020273,1.1102189375648785,0.7172248743173151,0.26304127599215416,1.4292733333331793,0.39817047854901433,0.059139561675167436,623.259317864246
2.180761523046092,151.62175633170185,-0.016195996808546546,0.001767851007234377,-0.01273107250433431,-0.019660921112758783,0.004638148029555268,-0.007105393715652802,-0.02528659990144029,0.9185226676271987,0.10026003600318525,1.1150287272821309,0.7220166079722664,0.2630430316403144,1.4340775360264448,0.40296779922795256,0.059139561675167436,623.259317864246
2.190981963927855,155.2322541289395,-0.01628024202541094,0.0017678982173254948,-0.012815225191120405,-0.019745258859701475,0.004638166024099448,-0.007189603663858686,-0.025370880386963196,0.9233004619330288,0.1002627134264612,1.1198117692411533,0.7267891546249043,0.2630440521638992,1.4388573305217465,0.4077435933443111,0.059139561675167436,623.259317864246
2.2012024048096186,158.9287270174779,-0.016350193902568696,0.0017679235249263966,-0.012885127466291859,-0.019815260338845533,0.004638175670484679,-0.007259536634448808,-0.025440851170688582,0.9272676388577961,0.1002641486950258,1.1237817592406154,0.7307535184749768,0.26304459923880913,1.442825579693634,0.411709698021958,0.059139561675167436,623.259317864246
2.2114228456913825,162.71322228185764,-0.016400602412235288,0.0017679357652755174,-0.012935511985315016,-0.019865692839155562,0.004638180336126243,-0.007309935999625971,-0.025491268824844607,0.930126453867295,0.10026484288126578,1.126641934830143,0.7336109729044469,0.2630448638410801,1.4456849133140544,0.4145679944205356,0.059139561675167436,623.259317864246
2.221643286573146,166.58783595764592,-0.016438202419772587,0.001767940838618252,-0.012973102049283272,-0.019903302790261902,0.0046381822699352844,-0.007347532216967195,-0.02552887262257798,0.9322588610068011,0.10026513060547056,1.1287749058987282,0.7357428161148741,0.26304497351308487,1.44781753540674,0.41670018660686237,0.059139561675167436,623.259317864246
2.2318637274549094,170.5547139923227,-0.016465681425354144,0.0017679424419754402,-0.013000577912342486,-0.0199307849383658,0.004638182881088876,-0.007375010024709723,-0.025556352825998566,0.9338172763244181,0.10026522153657774,1.1303334994380403,0.737301053210796,0.26304500817340454,1.4493760186573352,0.41825853399150104,0.059139561675167436,623.259317864246
2.242084168336673,174.61605343380893,-0.016476930721019373,0.0017679427486427942,-0.013011826606950747,-0.019942034835088,0.004638182997981694,-0.00738625909126924,-0.025567602350769505,0.9344552570047984,0.10026523892858635,1.130971514206131,0.7379389998034658,0.2630450148027405,1.4500140123309753,0.4188965016786216,0.059139561675167436,623.259317864246
2.252304609218436,178.77410364729755,-0.016470934091713595,0.0017679427430665508,-0.013005829988574205,-0.019936038194852984,0.004638182995856189,-0.007380262466129373,-0.025561605717297816,0.934115170499977,0.10026523861234116,1.1306314270814806,0.7375989139184735,0.2630450146821969,1.4496739255898925,0.4185564154100615,0.059139561675167436,623.259317864246
2.2625250501002,183.03116756106112,-0.01645627881525101,0.0017679430218574721,-0.012991174165691455,-0.019921383464810566,0.004638183102123325,-0.007365606981387029,-0.02554695064911499,0.9332840266197732,0.1002652544233952,1.1298003141903732,0.7367677390491733,0.263045020708919,1.448842793521847,0.41772525971769925,0.059139561675167436,623.259317864246
2.2727454909819635,187.38960294192182,-0.0164430946886606,0.0017679436457607577,-0.012977988816273075,-0.019908200561048126,0.004638183339937487,-0.007352422388689427,-0.025533766988631773,0.9325363159805755,0.10026528980678759,1.1290526729013501,0.7360199590598009,0.26304503419606035,1.4480951093169607,0.4169775226441903,0.059139561675167436,623.259317864246
2.282965931863727,191.85182370109902,-0.01644457503941046,0.0017679445934243075,-0.012979467309636509,-0.019909682769184412,0.004638183701159976,-0.0073539020314562185,-0.025535248047364702,0.9326202710304475,0.10026534355157787,1.1291367332890756,0.7361038087718196,0.26304505468205136,1.4481791045186374,0.4170614375422578,0.059139561675167436,623.259317864246
2.2931863727454904,196.42030123114785,-0.016469880799561302,0.001767945830755706,-0.013004770644662373,-0.019934990954460233,0.004638184172795891,-0.007379206867217653,-0.025560554731904953,0.9340554352006343,0.10026541372428475,1.1305720349952404,0.7375388354060282,0.2630450814299128,1.4496143211136692,0.4184965492875994,0.059139561675167436,623.259317864246
2.303406813627254,201.09756577473567,-0.016518580215553032,0.0017679471974963656,-0.013053467381891634,-0.01998369304921443,0.004638184693759302,-0.0074279052621398604,-0.025609255168966203,0.9368173224754579,0.1002654912361719,1.1333340741905713,0.7403005707603445,0.26304511097528177,1.4523762662963517,0.42125837865456395,0.059139561675167436,623.259317864246
2.3136272545090177,205.88620782601242,-0.016577448071038225,0.0017679486399497866,-0.013112332410220072,-0.02004256373185638,0.00463818524358268,-0.007486772039991036,-0.025668124102085417,0.9401558918946135,0.10026557304195267,1.136672803946111,0.7436389798431161,0.26304514215738445,1.4557148968313056,0.4245968869579213,0.059139561675167436,623.259317864246
2.323847695390781,210.78887956535007,-0.016628311303260635,0.0017679499540753576,-0.013163193066803691,-0.02009342953971758,0.0046381857444913605,-0.007537634290450471,-0.0257189883160708,0.9430404955591692,0.1002656475698832,1.1395575536827263,0.7465234374356122,0.2630451705653907,1.4585995561745304,0.42748143494380797,0.059139561675167436,623.259317864246
2.3340681362725446,215.80829632824896,-0.016663388125991368,0.00176795133984381,-0.013198267173478167,-0.02012850907850457,0.0046381862727086914,-0.007572710077894259,-0.02575406617408848,0.9450298054588551,0.10026572616089248,1.1415470176179598,0.7485125932997503,0.2630452005221508,1.4605889247883872,0.4294706861293228,0.059139561675167436,623.259317864246
2.344288577154308,220.94723810922045,-0.01669191249036762,0.0017679526145829895,-0.01322678903941154,-0.020157035941323703,0.004638186758604988,-0.0076012334899312715,-0.02578259149080397,0.9466475061517461,0.10026579845510478,1.1431648600049034,0.7501301522985889,0.2630452280787605,1.4622066794912407,0.43108833281225134,0.059139561675167436,623.259317864246
2.3545090180360715,226.2085511014818,-0.01672125679091116,0.0017679537697368765,-0.013256131075895062,-0.020186382505927258,0.004638187198918846,-0.007630576927475506,-0.025811936654346813,0.9483117078389607,0.10026586396728303,1.1448291900936278,0.7517942255842935,0.2630452530502559,1.463870930121687,0.43275248555623436,0.059139561675167436,623.259317864246
2.364729458917836,231.59514927331546,-0.016745548987781137,0.001767954649703963,-0.013280421548061243,-0.02021067642750103,0.004638187534338999,-0.007654868466934065,-0.02583622950862821,0.9496893898510836,0.10026591387280753,1.1462069699187813,0.7531718097833859,0.2630452720729204,1.4652486494175472,0.43413013028462,0.059139561675167436,623.259317864246
2.374949899799599,237.1100159819627,-0.016758819727059882,0.0017679551886122429,-0.013293691231099167,-0.020223948223020597,0.004638187739756636,-0.007668138803601638,-0.025849500650518126,0.950442012550865,0.10026594443588288,1.1469596525210897,0.7539243725806404,0.2630452837227594,1.4660012949505936,0.43488273015113643,0.059139561675167436,623.259317864246
2.3851703406813622,242.75620562595427,-0.016764942436017914,0.001767955549126202,-0.013299813233462824,-0.020230071638573006,0.004638187877175088,-0.007674261243224454,-0.025855623628811372,0.9507892494040031,0.10026596488169104,1.1473069294472755,0.7542715693607308,0.26304529151616446,1.466348547078525,0.4352299517294813,0.059139561675167436,623.259317864246
2.3953907815631257,248.53684533677978,-0.016774475432144647,0.0017679556667243531,-0.013309345999101416,-0.020239604865187878,0.00463818792200042,-0.0076837941514951505,-0.025865156712794143,0.9513298936839641,0.10026597155102844,1.1478475867988975,0.7548122005690308,0.26304529405834104,1.4668891963410604,0.4357705910268679,0.059139561675167436,623.259317864246
2.405611222444889,254.4551367108453,-0.016793492791559023,0.0017679555890482736,-0.01332836351075811,-0.020258622072359934,0.004638187892392335,-0.007702811568940307,-0.025884174014177738,0.9524084241323834,0.10026596714578927,1.1489261086132068,0.7558907396515601,0.26304529237917934,1.4679677234983832,0.4368491247663835,0.059139561675167436,623.259317864246
2.415831663326653,260.51435758267115,-0.016819682944600647,0.001767955505147338,-0.013354553828242546,-0.020284812060958748,0.004638187860411499,-0.007729001784663217,-0.025910364104538078,0.953893744827474,0.10026596238752015,1.1504114199822613,0.7573760696726868,0.263045290565452,1.4694530406386335,0.43833444901631446,0.059139561675167436,623.259317864246
2.4260521042084164,266.7178638403137,-0.016850047297463432,0.0017679555520324288,-0.013384918089212243,-0.020315176505714624,0.004638187878282865,-0.007759366102498768,-0.025940728492428095,0.9556157966852259,0.10026596504651171,1.1521334770515408,0.759098116318911,0.2630452915789898,1.471175094482883,0.4400564988875687,0.059139561675167436,623.259317864246
2.43627254509018,273.0690912840189,-0.01687931820898467,0.0017679558717983632,-0.013414188374003766,-0.020344448043965575,0.004638188000169261,-0.007788636775127061,-0.02596999964284228,0.9572758362648941,0.1002659831813794,1.1537935521748965,0.7607581203548917,0.2630452984915262,1.4728351476108736,0.44171652491891455,0.059139561675167436,623.259317864246
2.4464929859719438,279.5715575291332,-0.01690229615246482,0.0017679563597263529,-0.013437165361162628,-0.02036742694376701,0.004638188186154662,-0.007811614354082523,-0.025992977950847117,0.9585789830975012,0.10026601085321238,1.1550967532432996,0.7620612129517028,0.2630453090393059,1.474138315116749,0.44301965107825336,0.059139561675167436,623.259317864246
2.4567134268537067,286.22886395432687,-0.016922050972974598,0.0017679569949820093,-0.013456918936594198,-0.020387183009354996,0.004638188428297586,-0.007831368700000889,-0.026012733245948307,0.9596993371360723,0.10026604688043114,1.1562171778939219,0.7631814963782226,0.2630453227719441,1.4752586960707963,0.4441399782013481,0.059139561675167436,623.259317864246
2.46693386773547,293.04469769621386,-0.016947282579503512,0.0017679578018187743,-0.013482148961752111,-0.020412416197254913,0.004638188735842871,-0.007856599703752123,-0.0260379654552549,0.9611302958360164,0.10026609263851978,1.1576482262780718,0.7646123653939609,0.26304534021374276,1.476689688956038,0.445570902715995,0.059139561675167436,623.259317864246
2.477154308617234,300.02283369146255,-0.016977380433400076,0.0017679589675600094,-0.01351224453083784,-0.020442516335962314,0.004638189180193459,-0.007886696686737537,-0.026068064180062616,0.9628372337526958,0.10026615875113772,1.1593552937731013,0.7663191737322903,0.263045365414173,1.4783966762646528,0.44727779124073874,0.059139561675167436,623.259317864246
2.487374749498997,307.1671367675377,-0.017005096571992492,0.0017679607311846782,-0.013539957212789423,-0.02047023593119556,0.004638189852442316,-0.007914411507746405,-0.02609578163623858,0.9644090975815894,0.10026625877148562,1.1609273536382745,0.7678908415249044,0.2630454035393851,1.4799686148175892,0.44884958034558975,0.059139561675167436,623.259317864246
2.497595190380761,314.4815637832305,-0.017023962197248603,0.0017679637200096756,-0.013558816980056183,-0.020489107414441023,0.00463819099170768,-0.007933274900083434,-0.02611464949441377,0.9654790227391169,0.10026642827655173,1.1619976110196268,0.768960434458607,0.2630454681504784,1.4810386666105324,0.4499193788677014,0.059139561675167436,623.259317864246
2.5078156312625244,321.97016582015317,-0.01703544941233951,0.0017679702396729583,-0.013570291416841865,-0.020500607407837157,0.004638193476846031,-0.007944757244392676,-0.026126141580286345,0.9661304965306737,0.10026679802585345,1.1626498095064983,0.7696111835548491,0.26304560908999175,1.4816904166384595,0.450570576422888,0.059139561675167436,623.259317864246
2.5180360721442883,329.6370904264268,-0.017046618702319428,0.0017679885370505963,-0.0135814248446206,-0.020511812560018255,0.004638200451406787,-0.007955912864484703,-0.026137324540154154,0.9667639398530656,0.10026783572401536,1.1632852866799144,0.7702425930262169,0.2630460046378686,1.482324635220444,0.45120324448568716,0.059139561675167436,623.259317864246
2.528256513026052,337.48658391379035,-0.017061130956874466,0.00176804428662432,-0.013595827832018986,-0.020526434081729945,0.004638221702307116,-0.007970383468040458,-0.026151878445708474,0.9675869725397692,0.10027099744649415,1.1641145162288056,0.771059428850733,0.2630472098389988,1.4831500300579572,0.45202391502158135,0.059139561675167436,623.259317864246
2.538476953907815,345.52299370941284,-0.017077862391339765,0.0017681962534675437,-0.013612261416944722,-0.02054346336573481,0.004638279632694053,-0.00798700136103375,-0.02616872342164578,0.9685358614534905,0.10027961593363506,1.165080297066924,0.7719914258400569,0.2630504952418163,1.4841053582428754,0.45296636466410567,0.059139561675167436,623.259317864246
2.5486973947895786,353.75077076371014,-0.01709339507986555,0.0017685266135507864,-0.013627146611605422,-0.020559643548125676,0.00463840558199962,-0.008002287193456744,-0.026184502966274354,0.9694167659553113,0.10029835162669086,1.1659979228523598,0.7728356090582629,0.2630576381977888,1.4850002626811456,0.4538332692294772,0.059139561675167436,623.259317864246
2.558917835671342,362.17447201549214,-0.01710500121093435,0.0017690746229544452,-0.013637678663979863,-0.02057232375788884,0.004638614554138901,-0.008013483746658785,-0.026196518675209918,0.9700749838221192,0.10032943085356917,1.1667170548845165,0.7734329127597219,0.2630694896231195,1.485681708914767,0.4544682587294715,0.059139561675167436,623.259317864246
2.569138276553106,370.7987629158169,-0.01711206406530455,0.0017698362289986728,-0.013643248797932966,-0.020580879332676133,0.004638905068845886,-0.008019977202666314,-0.026204150927942788,0.9704755390898107,0.1003726237748629,1.1672022667223307,0.7737488114572906,0.2630859655675643,1.4861145564401814,0.4548365217394399,0.059139561675167436,623.259317864246
2.5793587174348693,379.6284200119399,-0.017115014921656808,0.0017707847391603402,-0.013644340608529388,-0.020585689234784228,0.004639267027530423,-0.008022218633032987,-0.02620781121028063,0.970642890842253,0.10042641657899007,1.1674750504334896,0.7738107312510163,0.2631064933103406,1.4863221418291492,0.4549636398553568,0.059139561675167436,623.259317864246
2.5895791583166328,388.66833359279826,-0.01711470465429444,0.0017718803213718673,-0.013641883039490323,-0.020587526269098558,0.004639685316220561,-0.008021088534902807,-0.026208320773686074,0.9706252946665603,0.1004885502721139,1.1675792340585462,0.7736713552745744,0.2631302156935965,1.4863510406702656,0.4548995486628551,0.059139561675167436,623.259317864246
2.599799599198396,397.92351039748644,-0.017112122186330053,0.0017730777303456497,-0.013636953693062557,-0.020587290679597546,0.004640142734672663,-0.008017609543246438,-0.02620663482941367,0.9704788353043025,0.10055645886075099,1.167565873084258,0.773391797524347,0.2631561572408697,1.4862554258063665,0.4547022448022384,0.059139561675167436,623.259317864246
2.61002004008016,407.3990763882299,-0.017108825010835365,0.0017743317351539272,-0.013631198713307206,-0.020586451308363524,0.004640622056003071,-0.008013372915207128,-0.0262042771064636,0.9702918427735668,0.100627577165807,1.1675182698700737,0.77306541567706,0.26318334096486407,1.4861217123956254,0.45446197315150827,0.059139561675167436,623.259317864246
2.6202404809619235,417.1002795893881,-0.01710770412219394,0.001775600561538062,-0.013627590970650243,-0.020587817273737638,0.00464110733709339,-0.0080113008931063,-0.02620410735128158,0.9702282738782895,0.10069953604607156,1.1675957377884827,0.7728608099680963,0.26321086268439137,1.486112085079414,0.4543444626771648,0.059139561675167436,623.259317864246
2.630460921843687,427.03249299406536,-0.01711073197168947,0.001776848043715674,-0.013628173800006296,-0.02059329014337264,0.0046415847434625205,-0.008013393043312342,-0.026208070900066598,0.9703999921385907,0.10077028443353683,1.1679061203401802,0.7728938639370013,0.2632379378052931,1.4863368696015598,0.4544631146756216,0.059139561675167436,623.259317864246
2.6406813627254504,437.20121753993135,-0.017117851335926516,0.001778044633124801,-0.013632947892097172,-0.020602754779755858,0.004642042942247705,-0.008019614354432667,-0.026216088317420366,0.9708037522472227,0.10083814654224914,1.1684428877378032,0.7731646167566422,0.26326392360755313,1.486791560946731,0.4548159435477145,0.059139561675167436,623.259317864246
2.650901803607214,447.61208515590533,-0.01712649202216454,0.0017791676872048012,-0.013639387432785706,-0.020613596611543376,0.004642473222268653,-0.008027411707326368,-0.026225572337002713,0.9712937910060161,0.10090183824592415,1.1690577599419136,0.7735298220701186,0.26328832605448743,1.48732942762265,0.455258154389382,0.059139561675167436,623.259317864246
2.6611222444889773,458.2708618813895,-0.0171317101824804,0.0017802012654263397,-0.013642579817012146,-0.020620840547948657,0.0046428694258737625,-0.008031853322845667,-0.026231567042115135,0.971589728242241,0.1009604555102069,1.169468584905005,0.773710871579477,0.2633107959275425,1.4876694050008001,0.45551005148368184,0.059139561675167436,623.259317864246
2.671342685370741,469.18345105977943,-0.017129245602986773,0.0017811354483044676,-0.013638284272722413,-0.02062020693325113,0.0046432276969253375,-0.00802868654499425,-0.026229804660979295,0.9714499546822789,0.1010134357718983,1.1694326507498496,0.7734672586147083,0.26333111453379543,1.48756945517731,0.4553304541872478,0.059139561675167436,623.259317864246
2.6815631262525046,480.3558966080178,-0.017117855994995785,0.0017819656191611591,-0.013625267559751296,-0.020610444430240276,0.004643546212557837,-0.00801667265783505,-0.02621903933215652,0.9708040164767594,0.10106051720559382,1.1688789904587138,0.772729042494805,0.2633491784931739,1.4869589216815906,0.4546491112719283,0.059139561675167436,623.259317864246
2.691783567134268,491.79438636400937,-0.017097609170684414,0.0017826915638301866,-0.013603597910033861,-0.020591620431334966,0.004643824842954257,-0.007995879727981698,-0.02619933861338713,0.9696557594539101,0.10110168766529612,1.167811426054108,0.7715000928537123,0.2633649804433736,1.485841635912018,0.45346988299580226,0.059139561675167436,623.259317864246
2.7020040080160315,503.5052555137412,-0.017068773175601203,0.001783316571445298,-0.01357353692253497,-0.020564009428667436,0.004644064809440027,-0.00796657340722888,-0.026170972943973525,0.9680203852660404,0.1011371336874648,1.166245524793084,0.7697952457389967,0.26337858964935545,1.4842329352777308,0.45180783525434987,0.059139561675167436,623.259317864246
2.712224448897795,515.4949901000141,-0.0170314316093988,0.0017838466159389114,-0.013535156488214878,-0.02052770673058272,0.004644268371819669,-0.007928832866093772,-0.026134030352703827,0.9659026350956087,0.1011671940713973,1.1641866918925214,0.767618578298696,0.26339013427128816,1.4821378121505024,0.44966745804071495,0.059139561675167436,623.259317864246
2.722444889779559,527.7702306147257,-0.016984965185399516,0.0017842894396747928,-0.01348782214564177,-0.020482108225157263,0.004644438476804576,-0.00788203304245048,-0.026087897328348552,0.9632673873716531,0.10119230790934002,1.161600666386447,0.764934108356859,0.2633997814258511,1.4795214725020434,0.4470133022412627,0.059139561675167436,623.259317864246
2.7326653306613222,540.3377756766924,-0.016928992318944753,0.0017846538827139843,-0.013431134983955774,-0.02042684965393373,0.004644578499861308,-0.007825785735847518,-0.02603219890204199,0.9600930013046195,0.10121297654718389,1.158466790105197,0.761719212504042,0.26340772254569195,1.476362650743895,0.44382335186534405,0.059139561675167436,623.259317864246
2.7428857715430857,553.2045857970546,-0.016864819779684452,0.0017849492434497626,-0.013366383548290901,-0.020363256011078003,0.004644691998613008,-0.007761390743121594,-0.025968248816247312,0.9564535876490995,0.10122972732419049,1.154860207369323,0.7580469679288759,0.26341415939409446,1.472735853079418,0.4401713222187812,0.059139561675167436,623.259317864246
2.753106212424849,566.3777872343404,-0.016793858899782535,0.0017851847462664646,-0.01329496109134999,-0.02029275670821508,0.004644782507135321,-0.007690252469775649,-0.02589746532978942,0.9524291872077331,0.10124308338235646,1.1508619843209373,0.7539963900945288,0.2634192923988944,1.4687215131425917,0.43613686127287443,0.059139561675167436,623.259317864246
2.7633266533066125,579.8646759413311,-0.016716483154679183,0.0017853693707981179,-0.013217223488813936,-0.020215742820544433,0.004644853469214275,-0.007612737641553279,-0.02582022866780509,0.9480409808724201,0.10125355398316777,1.146494299986111,0.7495876617587292,0.26342331686733755,1.4643411946204843,0.43174076712435594,0.059139561675167436,623.259317864246
2.7735470941883764,593.672721605912,-0.01663387074261813,0.001785511561127853,-0.01313433238882765,-0.020133409096408608,0.004644908125593986,-0.007530018104956465,-0.02573772338027979,0.943355787734731,0.10126161801544209,1.1418249120612498,0.7448866634082123,0.263426416591565,1.459662076830643,0.42704949863881914,0.059139561675167436,623.259317864246
2.78376753507014,607.8095717881416,-0.016549292834419818,0.0017856189952539273,-0.013049543913611523,-0.020049041755228113,0.004644949424536231,-0.0074453592523187565,-0.02565322641652088,0.9385591255237552,0.10126771092106825,1.1370401917258626,0.7400780593216479,0.26342875877618316,1.454870005217164,0.4222482458303465,0.059139561675167436,623.259317864246
2.7939879759519037,622.2830561558435,-0.016467392740729607,0.0017856983847000546,-0.01296748821946615,-0.019967297261993065,0.004644979944134119,-0.007363399341315862,-0.02557138614014335,0.9339143300582761,0.10127221333031793,1.1324042208203564,0.7354244392961957,0.26343048963244337,1.4502286021676172,0.41760005794893496,0.059139561675167436,623.259317864246
2.8042084168336667,637.1011908210467,-0.016395026258475102,0.0017857556080181595,-0.012895009581569084,-0.01989504293538112,0.0046450019431488,-0.007290989741784888,-0.025499062775165317,0.9298102137687417,0.10127545863317994,1.1283064652075505,0.731313962329933,0.2634317372613414,1.446126931185789,0.4134934963516944,0.059139561675167436,623.259317864246
2.81442885771543,652.2721827797019,-0.016342160545577758,0.0017857957086583882,-0.012842065272861134,-0.019842255818294383,0.004645017359854593,-0.007238093812699428,-0.025446227278456086,0.9268120435288674,0.10127773285856242,1.1253127523675186,0.7283113346902161,0.2634326115881209,1.4431304745949132,0.41049361246282146,0.059139561675167436,623.259317864246
2.8246492985971936,667.8044344571038,-0.0163182100917069,0.0017858228637564605,-0.012818061595976055,-0.019818358587437742,0.004645027799809506,-0.007214122896892938,-0.02542229728652086,0.9254537427684761,0.10127927290413145,1.1239574700409771,0.7269500154959752,0.2634332036687042,1.4417733342911412,0.4091341512458111,0.059139561675167436,623.259317864246
2.834869739478957,683.7065483615619,-0.01632230795902313,0.0017858404840136596,-0.012822124928222779,-0.019822490989823482,0.004645034574104908,-0.007218207486834161,-0.0254264084312121,0.9256861448900239,0.1012802722007995,1.124191830748004,0.7271804590320436,0.2634335878589431,1.4420064894117204,0.40936580036832737,0.059139561675167436,623.259317864246
2.845090180360721,699.9873318488839,-0.016341725334723226,0.0017858513587148891,-0.012841520989900122,-0.01984192967954633,0.004645038755027952,-0.007237616668075668,-0.025445834001370786,0.926787361439842,0.10128088893712646,1.125294256078811,0.7282804668008729,0.2634338249713996,1.4431081706934137,0.4104665521862704,0.059139561675167436,623.259317864246
2.8553106212424844,716.6558020003096,-0.016363913156897784,0.0017858576521869853,-0.012863696477096034,-0.019864129836699534,0.004645041174646639,-0.0072597997478847445,-0.025468026565910823,0.9280456981667212,0.10128124585845998,1.1265532923586492,0.7295381039747931,0.2634339621950998,1.444366776373803,0.4117246199596395,0.059139561675167436,623.259317864246
2.865531062124248,733.7211906166091,-0.016379807510484175,0.0017858610154336515,-0.01287958423884009,-0.01988003078212826,0.00464504246769968,-0.007275691567133745,-0.025483923453834607,0.9289471137590408,0.10128143659808138,1.1274550817937572,0.7304391457243244,0.2634340355279451,1.4452683356958582,0.4126258918222234,0.059139561675167436,623.259317864246
2.8757515030060112,751.1929493310953,-0.01638554325494307,0.0017858625849236785,-0.012885316907155055,-0.01988576960273108,0.004645043071115498,-0.007281426128919369,-0.02548966038096677,0.9292724047160278,0.10128152560848214,1.1277805472079239,0.7307642622241316,0.2634340697494329,1.4455936937257288,0.4129511157063268,0.059139561675167436,623.259317864246
2.885971943887775,769.0807548443946,-0.016382791956915173,0.0017858631170451142,-0.01288256456618831,-0.019883019347642035,0.004645043275698291,-0.007278674429916565,-0.02548690948391378,0.9291163705037534,0.10128155578665557,1.1276245721437825,0.7306081688637242,0.2634340813519255,1.4454376822539219,0.4127950587535848,0.059139561675167436,623.259317864246
2.8961923847695386,787.3945142838663,-0.016377107869544598,0.0017858631684336981,-0.012876880378097961,-0.019877335360991233,0.004645043295455475,-0.007272990303822622,-0.025481225435266576,0.9287940091723477,0.10128155870105347,1.127302216524492,0.7302858018202035,0.26343408247241357,1.4451153231186327,0.4124726952260628,0.059139561675167436,623.259317864246
2.906412825651302,806.144370690651,-0.016375437307251425,0.001785863174925943,-0.012875209803080222,-0.019875664811422628,0.004645043297951525,-0.007271319736637281,-0.02547955487786557,0.9286992666657824,0.1012815590692478,1.1272074747395742,0.7301910585919906,0.2634340826139719,1.4450205808895165,0.41237795244204833,0.059139561675167436,623.259317864246
2.916633266533065,825.3407086373708,-0.01638480800227406,0.0017858633474108726,-0.012884580160038607,-0.019885035844509513,0.004645043364266192,-0.007280690301685558,-0.025488925702862562,0.9292307063722395,0.10128156885137603,1.1277389336186503,0.7307224791258287,0.2634340863748719,1.445552027967202,0.4129093847772768,0.059139561675167436,623.259317864246
2.926853707414829,844.9941599796103,-0.016411097829168626,0.0017858638122665788,-0.012910869075832731,-0.01991132658250452,0.004645043542987636,-0.0073069797782925276,-0.025515215880044725,0.9307216798650171,0.10128159521471189,1.1292299587826167,0.7322134009474175,0.2634340965106913,1.4470430213258207,0.4144003384042134,0.059139561675167436,623.259317864246
2.9370741482965923,865.1156097443419,-0.016460419425473216,0.0017858646351314653,-0.012960189059351779,-0.01996064979159465,0.004645043859351714,-0.00735630075453492,-0.025564538096411512,0.9335188528173738,0.1012816418818025,1.1320272232007902,0.7350104824339574,0.2634341144526296,1.4498402294437303,0.4171974761910172,0.059139561675167436,623.259317864246
2.947294589178356,885.7162021585855,-0.01653362195579922,0.001785865806681404,-0.013033389293482097,-0.020033854618116343,0.004645044309773766,-0.007429502402049924,-0.025637741509548513,0.9376703838547608,0.10128170832384911,1.1361788844621956,0.7391618832473259,0.2634341399973904,1.4539918105479286,0.42134895716159304,0.059139561675167436,623.259317864246
2.95751503006012,906.807346821612,-0.016628303084528374,0.001785867254674116,-0.013128067584197687,-0.020128538584859062,0.004645044866479234,-0.007524182439656411,-0.025732423729400336,0.9430400294506631,0.10128179044377938,1.1415486910102037,0.7445313678911225,0.2634341715697967,1.4593615180246102,0.4267185408767161,0.059139561675167436,623.259317864246
2.9677354709418835,928.4007250241302,-0.01673998083873994,0.001785868880869073,-0.013239742151125704,-0.020240219526354176,0.004645045491698049,-0.007635858968461617,-0.02584410270901826,0.9493736037237137,0.10128188267008367,1.147882446043489,0.7508647614039383,0.2634342070277967,1.4656951617940637,0.43305204565336386,0.059139561675167436,623.259317864246
2.977955911823647,950.5082962179503,-0.016866305578008986,0.0017858706059840409,-0.013366063509231543,-0.02036654764678643,0.004645046154948907,-0.007762182407782869,-0.025970428748235103,0.9565378516469711,0.10128198050643306,1.1550468857224678,0.7580288175714746,0.26343424464270576,1.472859483441188,0.44021621985275416,0.059139561675167436,623.259317864246
2.9881763527054104,973.1423046396994,-0.017006240123074813,0.0017858723885895759,-0.013505994560454725,-0.0205064856856949,0.0046450468403036,-0.00790211560957818,-0.026110364636571445,0.9644739517306188,0.10128208160324176,1.1629831839522193,0.7659647195090181,0.26343428351118836,1.4807956597056617,0.44815224375557583,0.059139561675167436,623.259317864246
2.998396793587174,996.3152860922721,-0.0171531100135704,0.0017858741472561522,-0.013652861004027163,-0.02065335902311364,0.004645047516455102,-0.008048984174841177,-0.026257235852299624,0.9728033756744994,0.10128218134240165,1.1713128033812612,0.7742939479677375,0.26343432185773097,1.4891251588073848,0.4564815925416139,0.059139561675167436,623.259317864246
3.0086172344689373,1020.0400748877589,-0.01729568234915138,0.0017858758468338488,-0.013795430008497069,-0.020795934689805694,0.004645048169889343,-0.008191555229714579,-0.026399809468588185,0.9808890726251543,0.10128227773045718,1.1793986892490336,0.7823794560012751,0.26343435891591077,1.4972109283907375,0.46456721685957114,0.059139561675167436,623.259317864246
3.0188376753507007,1044.3298109557077,-0.01742495124492002,0.0017858774700334884,-0.013924695722852872,-0.020925206766987167,0.004645048793959115,-0.00832082290232894,-0.0265290795875111,0.9882202923324821,0.1012823697868882,1.1867300893836508,0.7897104952813135,0.26343439430874516,1.504542217466746,0.4718983671982182,0.059139561675167436,623.259317864246
3.029058116232464,1069.1979471206475,-0.017538324243174905,0.001785879012322461,-0.014038065698276918,-0.021038582788072892,0.0046450493869217005,-0.008434194738398513,-0.026642453747951295,0.9946500088868234,0.10128245725463705,1.1931599773716295,0.7961400404020172,0.2634344279373993,1.5109719999320381,0.4783280178416086,0.059139561675167436,623.259317864246
3.039278557114228,1094.6582565529127,-0.017638342202767755,0.00178588044035633,-0.014138080858974816,-0.021138603546560695,0.004645049935957109,-0.008534211621901738,-0.026742472783633772,1.00032232187514,0.10128253824264258,1.1988324490935203,0.8018121946567599,0.26343445907481394,1.5166443739485662,0.48400026980171384,0.059139561675167436,623.259317864246
3.049498997995991,1120.7248403968797,-0.01772797084436988,0.0017858817206562953,-0.014227706991235118,-0.02122823469750464,0.004645050428193661,-0.008623839298737947,-0.026832102390001812,1.0054054260491754,0.1012826108522234,1.2039156955797188,0.8068951565186319,0.26343448699099814,1.5217275328373172,0.48908331926103366,0.059139561675167436,623.259317864246
3.0597194388777558,1147.412135580876,-0.017808722137003383,0.001785882841486434,-0.014308456087081919,-0.021308988186924848,0.004645050859119142,-0.00870458974677303,-0.026912854527233736,1.009985069624119,0.10128267441780082,1.2084954637409049,0.8114746755073332,0.26343451143005103,1.5263072243119242,0.49366291493631387,0.059139561675167436,623.259317864246
3.0699398797595188,1174.7349228130183,-0.017882094727172743,0.0017858838008518209,-0.014381826796929672,-0.021382362657415815,0.004645051227966465,-0.00877796161401492,-0.026986227840330567,1.0141462452559589,0.10128272882623673,1.2126567460113196,0.8156357445005982,0.2634345323484688,1.5304684409431095,0.4978240495688082,0.059139561675167436,623.259317864246
3.080160320641282,1202.7083347675107,-0.01794819412231297,0.001785884634369429,-0.014447924558405406,-0.021448463686220533,0.004645051548429215,-0.008844060381059697,-0.02705232786356624,1.0178949365819974,0.10128277609747456,1.2164055299872818,0.8193843431767129,0.2634345505228549,1.5342171678902903,0.5015727052737045,0.059139561675167436,623.259317864246
3.0903807615230456,1231.347864465827,-0.018006463432632028,0.00178588539459804,-0.014506192378703767,-0.021506734486560288,0.004645051840714634,-0.00890232911850986,-0.027110597746754193,1.0211995607423834,0.10128281921227757,1.219710238651129,0.822688882833638,0.2634345670992217,1.5375218245397582,0.5048772969450086,0.059139561675167436,623.259317864246
3.100601202404809,1260.669373857498,-0.01805534829925764,0.0017858861111618141,-0.014555075840890188,-0.02155562075762509,0.0046450521162123126,-0.008951213445169944,-0.027159483153345335,1.023971965468708,0.1012828598507191,1.2224827230273354,0.8254612079100808,0.2634345827235062,1.5402942598891178,0.5076496710482983,0.059139561675167436,623.259317864246
3.1108216432865725,1290.6891026052224,-0.0180932204584578,0.0017858867563977988,-0.014592946735451057,-0.021593494181464543,0.004645052364286636,-0.008989085118153366,-0.027197355798762233,1.0261198071303574,0.10128289644395165,1.2246306364104025,0.8276089778503123,0.26343459679253156,1.5424421291255501,0.5097974851351648,0.059139561675167436,623.259317864246
3.121042084168336,1321.423677079173,-0.018119610280877715,0.0017858873347217476,-0.01461933542437686,-0.02161988513737857,0.004645052586635307,-0.009015474504777894,-0.027223746056977534,1.0276164516638113,0.10128292924240566,1.226127345227645,0.8291055580999775,0.26343460940257946,1.5439387983742439,0.5112941049533789,0.059139561675167436,623.259317864246
3.1312625250500994,1352.8901195654803,-0.018134803518200373,0.001785887863826289,-0.014634527624673674,-0.02163507941172707,0.004645052790060608,-0.009030667343394288,-0.027238939693006458,1.0284781048883993,0.10128295924948214,1.2269890572650222,0.8299671525117764,0.2634346209394272,1.5448004742106378,0.5121557355661608,0.059139561675167436,623.259317864246
3.141482965931863,1385.1058576939938,-0.018139955004416695,0.0017858883901324893,-0.0146396780793488,-0.021640231929484593,0.004645052992410079,-0.009035818433012936,-0.027244091575820455,1.0287702608401197,0.10128298909785642,1.2272812717184811,0.8302592499617582,0.2634346324152615,1.54509265265458,0.5124478690256593,0.059139561675167436,623.259317864246
3.1517034068136263,1418.0887340905415,-0.01813707482792233,0.0017858889671482484,-0.014636796771924329,-0.021637352883920335,0.004645053214255963,-0.009032937821708628,-0.027241211834136032,1.0286069175505332,0.10128302182211915,1.227117992567271,0.8300958425337953,0.2634346449967948,1.5449293340243457,0.5122845010767206,0.059139561675167436,623.259317864246
3.1619238476953906,1451.8570162590381,-0.018127717038560993,0.001785889628087567,-0.01462743768714573,-0.021627996389976256,0.004645053468368105,-0.009023579534296644,-0.02723185454282534,1.0280762097621288,0.10128305930593401,1.2265873582457938,0.8295650612784637,0.2634346594082426,1.54439865448186,0.5117537650423976,0.059139561675167436,623.259317864246
3.172144288577154,1486.4294066988957,-0.018114066941454045,0.0017858904100387862,-0.014613786057442554,-0.021614347825465535,0.004645053769005943,-0.009009928847950361,-0.027218205034957726,1.0273020725629025,0.10128310365269008,1.2258133079646123,0.8287908371611927,0.26343467645829965,1.5436245507001316,0.5109795944256735,0.059139561675167436,623.259317864246
3.182364729458917,1521.825053263384,-0.018098468971866233,0.0017858913112382688,-0.014598186321536213,-0.021598751622196252,0.004645054115491461,-0.008994330199263413,-0.027202607744469053,1.026417465779836,0.10128315476236631,1.2249288013546704,0.8279061302050015,0.26343469610851356,1.5427399824307764,0.5100949491288954,0.059139561675167436,623.259317864246
3.192585170340681,1558.0635597646278,-0.018081960616969837,0.001785892310621199,-0.014581676007885269,-0.021582245226054408,0.00464505449972589,-0.008977821091281375,-0.0271861001426583,1.025481228365318,0.10128321144031492,1.2239926750268906,0.8269697817037457,0.2634347178995794,1.541803787725963,0.5091586690046733,0.059139561675167436,623.259317864246
3.2028056112224443,1595.1649968311303,-0.01806369740309465,0.0017858933963711987,-0.014563410665979187,-0.021563984140210116,0.00464505491716622,-0.008959557059238177,-0.027167837746951126,1.0244454677309847,0.10128327301639437,1.2229570350794552,0.8259339003825142,0.2634347415738496,1.5407680734923463,0.508122861969623,0.059139561675167436,623.259317864246
3.213026052104208,1633.149913023869,-0.01804191352080317,0.0017858945446804192,-0.014541624533042991,-0.02154220250856335,0.004645055358659044,-0.008937772311636661,-0.02714605472996968,1.0232100396242634,0.10128333814039142,1.2217217346134226,0.8246983446351042,0.26343476661220766,1.539532694459905,0.5068873847886216,0.059139561675167436,623.259317864246
3.223246492985971,1672.0393462170618,-0.01801262852924974,0.0017858957449670956,-0.014512337188970903,-0.021512919869528576,0.004645055820136007,-0.008908486415605004,-0.02711677064289448,1.0215492015245113,0.10128340621218304,1.2200610299319306,0.8230373731170922,0.26343479278392506,1.5378719076557767,0.505226495393246,0.059139561675167436,623.259317864246
3.233466933867734,1711.8548352499702,-0.017970571564088128,0.001785897008957853,-0.01447027774643293,-0.021470865381743327,0.00464505630610571,-0.008866428497960276,-0.02707471463021598,1.0191640271947557,0.10128347789682068,1.217675996101483,0.8206520582880286,0.26343482034469784,1.535486787344143,0.5028412670453685,0.059139561675167436,623.259317864246
3.243687374749498,1752.6184318561372,-0.017912126969792976,0.001785898352213422,-0.01441183051940524,-0.02141242342018071,0.004645056822550875,-0.008807982891451198,-0.027016271048134755,1.015849462163967,0.10128355407679918,1.2143615803807084,0.8173373439472258,0.2634348496338238,1.5321722797189863,0.4995266446089478,0.059139561675167436,623.259317864246
3.253907815631261,1794.352712876687,-0.017836967096142454,0.0017858997874145462,-0.014336667832812205,-0.021337266359472702,0.004645057374346968,-0.00873282193630021,-0.0269411122559847,1.0115869244233093,0.10128363547128083,1.2100992021703032,0.8130746466763155,0.2634348809278049,1.5279098033134044,0.4952640455332141,0.059139561675167436,623.259317864246
3.264128256513026,1837.080792764495,-0.01774910370179188,0.0017859012886825118,-0.014248801496030488,-0.021249405907553275,0.00464505795154438,-0.008644957410663496,-0.026853249992920263,1.0066039326186258,0.1012837206126076,1.2051163772395537,0.8080914879976978,0.26343491366236976,1.5229268756672891,0.49028098956996247,0.059139561675167436,623.259317864246
3.2743486973947893,1880.8263363860417,-0.01765738002763384,0.0017859028128076348,-0.014157074834642097,-0.021157685220625583,0.004645058537530182,-0.008553232587994388,-0.02676152746727329,1.0014020129795855,0.10128380705023107,1.1999146270151424,0.8028893989440287,0.26343494689535,1.5177250211636935,0.4850790047954777,0.059139561675167436,623.259317864246
3.2845691382765527,1925.6135721281967,-0.017573641168247084,0.0017859043105087518,-0.014073333039815093,-0.021073949296679075,0.0046450591133570685,-0.008469492600007674,-0.026677789736486494,0.9966529356972663,0.10128389198927133,1.1951657162102831,0.7981401551842496,0.2634349795521882,1.512976007887601,0.48032986350693185,0.059139561675167436,623.259317864246
3.294789579158316,1971.467305317041,-0.017507516285643926,0.0017859057483833422,-0.014007205339029523,-0.02100782723225833,0.004645059666182608,-0.008403366633886368,-0.026611665937401482,0.9929027989021579,0.10128397353537313,1.1914157392425972,0.7943898585617186,0.26343501090455235,1.509225932541997,0.4765796652623189,0.059139561675167436,623.259317864246
3.30501002004008,2018.412931956259,-0.017464471885728805,0.0017859071167433543,-0.013964158257178061,-0.02096478551427955,0.004645060192281945,-0.008360321202835494,-0.026568622568622115,0.9904616242400598,0.10128405113909852,1.1889747166810058,0.7919485317991136,0.26343504074119484,1.5067848163586435,0.4741384321214761,0.059139561675167436,623.259317864246
3.315230460921843,2066.4764527926545,-0.01744536506849146,0.0017859084331060605,-0.01394504885991722,-0.020945681277065697,0.004645060698389975,-0.00834121339364464,-0.026549516743338282,0.989378020375094,0.10128412579390357,1.1878912591367694,0.7908647816134187,0.2634350694440714,1.5057012687502822,0.473054771999906,0.059139561675167436,623.259317864246
3.3254509018036065,2115.684487716638,-0.01744663124668351,0.001785909803244611,-0.013946312352687059,-0.020946950140679963,0.004645061225173789,-0.008342478539359386,-0.026550783954007638,0.989449829068588,0.10128420349849511,1.1879632201284642,0.7909364380087118,0.26343509931953263,1.505773135998604,0.473126522138572,0.059139561675167436,623.259317864246
3.33567134268537,2166.0642905055815,-0.017462854648236305,0.0017859115162766103,-0.01396253239675883,-0.02096317689971378,0.004645061883791995,-0.008358700650044217,-0.026567008646428393,0.9903699059399539,0.10128430064958376,1.1888834874124647,0.7918563244674429,0.26343513667171037,1.506693286078893,0.4740465258010147,0.059139561675167436,623.259317864246
3.3458917835671333,2217.643763918282,-0.01748930763080202,0.0017859141636928032,-0.013988980190484156,-0.020989635071119887,0.004645062901658747,-0.008385151637627758,-0.026593463623976285,0.9918701324712493,0.1012844507923513,1.1903840082181771,0.7933562567243214,0.26343519439793095,1.5081936257515018,0.4755466391909968,0.059139561675167436,623.259317864246
3.356112224448897,2270.4514751488487,-0.01752063488455776,0.0017859188790233147,-0.014020298202361918,-0.021020971566753602,0.004645064714591144,-0.008416475338101293,-0.026624794431014228,0.9936467932738726,0.10128471821262874,1.192161193154913,0.7951323933928323,0.2634352972146653,1.5099704880712215,0.47732309847652377,0.059139561675167436,623.259317864246
3.366332665330661,2324.516671648598,-0.017551597443884,0.0017859277394360038,-0.0140512433955984,-0.021051951492169603,0.004645068121220055,-0.008447431220557558,-0.026655763667210446,0.9954027711815674,0.10128522071272156,1.1939181559446919,0.7968873864184428,0.26343549041462155,1.5117268446438723,0.4790786977192625,0.059139561675167436,623.259317864246
3.3765531062124245,2379.8692973246752,-0.017577207959819735,0.0017859443990616859,-0.014076821259267801,-0.02107759466037167,0.004645074526509518,-0.008473029182356635,-0.026681386737282833,0.9968552189496596,0.10128616552914775,1.1953724555189515,0.7983379823803677,0.2634358536774472,1.5131800043940196,0.48053043350529945,0.059139561675167436,623.259317864246
3.386773547094188,2436.5400091244637,-0.0175943769701043,0.0017859751618401606,-0.014093929975614492,-0.02109482396459411,0.0046450863543100905,-0.008490175010578062,-0.02669857892963054,0.9978289240765201,0.1012879101768951,1.1963495800925625,0.7993082680604777,0.26343652446684424,1.5141550242439394,0.4815028239091007,0.059139561675167436,623.259317864246
3.3969939879759514,2494.5601940148554,-0.017603088800876552,0.0017860306275076132,-0.014102533095676157,-0.021103644506076946,0.004645107680418513,-0.008498845042945876,-0.02670733255880723,0.9983229976513321,0.10129105579821329,1.1968498189718673,0.799796176330797,0.26343773393324693,1.5146514683293413,0.4819945269733229,0.059139561675167436,623.259317864246
3.407214428857715,2553.961986365871,-0.017604431165685826,0.0017861281872307547,-0.014103684246941733,-0.02110517808442992,0.004645145192726277,-0.008500113884982957,-0.026708748446388694,0.998399127112218,0.10129658869737425,1.1969367927158387,0.7998614615085974,0.2634398613666741,1.514731767483124,0.48206648674131203,0.059139561675167436,623.259317864246
3.4174348697394783,2614.7782857482166,-0.01759969173435604,0.0017862956372894322,-0.014098616619527727,-0.021100766849184348,0.0046452095823640805,-0.008495248252282095,-0.026704135216429982,0.9981303400063959,0.1013060852832534,1.1966866185763156,0.799574061436476,0.26344351309262726,1.5144701376286513,0.4817905423841403,0.059139561675167436,623.259317864246
3.4276553106212417,2677.042775154653,-0.017591740338400406,0.0017865758030487532,-0.014090116108774125,-0.021093364568026688,0.004645317326117465,-0.00848708568245027,-0.026696394994350545,0.9976793929291111,0.10132197430840395,1.1962668134160754,0.7990919724421467,0.26344962355812984,1.5140311668436806,0.4813276190145417,0.059139561675167436,623.259317864246
3.437875751503005,2740.789939655255,-0.01758361736601111,0.0017870312468199752,-0.01408110048299625,-0.02108613424902597,0.004645492507517236,-0.008478619360826662,-0.02668861537119556,0.9972187152470718,0.10134780386571013,1.195856760736093,0.7985806697580508,0.2634595586111271,1.5135899615077004,0.48084746898644326,0.059139561675167436,623.259317864246
3.4480961923847686,2806.0550854969024,-0.01757634428990553,0.0017877467690875439,-0.0140724250090161,-0.021080263570794962,0.004645767802061438,-0.008470806717329304,-0.026681881862481757,0.9968062376857755,0.10138838324033726,1.1955238172875808,0.79808865808397,0.2634751713753251,1.5132080844019313,0.4804043909696196,0.059139561675167436,623.259317864246
3.458316633266532,2872.874359657579,-0.017569933537306744,0.0017888253986822684,-0.014063900181258995,-0.021075966893354493,0.004646182978236931,-0.008463582234379314,-0.026676284840234175,0.9964426650296344,0.10144955550064576,1.1952801400584974,0.7976051900007715,0.26349871723871077,1.512890660790011,0.4799946692692578,0.059139561675167436,623.259317864246
3.4685370741482964,2941.2847698663154,-0.017563985848454054,0.001790372027507316,-0.01405492115561176,-0.021073050541296347,0.004646778664534009,-0.008456467021838266,-0.026671504675069842,0.9961053540820114,0.10153726937531522,1.195114745146171,0.7970959630178518,0.2635325003625981,1.5126195635484925,0.4795911446155303,0.059139561675167436,623.259317864246
3.47875751503006,3011.324205099824,-0.017558408649519828,0.0017924591621185228,-0.014045253248008682,-0.021071564051030976,0.004647583222294191,-0.008449312918670602,-0.026667504380369054,0.9957890547085608,0.10165563692462044,1.195030441906297,0.7965476675108247,0.2635781292021736,1.5123926950572661,0.4791854143598555,0.059139561675167436,623.259317864246
3.4889779559118232,3083.031456567274,-0.01755311945465342,0.0017950936812756565,-0.014034800490477712,-0.021071438418829132,0.004648599927380674,-0.00844203101845179,-0.02666420789085505,0.9954890888938153,0.10180504826328213,1.1950233169342102,0.7959548608534204,0.26363578954128486,1.512205741430515,0.4787724363571155,0.059139561675167436,623.259317864246
3.4991983967935867,3156.446239194705,-0.017547972753175513,0.0017982495984291836,-0.014023468305040698,-0.02107247720131033,0.004649819521071602,-0.008434493957263891,-0.026661451549087136,0.9951972042986988,0.10198402961755966,1.195082229347382,0.7953121792500157,0.2637049562905535,1.5120494211728928,0.4783449874245048,0.059139561675167436,623.259317864246
3.50941883767535,3231.609213621072,-0.017542843908426264,0.0018018905465393596,-0.014011203333125924,-0.0210744844837266,0.004651228816344744,-0.0084266029445357,-0.02665908487231683,0.9949063324112433,0.10219051850554747,1.1951960682435903,0.7946165965788963,0.26378488157512003,1.5119151999646419,0.4778974648578447,0.059139561675167436,623.259317864246
3.5196392785571136,3308.5620087180605,-0.017537627818589807,0.0018059777073648553,-0.013997976555272473,-0.02107727908190714,0.004652813712130181,-0.008418280516040539,-0.026656975121139077,0.9946105125980016,0.1024223134304807,1.195354558135017,0.7938664670609864,0.263874765681789,1.5117955497632538,0.47742547543274927,0.059139561675167436,623.259317864246
3.529859719438877,3387.347244646161,-0.01753223671454509,0.0018104750538122567,-0.01398377081416485,-0.02108070261492533,0.004654561191000104,-0.008409464416347025,-0.026655009012743154,0.9943047672136858,0.10267737118981114,1.1955487167729661,0.7930608176544054,0.2639738703539002,1.5116840459669756,0.47692548846039595,0.059139561675167436,623.259317864246
3.5400801603206404,3468.008556459764,-0.017526598160302647,0.0018153523507937828,-0.01396857293349671,-0.021084623387108585,0.00465646047098226,-0.008400103341743,-0.026653092978862293,0.9939849882000471,0.10295397706268446,1.1957710753080715,0.7921989010920227,0.26408158411405974,1.511575382043889,0.4763945943562051,0.059139561675167436,623.259317864246
3.550300601202404,3550.590618274351,-0.01752065340697726,0.0018205865184140978,-0.013952369400146462,-0.02108893741380806,0.004658503539906242,-0.008390154246908678,-0.026651152567045845,0.9936478437348213,0.1032508221202781,1.196015736464718,0.7912799510049247,0.26419745256849236,1.5114653355762955,0.4758303518933471,0.059139561675167436,623.259317864246
3.5605210420841678,3635.1391680091765,-0.017514356037595057,0.001826161892878669,-0.013935144497613374,-0.02109356757757674,0.004660685273571905,-0.008379580758117915,-0.0266491313170722,0.993290701374746,0.10356701802268259,1.1962783266854145,0.7903030760640775,0.26432118510871977,1.5113507045387815,0.4752306982107104,0.059139561675167436,623.259317864246
3.570741482965932,3721.7010327191165,-0.01750767080173339,0.0018320697812006558,-0.013916880013415928,-0.021098461590050854,0.00466300328581017,-0.008368352301753526,-0.026646989301713254,0.9929115619645595,0.10390207176501794,1.1965558805430907,0.7892672433860284,0.26445264640806754,1.5112292245406778,0.47459389938844143,0.059139561675167436,623.259317864246
3.580961923847695,3810.3241545297356,-0.017500572565407033,0.001838307585891902,-0.013897555904552134,-0.021103589226261932,0.004665457613207469,-0.008356443672122191,-0.026644701458691876,0.9925090000819532,0.10425583603608259,1.1968466838907883,0.7881713162731182,0.2645918385414599,1.5110994742264516,0.47391852593745476,0.059139561675167436,623.259317864246
3.5911823647294585,3901.0576171899893,-0.017493045336580054,0.0018448776934489942,-0.0138771515015387,-0.021108939171621408,0.004668050306506293,-0.008343834857806558,-0.026642255815353552,0.9920821087714813,0.10462844618112492,1.1971500950448735,0.7870141224980891,0.2647388778125419,1.5109607745916134,0.4732034429513492,0.059139561675167436,623.259317864246
3.601402805611222,3993.9516732571137,-0.017485081351108555,0.001851786266152336,-0.013855646962384073,-0.021114515739833035,0.0046707849806856055,-0.008330511009434155,-0.026639651692782956,0.9916304477056824,0.10502025168121132,1.1974663586481886,0.7857945367631762,0.2648939692374147,1.5108130871328762,0.47244780827848865,0.059139561675167436,623.259317864246
3.6116232464929854,4089.0577719289345,-0.017476680216300014,0.0018590420381819866,-0.013833024775717384,-0.021120335656882643,0.0046736663616496685,-0.008316462471710313,-0.026636897960889715,0.9911539946138069,0.1054317478774104,1.1977964232806386,0.7845115659469752,0.2650573808360244,1.510656914888932,0.4716510743386819,0.059139561675167436,623.259317864246
3.621843687374749,4186.428587538903,-0.017467848113750982,0.001866655186799654,-0.013809271176068774,-0.021126425051433192,0.0046766998563831175,-0.008301684828736429,-0.026634011398765534,0.990653100072397,0.1058635119522003,1.1981417707756352,0.7831644293691589,0.26522941925439025,1.5104932094514762,0.47081299069331783,0.059139561675167436,623.259317864246
3.632064128256512,4286.118048729675,-0.017458597063702487,0.0018746363243174258,-0.013784377383929784,-0.02113281674347519,0.004679891164197963,-0.008286178930307255,-0.02663101519709772,0.9901284457847144,0.10631614576104712,1.1985042624514775,0.7817526291179513,0.26541040771727786,1.5103232860326705,0.4699336055367581,0.059139561675167436,623.259317864246
3.642284569138276,4388.18136832141,-0.01744894425237074,0.0018829956360418292,-0.013758340622682663,-0.021139547882058816,0.004683245939051289,-0.008269950881086749,-0.02662793762365473,0.9895810064316849,0.10679022694267433,1.1988860051401855,0.7802760077231843,0.2656006668772414,1.5101487477808986,0.4690132650824713,0.059139561675167436,623.259317864246
3.652505010020039,4492.675073891224,-0.017438911422656026,0.0018917421732742698,-0.013731164895002927,-0.021146657950309126,0.004686769506859952,-0.00825301198536997,-0.02662481085994208,0.9890120151172049,0.10728626882303592,1.1992892380460378,0.778734792188372,0.2658004987827077,1.5099714198040943,0.46805261043031543,0.059139561675167436,623.259317864246
3.6627254509018026,4599.657039080969,-0.0174285243276442,0.0019008832986071264,-0.013702861523560535,-0.021154187131727866,0.00469046663725597,-0.008235378647935802,-0.026621670007352598,0.9884229323746024,0.10780468895642464,1.1997162400937376,0.7771296246554672,0.2660101739335526,1.509793292805601,0.46705257194360383,0.059139561675167436,623.259317864246
3.672945891783567,4709.186515650385,-0.017417812245358065,0.0019104242727718648,-0.013673449475534085,-0.021162175015182045,0.00469434136618586,-0.008217072236497227,-0.026618552254218903,0.9878154186467589,0.10834578569441197,1.2001692564845015,0.7754615808090164,0.26622992122018685,1.509616475845261,0.4660143614482568,0.059139561675167436,623.259317864246
3.6831663326653294,4821.324166293552,-0.017406807552229866,0.0019203679675903358,-0.013642955498688426,-0.021170659605771306,0.004698396863956349,-0.008198118913799486,-0.026615496190660247,0.9871913100964783,0.10890972190647107,1.2006504425994347,0.7737321775935221,0.26645992044003974,1.5094431574823644,0.4649394627105923,0.059139561675167436,623.259317864246
3.6933867735470938,4936.132098236912,-0.017395545351692018,0.0019307146875105904,-0.013611414099748757,-0.02117967660363528,0.004702635342534751,-0.008178549447898725,-0.02661254125548531,0.9865525975427738,0.1094965148587473,1.2011618230985734,0.7719433719869742,0.26670029704029075,1.509275574407878,0.46382962067766953,0.059139561675167436,623.259317864246
3.703607214428857,5053.673897637101,-0.017384063153113766,0.001941462082148629,-0.01357886739475231,-0.021189258911475224,0.004707057995893901,-0.008158399008020435,-0.026609727298207098,0.9859014082524205,0.11010603125404347,1.2017052639909873,0.7700975525138537,0.26695111873465494,1.5091159866050199,0.46268682989982113,0.059139561675167436,623.259317864246
3.7138276553106206,5174.014664798135,-0.017372400595075155,0.001952605133641909,-0.013545364857108996,-0.021199436333041315,0.004711664967738321,-0.008137706951088971,-0.026607094239061338,0.9852399902460075,0.11073798651459982,1.2022824555351053,0.7681975249569097,0.26721239367303895,1.5089666580679024,0.4615133224241126,0.059139561675167436,623.259317864246
3.724048096192384,5297.221050227034,-0.017360599205722135,0.001964136204960412,-0.013510962983268544,-0.021210235428175725,0.004716455341877426,-0.008116516600950831,-0.026604681810493438,0.9845706987069697,0.11139194752195701,1.2028949040177812,0.7662464933961582,0.26748406989557694,1.508829842140495,0.46031155527344436,0.059139561675167436,623.259317864246
3.734268537074148,5423.3612915481,-0.017348702191690504,0.001976045138213684,-0.013475724888966211,-0.021221679494414798,0.00472142715167202,-0.008094875018783814,-0.026602529364597192,0.9838959840108439,0.1120673381922378,1.2035439307109002,0.7642480373107877,0.26776603586836933,1.5087077705959082,0.45908419742577966,0.059139561675167436,623.259317864246
3.744488977955911,5552.505251296169,-0.017336754245845756,0.0019883193951265527,-0.013439719841635249,-0.021233788650056266,0.004726577406255423,-0.008072832759444384,-0.026600675732247128,0.9832183808216292,0.11276344744293858,1.204230676582364,0.7622060850608943,0.2680581219705604,1.5086026456473725,0.45783411599588586,0.059139561675167436,623.259317864246
3.7547094188376735,5684.724455609886,-0.01732480136276542,0.00200094423502221,-0.013403022727048838,-0.021246579998482,0.004731902132542096,-0.008050443604614634,-0.026599159120916205,0.9825404976272465,0.11347943928687414,1.2049561116153196,0.7601248836391735,0.2683601028767704,1.5085166341531804,0.4565643611013127,0.059139561675167436,623.259317864246
3.764929859719438,5820.092133846324,-0.017312890649390313,0.0020139029287484893,-0.01336571344068354,-0.021260067858097087,0.0047373964333491825,-0.008027764259537409,-0.026598017039243218,0.981865006001015,0.11421436496456656,1.2057210478486788,0.7580089641533512,0.2686717008533401,1.508451863338681,0.45527814866334915,0.059139561675167436,623.259317864246
3.775150300601202,5958.683259138853,-0.017301070116470932,0.002027177010019314,-0.013327876186545483,-0.02127426404639638,0.0047430545632786755,-0.008004853995736373,-0.02659728623720549,0.9811946287739612,0.11496717719855913,1.2065261554873716,0.7558631020605509,0.2689925900618312,1.5084104174032973,0.4539788401446253,0.059139561675167436,623.259317864246
3.7853707414829656,6100.574589920927,-0.017289388434591824,0.0020407465687045405,-0.01328959865835723,-0.021289178210826418,0.00474887002538153,-0.007981774217582213,-0.026597002651601434,0.9805321261982439,0.11573674682674656,1.2073719816664976,0.7536922707299902,0.26932240204113334,1.508394334428682,0.45266991796780587,0.059139561675167436,623.259317864246
3.795591182364729,6245.844712438611,-0.017277894637806972,0.0020545905937634818,-0.013250971071055783,-0.021304818204558162,0.004754835693088584,-0.007958587926947803,-0.026597201348666142,0.979880279139444,0.11652188225114515,1.2082589717625054,0.7515015865163825,0.2696607326225255,1.5084056031242792,0.4513549551546088,0.059139561675167436,623.259317864246
3.805811623246493,6394.574084275402,-0.017266637761267373,0.002068687376674412,-0.01321208500771288,-0.021321190514821866,0.004760943963406824,-0.007935359060576618,-0.02659791646195813,0.9792418685253566,0.11732135231756778,1.2091874936853242,0.7492962433653889,0.270007150617887,1.5084461593046967,0.45003757774601627,0.059139561675167436,623.259317864246
3.816032064128256,6546.84507891348,-0.017255666412089102,0.0020830149888535756,-0.013173032054678992,-0.021338300769499212,0.004767186948723165,-0.007912151685022305,-0.026599181139155898,0.9786196510086564,0.11813391339146158,1.2101578666086952,0.7470814354086177,0.27036120869745495,1.5085178828723853,0.4487214191449276,0.059139561675167436,623.259317864246
3.8262525050100193,6702.7420313561815,-0.01724502830208298,0.002097551847670856,-0.013133902224942656,-0.0213561543792233,0.004773556715275858,-0.007889029061982977,-0.026601027542182982,0.9780163324666216,0.11895834145832328,1.2111703973855532,0.7448622675476899,0.2707224569142399,1.5086225978247283,0.44741006710851483,0.059139561675167436,623.259317864246
3.836472945891783,6862.351284836705,-0.01723476981952543,0.0021122773842411346,-0.013094782221054334,-0.021374757417996527,0.0047800455759610064,-0.007866052646181839,-0.026603486992869022,0.9774345437149965,0.11979346999611336,1.2122254304904583,0.7426436569395347,0.2710904593099454,1.5087620805149105,0.44610700691508254,0.059139561675167436,623.259317864246
3.846693386773546,7025.761238639192,-0.01722493576899183,0.0021271728231396086,-0.013055753646745806,-0.02139411789123785,0.004786646443993075,-0.007843281132038681,-0.02660659040594498,0.9768768257531765,0.12063823419520758,1.2133234199342917,0.7404302315720612,0.27146481397209693,1.508938084208352,0.44481556729800087,0.059139561675167436,623.259317864246
3.8569138276553097,7193.0623970584875,-0.01721556940283409,0.002142222086894045,-0.013016891265635527,-0.02141424754003265,0.004793353255275945,-0.00782076965731541,-0.02661036914835277,0.976345631549394,0.12149172225481598,1.2144650315885768,0.7382262315102113,0.2718451769879481,1.5091523878166888,0.4435388752820991,0.059139561675167436,623.259317864246
3.867134268537073,7364.347419525782,-0.01720671266887585,0.0021574128672693974,-0.012978261149244538,-0.02143516418850716,0.004800161480632436,-0.007798569046859816,-0.026614856290891883,0.9758433400882415,0.12235323613868787,1.2156512763119942,0.7360354038644886,0.27223129149452485,1.5094068668823353,0.4422798132941477,0.059139561675167436,623.259317864246
3.877354709418837,7539.711171927864,-0.017198405987712218,0.002172738000303511,-0.012939917759275759,-0.021456894216148676,0.004807068792752057,-0.007776724282711749,-0.026620087692712686,0.9753722437406847,0.12322236955743537,1.2168836501629428,0.7338608373184266,0.27262302550319667,1.509703555083295,0.4410409323980745,0.059139561675167436,623.259317864246
3.887575150300601,7719.25077914839,-0.01719068563932453,0.0021881974897578075,-0.012901897368338276,-0.021479473910310787,0.004814076049925902,-0.0077552699626329165,-0.026626101316016147,0.9749344000512907,0.12409912272437978,1.2181642111040913,0.7317045889984901,0.27302042769017876,1.5100446053677632,0.43982419473481826,0.059139561675167436,623.259317864246
3.897795591182364,7903.065678860331,-0.017183575093095975,0.0022038018462674407,-0.012864202845348914,-0.021502947340843036,0.004821188913317917,-0.007734218460329057,-0.026632931725862893,0.9745311400378844,0.12498409172858894,1.2194954584663693,0.7295668216093997,0.27342381911674735,1.5104319780221036,0.43863030205366527,0.059139561675167436,623.259317864246
3.908016032064128,8091.257676599398,-0.01717706546471976,0.0022195777003599995,-0.012826773111125926,-0.021527357818313594,0.004828420562484507,-0.007713535060037498,-0.026640595869402026,0.9741619598452688,0.12587878686569517,1.2208798485196248,0.7274440711709127,0.2738339472343533,1.5108666341690427,0.43745728552149477,0.059139561675167436,623.259317864246
3.918236472945891,8283.931002148704,-0.017171082869849225,0.002235576505737492,-0.01278943343391984,-0.02155273230577861,0.004835795929657626,-0.007693097011134888,-0.02664906872856356,0.9738226692745942,0.12678612622664318,1.222318910418164,0.7253264281310243,0.2742522260232827,1.5113471549601667,0.4362981835890215,0.059139561675167436,623.259317864246
3.928456913827655,8481.192367266409,-0.017165452845491175,0.0022518857430476966,-0.012751837891818472,-0.021579067799163878,0.004843357240595546,-0.007672647089662608,-0.02665825860131974,0.9735033740158154,0.1277110710965526,1.2238124737920928,0.7231942742395381,0.2746810502306196,1.5118683397034673,0.43513840832816353,0.059139561675167436,623.259317864246
3.938677354709418,8683.151024787667,-0.017159902399782486,0.002268636811751965,-0.01271345595474686,-0.021606348844818112,0.004851168204043634,-0.007651787436911108,-0.026668017362653864,0.973188591896559,0.12866107352577832,1.2253596622193443,0.7210175215737737,0.27512403296690235,1.512421787793098,0.43395539600001987,0.059139561675167436,623.259317864246
3.9488977955911815,8889.918829134233,-0.017154192986637142,0.0022859865797704697,-0.012673741621145122,-0.02163464435212916,0.004859305979579647,-0.007630128276800907,-0.026678257696473376,0.9728647942658951,0.12964502995596608,1.226964383754205,0.7187652047775852,0.27558555017897945,1.5130025472763506,0.4327270412554396,0.059139561675167436,623.259317864246
3.959118236472945,9101.610298264728,-0.01714853743973305,0.0023040122765155793,-0.012632756357824374,-0.021664318521641725,0.0048678118832410034,-0.007607801465064588,-0.026689273414401513,0.9725440515483803,0.13066732029449096,1.2286472932819423,0.7164408098148183,0.2760679450209867,1.513627281075498,0.4314608220212627,0.059139561675167436,623.259317864246
3.969338677354709,9318.342677100254,-0.017144455991480765,0.0023224756292169976,-0.012592487403243448,-0.02169642457971808,0.00487657800189792,-0.007586538739960543,-0.02670237324300099,0.9723125806002942,0.13171443139096262,1.230468122370753,0.7141570388298355,0.27656509742158725,1.5143702109274166,0.43025495027317184,0.059139561675167436,623.259317864246
3.9795591182364727,9540.236002460228,-0.01714601926880224,0.0023408631341796807,-0.012558011833072513,-0.021734026704531964,0.004885361826236552,-0.007570886037931773,-0.026721152499672704,0.972401238660217,0.13275724093883928,1.2326006495872484,0.7122018277331856,0.2770632539635317,1.5154352378682137,0.42936723945222044,0.059139561675167436,623.259317864246
3.989779559118236,9767.413169544567,-0.017160756333539046,0.0023604857284290127,-0.012534289319797387,-0.021787223347280706,0.004894794462937628,-0.007567135474455219,-0.026754377192622872,0.9732370209942752,0.1338700960368442,1.2356175878334081,0.7108564541551423,0.2775982065649584,1.517319508034504,0.42915453395404635,0.059139561675167436,623.259317864246
4.0,9999.999999999,-0.017198107139041248,0.002390206722452516,-0.012513388047428792,-0.021882826230653706,0.004909196282116352,-0.007576259233055263,-0.02681995504502723,0.9753552951526033,0.13555566112046996,1.241039508849241,0.7096710814559657,0.27841497613629757,1.5210386211363252,0.4296719691688815,0.059139561675167436,623.259317864246
