x_real,fgpr_mean_real,fgpr_std_pred_real,fgpr_1sig_upper_real,fgpr_1sig_lower_real,fgpr_2sig_upper_real,fgpr_2sig_lower_real,sample_0_real,sample_1_real,fgpr_mean_norm,fgpr_std_pred_norm,fgpr_1sig_upper_norm,fgpr_1sig_lower_norm,fgpr_2sig_upper_norm,fgpr_2sig_lower_norm,sample_0_norm,sample_1_norm
0.07943282247242814,-0.02621177122214677,0.005794750590434134,-0.020417020631712638,-0.03200652181258091,-0.014622270041278503,-0.03780127240301504,-0.016057205007704092,-0.030730063168327677,1.3217032537811304,0.2921947031094088,1.6138979568905392,1.0295085506717216,1.9060926599999481,0.7373138475623128,1.223462590490147,1.363416412019311
0.08132431905650853,-0.026246785672797993,0.0057367596775272514,-0.020510025995270742,-0.03198354535032524,-0.01477326631774349,-0.037720305027852494,-0.01617038607168519,-0.03079906378209741,1.323468823645252,0.28927056732212536,1.6127393909673775,1.0341982563231267,1.902009958289503,0.7449276890010014,1.2320863078597832,1.366477797501591
0.0832608569619369,-0.02624430148984116,0.005687771822333701,-0.020556529667507456,-0.03193207331217486,-0.014868757845173757,-0.037619845134508556,-0.016281426561273304,-0.030861722208534982,1.3233435611183817,0.28680040202668095,1.6101439631450627,1.0365431590917007,1.8969443651717435,0.7497427570650198,1.2405469263158335,1.3692577959183967
0.08524350873658111,-0.026211438486447726,0.005645062370016313,-0.020566376116431414,-0.03185650085646404,-0.0149213137464151,-0.03750156322648035,-0.01638654463691483,-0.0309176401363342,1.3216864759047957,0.28464681913383905,1.6063332950386346,1.0370396567709568,1.8909801141724738,0.7523928376371176,1.2485562923960458,1.3717387351885164
0.08727337246838893,-0.026165567476916226,0.0056079494061533584,-0.020557618070762868,-0.031773516883069584,-0.014949668664609509,-0.03738146628922294,-0.016480769702121284,-0.030966402216681517,1.319373474542233,0.2827754337673407,1.6021489083095737,1.0365980407748923,1.8849243420769144,0.7538226070075515,1.2557356764987762,1.3739021873189454
0.08935157239356134,-0.026136580535589444,0.005580811942423541,-0.020555768593165904,-0.03171739247801299,-0.014974956650742362,-0.03729820442043653,-0.016557653234597205,-0.031007575429414777,1.3179118360156308,0.28140705336270927,1.59931888937834,1.0365047826529215,1.8807259427410492,0.7550977292902122,1.2615937399515311,1.3757289402829271
0.09147925951920907,-0.026169413176051717,0.005574164362105405,-0.020595248813946313,-0.031743577538157125,-0.015021084451840907,-0.037317741900262526,-0.016608989497362153,-0.031040711525118378,1.3195673902077316,0.2810718555440732,1.6006392457518048,1.0384955346636584,1.881711101295878,0.7574236791195852,1.2655052548757255,1.3771991063696372
0.09365761226083551,-0.026284361067368405,0.00559164644558177,-0.020692714621786637,-0.03187600751295017,-0.015101068176204865,-0.037467653958531945,-0.016631934612647732,-0.031065665837566075,1.3253635266336508,0.2819533727226629,1.6073168993563136,1.043410153910988,1.8892702720789765,0.7614567811883249,1.2672535348642366,1.3783062670987083
0.09588783709499979,-0.02644069552012477,0.005619720715101496,-0.020820974805023273,-0.03206041623522626,-0.015201254089921777,-0.037680136950327764,-0.016635414837532912,-0.03108287467225617,1.3332465404572873,0.2833689906546704,1.6166155311119577,1.049877549802617,1.899984521766628,0.7665085591479465,1.267518707100094,1.3790697802590843
0.09817116922752188,-0.026605325205592372,0.005648123046938348,-0.020957202158654025,-0.03225344825253072,-0.015309079111715676,-0.03790157129946907,-0.016627886259072196,-0.031092821142597822,1.3415478333805082,0.28480115081224194,1.62634898419275,1.0567466825682663,1.9111501350049922,0.7719455317560243,1.2669450746340554,1.379511080390203
0.10050887327759882,-0.026757861158598236,0.005672224359979398,-0.02108563679861884,-0.03243008551857764,-0.01541341243863944,-0.038102309878557034,-0.016616186157395334,-0.031095970448260825,1.3492393115220584,0.2860164362501004,1.6352557477721588,1.0632228752719581,1.9212721840222593,0.7772064390218576,1.2660535971509128,1.3796508072434766
0.10290224397821154,-0.026887236565170877,0.005691048821873807,-0.02119618774329707,-0.032578285387044686,-0.015505138921423264,-0.03826933420891849,-0.016605856155708216,-0.03109277054669044,1.3557629414735453,0.28696564156421894,1.6427285830377643,1.0687972999093263,1.9296942246019833,0.7818316583451074,1.2652665130588916,1.379508835575732
0.10535260689321052,-0.02698884346760446,0.005705319947925297,-0.021283523519679163,-0.032694163415529755,-0.015578203571753867,-0.038399483363455056,-0.01660140718121978,-0.031083652803134465,1.3608863714170976,0.28768524931516093,1.6485716207322585,1.0732011221019366,1.9362568700474194,0.7855158727867757,1.264927527921065,1.3791043039892945
0.10786131915147663,-0.027062252432884702,0.005716204801518317,-0.021346047631366386,-0.03277845723440302,-0.01562984282984807,-0.038494662035921334,-0.01660653558430736,-0.031069032619891152,1.3645879476076308,0.28823410754717044,1.6528220551548012,1.0763538400604604,1.9410561627019716,0.7881197325132899,1.265318281437857,1.3784556428501529
0.11042977019856483,-0.027109499107842362,0.005724712308842682,-0.021384786798999682,-0.03283421141668504,-0.015660074490156998,-0.03855892372552773,-0.016624298045184928,-0.03104931004546554,1.3669703155709645,0.2886630903891495,1.6556334059601139,1.078307225181815,1.9442964963492635,0.7896441347926655,1.266671674284764,1.3775806013147074
0.11305938256624523,-0.027133876622317026,0.0057315128906425886,-0.021402363731674437,-0.032865389512959614,-0.01567085084103185,-0.0385969024036022,-0.01665725141765044,-0.031024870364300138,1.3681995281994128,0.28900600315976555,1.6572055313591783,1.0791935250396474,1.946211534518944,0.7901875218798817,1.2691825233660765,1.3764962734946535
0.1157516126603703,-0.027139153619944033,0.005736966339264588,-0.021402187280679445,-0.032876119959208625,-0.015665220941414856,-0.03861308629847321,-0.01670756237154657,-0.03099608466772672,1.3684656157092838,0.2892809880406779,1.6577466037499617,1.079184627668606,1.9470275917906397,0.789903639627928,1.273015915911931,1.3752191237886922
0.11850795156750221,-0.02712913505731874,0.005741219401759177,-0.021387915655559562,-0.03287035445907792,-0.015646696253800385,-0.03861157386083709,-0.01677709055836159,-0.030963310406765282,1.367960439362831,0.28949544461020893,1.65745588397304,1.0784649947526221,1.946951328583249,0.7889695501424132,1.2783135461976485,1.3737650114088424
0.12132992588074816,-0.027107489634863927,0.0057443027484528845,-0.02136318688641104,-0.032851792383316814,-0.015618884137958158,-0.038596095131769696,-0.016867448001298344,-0.0309268919273791,1.3668689898363748,0.28965091938995846,1.6565199092263332,1.0772180704464165,1.9461708286162918,0.7875671510564579,1.2851982407103253,1.372149214128377
0.12421909854526168,-0.02707777841084558,0.005746202007489809,-0.02133157640335577,-0.03282398041833539,-0.015585374395865962,-0.038570182425825196,-0.016980036468820726,-0.030887160988774275,1.365370830054418,0.2897466876929702,1.6551175177473882,1.0756241423614479,1.9448642054403584,0.7858774546684777,1.2937768057886287,1.3703864512774833
0.12717706972387618,-0.02704362984531264,0.005746900844755346,-0.021296729000557294,-0.03279053069006799,-0.015549828155801948,-0.03853743153482333,-0.0171160636981203,-0.030844437265316497,1.3636489216112866,0.28978192588728735,1.653430847498574,1.0738669957239992,1.9432127733858613,0.7840850698367119,1.304141263753524,1.3684909060120591
0.1302054776833524,-0.027009014351678712,0.005746402665388109,-0.0212626116862906,-0.03275541701706682,-0.015516209020902495,-0.03850181968245493,-0.017276538462464637,-0.0307990288326191,1.3619034687695288,0.28975680567373663,1.6516602744432656,1.072146663095792,1.941417080117002,0.7823898574220556,1.31636847706984,1.3664762468802318
0.13330599970172946,-0.026978574312044184,0.005744738068609436,-0.021233836243434747,-0.03272331238065362,-0.015489098174825312,-0.038468050449263054,-0.01746224359479492,-0.03075123263834086,1.3603685591638708,0.2896728699885073,1.650041429152378,1.0706956891753636,1.9397142991408853,0.7810228191868562,1.330518092906414,1.364355648710483
0.136480352997282,-0.026957961911975522,0.005741962163889535,-0.021215999748085988,-0.032699924075865056,-0.015474037584196451,-0.03844188623975459,-0.017673685159611208,-0.030701334958215278,1.3593291987937495,0.2895328976734209,1.6488620964671703,1.0697963011203286,1.9383949941405914,0.7802634034469077,1.3466286703389938,1.3621418128445346
0.13973029567959844,-0.026954125992432854,0.005738141650599121,-0.02121598434183373,-0.03269226764303197,-0.015477842691234612,-0.0384304092936311,-0.01791101497517407,-0.030649611837817295,1.3591357762547756,0.2893402519798407,1.6484760282346163,1.0697955242749349,1.937816280214457,0.7804552722950941,1.3647117770072947,1.359846986737436
0.14305762772330644,-0.026975469781849924,0.005733327451377408,-0.021242142330472516,-0.03270879723322733,-0.015508814879095107,-0.03844212468460474,-0.01817392259514761,-0.030596329520559365,1.3602120162265607,0.28909750063267836,1.649309516859239,1.0711145155938824,1.9384070174919175,0.782017014961204,1.384743758764898,1.3574829829466872
0.14646419196498553,-0.02703177385893556,0.0057275060012294005,-0.021304267857706158,-0.03275927986016496,-0.015576761856476759,-0.03848678586139436,-0.018461491626519996,-0.03054174486239289,1.363051094946367,0.2888039596301594,1.6518550545765265,1.0742471353162075,1.9406590142066857,0.7854431756860482,1.406654791967675,1.3550611975315066
0.14995187512381894,-0.027133743944364422,0.005720523564033978,-0.021413220380330444,-0.0328542675083984,-0.015692696816296467,-0.03857479107243238,-0.018772013848085998,-0.030486105733677993,1.3681928380417667,0.28845187697682406,1.6566447150185908,1.0797409610649427,1.9450965919954148,0.7912890840881186,1.430314720418462,1.3525926278827942
0.15352260884654892,-0.02729200350155506,0.005711987768020493,-0.021580015733534567,-0.03300399126957555,-0.015868027965514075,-0.03871597903759605,-0.019102752954460813,-0.03042965140866949,1.3761729233976199,0.28802146770501175,1.6641943911026316,1.0881514556926082,1.9522158588076435,0.8001299879875964,1.4555150540797426,1.3500878900036546
0.15717837077731625,-0.027515311135115208,0.005701175500217991,-0.021814135634897217,-0.0332164866353332,-0.016112960134679225,-0.03891766213555119,-0.019449647830992806,-0.030372612943055762,1.38743299519396,0.2874762695414002,1.67490926473536,1.0999567256525598,1.9623855342767604,0.8124804561111595,1.4819463604039729,1.3475572352598562
0.16092118565297428,-0.027807749874086535,0.005687022700315228,-0.02212072717377131,-0.03349477257440176,-0.01643370447345608,-0.03918179527471699,-0.019806943002899646,-0.030315213539971637,1.4021789362276387,0.28676262827225196,1.6889415644998906,1.1154163079553867,1.9757041927721426,0.8286536796831347,1.5091701067770829,1.345010566618912
0.16475312642448575,-0.02816462104237682,0.0056683390727392926,-0.02249628196963753,-0.03383296011511611,-0.016827942896898235,-0.03950129918785541,-0.02016673122483338,-0.030257668904897558,1.4201738202937493,0.2858205243926529,1.705994344686402,1.1343532959010965,1.9918148690790551,0.8485327715084435,1.5365838085902996,1.3424574543960734
0.168676315405023,-0.028566795986579453,0.005644458315316558,-0.022922337671262893,-0.03421125430189601,-0.017277879355946338,-0.03985571261721257,-0.020518389999601764,-0.030200187589840874,1.4404531035148975,0.2846163602588794,1.725069463773777,1.1558367432560182,2.0096858240326565,0.8712203829971388,1.5633780953506848,1.3399071515247956
0.1726929254454066,-0.028973356855686788,0.005616533256810849,-0.02335682359887594,-0.034589890112497634,-0.01774029034206509,-0.040206423369308485,-0.02084789003649627,-0.030142971327187785,1.460953542764315,0.28320826614817535,1.7441618089124904,1.1777452766161396,2.0273700750606656,0.8945370104679643,1.5884840193587628,1.3373686083689185
0.17680518113753527,-0.029312521919892726,0.005589448696971029,-0.023723073222921696,-0.03490197061686375,-0.018133624525950666,-0.040491419313834785,-0.021136949162030905,-0.03008621535360009,1.4780556136289928,0.2818425533711131,1.759898167000106,1.1962130602578798,2.041740720371219,0.9143705068867667,1.6105085887879844,1.334850487093159
0.1810153600464715,-0.029471137173861402,0.005573522363685444,-0.02389761481017596,-0.035044659537546846,-0.018324092446490515,-0.040618181901232286,-0.021361999838720485,-0.030030108724322067,1.4860536346514177,0.2810394833936606,1.7670931180450782,1.2050141512577572,2.0481326014387387,0.9239746678640965,1.6276560988161672,1.332361175608125
0.18532579397186677,-0.02932071108729885,0.005580700785051474,-0.02374001030224738,-0.034901411872350324,-0.018159309517195903,-0.0404821126574018,-0.02149943199137836,-0.029974808797538822,1.4784685444879837,0.28140144835955644,1.75986999284754,1.1970670961284273,2.0412714412070967,0.9156656477688708,1.638127603503737,1.3299076555048064
0.18973887023942462,-0.028937032150193703,0.005603865892114781,-0.023333166258078922,-0.034540898042308484,-0.01772930036596414,-0.04014476393442326,-0.02156424448041972,-0.02992028362254724,1.4591219045649748,0.282569526514988,1.7416914310799627,1.176552378049987,2.024260957594951,0.8939828515349988,1.6430659259390932,1.327488509210035
0.19425703302311598,-0.028454723683724113,0.005630403399773144,-0.02282432028395097,-0.03408512708349726,-0.017193916884177825,-0.0397155304832704,-0.021584365794212874,-0.0298664160060243,1.4348019658604727,0.2839076547140342,1.718709620574507,1.1508943111464385,2.002617275288541,0.8669866564324044,1.6445990492121425,1.3250985371477766
0.19888278469888093,-0.02796446125651113,0.005653382971670331,-0.022311078284840802,-0.03361784422818146,-0.01665769531317047,-0.039271227199851794,-0.021581931389967876,-0.029813082657304604,1.4100809563658323,0.28506637743786706,1.6951473338036993,1.1250145789279653,1.9802137112415665,0.8399482014900982,1.6444135622284204,1.3227322692180925
0.20361868723056442,-0.02752397987495582,0.005670462431458693,-0.021853517443497127,-0.03319444230641451,-0.016183055012038434,-0.038864904737873206,-0.02157422503091934,-0.02976015435826081,1.3878701080298845,0.2859275927057627,1.6737977007356473,1.1019425153241218,1.95972529344141,0.8160149226183592,1.6438263839492462,1.3203839723343116
0.20846736358885526,-0.027168219939959343,0.00568184076486557,-0.021486379175093773,-0.032850060704824914,-0.015804538410228205,-0.03853190146969048,-0.021574486633031176,-0.029707495803535273,1.369931256829607,0.2865013341808817,1.6564325910104887,1.0834299226487252,1.9429339251913702,0.7969285884678435,1.6438463164591242,1.3180476433345063
0.21343149920401377,-0.026917634907380555,0.005688658294211718,-0.02122897661316884,-0.03260629320159227,-0.01554031831895712,-0.03829495149580399,-0.021592534281395365,-0.029654965431702023,1.3572957485268182,0.2868451015151524,1.6441408500419707,1.0704506470116657,1.930985951557123,0.7836055454965134,1.6452214388798263,1.3157170014905692
0.21851384345319164,-0.026784443174383176,0.00569206963526033,-0.021092373539122848,-0.032476512809643504,-0.015400303903862517,-0.038168582444903836,-0.021635222234377284,-0.029602415247183638,1.35057968400041,0.28701711509353656,1.6375967990939466,1.0635625689068735,1.9246139141874832,0.776545453813337,1.6484740045357373,1.313385480607109
0.22371721118317,-0.02677675685520428,0.005692817468177748,-0.021083939387026532,-0.03246957432338203,-0.015391121918848786,-0.03816239179155978,-0.021706750942915493,-0.029549690632741054,1.3501921087777269,0.2870548238462896,1.6372469326240164,1.0631372849314373,1.9243017564703062,0.7760824610851477,1.6539240625626843,1.3110462207020888
0.2290444842693565,-0.026900563521106913,0.005691081741552255,-0.02120948177955466,-0.03259164526265917,-0.015518400038002403,-0.038282727004211425,-0.02180883982031047,-0.029496630152339703,1.3564349403581064,0.2869673015072174,1.6434022418653238,1.069467638850889,1.9303695433725412,0.7825003373436716,1.6617026219282751,1.308692059260488
0.23449861321190668,-0.02715951080445464,0.005686454467243814,-0.021473056337210826,-0.03284596527169845,-0.015786601869967012,-0.03853241973894227,-0.021940768537945847,-0.029443065344188304,1.3694921070813266,0.286733975668312,1.6562260827496387,1.0827581314130146,1.9429600584179507,0.7960241557447026,1.671754797917856,1.3063155220519491
0.24008261876985326,-0.02755238249920334,0.005678003549346874,-0.021874378949856464,-0.03323038604855021,-0.01619637540050959,-0.03890838959789709,-0.02209928783794739,-0.02938882050373385,1.3893022829319814,0.2863078462935681,1.6756101292255496,1.1029944366384132,1.9619179755191176,0.8166865903448453,1.683833016594738,1.3039088135028043
0.24579959363414708,-0.028068092217421032,0.005664507699092451,-0.022403584518328582,-0.033732599916513485,-0.01673907681923613,-0.039397107615605935,-0.022278396093109158,-0.02933371245638728,1.4153064475036212,0.2856273310760866,1.7009337785797078,1.1296791164275346,1.9865611096557945,0.844051785351448,1.697479990008433,1.3014638066124804
0.2516527041405391,-0.028677992362984635,0.005645048174766101,-0.023032944188218534,-0.03432304053775073,-0.017387896013452434,-0.039968088712516836,-0.022468972956386342,-0.029277550319740466,1.4460600734238682,0.28464610335205404,1.7307061767759222,1.1614139700718142,2.0153522801279764,0.8767678667197601,1.7120008024861162,1.2989720324036576
0.2576451920232487,-0.02932534212729468,0.0056201822750346665,-0.023705159852260013,-0.03494552440232934,-0.018084977577225346,-0.04056570667736401,-0.02265825627185913,-0.029220135255027622,1.4787020602080394,0.2833922643686181,1.7620943245766574,1.1953097958394214,2.0454865889452756,0.9119175314708032,1.72642305438947,1.296424668895231
0.26378037621039246,-0.02991194497464932,0.005593766304107065,-0.024318178670542253,-0.03550571127875638,-0.01872441236643519,-0.04109947758286345,-0.02282914280283997,-0.02916126020756862,1.508280942361979,0.2820602645418647,1.7903412069038436,1.2262206778201143,2.0724014714457084,0.9441604132782495,1.7394435817959133,1.293812529586427
0.2700616546621662,-0.030282308130384846,0.00557485763109289,-0.024707450499291957,-0.03585716576147774,-0.019132592868199065,-0.04143202339257063,-0.02295928709397838,-0.0291007096359229,1.526956146867148,0.28110681296334633,1.8080629598304943,1.2458493339038017,2.0891697727938405,0.9647425209404553,1.749359795202749,1.291126051440036
0.27649250625279875,-0.03022750761671277,0.005576566619975846,-0.024650940996736922,-0.03580407423668861,-0.01907437437676108,-0.04138064085666446,-0.023022309124920575,-0.029038271423493866,1.524192883880629,0.2811929870775691,1.805385870958198,1.2429998968030598,2.086578858035767,0.9618069097254907,1.7541616954834949,1.2883558233706505
0.28307649269731994,-0.029789857239319654,0.005596824983254687,-0.024193032256064968,-0.035386682222574344,-0.018596207272810278,-0.04098350720582903,-0.0230218714650185,-0.028973920054410393,1.5021247861959413,0.2822144954844219,1.7843392816803632,1.2199102907115194,2.066553777164785,0.9376957952270975,1.7541283484273111,1.2855007133025804
0.28981726052420964,-0.029198312574406873,0.005622257898620435,-0.02357605467578644,-0.03482057047302731,-0.017953796777166003,-0.04044282837164774,-0.022984477633566293,-0.028907778602820462,1.4722967176634534,0.2834969256837076,1.755793643347161,1.1887997919797457,2.0392905690308685,0.9053028662960382,1.7512791630382651,1.2825661817294258
0.29671854309502094,-0.028617260875476676,0.005644488472095095,-0.02297277240338158,-0.03426174934757177,-0.017328283931286485,-0.039906237819666866,-0.0229311860461658,-0.028839965788635166,1.4429977468086255,0.2846178808853177,1.7276156276939432,1.1583798659233078,2.0122335085792606,0.8737619850379901,1.7472186641194896,1.279557495958134
0.30378416267209496,-0.02815492026753903,0.005659942134477016,-0.02249497813306201,-0.03381486240201605,-0.016835035998584998,-0.03947480453649306,-0.02287775192769244,-0.028770591702761025,1.4196846680896251,0.28539711688886416,1.7050817849784892,1.134287551200761,1.9904789018673534,0.8488904343118968,1.743147305188928,1.2764795404481977
0.3110180325355143,-0.027876864656816117,0.005667744323413507,-0.02220912033340261,-0.03354460898022962,-0.016541376009989103,-0.03921235330364313,-0.022835391517191574,-0.028699758003143134,1.405663982409519,0.2857905347321903,1.6914545171417092,1.1198734476773287,1.9772450518738995,0.8340829129451384,1.739919696303026,1.2733368255096025
0.31842415915046524,-0.027815663725504064,0.005667933258326536,-0.022147730467177527,-0.0334835969838306,-0.01647979720885099,-0.03915153024215714,-0.022811334545242187,-0.028627558099364535,1.4025779845437498,0.2858000615927442,1.688378046136494,1.1167779229510058,1.9741781077292382,0.8309778613582615,1.7380866995139568,1.2701334954930403
0.3260066443862111,-0.02797597392440062,0.005660517973649496,-0.02231545595075112,-0.03363649189805012,-0.016654937977101627,-0.03929700987169961,-0.022809184658534865,-0.02855407732601988,1.4106614715275234,0.285426153023106,1.6960876245506293,1.1252353185044175,1.9815137775737353,0.8398091654813115,1.7379228910579436,1.266873336482068
0.333769687787905,-0.02833476467821374,0.005645453005716354,-0.022689311672497388,-0.03398021768393009,-0.01704385866678103,-0.03962567068964645,-0.022829100674690784,-0.02847939310506274,1.4287531488400704,0.2846665165618157,1.713419665401886,1.1440866322782548,1.9980861819637017,0.8594201157164391,1.7394403718839448,1.2635597834960528
0.34171758890249965,-0.028836613985162816,0.005623525738629311,-0.023213088246533505,-0.034460139723792124,-0.017589562507904194,-0.04008366546242144,-0.022867805163590067,-0.02840357509732055,1.4540584155571084,0.2835608552919284,1.7376192708490368,1.17049756026518,2.0211801261409654,0.8869367049732515,1.7423894214993416,1.2601959272125147
0.34985474966004393,-0.02938425092677705,0.005598083799121993,-0.023786167127655057,-0.034982334725899046,-0.018188083328533066,-0.040580418525021034,-0.022918420669188807,-0.028326685343354013,1.4816724795395804,0.2822779700590177,1.763950449598598,1.1993945094805627,2.046228419657616,0.9171165394215449,1.746246019055958,1.256784520216705
0.3581856768116829,-0.029824851810387354,0.005577095552516598,-0.024247756257870755,-0.03540194736290395,-0.018670660705354156,-0.04097904291542055,-0.022970127713495037,-0.02824877839383208,1.5038893536512599,0.2812196579901991,1.785109011641459,1.2226696956610608,2.066328669631658,0.9414500376708617,1.7501857853068803,1.2533279827860224
0.3667149844257136,-0.02993827265665669,0.005573531013556076,-0.024364741643100613,-0.03551180367021277,-0.018791210629544537,-0.04108533468376884,-0.02300795670351241,-0.028169901625225122,1.5096084903051816,0.2810399195550349,1.7906484098602165,1.2285685707501468,2.0716883294152515,0.9475286511951119,1.7530681271652595,1.2498284168965317
0.3754473964430785,-0.0296756101885484,0.005590209081765447,-0.024085401106782953,-0.035265819270313845,-0.018495192025017506,-0.0408560283520793,-0.02302817260762716,-0.02809010503631448,1.4963639889777938,0.28188089504014385,1.7782448840179377,1.2144830939376499,2.0601257790580814,0.9326021988975061,1.7546084576527547,1.246288040869708
0.3843877492937105,-0.029272277659451257,0.0056133607133779,-0.023658916946073357,-0.03488563837282915,-0.018045556232695457,-0.040498999086207056,-0.023045500037645997,-0.02800944581559644,1.4760263356561039,0.28304829370897805,1.7590746293650819,1.1929780419471259,2.04212292307406,0.9099297482381478,1.7559287037607925,1.2427093920167824
0.3935409945751816,-0.028911297403752458,0.005632540725751568,-0.02327875667800089,-0.034543838129504026,-0.01764621595224932,-0.040176378855255594,-0.02307180969202791,-0.027927975256671463,1.4578242548251554,0.28401542731269347,1.741839682137849,1.1738088275124618,2.0258551094505424,0.8897934001997685,1.7579333414227984,1.2390947461071318
0.40291220179513465,-0.028707241385770535,0.005642353113608056,-0.02306488827216248,-0.03434959449937859,-0.017422535158554422,-0.03999194761298665,-0.023114796847479628,-0.027845737750633925,1.4475349271549804,0.28451020749551165,1.7320451346504921,1.1630247196594687,2.016555342146004,0.8785145121639572,1.7612087045100562,1.235446072663119
0.41250656117902174,-0.028716164473839217,0.005640830067710088,-0.02307533440612913,-0.03435699454154931,-0.01743450433841904,-0.039997824609259394,-0.023178326125544498,-0.027762770893759017,1.4479848652547067,0.28443340937676026,1.732418274631467,1.1635514558779465,2.0168516840082273,0.8791180465011862,1.7660492539752912,1.2317650397378923
0.4223293865446997,-0.02894033258981524,0.005628281666286483,-0.023312050923528758,-0.03456861425610172,-0.017683769257242275,-0.040196895922388204,-0.023262588428527263,-0.027679105585713185,1.4592883260459852,0.28380066835171586,1.743088994397701,1.1754876576942694,2.026889662749417,0.8916869893425535,1.7724695354276672,1.2280530182727394
0.4323861182454792,-0.02932702185209852,0.005607446356056897,-0.02371957549604162,-0.03493446820815541,-0.018112129139984723,-0.040541914564212314,-0.023364075264150408,-0.027594766118405594,1.4787867587093302,0.282750067951972,1.761536826661302,1.1960366907573583,2.044286894613274,0.9132866228053862,1.7802022228257894,1.2243110860392044
0.4426823261832533,-0.02976129775380834,0.005584797945703257,-0.024176499808105083,-0.035346095699511595,-0.018591701862401826,-0.04093089364521486,-0.023475369156918165,-0.027509770255597515,1.5006847017160827,0.2816080437292028,1.7822927454452855,1.21907665798688,2.0639007891744883,0.9374686142576771,1.7886821490823233,1.2205400311711585
0.4532237128933777,-0.030053332293105105,0.005571779433711151,-0.024481552859393955,-0.035625111726816254,-0.018909773425682803,-0.04119689116052741,-0.023584742275964105,-0.02742412930337081,1.515410261371467,0.28095159783268064,1.7963618592041477,1.2344586635387864,2.077313457036828,0.9535070657061058,1.7970157239164073,1.216740355291312
0.46401611670300874,-0.03000030008045633,0.005579578478263662,-0.024420721602192667,-0.03557987855871999,-0.018841143123929004,-0.041159457036983656,-0.023679694774150425,-0.027337825891244266,1.512736163256576,0.28134485712348084,1.7940810203800568,1.231391306133095,2.0754258775035375,0.9500464490096142,1.8042505340436248,1.2129112877146508
0.47506551496465016,-0.02975171884942726,0.005598760056185365,-0.024152958793241898,-0.035350478905612624,-0.01855419873705653,-0.04094923896179799,-0.023766352591055143,-0.027250706653571304,1.5002016947120602,0.2823120696684442,1.7825137643805045,1.217889625043616,2.0648258340489485,0.9355775553751718,1.8108533392706614,1.2090460239891812
0.48637802736669844,-0.029521955365781918,0.005615429943881301,-0.023906525421900617,-0.03513738530966322,-0.018291095478019315,-0.040752815253544517,-0.023854222779479652,-0.027162564927180353,1.4886160929089454,0.2831526326590623,1.7717687255680077,1.205463460249883,2.05492135822707,0.9223108275908207,1.8175485199266428,1.2051353949843897
0.4979599193228207,-0.029437562754047835,0.005621580959198619,-0.023815981794849214,-0.035059143713246456,-0.018194400835650597,-0.04068072467244507,-0.02394789364729937,-0.027073187177924108,1.4843606769517903,0.2834627916670155,1.767823468618806,1.2008978852847747,2.0512862602858215,0.9174350936177593,1.8246856775167208,1.201169926721672
0.5098176054420425,-0.02954523253560806,0.0056148370937237615,-0.023930395441884297,-0.03516006962933182,-0.018315558348160538,-0.04077490672305558,-0.024047189372999187,-0.02698235279941367,1.489789821720985,0.28312273876232474,1.7729125604833098,1.2066670829586603,2.0560352992456346,0.9235443441963356,1.832251415497335,1.1971398314446682
0.5219576530814659,-0.02981399946356887,0.0055979442858880065,-0.024216055177680863,-0.03541194374945688,-0.01861811089179286,-0.04100988803534489,-0.024147110809481835,-0.026889833839368722,1.5033421345419677,0.282270935238908,1.7856130697808759,1.2210711993030596,2.067884005019784,0.9388002640641517,1.8398648288819124,1.1930349954781008
0.5343867859835897,-0.030130794338255173,0.005579044770451492,-0.02455174956780368,-0.03570983910870666,-0.01897270479735219,-0.041288883879158154,-0.024237548152444038,-0.026795394716052627,1.519316210200781,0.28131794542240063,1.8006341556231815,1.2379982647783803,2.081952101045582,0.9566803193559796,1.846755611296691,1.1888449666467058
0.5471118880002395,-0.030289913829720266,0.005571433218154508,-0.024718480611565757,-0.035861347047874775,-0.01914704739341125,-0.041432780266029284,-0.02430277254808585,-0.02669879186465062,1.5273396569120705,0.2809341402475428,1.8082737971596132,1.2464055166645278,2.0892079374071564,0.9654713764169849,1.851725318541308,1.184558938585914
0.5601400069051777,-0.030147857006744244,0.005582394509383517,-0.024565462497360725,-0.03573025151612776,-0.01898306798797721,-0.04131264602551128,-0.02433252437617674,-0.02659973354223917,1.5201765787836234,0.2814868527735389,1.8016634315571625,1.2386897260100844,2.083150284330701,0.9572028732365456,1.8539922291680597,1.1801639673883908
0.5734783582974986,-0.029909491976162904,0.0055981245231073165,-0.024311367453055586,-0.03550761649927022,-0.01871324292994827,-0.04110574102237754,-0.024342140877492167,-0.026497810270808084,1.5081572522819178,0.2822800235266546,1.7904372758085723,1.2258772287552633,2.0727172993352267,0.9435972052286086,1.8547249488166648,1.175641885534063
0.5871343295979751,-0.029749511643113468,0.0056059981170066015,-0.024143513526106865,-0.03535550976012007,-0.018537515409100265,-0.04096150787712667,-0.02434621277845233,-0.02639258496584813,1.5000903984649665,0.282677041896281,1.7827674403612475,1.2174133565686855,2.0654444822575284,0.9347363146724045,1.8550352032161415,1.170973300671211
0.6011154841405668,-0.02974377066033406,0.00560112049563083,-0.024142650164703232,-0.03534489115596489,-0.018541529669072403,-0.04094601165159572,-0.02435377165659007,-0.026283610816687657,1.49980091495181,0.28243109254824067,1.7822320075000506,1.2173698224035692,2.0646631000482913,0.9349387298553286,1.8556111443356056,1.1661383889224983
0.6154295653613598,-0.029873740355189502,0.005586575540076226,-0.024287164815113275,-0.03546031589526573,-0.018700589275037052,-0.04104689143534195,-0.024368709169255875,-0.02617043069214338,1.5063545113161119,0.281697677209014,1.788052188525126,1.2246568341070978,2.0697498657341398,0.9429591568980839,1.8567492930939242,1.161116868515176
0.6300845010872527,-0.030024165283552517,0.005572880380242545,-0.024451284903309972,-0.03559704566379506,-0.018878404523067428,-0.0411699260440376,-0.024389954537268707,-0.026052576533141733,1.5139395430784526,0.2810071119984518,1.7949466550769044,1.2329324310800007,2.0759537670753563,0.951925319081549,1.8583680625480368,1.1558879728332048
0.6450884079267692,-0.02999487493380631,0.005574118719136978,-0.024420756214669333,-0.03556899365294329,-0.018846637495532358,-0.041143112372080265,-0.02441164226100102,-0.025929568064868277,1.5124626054752723,0.2810695540414631,1.7935321595167355,1.2313930514338092,2.0746017135581987,0.9503234973923461,1.8600205368514189,1.150430393278528
0.6604495957654266,-0.0298065163386595,0.005586740702490398,-0.024219775636169102,-0.0353932570411499,-0.018633034933678704,-0.0409799977436403,-0.02442629575937043,-0.025800901953043475,1.502964805194121,0.2817060053642677,1.7846708105583886,1.2212587998298532,2.0663768159226565,0.9395527944655855,1.861137045425992,1.1447217981620217
0.6761765723681499,-0.029636926521280055,0.005595221748727983,-0.02404170477255207,-0.035232148270008035,-0.018446483023824088,-0.04082737001873602,-0.024423779350014087,-0.025666053156843848,1.4944134024087503,0.2821336539314967,1.776547056340247,1.2122797484772536,2.0586807102717435,0.9301460945457569,1.8609453101452649,1.1387388927292366
0.6922780480912811,-0.029561767637932473,0.0055919771361411935,-0.02396979050179128,-0.03515374477407367,-0.018377813365650086,-0.04074572191021486,-0.024387897079127887,-0.02552448282974394,1.490623588289393,0.2819700474748069,1.7725936357642,1.208653540814586,2.0545636832390066,0.9266834933397792,1.8582112965937136,1.132457769701091
0.7087629407067948,-0.029550635842214297,0.005579863639798701,-0.023970772202415596,-0.035130499482012995,-0.018390908562616895,-0.0407103631218117,-0.024295551163988557,-0.025375637864431415,1.49006227823917,0.2813592361185331,1.771421514357703,1.2087030421206368,2.052780750476236,0.9273438060021038,1.8511750924409152,1.1258538890828855
0.7256403803413883,-0.029464816098044463,0.005570922833417492,-0.023893893264626972,-0.03503573893146195,-0.01832297043120948,-0.04060666176487945,-0.024115683702049192,-0.025218950163048152,1.4857349005069815,0.28090840459000643,1.7666433050969879,1.2048264959169752,2.0475517096869944,0.9239180913269687,1.8374702720301623,1.1189020457867187
0.742919714533185,-0.029129351913784064,0.005576793910402369,-0.023552558003381695,-0.034706145824186435,-0.017975764092979324,-0.0402829397345888,-0.023820870705443146,-0.0250538294237316,1.4688194429399866,0.2812044479778549,1.7500238909178414,1.1876149949621317,2.0312283388956964,0.9064105469842768,1.8150072921800116,1.11157604958828
0.7606105134088513,-0.02867351976450768,0.005586541074835836,-0.023086978689671845,-0.03426006083934352,-0.01750043761483601,-0.03984660191417935,-0.023442650108047056,-0.02487963433458233,1.4458345469644105,0.28169593933254694,1.7275304862969574,1.1641386076318636,2.0092264256295045,0.8824426682993166,1.7861891540516803,1.103847447074893
0.7787225749839934,-0.028252471744627826,0.005587442883571976,-0.02266502886105585,-0.0338399146281998,-0.017077585977483874,-0.039427357511771774,-0.02302669162229451,-0.024695694767867926,1.4246036071260868,0.28174141216728,1.7063450192933667,1.142862194958807,1.9880864314606468,0.8611207827915268,1.754495615464423,1.0956865063470973
0.7972659305897695,-0.02791669787164641,0.005578584213919854,-0.022338113657726553,-0.033495282085566264,-0.016759529443806702,-0.039073866299486115,-0.02261210846961655,-0.02450132234575797,1.40767253380437,0.2812947223040063,1.6889672561083764,1.1263778115003638,1.9702619784123827,0.8450830891963574,1.7229068689979248,1.087062685794011
0.8162508504287225,-0.027618320100646576,0.005570765662437782,-0.022047554438208793,-0.03318908576308436,-0.016476788775771013,-0.03875985142552214,-0.02223349372401921,-0.02429580954379372,1.3926271228153853,0.2809004793951189,1.6735276022105041,1.1117266434202664,1.9544280816056232,0.8308261640251474,1.694058699143704,1.0779445943165122
0.8356878492629152,-0.02726676421884257,0.005575834547905741,-0.02169092967093683,-0.03284259876674831,-0.016115095123031088,-0.038418433314654055,-0.021924963011670906,-0.024078653045242576,1.374900256937903,0.28115607305032314,1.656056329988226,1.0937441838875799,1.9372124030385494,0.8125881108372567,1.670550511735353,1.0683099010039898
0.8555876922375074,-0.026971108094585854,0.005583096710339514,-0.02138801138424634,-0.032554204804925366,-0.015804914673906826,-0.038137301515264885,-0.021731711457256952,-0.023850543520673135,1.3599920823579168,0.28152226057869956,1.6415143429366164,1.0784698217792172,1.923036603515316,0.7969475612005177,1.6558259038558305,1.058189249190412
0.875961400843016,-0.026848505215391765,0.005581249111372264,-0.0212672561040195,-0.03242975432676403,-0.015686006992647238,-0.03801100343813629,-0.021704351995697986,-0.023612561320134638,1.3538099505599386,0.2814290971848182,1.6352390477447567,1.0723808533751205,1.916668144929575,0.7909517561903022,1.653741277191521,1.0476305713183445
0.8968202590195415,-0.026930083128753307,0.005572937759461086,-0.021357145369292223,-0.03250302088821439,-0.015784207609831135,-0.038075958647675476,-0.021897362354925565,-0.023365769220984895,1.3579234380695322,0.2810100052901414,1.6389334433596736,1.0769134327793908,1.919943448649815,0.7959034274892494,1.6684475074463323,1.0366810201737748
0.918175819406362,-0.02716183734177698,0.005571778970157311,-0.021590058371619668,-0.03273361631193429,-0.01601827940146236,-0.0383053952820916,-0.022365844921897405,-0.02311121014773012,1.3696094204793003,0.2809515744584259,1.6505609949377262,1.0886578460208745,1.9315125693961521,0.8077062715624486,1.7041430655905947,1.0253868677210816
0.9400399097403379,-0.027435114431829558,0.00557861255349712,-0.02185650187833244,-0.033013726985326675,-0.01627788932483532,-0.038592339538823794,-0.022975188757263145,-0.022849788095614876,1.3833891538687462,0.2812961512998252,1.6646853051685713,1.102093002568921,1.9459814564683966,0.8207968512690957,1.7505714064480529,1.013788221979115
0.9624246394066807,-0.027582995638922646,0.005579458187581284,-0.022003537451341364,-0.03316245382650393,-0.016424079263760077,-0.038741912014085216,-0.023349895934372634,-0.022582241676094905,1.390845920942269,0.28133879158197467,1.6721847125242437,1.1095071293602943,1.9535235041062182,0.8281683377783197,1.7791218430502926,1.0019178532996749
0.9853424061457166,-0.02731967038906954,0.005572905544777585,-0.021746764844291958,-0.032892575933847125,-0.01617385929951437,-0.03846548147862471,-0.02308416854317469,-0.022309288306475293,1.3775679994853811,0.28100838089583235,1.6585763803812135,1.0965596185895488,1.9395847612770458,0.8155512376937164,1.7588750116594474,0.9898075917028516
1.0088059029193472,-0.02623162108711692,0.005571308362245211,-0.02066031272487171,-0.03180292944936213,-0.0150890043626265,-0.03737423781160734,-0.021750258639369125,-0.022031617475186522,1.3227041640552135,0.2809278445088774,1.603632008564091,1.041776319546336,1.8845598530729684,0.7608484750374587,1.6572390877481933,0.9774880280740874
1.0328281249410278,-0.02435065916402608,0.0055769262759267245,-0.018773732888099356,-0.029927585439952806,-0.013196806612172632,-0.03550451171587953,-0.019452019213248267,-0.0217491171278351,1.2278584753408601,0.2812111223816083,1.5090695977224684,0.9466473529592518,1.7902807201040767,0.6654362305776436,1.482127045490569,0.9649541908388596
1.0574223768731374,-0.02240914389935594,0.005576620714382271,-0.01683252318497367,-0.02798576461373821,-0.011255902470591397,-0.03356238532812048,-0.01706334672169582,-0.021460559539824803,1.129959442847699,0.28119571473577953,1.4111551575834784,0.8487637281119194,1.692350872319258,0.5675680133761398,1.3001245467403104,0.9521516089127856
1.0826022801957422,-0.021117510100380408,0.005571019975047422,-0.015546490125332987,-0.02668853007542783,-0.009975470150285564,-0.032259550050475254,-0.015511964940133717,-0.021164623533778792,1.0648300557364136,0.2809133028628957,1.3457433585993093,0.783916752873518,1.6266566614622051,0.5030034500106223,1.1819185717653058,0.9390216649442216
1.1083817807508276,-0.02108808817928558,0.005572571022984888,-0.015515517156300692,-0.026660659202270467,-0.009942946133315804,-0.03223323022525536,-0.015656694525248663,-0.02086000011331574,1.0633464837750244,0.28099151295745,1.3443379967324744,0.7823549708175743,1.6253295096899243,0.5013634578601244,1.192946096981577,0.9255062820219746
1.1347751564661754,-0.02212998316670768,0.005576164055284681,-0.016553819111423,-0.027706147221992362,-0.010977655056138319,-0.033282311277277044,-0.01722903538424017,-0.02054564931828823,1.1158830324616131,0.28117268814173374,1.397055720603347,0.8347103443198793,1.6782284087450807,0.5535376561781457,1.3127490277875475,0.9115593197028877
1.1617970252631677,-0.023540723784346025,0.005572751255102497,-0.01796797252924353,-0.02911347503944852,-0.01239522127414103,-0.03468622629455102,-0.019266609279869538,-0.020220694043324872,1.1870182658943842,0.2810006009879482,1.4680188668823324,0.906017664906436,1.7490194678702806,0.6250170639184878,1.4679999220412945,0.8971418630048513
1.1894623531528963,-0.024568389385234913,0.005570645318638899,-0.018997744066596014,-0.030139034703873812,-0.013427098747957115,-0.03570968002251271,-0.020820540917843793,-0.019884248963698774,1.2388373115049365,0.28089441117526426,1.5197317226802007,0.9579429003296722,1.800626133855465,0.677048489154408,1.5864001807618135,0.8822146322734109
1.2177864625250556,-0.02483270543894666,0.00557452197554427,-0.01925818346340239,-0.03040722741449093,-0.01368366148785812,-0.0359817493900352,-0.021409105487027274,-0.019536007076016326,1.2521651932896758,0.2810898878564163,1.533255081146092,0.9710753054332595,1.8143449690025084,0.6899854175768432,1.6312452663254873,0.8667640065321598
1.2467850406342253,-0.024679674267642802,0.005573075170350744,-0.019106599097292058,-0.030252749437993547,-0.013533523926941314,-0.03582582460834429,-0.021398409852578026,-0.01917672807671916,1.2444487442436323,0.28101693410156836,1.5254656783452005,0.9634318101420639,1.806482612446769,0.6824148760404956,1.630430323212789,0.8508236916212389
1.2764741482882205,-0.02440780967889985,0.005570237408719598,-0.01883757227018025,-0.029978047087619447,-0.013267334861460653,-0.035548284496339046,-0.02121740898850446,-0.018807269586405807,1.2307402348688123,0.2808738427114615,1.5116140775802738,0.9498663921573509,1.7924879202917352,0.6689925494458894,1.616639144366025,0.8344317380318864
1.3068702287433454,-0.024187102686324694,0.005573462841931908,-0.018613639844392786,-0.0297605655282566,-0.013040177002460877,-0.03533402837018851,-0.02116599317858168,-0.018428633447105654,1.2196112978829607,0.2810364820667128,1.5006477799496736,0.9385748158162479,1.7816842620163862,0.6575383337495352,1.612721568426122,0.8176325950012424
1.3379901168114567,-0.02406658079322139,0.005572406644445541,-0.018494174148775848,-0.02963898743766693,-0.012921767504330307,-0.03521139408211247,-0.02122147338638921,-0.018042249678737837,1.2135340977992095,0.28098322432832734,1.4945173221275367,0.9325508734708822,1.7755005464558642,0.6515676491425548,1.616948827076215,0.8004897089536308
1.3698510481838917,-0.02397427635702239,0.005570263129463069,-0.018404013227559322,-0.029544539486485458,-0.012833750098096251,-0.03511480261594853,-0.021307200518479386,-0.017649615227455496,1.2088797357330714,0.28087513965511507,1.4897548753881864,0.9280045960779564,1.7706300150433014,0.6471294564228413,1.623480719709585,0.7830694956637902
1.4024706689774262,-0.023836253038037904,0.005572998483459381,-0.01826325455457852,-0.029409251521497287,-0.012690256071119142,-0.034982250004956666,-0.021376516669127814,-0.017252931444384806,1.2019200431486448,0.2810130672391203,1.482933110387765,0.9209069759095245,1.7639461776268854,0.6398939086704042,1.6287621941127854,0.7654696236017662
1.4358670455075404,-0.023730749312400407,0.005571214109746946,-0.01815953520265346,-0.029301963422147352,-0.012588321092906515,-0.0348731775318943,-0.021451628058931225,-0.01685601709493617,1.1966001196578089,0.2809230919176626,1.4775232115754715,0.9156770277401463,1.7584463034931341,0.6347539358224836,1.6344852309364486,0.7478595218834596
1.4700586742944162,-0.023644755346923965,0.0055707881579842005,-0.018073967188939763,-0.029215543504908167,-0.012503179030955564,-0.03478633166289237,-0.021560159147443053,-0.016462906187660126,1.192263956984463,0.2809016137113254,1.4731655706957885,0.9113623432731377,1.7540671844071138,0.6304607295618123,1.6427546481006243,0.7304181694271337
1.505064492307198,-0.02356399006368621,0.0055724044950552064,-0.017991585568631,-0.029136394558741417,-0.012419181073575796,-0.03470879905379662,-0.021690243352631044,-0.016077378456418184,1.1881914455641853,0.2809831159473952,1.4691745615115805,0.9072083296167901,1.7501576774589758,0.6262252136693949,1.6526662833188823,0.7133132636160195
1.5409038874521974,-0.023487110921571824,0.005570048050966758,-0.017917062870605065,-0.029057158972538584,-0.012347014819638309,-0.034627207023505344,-0.021784787705778425,-0.015702929443937218,1.1843148890575945,0.2808642945296184,1.465179183587213,0.903450594527976,1.7460434781168312,0.6225862999983577,1.6598699952452365,0.6966998929800894
1.5775967093108507,-0.023324483665920184,0.00557168364538633,-0.01775280002053385,-0.028896167311306516,-0.012181116375147523,-0.034467850956692844,-0.021793117385024548,-0.015342633168195233,1.1761145667242965,0.2809467677988948,1.4570613345231913,0.8951677989254017,1.7380081023220861,0.6142210311265068,1.6605046667801346,0.6807144440454334
1.6151632801333684,-0.023136719296894735,0.005570904867968947,-0.017565814428925786,-0.028707624164863683,-0.01199490956095684,-0.03427852903283263,-0.021740020327780635,-0.014997116827303626,1.1666467297215297,0.280907498699611,1.4475542284211407,0.8857392310219188,1.7284617271207519,0.6048317323223077,1.6564589898910451,0.6653847440310837
1.6536244060941794,-0.022943585622789964,0.005570533060208988,-0.017373052562580975,-0.028514118682998954,-0.011802519502371989,-0.03408465174320794,-0.021673247499032988,-0.014666111583002708,1.1569081506947412,0.28088875065233276,1.437796901347074,0.8760194000424084,1.7186856519994067,0.5951306493900757,1.6513713013428353,0.6506988652526284
1.6930013888153899,-0.02276023020310325,0.005571369659078334,-0.017188860544024916,-0.028331599862181582,-0.01161749088494658,-0.033902969521259915,-0.021623398537091516,-0.014348636326651714,1.147662630705097,0.2809309353424994,1.4285935660475964,0.8667316953625976,1.7095245013900957,0.5858007600200982,1.647573109809446,0.6366132783617722
1.7333160371646428,-0.022619640958473502,0.005569935330455841,-0.01704970562801766,-0.028189576288929343,-0.01147977029756182,-0.03375951161938519,-0.02160338586554511,-0.014042886518657373,1.1405735537976667,0.28085861070669843,1.421432164504365,0.8597149430909683,1.7022907752110634,0.5788563323842698,1.6460482644231509,0.6230479204284737
1.7745906793339266,-0.022483831938969582,0.005571281118883,-0.01691255082008658,-0.028055113057852583,-0.011341269701203582,-0.03362639417673558,-0.02160840610043637,-0.013747112036652206,1.1337255151264192,0.2809264707886441,1.4146519859150632,0.8527990443377751,1.6955784567037073,0.571872573549131,1.6464307761729842,0.6099251428795494
1.8168481752059913,-0.02235470529318102,0.005569818756614025,-0.016784886536566995,-0.027924524049795046,-0.01121506777995297,-0.03349434280640907,-0.021593554386204188,-0.013459792303220745,1.127214428697266,0.2808527325832886,1.4080671612805546,0.8463616961139775,1.6889198938638432,0.5655089635306889,1.6452991647400474,0.597177481479972
1.8601119290152626,-0.02216703898009336,0.005571011047813365,-0.016596027932279996,-0.027738050027906726,-0.01102501688446663,-0.03330906107572009,-0.021519976227778292,-0.013179564356486852,1.1177515360704795,0.28091285271573846,1.398664388786218,0.836838683354741,1.6795772415019563,0.5559258306390026,1.639692950939573,0.5847444650038702
1.904405902310225,-0.02197405799140729,0.005569812193285891,-0.0164042457981214,-0.027543870184693182,-0.010834433604835509,-0.03311368237797907,-0.021415979946212294,-0.01290555859741642,1.1080206560584958,0.280852401633805,1.3888730576923007,0.8271682544246908,1.6697254593261057,0.5463158527908858,1.6317690588310128,0.5725875115066358
1.9497546272244826,-0.021773239678364073,0.005570775733447328,-0.016202463944916746,-0.0273440154118114,-0.010631688211469417,-0.03291479114525873,-0.02131616146868169,-0.012637159268730332,1.0978945865335261,0.2809009872160507,1.378795573749577,0.8169935993174754,1.6596965609656276,0.5360926121014247,1.6241634903002642,0.5606793013704868
1.9961832200638372,-0.021577451459160693,0.005569751062297775,-0.016007700396862917,-0.02714720252145847,-0.010437949334565143,-0.032716953583756245,-0.021203687363432675,-0.012374367558043149,1.0880221546333697,0.28084931916275735,1.3688714737961272,0.8071728354706124,1.6497207929588844,0.526323516307855,1.6155936389403918,0.5490198872869253
2.043717395216903,-0.02134475407368042,0.005570600299266451,-0.01577415377441397,-0.02691535437294687,-0.010203553475147517,-0.032485954672213324,-0.021054138644692275,-0.012117586182866524,1.0762886136632053,0.2808921411168793,1.3571807547800847,0.795396472546326,1.638072895896964,0.5145043314294466,1.6041989246830335,0.5376271368295317
2.0923834793969758,-0.021125553558444324,0.005569684028724647,-0.015555869529719678,-0.02669523758716897,-0.00998618550099503,-0.032264921615893616,-0.0209041535947982,-0.011868170249159014,1.0652356393425206,0.28084593905956,1.3460815784020808,0.7843897002829606,1.6269275174616407,0.5035437612234006,1.5927709646121395,0.5265611726766684
2.142208426223033,-0.02092527274658211,0.005570402572881155,-0.015354870173700956,-0.026495675319463265,-0.0097844676008198,-0.03206607789234442,-0.02078701660987257,-0.01162798766327544,1.0551366727955918,0.2808821709548254,1.3360188437504172,0.7742545018407663,1.6169010147052427,0.4933723308859409,1.583845829823703,0.515904869183859
2.19321983114794,-0.02072910209461993,0.0055697554933773,-0.01515934660124263,-0.02629885758799723,-0.00958959110786533,-0.03186861308137453,-0.020657687463962,-0.011399655211639092,1.0452449570928501,0.28084954259566375,1.326094499688514,0.7643954144971864,1.6069440422841776,0.48354587190152265,1.573991725587897,0.5057743266512142
2.2454459467421484,-0.020504135292198578,0.005570072015719167,-0.01493406327647941,-0.026074207307917745,-0.009363991260760244,-0.03164427932363691,-0.020489397851903214,-0.011186286684068824,1.0339012233087779,0.28086550292911827,1.3147667262378961,0.7530357203796596,1.5956322291670144,0.47217021745054133,1.5611690678075898,0.4963076961824059
2.2989156983413195,-0.02029894681638185,0.005569977820779998,-0.014728968995601851,-0.025868924637161846,-0.009158991174821853,-0.03143890245794184,-0.02033262539358835,-0.01099166797686803,1.0235547925457846,0.2808607532402653,1.30441554578605,0.7426940393055192,1.5852762990263152,0.461833286065254,1.5492239479766237,0.48767294857287197
2.3536587000665743,-0.02013664486120292,0.00556965465996117,-0.01456699020124175,-0.02570629952116409,-0.00899733554128058,-0.03127595418112526,-0.02021786451297626,-0.010819601668142935,1.0153708731747129,0.2808444581680202,1.296215331342733,0.7345264150066927,1.5770597895107532,0.4536819568386725,1.540479858067251,0.48003879474811945
2.4097052712262164,-0.020012196388434947,0.005570056721556138,-0.014442139666878809,-0.025582253109991085,-0.00887208294532267,-0.031152309831547223,-0.020143333814656942,-0.010673703330267053,1.0090956791028773,0.28086473173571563,1.289960410838593,0.7282309473671618,1.5708251425743085,0.4473662156314461,1.5348010664473493,0.4735656486547741
2.4670864531080188,-0.019919916738665482,0.005569621386754465,-0.014350295351911017,-0.025489538125419948,-0.008780673965156553,-0.03105915951217441,-0.020088607461722998,-0.010556760715266952,1.0044425668685149,0.28084278039870064,1.2852853472672154,0.7235997864698143,1.566128127665916,0.44275700607111357,1.5306312470113692,0.4683771959112104
2.5258340261713927,-0.019830032267051403,0.005569700281006481,-0.014260331986044922,-0.025399732548057885,-0.008690631705038442,-0.030969432829064364,-0.02002344294893941,-0.010470036165308496,0.9999102291798526,0.28084675856517827,1.2807569877450309,0.7190634706146743,1.561603746310209,0.4382167120494961,1.525666102480924,0.4645294434972091
2.585980527648923,-0.019720909229541558,0.005569865883270022,-0.014151043346271536,-0.02529077511281158,-0.008581177463001514,-0.0308606409960816,-0.01991656158297155,-0.01041191761371758,0.9944078053826626,0.28085510889941173,1.2752629142820744,0.7135526964832508,1.5561180231814862,0.43269758758383914,1.5175223842672358,0.4619508680270644
2.6475592695670653,-0.019603314071447143,0.005569522588697915,-0.014033791482749228,-0.02517283666014506,-0.008464268894051313,-0.030742359248842974,-0.019781828463096136,-0.010376532504880612,0.9884781830856781,0.2808377986020986,1.2693159816877768,0.7076403844835795,1.5501537802898753,0.4268025858814809,1.5072565296687237,0.4603809188256864
2.71060435719594,-0.019481747769582246,0.005569559204074378,-0.013912188565507869,-0.025051306973656623,-0.00834262936143349,-0.030620866177731,-0.01963690827609226,-0.01035482985133758,0.982348319698605,0.2808396448971009,1.2631879645957058,0.7015086748015041,1.5440276094928067,0.42066902990440325,1.4962144817331704,0.4594180261084519
2.775150707938475,-0.019326710012559773,0.005569722124286762,-0.01375698788827301,-0.024896432136846537,-0.008187265763986248,-0.030466154261133298,-0.019446679722069853,-0.010336388460822056,0.9745306905052602,0.28084785999149453,1.2553785504967547,0.6936828305137657,1.5362264104882493,0.41283497052227114,1.4817202083289394,0.4585998275140788
2.8412340706693446,-0.01914778658367454,0.005569548898389636,-0.013578237685284903,-0.024717335482064173,-0.008008688786895268,-0.03028688438045381,-0.019225417585862176,-0.010312916208423117,0.9655086493722489,0.28083912524289895,1.246347774615148,0.6846695241293499,1.5271868998580467,0.403830398886451,1.4648613623335032,0.4575584221003484
2.9088910455344137,-0.018961786709990245,0.005569379597410064,-0.01339240711258018,-0.02453116630740031,-0.007823027515170116,-0.030100545904810372,-0.01900093930895192,-0.010278790352777721,0.9561297853432625,0.28083058840448116,1.2369603737477437,0.6752991969387814,1.5177909621522248,0.3944686085343002,1.447757465730974,0.4560443428286504
2.9781591042216626,-0.01876681142598641,0.005569479938015522,-0.013197331487970889,-0.024336291364001932,-0.007627851549955367,-0.029905771302017454,-0.0187746942212341,-0.010231010394035296,0.946298344915573,0.2808356479826224,1.2271339928981955,0.6654626969329506,1.5079696408808179,0.3846270489503282,1.430518948755441,0.45392446498921374
3.0490766107148097,-0.018558235762523554,0.0055695458524433,-0.012988689910080254,-0.024127781614966856,-0.007419144057636953,-0.029697327467410155,-0.01853852670906412,-0.010168669668793987,0.9357811184861932,0.28083897165399613,1.2166200901401893,0.654942146832197,1.4974590617941854,0.3741031751782009,1.4125244026254973,0.4511585621836904
3.1216828425411283,-0.018309455926874715,0.0055694657232200065,-0.012739990203654707,-0.023878921650094722,-0.007170524480434702,-0.029448387373314726,-0.018256411087342515,-0.010091896263122605,0.9232366354954984,0.28083493121528436,1.2040715667107826,0.642401704280214,1.484906497926067,0.3615667730649297,1.3910288864878104,0.4477523172721321
3.1960180125252373,-0.018054308877532226,0.005569338205647232,-0.012484970671884994,-0.023623647083179457,-0.006915632466237762,-0.02919298528882669,-0.017973393717808137,-0.010001241441225469,0.910371091902485,0.28082850126480824,1.1911995931672932,0.6295425906376768,1.4720280944321016,0.3487140893728685,1.3694646625822113,0.4437301884751229
3.272123291060891,-0.017862199885734124,0.005569274170337695,-0.01229292571539643,-0.023431474056071818,-0.006723651545058733,-0.029000748226409516,-0.017781267242911347,-0.009897925183794492,0.9006841814915766,0.2808252723461574,1.181509453837734,0.6198589091454192,1.4623347261838915,0.3390336367992618,1.3548257790052634,0.4391463032992868
3.350040828913131,-0.017712240028708196,0.005569290436223061,-0.012142949592485134,-0.02328153046493126,-0.0065736591562620735,-0.028850820901154317,-0.017651177503246185,-0.009784648045191819,0.8931226005023355,0.28082609253772056,1.173948693040056,0.612296507964615,1.4547747855777766,0.33147041542689437,1.3449137220930818,0.434120478619673
3.4298137805634057,-0.01766608088233707,0.00556931614469767,-0.012096764737639399,-0.02323539702703474,-0.006527448592941729,-0.02880471317173241,-0.017661744965971435,-0.009664952228693699,0.8907950701178595,0.2808273888627286,1.1716224589805881,0.6099676812551309,1.4524498478433168,0.3291402923924023,1.3457188992901432,0.42880987317868624
3.5114863281105926,-0.017549653469081883,0.005569319326384791,-0.011980334142697092,-0.023118972795466673,-0.0064110148163123,-0.028688292121851464,-0.017580993144186624,-0.009542177914787002,0.8849243302268185,0.2808275492962295,1.165751879523048,0.604096780930589,1.4465794288192775,0.3232692316343595,1.3395660954229545,0.4233626824704248
3.5951037057411823,-0.017312856170563225,0.005569301276457798,-0.011743554894105427,-0.022882157447021025,-0.0061742536176476286,-0.02845145872347882,-0.01734126850888254,-0.009418898216306612,0.8729840551005708,0.28082663914608985,1.1538106942466606,0.5921574159544809,1.4346373333927505,0.31133077680839105,1.3213005178723956,0.4178930691065905
3.6807122247821336,-0.017074640592603246,0.005569272504294317,-0.011505368088308928,-0.022643913096897565,-0.005936095584014612,-0.028213185601191883,-0.01709881941579149,-0.009296584430048618,0.8609722646029857,0.28082518833752873,1.1417974529405144,0.580147076265457,1.4226226412780432,0.29932188792792824,1.3028273530001253,0.4124663108637943
3.7683592993503265,-0.016904536593959463,0.005569241761025334,-0.011335294832934129,-0.0224737783549848,-0.005766053071908795,-0.02804302011601013,-0.016945417746881342,-0.009175411932747332,0.8523949347238546,0.280823638137876,1.1332185728617306,0.5715712965859787,1.4140422109996065,0.2907476584481027,1.291139067078617,0.4070901887712041
3.8580934726127776,-0.016777663940241182,0.005569213748525228,-0.011208450191715954,-0.02234687768876641,-0.005639236443190726,-0.027916091437291637,-0.01684877850653677,-0.009054507995722246,0.8459975036683899,0.280822225634607,1.126819729302997,0.5651752780337829,1.407641954937604,0.28435305239917585,1.2837757373286234,0.4017259820295906
3.949964443672174,-0.01668867394610626,0.005569189992536535,-0.011119483953569726,-0.022257863938642795,-0.00555029396103319,-0.027827053931179332,-0.016802611483369395,-0.008932535539129755,0.8415102691429065,0.280821027761816,1.1223312969047226,0.5606892413810904,1.4031523246665385,0.2798682136192745,1.2802580874180398,0.3963143677344429
4.044023095092643,-0.016632699296585198,0.005569169967784483,-0.011063529328800715,-0.02220186926436968,-0.0054943593610162315,-0.027771039232154165,-0.01680142255559568,-0.008807837442375021,0.8386878014899484,0.28082001803302964,1.119507819522978,0.5578677834569188,1.4003278375560075,0.2770477654238891,1.2801674982617552,0.39078182356973695
4.140321521080947,-0.01652853649006315,0.005569151616260055,-0.010959384873803095,-0.022097688106323204,-0.00539023325754304,-0.02766683972258326,-0.016739188628696267,-0.008678422861258075,0.8334354925507172,0.2808190926751306,1.1142545852258479,0.5526163998755866,1.3950736779009785,0.27179730720045603,1.2754256467761327,0.3850400207337667
4.2389130563387765,-0.016359540315641137,0.005569131731367685,-0.010790408584273452,-0.021928672047008824,-0.005221276852905767,-0.027497803778376507,-0.016594441628010635,-0.008543478241907234,0.8249140236382533,0.28081808999863367,1.105732113636887,0.5440959336396196,1.3865502036355206,0.26327784364098594,1.2643967945979635,0.3790528638662773
4.339852305602068,-0.01625283940626569,0.005569107390079172,-0.010683732016186517,-0.02182194679634486,-0.005114624626107345,-0.027391054186424034,-0.016534057719913384,-0.008404540515027786,0.8195337333134325,0.28081686261266436,1.1003505959260969,0.5387168707007681,1.3811674585387612,0.25790000808810376,1.2597959034348294,0.3728885427570603
4.443195173883727,-0.0160515367136921,0.005569079656711607,-0.010482457056980494,-0.021620616370403706,-0.004913377400268886,-0.027189696027115316,-0.01634916033754602,-0.008265004760819256,0.8093832394183608,0.2808154641843843,1.090198703602745,0.5285677752339765,1.3710141677871293,0.24775231104959217,1.24570783329451,0.3666976886638125
4.5489988974365305,-0.015471917327212911,0.00556905930177866,-0.009902858025434252,-0.02104097662899157,-0.004333798723655592,-0.02661003593077023,-0.01566334137905372,-0.00812942604900674,0.7801564915358336,0.28081443780654514,1.0609709293423788,0.4993420537292884,1.341785367148924,0.21852761592274328,1.1934525473240272,0.3606823986921297
4.657322075453299,-0.015227146278105484,0.005569054349596226,-0.009658091928509258,-0.02079620062770171,-0.004089037578913032,-0.026365254977297935,-0.015414966938142758,-0.008002830427347892,0.7678141477356036,0.28081418809752773,1.0486283358331314,0.4869999596380759,1.329442523930659,0.20618577154054818,1.1745279065323908,0.35506566607059203
4.768224702521965,-0.015179447134897382,0.005569044047094444,-0.009610403087802939,-0.020748491181991825,-0.0040413590407084934,-0.02631753522908627,-0.015418892294192785,-0.00789000811881492,0.7654089644976448,0.2808136686038235,1.0462226331014683,0.48459529589382133,1.327036301705292,0.20378162728999782,1.1748269950897865,0.3500600210690451
4.881768201853454,-0.015050923735534504,0.005569009197091295,-0.009481914538443208,-0.0206199329326258,-0.003912905341351913,-0.026188942129717094,-0.015305688080948673,-0.007794509717877924,0.7589282961870119,0.28081191132606587,1.0397402075130777,0.478116384860946,1.3205521188391436,0.19730447353488012,1.166201513885331,0.345822994726278
4.998015459300811,-0.015016460059887025,0.005568970876911198,-0.009447489182975827,-0.020585430936798224,-0.0038785183060646294,-0.02615440181370942,-0.015305016023147168,-0.007718300073399762,0.7571904986206252,0.28080997906798644,1.0380004776886116,0.4763805195526387,1.318810456756598,0.19557054048465228,1.1661503071168806,0.3424417624955947
5.117030858188424,-0.014804589348802043,0.005568979505981886,-0.009235609842820156,-0.02037356885478393,-0.0036666303368382714,-0.025942548360765816,-0.015059466178254379,-0.00766123676947201,0.746507122596599,0.2808104141805437,1.0273175367771428,0.4656967084160553,1.3081279509576864,0.18488629423551162,1.1474408835787964,0.3399100057376285
5.238880314970591,-0.014502465136803037,0.00556897738703048,-0.008933487749772557,-0.020071442523833517,-0.003364510362742077,-0.025640419910863996,-0.014685243149921284,-0.007620304477140876,0.7312728009377958,0.2808103073344651,1.012083108272261,0.4504624936033307,1.292893415606726,0.16965218626886558,1.1189273362057757,0.3380939418122097
5.363631315739237,-0.014771052105003167,0.005568945889304862,-0.009202106215698305,-0.02033999799430803,-0.0036331603263934434,-0.02590894388361289,-0.015057534624116142,-0.007590023113551493,0.7448160394616152,0.280808719092065,1.0256247585536802,0.4640073203695502,1.3064334776457454,0.18319860127748522,1.1472937107533572,0.3367504330836419
5.491352953600956,-0.014689163275114459,0.005568952997967995,-0.009120210277146464,-0.020258116273082452,-0.003551257279178469,-0.025827069271050447,-0.01496522507659728,-0.007564087668078584,0.7406868742863604,0.2808090775395394,1.0214959518258997,0.459877796746821,1.302305029365439,0.17906871920728162,1.1402602775948334,0.3355997419243982
5.622115966944088,-0.013833087553660502,0.005568930485149125,-0.008264157068511378,-0.019402018038809626,-0.002695226583362253,-0.02497094852395875,-0.013851550592411725,-0.007536798639023713,0.697520082659066,0.2808079423523862,0.9783280250114521,0.41671214030667975,1.2591359673638385,0.13590419795429354,1.0554049700409531,0.3343889956308523
5.755992778617059,-0.013288024077614096,0.005568929948327992,-0.0077190941292861045,-0.018856954025942087,-0.0021501641809581126,-0.02442588397427008,-0.01315145719771828,-0.0075039925896981975,0.6700357831929123,0.280807915283699,0.9508436984766113,0.3892278679092134,1.2316516137603104,0.1084199526255144,1.0020620577566717,0.3329334728804135
5.893057536039618,-0.013703333697522614,0.005568914435692116,-0.008134419261830499,-0.01927224813321473,-0.0025655048261383814,-0.024841162568906845,-0.013723096570728361,-0.007462772762235584,0.6909773697536826,0.28080713307401395,0.9717845028276966,0.4101702366796687,1.2525916359017106,0.12936310360565473,1.045617545015726,0.3311046517369199
6.033386152269268,-0.013738250761339785,0.005568914834748109,-0.008169335926591676,-0.019307165596087895,-0.002600421091843568,-0.024876080430836,-0.013798982228670577,-0.007410795622148287,0.6927380289807342,0.280807153196027,0.9735451821767612,0.4119308757847072,1.2543523353727881,0.1311237225886802,1.05139957642172,0.3287985554084917
6.177056348045559,-0.01361480733957266,0.005568897105719916,-0.008045910233852743,-0.019183704445292576,-0.0024770131281328274,-0.02475260155101249,-0.013672692710447628,-0.007346503725489101,0.6865135136351389,0.28080625922689956,0.9673197728620384,0.40570725440823935,1.248126032088938,0.12490099518133979,1.0417770735613114,0.3259460839838534
6.324147694835562,-0.01394524088461809,0.005568900408682966,-0.008376340475935124,-0.019514141293301056,-0.0028074400672521583,-0.02508304170198402,-0.014152904831255976,-0.0072690071711085935,0.703175306077306,0.28080642577562204,0.983981731852928,0.422368880301684,1.26478815762855,0.14156245452606198,1.0783663532664072,0.3225077547640739
6.474741658904403,-0.014037369289779628,0.0055688856031054605,-0.008468483686674168,-0.01960625489288509,-0.0028995980835687073,-0.02517514049599055,-0.014325867061176145,-0.00717885840151785,0.7078207919483558,0.2808056792186726,0.9886264711670284,0.4270151127296832,1.269432150385701,0.14620943351101057,1.0915450364664754,0.3185080782482753
6.6289216464351695,-0.013867165708230692,0.005568873478648658,-0.008298292229582033,-0.01943603918687935,-0.0027294187509333753,-0.02500491266552801,-0.014158414291713339,-0.007078868835697337,0.6992384406973896,0.2808050678546457,0.9800435085520354,0.4184333728427439,1.260848576406681,0.1376283049880982,1.078786141066347,0.3140717900986668
6.786773049723291,-0.013968554349249322,0.005568871314721543,-0.008399683034527778,-0.019537425663970865,-0.0028308117198062362,-0.025106296978692405,-0.014350077133339113,-0.006977766732880283,0.7043508650198461,0.2808049587407104,0.9851558237605564,0.42354590627913574,1.2659607825012669,0.14274094753842537,1.0933896985723803,0.3095861414517579
6.948383294470898,-0.014073503864635961,0.00556886360545391,-0.008504640259182052,-0.01964236747008987,-0.0029357766537281404,-0.02521123107554378,-0.01454028661190253,-0.006887516008821928,0.709642842993928,0.28080457000833414,0.9904474130022621,0.42883827298559385,1.2712519830105964,0.1480337029772597,1.1078825185411934,0.3055819414700081
7.113841888207363,-0.01422551092633343,0.005568849903169608,-0.008656661023163821,-0.01979436082950304,-0.0030878111199942136,-0.02536321073267265,-0.014780487006477465,-0.006818366510320249,0.71730765230195,0.28080387908387916,0.9981115313858292,0.4365037732180709,1.2789154104697085,0.15569989413419172,1.126184346091032,0.3025139503427635
7.283240469862901,-0.014163258994675607,0.005568836783843808,-0.008594422210831799,-0.019732095778519414,-0.003025585426987991,-0.025300932562363224,-0.014718920967357638,-0.006782432938626195,0.7141686587585917,0.2808032175545436,0.9949718763131353,0.4333654412040481,1.2757750938676788,0.15256222364950445,1.1214933836432324,0.3009196672096055
7.456672860522611,-0.014117705872795717,0.005568836154865189,-0.008548869717930528,-0.019686542027660906,-0.002980033563065339,-0.025255378182526093,-0.014649179404499472,-0.006800995963434546,0.7118716865739089,0.2808031858389041,0.9926748724128129,0.43106850073500474,1.2734780582517171,0.15026531489610062,1.116179495384451,0.3017432624147892
7.63423511538909,-0.01408611643510088,0.0055691164283872,-0.00851700000671368,-0.01965523286348808,-0.0029478835783264806,-0.02522434929187528,-0.014556080671522191,-0.006896528935025359,0.710278819680919,0.28081731836061935,0.9910961380415384,0.42946150132029964,1.2719134564021577,0.1486441829596803,1.109085931033427,0.3059818225714157
7.816025576982457,-0.013973885653662116,0.0055688238915415885,-0.008405061762120528,-0.019542709545203703,-0.002836237870578939,-0.02511153343674529,-0.014301841469475324,-0.007074881836564693,0.7046196908969519,0.28080256747265303,0.9854222583696048,0.42381712342429884,1.266224825842258,0.1430145559516458,1.089714430663894,0.3138948968712635
8.002144929607143,-0.01390640637785289,0.005568810020745029,-0.00833759635710786,-0.01947521639859792,-0.0027687863363628305,-0.025044026419342946,-0.014064241533160283,-0.007330952285091151,0.7012171135722843,0.28080186805113017,0.9820189816234145,0.42041524552115417,1.2628208496745446,0.139613377470024,1.0716107424164796,0.3252561052827696
8.192696255115719,-0.013994669455000427,0.00556882181512365,-0.008425847639876777,-0.019563491270124078,-0.002857025824753128,-0.02513231308524773,-0.013996711871044218,-0.007652335790907358,0.7056676940105903,0.2808024627712835,0.9864701567818738,0.42486523123930675,1.2672726195531574,0.14406276846802324,1.0664653877107382,0.3395150914743026
8.387785090000587,-0.014083890765485605,0.005569031756207541,-0.008514859009278064,-0.019652922521693147,-0.0029458272530705227,-0.025221954277900686,-0.013903363703816828,-0.008022665566066282,0.7101665924396762,0.2808130488477195,0.9909796412873957,0.42935354359195665,1.2717926901351153,0.14854049474423714,1.0593528179678262,0.3559457018035223
8.587519483845169,-0.01428838803623556,0.005568793620566759,-0.008719594415668802,-0.01985718165680232,-0.003150800795102042,-0.02542597527736908,-0.013939524020094974,-0.0084248070711464,0.7204781698546052,0.28080104108797693,1.001279210942582,0.4396771287666283,1.2820802520305592,0.15887608767865136,1.06210801690845,0.3737877194061896
8.792010059166936,-0.014488783332634519,0.005568987298331591,-0.008919796034302927,-0.02005777063096611,-0.003350808735971336,-0.0256267579292977,-0.013965572712824675,-0.00884203904230501,0.7305829091737532,0.28081080710225326,1.0113937162760065,0.4497721020715,1.2922045233782598,0.16896129496924672,1.0640927708597554,0.3922992634268058
9.001370072685514,-0.014667492268255155,0.005568776643617998,-0.009098715624637157,-0.020236268911873155,-0.003529938981019158,-0.025805045555491152,-0.013959761188123093,-0.009259348330942217,0.739594134691012,0.2808001850417286,1.0203943197327405,0.4587939496492834,1.301194504774469,0.17799376460755478,1.0636499675784443,0.4108142378314951
9.215715478049708,-0.01474510979959808,0.005568906285830276,-0.009176203513767803,-0.020314016085428356,-0.003607297227937527,-0.02588292237125863,-0.013830039926226698,-0.009664714347063797,0.743507923761463,0.2808067221251002,1.0243146458865633,0.4627012016363628,1.3051213680116636,0.18189447951126259,1.05376598645936,0.428799318962883
9.435164990058185,-0.014688824562633401,0.005568845854899283,-0.009119978707734119,-0.020257670417532684,-0.003551132852834836,-0.025826516272431967,-0.013534229033765185,-0.010050136468258418,0.7406697950365639,0.2808036749537569,1.0214734699903207,0.45986612008280703,1.3022771449440778,0.17906244512905012,1.0312269729378585,0.4458995391190734
9.65984015040946,-0.014765563921300066,0.0055688094550774515,-0.009196754466222614,-0.02033437337637752,-0.0036279450111451634,-0.02590318283145497,-0.013427539113212419,-0.01041052734872033,0.7445393030977785,0.2808018395278888,1.0253411426256673,0.4637374635698897,1.3061429821535562,0.18293562404200092,1.0230978417150804,0.4618891854296703
9.889865395017523,-0.014938264071627513,0.005568913177459546,-0.009369350894167967,-0.020507177249087058,-0.0038004377167084203,-0.026076090426546607,-0.013466118383772515,-0.010740407626349847,0.7532475414187134,0.28080706962885155,1.034054611047565,0.47244047178986187,1.3148616806764166,0.19163340216101032,1.0260373504450262,0.4765251522370905
10.125368122930446,-0.014985320807269631,0.005568875389157325,-0.009416445418112306,-0.020554196196426955,-0.0038475700289549806,-0.02612307158558428,-0.013359063205016309,-0.01103450623416433,0.7556203318754665,0.28080516419020046,1.036425496065667,0.47481516768526605,1.3172306602558674,0.19401000349506559,1.017880388740694,0.4895735754196231
10.36647876689011,-0.015022289263229332,0.005568838643329674,-0.009453450619899658,-0.020591127906559006,-0.0038846119765699842,-0.02615996654988868,-0.013261528282767507,-0.01128851016988969,0.7574844305704802,0.28080331131732295,1.0382877418878032,0.47668111925315726,1.319091053205126,0.1958778079358343,1.010448813408591,0.5008430978019391
10.613330865572118,-0.01502756291646496,0.005568820495275279,-0.009458742421189683,-0.02059638341174024,-0.0038899219259144035,-0.026165203907015516,-0.013149105448540687,-0.01149595110703796,0.7577503494426453,0.28080239621920383,1.038552745661849,0.47694795322344147,1.319355141881053,0.19614555700423764,1.0018828685927033,0.5100467358381966
10.866061137545968,-0.015006521255053473,0.005568812141979553,-0.00943770911307392,-0.020575333397033026,-0.0038688969710943665,-0.026144145539012578,-0.01303508174097608,-0.011646047167910423,0.7566893439838068,0.2808019750123328,1.0374913189961397,0.47588736897147405,1.3182932940084724,0.19508539395914126,0.9931949468424762,0.5167061244522716
11.124809556996311,-0.0149317130011065,0.0055688082644039395,-0.00936290473670256,-0.02050052126551044,-0.0037940964722986206,-0.02606932952991438,-0.012888228589944189,-0.011730403921174228,0.7529172100134073,0.28080177948932666,1.0337189895027339,0.4721154305240806,1.3145207689920606,0.19131365103475395,0.9820056186563496,0.5204488236206571
11.389719431247471,-0.014864110470856947,0.005568899917777723,-0.009295210553079223,-0.02043301038863467,-0.0037263106353015007,-0.02600191030641239,-0.012790231172778357,-0.011747267006898397,0.7495084177026009,0.28080640102219917,1.0303148187248001,0.46870201668040173,1.3111212197469992,0.18789561565820256,0.9745388039890692,0.5211969967600251
11.660937480133882,-0.014788987956136134,0.005568830245058448,-0.009220157711077686,-0.02035781820119458,-0.003651327466019238,-0.02592664844625303,-0.012718835858185316,-0.01169944353384172,0.7457204374361308,0.2808028878426057,1.0265233252787365,0.4649175495935251,1.3073262131213421,0.1841146617509194,0.9690989097796504,0.5190751882987772
11.93861391726061,-0.014626502879960398,0.005568853170814492,-0.009057649709145906,-0.02019535605077489,-0.003488796538331413,-0.025764209221589382,-0.012566286069182813,-0.01159312884996671,0.7375272843656168,0.28080404385171714,1.0183313282173339,0.4567232405138996,1.299135372069051,0.17591919666218248,0.9574755319911635,0.5143582704050571
12.222902533198889,-0.014454077500653079,0.0055688750109339265,-0.008885202489719152,-0.020022952511587006,-0.003316327478785226,-0.025591827522520934,-0.012428229071533408,-0.01143914690337131,0.7288329011080528,0.2808051451186508,1.0096380462267036,0.448027755989402,1.2904431913453545,0.1672226108707512,0.9469564178677284,0.5075264747138843
12.513960780662677,-0.014254549167095003,0.00556889411304829,-0.008685655054046712,-0.019823443280143294,-0.003116760940998423,-0.025392337393191584,-0.012270948308626135,-0.0112564832736753,0.7187718775530167,0.28080610832432257,0.9995779858773393,0.4379657692286942,1.2803840942016618,0.1571596609043716,0.93497256827943,0.4994221441356368
12.811949861713638,-0.014057456584781752,0.005568795672437594,-0.008488660912344157,-0.019626252257219347,-0.002919865239906564,-0.02519504792965694,-0.012118071967672218,-0.011070013133465827,0.7088336744025386,0.2808011445515825,0.9896348189541211,0.42803252985095613,1.2704359635057036,0.14723138529937363,0.923324309193344,0.4911489281607614
13.117034817042512,-0.0139930694310676,0.005568867051720488,-0.008424202379347111,-0.01956193648278809,-0.0028553353276266243,-0.025130803534508576,-0.012132423977642193,-0.010898977156045455,0.7055870143487611,0.2808047437829985,0.9863917581317596,0.4247822705657626,1.2671965019147582,0.1439775267827641,0.9244178461624604,0.483560487571383
13.429384617376673,-0.013868654834236651,0.005568868278199728,-0.008299786556036923,-0.019437523112436378,-0.002730918277837195,-0.02500639139063611,-0.012052384786488594,-0.010753923549193639,0.6993135284383395,0.28080480562703,0.9801183340653694,0.4185087228113095,1.2609231396923994,0.13770391718427955,0.9183193404696867,0.4771248200909401
13.74917225706419,-0.013766312908523025,0.005568866963272927,-0.008197445945250098,-0.019335179871795952,-0.002628578981977171,-0.02490404683506888,-0.011983907224597981,-0.010638752718664076,0.6941530356556298,0.2808047393231157,0.9749577749787455,0.4133482963325141,1.2557625143018614,0.13254355700939835,0.9131017614937104,0.47201497701415324
14.076574849886402,-0.013702913279636896,0.005568858846142402,-0.008134054433494494,-0.019271772125779296,-0.0025651955873520916,-0.0248406309719217,-0.011949068988980086,-0.010554218023665202,0.6909561705877509,0.28080433002464694,0.9717605006123979,0.410151840563104,1.252564830637045,0.12934751053845706,0.9104472971596792,0.4682643830139007
14.411773727152124,-0.013519973154134722,0.00556884642546388,-0.007951126728670842,-0.0190888195795986,-0.0023822803032069618,-0.02465766600506248,-0.011739286873081903,-0.010499497161202565,0.6817315914063541,0.2808037037239258,0.9625352951302799,0.40092788768242826,1.2433389988542056,0.12012418395850244,0.8944631597688848,0.46583655455312795
14.754954538127595,-0.01344605580697076,0.005568834740657405,-0.007877221066313354,-0.019014890547628165,-0.002308386325655949,-0.02458372528828557,-0.011657185366859514,-0.010472814878651633,0.678004380550228,0.28080311452884216,0.9588074950790701,0.3972012660213859,1.2396106096079125,0.11639815149254373,0.8882075180530449,0.4646527280916981
15.106307352858021,-0.013488152827322328,0.005568897629247275,-0.007919255198075053,-0.019057050456569604,-0.002350357568827779,-0.024625948085816876,-0.011713804200907533,-0.010471938545067372,0.680127082152558,0.28080628562526105,0.9609333677778191,0.39932079652729696,1.24173965340308,0.11851451090203591,0.892521533184675,0.4646138473518623
15.466026767437457,-0.013523174627782108,0.005568844215442352,-0.007954330412339755,-0.01909201884322446,-0.002385486196897404,-0.024660863058666813,-0.011746774757262756,-0.010494209873682622,0.6818930226236795,0.2808035922857243,0.9626966149094038,0.40108943033795513,1.2435002071951282,0.12028583805223081,0.8950336915751862,0.4656019707665517
15.834312011785466,-0.013605372778393306,0.005568815792282359,-0.008036556986110947,-0.019174188570675665,-0.0024677411938285876,-0.024743004362958024,-0.011830820599603616,-0.010535742792433158,0.6860377849976856,0.280802159075327,0.9668399440730127,0.4052356259223586,1.2476421031483396,0.1244334668470316,0.9014374800265972,0.46744468299116915
16.211367059990366,-0.013697208150253559,0.005568916706462812,-0.008128291443790747,-0.01926612485671637,-0.0025593747373279345,-0.024835041563179183,-0.011919965668220378,-0.0105920474987162,0.6906684949474711,0.2808072475754336,0.9714757425229047,0.40986124737203744,1.2522829900983383,0.1290539997966038,0.9082297988969708,0.4699427826598788
16.597400743279756,-0.01378627941746005,0.005568819744694654,-0.008217459672765395,-0.019355099162154703,-0.0026486399280707413,-0.024923918906849356,-0.011997274870958316,-0.010660722964758848,0.6951598275891111,0.2808023583719006,0.9759621859610117,0.4143574692172105,1.2567645443329123,0.1335551108453099,0.9141202958673404,0.47298974214683903
16.992626865681363,-0.013901084274796045,0.005568859659673035,-0.00833222461512301,-0.01946994393446908,-0.002763364955449975,-0.025038803594142116,-0.012102037270980493,-0.010741718010980072,0.7009487516646675,0.28080437104614353,0.981753122710811,0.420144380618524,1.2625574937569546,0.13934000957238046,0.9221025616013584,0.47658329074143135
17.39726432243801,-0.013943276559563676,0.005568866857646752,-0.008374409701916923,-0.01951214341721043,-0.0028055428442701723,-0.02508101027485718,-0.01210349649637498,-0.010835372409077292,0.7030762568831902,0.28080473399701783,0.983880990880208,0.42227152288617237,1.2646857248772259,0.14146678888915454,0.9222137458130808,0.48073850326813866
17.811537221242236,-0.01397924304021352,0.005568866267096683,-0.008410376773116839,-0.019548109307310203,-0.002841510506020155,-0.025116975574406886,-0.01209019337088698,-0.010940132998118388,0.7048898319407121,0.2808047042191008,0.9856945361598128,0.4240851277216113,1.2664992403789137,0.14328042350251047,0.9212001275424444,0.4853864698424037
18.235675006358072,-0.014035251868530978,0.005568858173321,-0.008466393695209979,-0.019604110041851978,-0.002897535521888978,-0.02517296821517298,-0.012098808159607061,-0.011052616063583143,0.7077140230264753,0.2808042960982774,0.9885183191247527,0.42690972692819795,1.2693226152230301,0.14610543082992056,0.9218565227070412,0.4903770634734299
18.6699125856982,-0.014174132373765778,0.005568869960169767,-0.00860526241359601,-0.019743002333935545,-0.0030363924534262433,-0.025311872294105312,-0.012214729666885743,-0.011169046482156577,0.7147169383998748,0.28080489043874507,0.9955218288386198,0.43391204796112975,1.2763267192773649,0.15310715752238468,0.9306890453982974,0.49554279133645973
19.114490460927296,-0.01441917341139996,0.005568870280912546,-0.008850303130487413,-0.019988043692312506,-0.003281432849574868,-0.02555691397322505,-0.012469339824864685,-0.011287274265119473,0.7270728961108652,0.28080490661189,1.0078778027227553,0.4462679894989752,1.2886827093346453,0.16546308288708522,0.950088810382089,0.5007882637835976
19.569654860663444,-0.014589852696510225,0.005568820031987009,-0.009021032664523216,-0.020158672728497234,-0.003452212632536207,-0.025727492760484243,-0.0126253179922294,-0.011405871061986136,0.7356792342545719,0.28080237285834014,1.0164816071129121,0.4548768613962318,1.2972839799712523,0.17407448853789165,0.9619734100127457,0.5060501084591265
20.035657876851307,-0.014716054758305844,0.005568865708157943,-0.009147189050147901,-0.02028492046646379,-0.0035783233419899585,-0.02585378617462173,-0.012723594164324555,-0.011523942302379724,0.7420428513598603,0.2808046760351546,1.0228475273950148,0.4612381753247057,1.3036522034301694,0.1804334992895511,0.9694614641315856,0.5112886355021171
20.512757604382895,-0.0149039556969662,0.005568862219538289,-0.00933509347742791,-0.020472817916504488,-0.003766231257889621,-0.02604168013604278,-0.012902985085128141,-0.011641904044359557,0.7515175747545955,0.2808045001248771,1.0323220748794726,0.47071307462971834,1.3131265750043497,0.18990857450484122,0.9831299749696465,0.5165223043730439
21.001218284042853,-0.015083604771847633,0.005568852707491842,-0.009514752064355791,-0.020652457479339477,-0.003945899356863949,-0.02622131018683132,-0.013069626387405872,-0.011762970125787184,0.760576205886281,0.28080402048911984,1.0413802263754008,0.4797721853971612,1.3221842468645209,0.19896816490804137,0.9958270414435156,0.5218937050582015
21.50131044885775,-0.015240452166900018,0.0055688412737299325,-0.009671610893170085,-0.02080929344062995,-0.004102769619440153,-0.02637813471435988,-0.013200306705235866,-0.011894317630734607,0.7684850843298972,0.28080344395271606,1.0492885282826132,0.4876816403771811,1.3300919722353293,0.20687819642446503,1.0057840968651566,0.5277212669132542
22.0133110739303,-0.015427656789781021,0.005568831464316446,-0.009858825325464575,-0.020996488254097466,-0.004289993861148129,-0.026565319718413916,-0.01335965526501258,-0.0120456345854004,0.7779246966738212,0.280802949322513,1.0587276459963342,0.49712174735130826,1.3395305953188472,0.21631879802879528,1.01792550015681,0.5344348235459903
22.537503729841415,-0.015653766215773156,0.005568866693339471,-0.010084899522433684,-0.021222632909112627,-0.004516032829094213,-0.0267914996024521,-0.013553696522751669,-0.012226592234490628,0.7893260461481324,0.28080472571198184,1.0701307718601143,0.5085213204361505,1.3509354975720962,0.22771659472416872,1.0327102786871662,0.5424634640111466
23.074178739705363,-0.0157439091796242,0.005568838543475662,-0.01017507063614854,-0.021312747723099865,-0.004606232092672878,-0.026881586266575525,-0.013548080836987761,-0.01244202073113078,0.7938714180582433,0.28080330628228073,1.0746747243405241,0.5130681117759626,1.355478030622805,0.2322648054936819,1.0322823971568007,0.5520214901800794
23.623633339964602,-0.015789145932964578,0.005568889576960447,-0.010220256356004131,-0.021358035509925023,-0.004651366779043684,-0.026926925086885472,-0.013467363763618512,-0.012685585638113294,0.7961524376648067,0.28080587959647313,1.0769583172612798,0.5153465580683336,1.357764196857753,0.23454067847186044,1.0261322409101972,0.5628278588410517
24.186171845013636,-0.01586652866925762,0.005568871737055948,-0.010297656932201672,-0.021435400406313566,-0.0047287851951457235,-0.027004272143369513,-0.013422888091519806,-0.01293962369245419,0.8000543874215856,0.280804980036515,1.0808593674581006,0.5192494073850706,1.3616643474946155,0.23844442734855564,1.0227434617936844,0.5740988949814138
24.762105815742988,-0.015943604979246018,0.0055688518362275695,-0.010374753143018448,-0.021512456815473587,-0.004805901306790879,-0.027081308651701157,-0.01338098161640817,-0.01318857243006756,0.8039408859278383,0.2808039765564602,1.0847448624842986,0.523136909371378,1.3655488390407586,0.24233293281491786,1.0195504400583453,0.5851441308064864
25.35175423209653,-0.015994992429060703,0.0055688403206807565,-0.010426152108379947,-0.02156383274974146,-0.00485731178769919,-0.027132673070422216,-0.01331187220162956,-0.013426494293507472,0.806532048465004,0.2808033958961316,1.0873354443611356,0.5257286525688725,1.3681388402572674,0.2449252566727408,1.0142847176868786,0.5957001316716759
25.955443669738056,-0.01606804391992758,0.00556888301660388,-0.0104991609033237,-0.021636926936531457,-0.004930277886719819,-0.02720580995313534,-0.013277805366562458,-0.013653759226050657,0.8102155993534206,0.2808055487968279,1.0910211481502485,0.5294100505565926,1.3718266969470765,0.24860450175976478,1.0116890294421934,0.6057833110393381
26.573508480924513,-0.01613274176191207,0.0055688165359234,-0.01056392522598867,-0.02170155829783547,-0.00499510869006527,-0.02727037483375887,-0.013236018090325355,-0.013874344519166372,0.8134779255632293,0.2808021965727085,1.0942801221359377,0.5326757289905208,1.3750823187086463,0.2518735324178123,1.0085050899452483,0.6155701314320156
27.206290979686358,-0.01615544280166025,0.005568859172433327,-0.010586583629226924,-0.021724301974093578,-0.005017724456793597,-0.027293161146526905,-0.013139164308310601,-0.014095393106804755,0.8146226035723992,0.2808043464775517,1.095426950049951,0.5338182570948475,1.3762312965275028,0.25301391061729583,1.001125413408411,0.625377507049469
27.85414163141766,-0.01620204512029795,0.005568846460413499,-0.010633198659884453,-0.021770891580711448,-0.005064352199470953,-0.027339738041124946,-0.01307018705291,-0.014322371423634538,0.8169724804904899,0.28080370548622663,1.0977761859767166,0.5361687750042632,1.3785798914629432,0.2553650695180366,0.9958697607878692,0.635447969991348
28.51741924698045,-0.016262231361271896,0.005568838333973051,-0.010693393027298846,-0.021831069695244947,-0.005124554693325794,-0.027399908029217997,-0.013017617544013108,-0.01455186250295332,0.8200073135757453,0.2808032957183139,1.1008106092940593,0.5392040178574313,1.3816139050123732,0.25840072213911747,0.9918642799146457,0.6456299179503011
29.19649118143166,-0.016350985431672852,0.005568858180765751,-0.010782127250907101,-0.0219198436124386,-0.005213269070141351,-0.027488701793204354,-0.013006491478107562,-0.01477522358950379,0.8244826518747516,0.2808042964736718,1.1052869483484233,0.5436783554010798,1.386091244822095,0.262874058927408,0.9910165405099217,0.6555398933884007
29.891733537482033,-0.01643262910698492,0.005568845271545249,-0.010863783835439672,-0.022001474378530173,-0.005294938563894423,-0.02757031965007542,-0.01299172983726817,-0.014988223496133718,0.8285994553672007,0.28080364553869314,1.1094031009058938,0.5477958098285076,1.390206746444587,0.2669921642898144,0.9898917921285824,0.6649901690636273
30.60353137379975,-0.016462888028670145,0.005568833881268028,-0.010894054147402117,-0.02203172190993817,-0.005325220266134089,-0.0276005557912062,-0.012913944996259155,-0.015192906634319827,0.8301252322751526,0.2808030711949627,1.1109283034701152,0.5493221610801899,1.391731374665078,0.2685190898852272,0.983965054378389,0.6740714504244214
31.332278918274582,-0.016457459482290635,0.0055688450778797515,-0.010888614404410885,-0.022026304560170386,-0.005319769326531132,-0.02759514963805014,-0.012791273383119075,-0.015394033074090215,0.8298515030657722,0.28080363577329737,1.1106551388390695,0.5490478672924748,1.3914587746123668,0.2682442315191774,0.9746182141580668,0.6829949299295526
32.07837978636012,-0.016423298014507298,0.005568842385849701,-0.010854455628657597,-0.021992140400356998,-0.005285613242807895,-0.0275609827862067,-0.012630018220113923,-0.015596001227809657,0.8281289440391227,0.2808035000302815,1.1089324440694042,0.5473254440088413,1.3897359440996857,0.26652194397855977,0.962331539150459,0.6919557541874779
32.842247204615575,-0.01638568727088872,0.0055688659789647505,-0.01081682129192397,-0.021954553249853473,-0.00524795531295922,-0.02752341922881822,-0.01246229373652733,-0.015801251818335128,0.8262324586091034,0.28080468969032635,1.1070371482994297,0.5454277689187771,1.3878418379897561,0.26462307922845074,0.9495519407658696,0.7010622119961135
33.62430423957054,-0.016388146627280727,0.005568826633291483,-0.010819319993989242,-0.02195697326057221,-0.00525049336069776,-0.027525799893863695,-0.012345419419094032,-0.01600956530459207,0.826356469280415,0.2808027057227441,1.107159175003159,0.5455537635576708,1.387961880725903,0.2647510578349268,0.9406468196629065,0.710304562864445
34.42498403203942,-0.016509686223167862,0.005568861965599981,-0.010940824257567882,-0.02207854818876784,-0.0053719622919679005,-0.02764741015436782,-0.012386462742661416,-0.016216597028961027,0.8324849860443466,0.2808044873202831,1.1132894733646297,0.5516804987240636,1.3940939606849128,0.27087601140378037,0.943774074434206,0.7194900451482633
35.24473003701584,-0.016614016054455713,0.005568850204476591,-0.011045165849979121,-0.022182866258932305,-0.005476315645502531,-0.027751716463408897,-0.01240892273627745,-0.01641607905823619,0.8377457170461143,0.2808038942769928,1.118549611323107,0.5569418227691215,1.3993535056001,0.2761379284921287,0.9454853910648824,0.7283405662528536
36.08399626927919,-0.016750949331637885,0.005568873344680896,-0.011182075986956988,-0.022319822676318782,-0.005613202642276093,-0.02788869602099968,-0.012480432898581802,-0.016605022802981102,0.8446504453252042,0.28080506109945064,1.1254555064246548,0.5638453842257536,1.4062605675241056,0.2830403231263029,0.9509340359801884,0.7367235299038722
36.94324755485002,-0.017010021338067782,0.00556883489966653,-0.011441186438401252,-0.022578856237734313,-0.005872351538734723,-0.028147691137400843,-0.012720471207022242,-0.016780742113394805,0.8577139010894103,0.28080312254672374,1.138517023636134,0.5769107785426866,1.4193201461828577,0.2961076559959628,0.9692235135399824,0.7445197583207954
37.82295978843295,-0.017414254398241014,0.0055688675582754275,-0.011845386839965586,-0.02298312195651644,-0.0062765192816901585,-0.02855198951479187,-0.013162061925934977,-0.016939200495162295,0.8780969628210586,0.2808047693255422,1.1589017321466009,0.5972921934955164,1.439706501472143,0.3164874241699742,1.0028700743603844,0.7515501622981776
38.72362019699008,-0.017566335806279348,0.005568863208352234,-0.011997472597927113,-0.023135199014631583,-0.006428609389574879,-0.028704062222983814,-0.013282214225269715,-0.017078054640239558,0.8857655209715299,0.2808045499848655,1.1665700709563955,0.6049609709866645,1.447374620941261,0.324156421001799,1.0120249579984084,0.7577107750908767
39.6457276095908,-0.017669305312790734,0.00556886098451036,-0.012100444328280374,-0.023238166297301095,-0.006531583343770015,-0.028807027281811455,-0.013347613106422086,-0.017199622018820988,0.8909576589099745,0.2808044378497863,1.1717620967597608,0.6101532210601881,1.452566534609547,0.32934878321040184,1.017007959991062,0.7631044170829607
40.58979273368708,-0.017831490181718954,0.005568862736227346,-0.012262627445491607,-0.0234003529179463,-0.0066937647092642615,-0.028969215654173645,-0.0134990887817086,-0.017307585009980492,0.8991356743199128,0.28080452617842394,1.1799402004983368,0.6183311481414888,1.4607447266767606,0.33752662196306493,1.0285494967649504,0.7678944662680621
41.55633843796817,-0.0179813931518308,0.0055688565738674254,-0.012412536577963373,-0.023550249725698226,-0.006843680004095949,-0.02911910629956565,-0.013640109864139875,-0.017405634021039316,0.9066943868414412,0.2808042154473753,1.1874986022888165,0.6258901713940659,1.4683028177361919,0.34508595594669056,1.0392944563480355,0.7722446568331647
42.54590004195022,-0.018006513317922346,0.005568851846187458,-0.012437661471734888,-0.023575365164109803,-0.00686880962554743,-0.029144217010297263,-0.013620232331851537,-0.01749738666241347,0.9079610469605662,0.280803977058678,1.1887650240192442,0.6271570699018882,1.469569001077922,0.34635309284321025,1.03777990776163,0.7763154931477668
43.55902561246206,-0.017949414891944415,0.0055688436796695676,-0.012380571212274847,-0.023518258571613982,-0.006811727532605279,-0.02908710225128355,-0.013494507552916899,-0.017584767676600842,0.9050819139648894,0.2808035652698989,1.1858854792347882,0.6242783486949904,1.4666890445046872,0.3434747834250915,1.0282004346434646,0.780192371245588
44.59627626719089,-0.017897727733968024,0.005568868709097299,-0.012328859024870725,-0.023466596443065323,-0.006759990315773425,-0.029035465152162623,-0.013378798867744223,-0.017667455834667944,0.902475638933068,0.28080482735462386,1.183280466287692,0.6216708115784442,1.4640852936423157,0.3408659842238203,1.0193841277185889,0.7838610389984265
45.658226485456424,-0.017966958524744652,0.005568827671315478,-0.012398130853429175,-0.02353578619606013,-0.006829303182113696,-0.02910461386737561,-0.0134254932895202,-0.017744894046352593,0.9059665347087034,0.28080275806410165,1.186769292772805,0.6251637766446017,1.4675720508369068,0.34436101858050006,1.0229419622358704,0.7872967796980127
46.74546442638496,-0.017992219015382616,0.005568857060030029,-0.012423361955352586,-0.023561076075412645,-0.006854504895322558,-0.029129933135442675,-0.013417677575244952,-0.017816501082891453,0.9072402705575838,0.2808042399616551,1.188044510519239,0.6264360305959287,1.468848750480894,0.34563179063427363,1.0223464517451506,0.7904738056708643
47.85859225466043,-0.01788794224499106,0.005568829686739869,-0.01231911255825119,-0.02345677193173093,-0.006750282871511321,-0.029025601618470797,-0.0132422948881836,-0.01788196213178363,0.9019822151002762,0.2808028596899305,1.1827850747902067,0.6211793554103457,1.4635879344801372,0.3403764957204152,1.008983344246912,0.7933781494699224
48.99822647403202,-0.01782416444099563,0.005568852022838536,-0.012255312418157093,-0.023393016463834165,-0.006686460395318557,-0.0289618684866727,-0.01312395100564522,-0.01794120936881712,0.898766280917677,0.280803985966138,1.179570266883815,0.617962294951539,1.4603742528499528,0.337158308985401,0.999966251108374,0.7960068019037224
50.16499826876365,-0.017824309007715033,0.005568879842200907,-0.012255429165514127,-0.02339318884991594,-0.00668654932331322,-0.028962068692116847,-0.013092473095689519,-0.017995810064191636,0.8987735705549091,0.28080538873062316,1.1795789592855324,0.6179681818242859,1.4603843480161554,0.3371627930936628,0.99756782340946,0.7984292988499054
51.35955385321414,-0.017924141941841658,0.005568841667987846,-0.01235530027385381,-0.023492983609829505,-0.0067864586058659655,-0.029061825277817352,-0.01319289600112243,-0.01804915394611932,0.9038075498595276,0.28080346383279065,1.1846110136923182,0.623004086026737,1.4654144775251088,0.3422006221939463,1.0052194457164896,0.8007960341118097
52.58255482974195,-0.01810181066808787,0.005568845960736063,-0.012532964707351806,-0.023670656628823932,-0.006964118746615743,-0.029239502589559995,-0.01339463770133363,-0.01810464098711648,0.9127663238235074,0.2808036802904744,1.1935700041139818,0.631962643533033,1.4743736844044562,0.3511589632425586,1.0205909517184282,0.8032578560070502
53.83467855513231,-0.018091073620529266,0.005568859221277877,-0.01252221439925139,-0.023659932841807143,-0.006953355177973512,-0.02922879206308502,-0.013344467667324554,-0.018165713959138175,0.9122249185680618,0.280804348940491,1.1930292675085528,0.6314205696275708,1.4738336164490438,0.35061622068707976,1.0167682964216769,0.8059675117578069
55.11661851574995,-0.018131372169399744,0.005568859823044065,-0.012562512346355678,-0.02370023199244381,-0.006993652523311614,-0.029269091815487876,-0.013358019665453427,-0.018233624234641064,0.9142569339825626,0.28080437928396995,1.1950613132665326,0.6334525546985926,1.4758656925505025,0.3526481754146227,1.01780087729295,0.8089805216451676
56.42908471162537,-0.01821853956795895,0.005568852807614045,-0.012649686760344905,-0.023787392375572994,-0.007080833952730859,-0.029356245183187038,-0.013431324719437542,-0.018304455894773353,0.9186522658860394,0.2808040255376853,1.1994562914237248,0.6378482403483541,1.48026031696141,0.35704421481066884,1.023386282175082,0.8121231460968633
57.772804049686734,-0.019158922237066535,0.005568851624711789,-0.013590070612354746,-0.024727773861778324,-0.008021218987642957,-0.030296625486490113,-0.01462104400102951,-0.01836804344886067,0.9660701539419495,0.2808039658909812,1.2468741198329307,0.6852661880509683,1.5276780857239118,0.40446222215998706,1.1140357466064208,0.8149443675947797
59.1485207463563,-0.02043930388535498,0.0055688614183700405,-0.014870442466984938,-0.02600816530372502,-0.009301581048614898,-0.03157702672209506,-0.01628514220695954,-0.018410477512491377,1.030632162219919,0.28080445972674184,1.3114366219466609,0.7498277024931772,1.5922410816734027,0.46902324276643537,1.240830036202918,0.8168270613746742
60.55699673973282,-0.02053159611759698,0.005571643599218173,-0.014959952518378807,-0.026103239716815153,-0.009388308919160634,-0.031674883316033325,-0.016717826066604304,-0.018422107965957092,1.0352859089133095,0.2809447485095341,1.3162306574228437,0.7543411604037754,1.5971754059323777,0.4733964118942413,1.2737979478369958,0.8173430756453747
61.999012111590126,-0.020136021344741472,0.0055850069305288024,-0.014551014414212669,-0.025721028275270275,-0.008966007483683867,-0.031306035205799075,-0.01695664249397404,-0.01840210489714993,1.015339432959212,0.2816185815872351,1.2969580145464472,0.733720851371977,1.5785765961336822,0.4521022697847419,1.2919943253971748,0.8164555892724034
63.47536551942328,-0.019503082384628747,0.00560561763886277,-0.013897464745765977,-0.02510870002349152,-0.008291847106903207,-0.030714317662354287,-0.017085549448197585,-0.018352962660225892,0.9834240970616129,0.2826578566532681,1.266081953714881,0.7007662404083448,1.5487398103681491,0.41810838375507675,1.30181626116189,0.8142752705409199
64.98687463878393,-0.018787099262996848,0.005626880044379817,-0.013160219218617032,-0.024413979307376665,-0.007533339174237213,-0.03004085935175648,-0.017130873679020095,-0.01827950157246061,0.9473213395068816,0.28372999292047885,1.2310513324273604,0.6635913465864027,1.5147813253478393,0.3798613536659239,1.305269695357161,0.8110159849301046
66.53437661614826,-0.018086717778728348,0.0056445500301600246,-0.012442167748568322,-0.023731267808888373,-0.006797617718408299,-0.0293758178390484,-0.017113691533233864,-0.01818874691339607,0.9120052794512529,0.2846209848913013,1.1966262643425543,0.6273842945599516,1.4812472492338555,0.3427633096686503,1.3039605190351475,0.8069894266064841
68.11872853256911,-0.017459810599412144,0.005657225618586257,-0.011802584980825887,-0.0231170362179984,-0.00614535936223963,-0.028774261836584658,-0.01705078777830489,-0.018089851017340466,0.8803940902760288,0.28526013919814136,1.16565422947417,0.5951339510778875,1.4509143686723114,0.30987381187974605,1.2991676306763058,0.8026016618620714
69.74080787836839,-0.016935972274653547,0.005665313474878039,-0.011270658799775509,-0.022601285749531585,-0.0056053453248974695,-0.028266599224409626,-0.01695544819241943,-0.017993861227614004,0.8539800485685494,0.2856679615420175,1.1396480101105668,0.5683120870265319,1.4253159716525845,0.28264412548451434,1.2919033267910582,0.7983428338218405
71.40151303913396,-0.01652603116975543,0.005669957494826374,-0.010856073674929054,-0.022195988664581803,-0.00518611618010268,-0.027865946159408177,-0.0168381137688574,-0.017912624706417843,0.8333091641933384,0.28590213176364504,1.1192112959569835,0.5474070324296934,1.4051134277206285,0.26150490066604837,1.2829631483642403,0.7947385715836699
73.10176379328809,-0.01622898382366799,0.005672356083479476,-0.010556627740188514,-0.021901339907147467,-0.004884271656709039,-0.027573695990626944,-0.016706919829786115,-0.017857517291588576,0.8183308385959026,0.28602307828039963,1.1043539168763021,0.532307760315503,1.3903769951567018,0.24628468203510334,1.272966958088551,0.7922935927565643
74.84250182150569,-0.01603689263128611,0.00567345599691153,-0.01036343663437458,-0.02171034862819764,-0.004689980637463051,-0.02738380462510917,-0.016568139522647587,-0.017838489216677415,0.80864482570337,0.2860785403531341,1.094723366056504,0.522566285350236,1.3808019064096384,0.2364877449971018,1.2623927321258597,0.7914493644358835
76.62469122826194,-0.015938020684305537,0.00567388894996707,-0.010264131734338468,-0.021611909634272605,-0.004590242784371397,-0.027285798584239677,-0.01642654796561515,-0.01786310463140461,0.8036593032476618,0.28610037159290014,1.089759674840562,0.5175589316547616,1.375860046433462,0.2314585600618615,1.2516043058041353,0.7925414891166525
78.44931907580003,-0.015918113840935097,0.005674023978792361,-0.010244089862142737,-0.021592137819727457,-0.004570065883350375,-0.027266161798519817,-0.01628572061951339,-0.01793439469655788,0.8026555198927624,0.28610718029103155,1.088762700183794,0.5165483396017309,1.3748698804748254,0.2304411593106993,1.240874107765881,0.7957044518581048
80.31739593081346,-0.015962874015936462,0.005674050406239785,-0.010288823609696678,-0.021636924422176247,-0.004614773203456893,-0.027310974828416032,-0.016148277209845945,-0.0180535735073666,0.8049125084967652,0.2861085128695496,1.0910210213663147,0.5188039956272157,1.3771295342358645,0.23269548275766605,1.230401745361786,0.8009921190435411
82.22995642414644,-0.01605738034193062,0.005674051098891676,-0.010383329243038943,-0.021731431440822294,-0.004709278144147266,-0.02740548253971397,-0.01601608063482287,-0.018217162705603973,0.8096778987296785,0.2861085477958523,1.095786446525531,0.5235693509338262,1.3818949943213832,0.2374608031379739,1.2203291602478725,0.8082501645764834
84.18805982382285,-0.01618114600321058,0.005674053798031038,-0.010507092205179543,-0.02185519980124162,-0.0048330384071485055,-0.027529253599272656,-0.015890398715032287,-0.01840489235222233,0.8159186626915542,0.2861086838973484,1.1020273465889026,0.5298099787942059,1.3881360304862511,0.24370129489685743,1.2107529527390946,0.8165792617156606
86.19279062171874,-0.016308253679601044,0.005674062468388614,-0.01063419121121243,-0.021982316147989657,-0.004960128742823816,-0.02765637861637827,-0.015772035318461573,-0.018579472005953238,0.8223279445383257,0.28610912109175707,1.1084370656300828,0.5362188234465686,1.3945461867218398,0.25010970235481156,1.2017343727484837,0.8243249264023083
88.24525913420746,-0.01641943350502919,0.005674074287762399,-0.01074535921726679,-0.022093507792791588,-0.005071284929504391,-0.027767582080553986,-0.015661436289455856,-0.0187137593079304,0.8279340798802609,0.2861097170722674,1.1140437969525283,0.5418243628079935,1.4001535140247956,0.2557146457357261,1.1933073909376324,0.8302829197340682
90.34660211710525,-0.01650702591376361,0.005674085518884061,-0.01083294039487955,-0.02218111143264767,-0.005158854875995489,-0.027855196951531734,-0.015558774687036682,-0.018801997294778335,0.8323508425114331,0.2861102833907324,1.1184611259021655,0.5462405591207007,1.404571409292898,0.2601302757299683,1.185485193364682,0.8341978195757325
92.49798339526143,-0.016570950077171916,0.005674094280625995,-0.01089685579654592,-0.02224504435779791,-0.005222761515919926,-0.027919138638423907,-0.015464019067391163,-0.018850958861269793,0.8355741567261018,0.2861107251931091,1.121684881919211,0.5494634315329927,1.40779560711232,0.2633527063398836,1.1782653841999249,0.8363701224098323
94.70059450714119,-0.016615374804391323,0.005674099841580839,-0.010941274962810485,-0.02228947464597216,-0.005267175121229645,-0.027963574487553003,-0.015376987902629988,-0.018873059151304435,0.8378142306996081,0.2861110055988874,1.1239252362984955,0.5517032251007208,1.4100362418973829,0.2655922195018333,1.1716341321083563,0.8373506572684354
96.95565536475661,-0.016645373671105575,0.005674102726564559,-0.010971270944541017,-0.022319476397670134,-0.005297168217976458,-0.027993579124234693,-0.01529739269230027,-0.01887962514343955,0.8393268945867579,0.2861111510714057,1.1254380456581636,0.5532157435153522,1.4115491967295695,0.26710459244394646,1.165569455088048,0.8376419739959399
99.26441492931195,-0.016663807348937434,0.005674104318866339,-0.010989703030071095,-0.022337911667803773,-0.005315598711204756,-0.02801201598667011,-0.015224871878208888,-0.01887468754480685,0.8402563949918634,0.2861112313616855,1.126367626353549,0.554145163630178,1.4124788577152345,0.2680339322684925,1.1600438045760113,0.8374229050348737
101.62815190293985,-0.016673654743324544,0.0056741056541580615,-0.010999549089166482,-0.022347760397482604,-0.005325443435008421,-0.028021866051640667,-0.015159017302192882,-0.018861087048841183,0.840752940345186,0.2861112986924812,1.1268642390376673,0.5546416416527048,1.4129755377301483,0.2685303429602236,1.1550260813714115,0.836819484882119
104.0481754369067,-0.01667975488143659,0.005674106868830331,-0.011005648012606256,-0.02235386175026692,-0.005331541143775926,-0.028027968619097253,-0.015099394638270994,-0.01884511485252586,0.8410605339191903,0.28611135994115755,1.1271718938603479,0.5549491739780328,1.4132832538015054,0.26883781403687523,1.1504831924428092,0.8361108382882925
106.52582585668456,-0.01668741428313127,0.005674107928866333,-0.011013306354264937,-0.022361522211997602,-0.005339198425398603,-0.028035630140863937,-0.015045558974804555,-0.018833917097671158,0.8414467518537235,0.28611141339244933,1.1275581652461728,0.5553353384612743,1.4136695786386222,0.26922392506882487,1.1463812381952423,0.8356140217779248
109.0624754042875,-0.01670091497222628,0.005674108848881301,-0.011026806123344978,-0.02237502382110758,-0.0053526972744636775,-0.02804913266998888,-0.014997066510218074,-0.018832598065021824,0.8421275110650693,0.28611145978331576,1.128238970848385,0.5560160512817536,1.4143504306317007,0.2699045914984378,1.1426864036138962,0.835555499582502
111.65952899828524,-0.016725053719665005,0.005674109134000831,-0.011050944585664173,-0.022399162853665836,-0.005376835451663342,-0.028073271987666668,-0.014953483150243262,-0.018848161821157547,0.8433446840962838,0.2861114741601928,1.1294561582564766,0.557233209936091,1.4155676324166695,0.27112173577589826,1.1393656133224686,0.8362460247022154
114.31842501191491,-0.01676456726474605,0.005674108739614574,-0.011090458525131474,-0.022438676004360624,-0.005416349785516901,-0.028112784743975196,-0.014914390649454967,-0.018888556074542644,0.8453371164527023,0.2861114542736466,1.1314485707263489,0.5592256621790557,1.4175600249999953,0.2731142079054091,1.1363869995313238,0.8380382171788411
117.04063606972076,-0.016822715296868823,0.005674108204496848,-0.011148607092371976,-0.02249682350136567,-0.005474498887875127,-0.028170931705862517,-0.014879390819995019,-0.018959691709264134,0.8482691748247327,0.2861114272908519,1.1343806021155847,0.5621577475338808,1.4204920294064367,0.2760463202430289,1.1337202227169756,0.8411943282264309
119.82766986316528,-0.016899350535296346,0.005674107789782113,-0.011225242745514234,-0.02257345832507846,-0.005551134955732119,-0.028247566114860574,-0.014848108231556753,-0.019061128051975795,0.852133432723427,0.28611140637926186,1.138244839102689,0.5660220263441651,1.4243562454819507,0.2799106199649033,1.1313366773446922,0.845694806265501
122.68106998566076,-0.016989649181373745,0.005674107261720131,-0.011315541919653614,-0.022663756443093874,-0.005641434657933483,-0.028337863704814007,-0.01482019174538534,-0.01918304547187322,0.8566866547594751,0.2861113797522463,1.1427980345117215,0.5705752750072288,1.4289094142639678,0.2844638952549825,1.1292096087501098,0.8511039787194814
125.60241678748581,-0.017087462461454466,0.005674106813946269,-0.011413355647508196,-0.022761569275400736,-0.005739248833561928,-0.028435676089347002,-0.014795315158247611,-0.019313552097309276,0.8616187949590074,0.28611135717368175,1.1477301521326893,0.5755074377853256,1.433841509306371,0.2893960806116439,1.1273141622058651,0.8568942328436632
128.59332825105898,-0.01718889946094333,0.005674106544812453,-0.011514792916130875,-0.022863006005755783,-0.005840686371318423,-0.028537112550568233,-0.014773177177571995,-0.01944641441668378,0.8667336577106305,0.2861113436028689,1.1528450013134994,0.5806223141077616,1.4389563449163683,0.2945109705048927,1.125627381027409,0.8627890032442933
131.6554608870559,-0.017289869997995838,0.005674106230845668,-0.011615763767150171,-0.022963976228841505,-0.005941657536304502,-0.028638082459687172,-0.014753500904173733,-0.019575018356827956,0.8718249995443168,0.286111327771397,1.1579363273157137,0.5857136717729199,1.4440476550871106,0.29960234400152286,1.1241281671597725,0.8684948399580829
134.79051065186417,-0.017385000944720758,0.005674105822539422,-0.011710895122181337,-0.02305910676726018,-0.0060367892996419144,-0.0287332125897996,-0.014736032962443125,-0.019689527278937722,0.8766218856744448,0.28611130718294875,1.1627331928573934,0.590510578491496,1.4488445000403423,0.30439927130854727,1.122797214903137,0.8735753158058516
138.0002138868856,-0.017470230401672438,0.005674105295621035,-0.011796125106051403,-0.023144335697293475,-0.006122019810430368,-0.02881844099291451,-0.014720542388143703,-0.019782547481570604,0.8809194987436393,0.28611128061359786,1.1670307793572372,0.5948082181300414,1.4531420599708351,0.30869693751644356,1.121616926169733,0.8777023906583936
141.2863482802063,-0.01754766746820644,0.005674104776351966,-0.011873562691854472,-0.023221772244558403,-0.006199457915502506,-0.02889587702091037,-0.014706819359852076,-0.01986017031645486,0.8848241880503573,0.2861112544299565,1.1709354424803138,0.5987129336204009,1.4570466969102704,0.31260167919044435,1.120571313827175,0.8811463226297973
144.65073385116457,-0.017623231577218932,0.005674104731877004,-0.01194912684534193,-0.023297336309095935,-0.006275022113464925,-0.02897144104097294,-0.014694673840573587,-0.01993680536289904,0.8886344352825818,0.28611125218734945,1.1747456874699314,0.6025231830952323,1.4608569396572806,0.3164119309078829,1.1196458981977313,0.8845464288868371
148.0952339583661,-0.017702273143849645,0.0056741053149323315,-0.012028167828917313,-0.023376378458781977,-0.006354062513984982,-0.02905048377371431,-0.014683934180368138,-0.02002557727662216,0.8926200299573707,0.28611128158735133,1.178731311544722,0.6065087483700193,1.4648425931320732,0.320397466782668,1.118827600586806,0.8884850177349461
151.62175633170185,-0.017785468798779114,0.005674106238824472,-0.012111362559954642,-0.023459575037603587,-0.00643725632113017,-0.02913368127642806,-0.014674445718230279,-0.020129314634761898,0.8968150905234351,0.2861113281737204,1.1829264186971555,0.6107037623497147,1.469037746870876,0.32459243417599426,1.118104636754596,0.8930875861010606
155.2322541289395,-0.017868066889878013,0.005674107246480826,-0.012193959643397187,-0.02354217413635884,-0.006519852396916362,-0.029216281382839666,-0.014666069411423448,-0.020238961868060696,0.9009800195103509,0.2861113789838191,1.18709139849417,0.6148686405265318,1.4732027774779892,0.3287572615427127,1.1174664124795923,0.8979523609176049
158.9287270174779,-0.017944035576177922,0.00567410797655367,-0.012269927599624253,-0.02361814355273159,-0.006595819623070582,-0.02929225152928526,-0.014658680512501496,-0.02034289987611343,0.9048106671616333,0.28611141579703725,1.1909220829586706,0.618699251364596,1.4770334987557079,0.3325878355675588,1.116903422755566,0.9025638316209176
162.71322228185764,-0.018007711426853208,0.005674108276099156,-0.012333603150754052,-0.023681819702952363,-0.0066594948746548956,-0.02935592797905152,-0.01465216730797358,-0.0204303721485897,0.9080214604465104,0.2861114309013292,1.1941328913478397,0.6219100295451813,1.4802443222491688,0.3357985986438521,1.116407155685407,0.9064447586218646
166.58783595764592,-0.018054831160493254,0.005674108334998584,-0.01238072282549467,-0.02372893949549184,-0.006706614490496086,-0.02940304783049042,-0.01464642992766274,-0.020493438816957164,0.9103974275164782,0.28611143387127597,1.1965088613877541,0.6242859936452023,1.4826202952590302,0.3381745597739263,1.1159700017613985,0.9092428697169372
170.5547139923227,-0.01808327743537436,0.005674108252051798,-0.012409169183322563,-0.023757385687426157,-0.006735060931270765,-0.029431493939477957,-0.014641379230012498,-0.020528327608186812,0.9118318034596248,0.28611142968876435,1.197943233148389,0.6257203737708604,1.4840546628371536,0.3396089440820961,1.115585168932274,0.9107907985414716
174.61605343380893,-0.018094196602981706,0.005674108020699271,-0.012420088582282435,-0.02376830462368098,-0.006745980561583164,-0.029442412644380248,-0.014636935765692347,-0.02053776126061958,0.9123823919426731,0.2861114180230366,1.1984938099657096,0.6262709739196366,1.4846052279887463,0.34015955589659996,1.1152466036361794,0.9112093462184376
178.77410364729755,-0.018089261456967296,0.005674107723392755,-0.012415153733574541,-0.023763369180360053,-0.0067410460101817865,-0.029437476903752806,-0.014633028819666324,-0.020524644794797403,0.9121335419702752,0.2861114030316426,1.198244945001918,0.6260221389386326,1.4843563480335604,0.33991073590698995,1.114948917812052,0.9106274012783414
183.03116756106112,-0.018071340073310464,0.005674107410550539,-0.012397232662759924,-0.023745447483861003,-0.006723125252209385,-0.029419554894411542,-0.014629595530274205,-0.020493646923809238,0.9112298735042739,0.28611138725687596,1.1973412607611498,0.625118486247398,1.4834526480180257,0.33900709899052195,1.1146873217788962,0.9092521028999612
187.38960294192182,-0.01804457614719193,0.005674107108488704,-0.012370469038703223,-0.023718683255680634,-0.00669636193021452,-0.029392790364169336,-0.014626580082713815,-0.020451528667290348,0.9098803283730034,0.28611137202569964,1.195991700398703,0.6237689563473037,1.4821030724244026,0.3376575843216041,1.1144575627839808,0.9073834206955367
191.85182370109902,-0.018012636664868614,0.005674106913641039,-0.012338529751227574,-0.023686743578509653,-0.006664422837586536,-0.02936085049215069,-0.014623932973509517,-0.020403342247873452,0.9082698108176257,0.2861113622006942,1.19438117301832,0.6221584486169315,1.4804925352190141,0.33604708641623726,1.1142558689597537,0.9052455092077024
196.42030123114785,-0.01797866445586595,0.0056741067810742755,-0.012304557674791675,-0.023652771236940227,-0.0066304508937174,-0.0293268780180145,-0.014621610342028354,-0.0203525258272668,0.9065567949822435,0.28611135551614314,1.1926681504983867,0.6204454394661003,1.4787795060145297,0.33433408394995723,1.1140788983893877,0.9029909111134624
201.09756577473567,-0.01794497582014939,0.00567410662615387,-0.012270869193995521,-0.02361908244630326,-0.006596762567841651,-0.02929318907245713,-0.01461957336479833,-0.02030040505750994,0.9048580780559946,0.2861113477044313,1.190969425760426,0.6187467303515632,1.4770807734648572,0.332635382647132,1.1139236929574698,0.9006784422941069
205.88620782601242,-0.017914219370763696,0.005674106425770987,-0.01224011294499271,-0.023588325796534682,-0.006566006519221722,-0.029262432222305672,-0.014617787708242088,-0.020249032977632288,0.9033072137941595,0.2861113376003179,1.1894185513944775,0.6171958761938415,1.4755298889947954,0.3310845385935236,1.1137876366515949,0.8983991909811143
210.78887956535007,-0.01789073285184643,0.005674106279290002,-0.012216626572556427,-0.023564839131136432,-0.006542520293266426,-0.02923894541042643,-0.01461622303542288,-0.02020453134184585,0.9021229287563473,0.2861113302141557,1.1882342589705028,0.6160115985421916,1.4743455891846586,0.3299002683280359,1.11366841797937,0.8964247641711015
215.80829632824896,-0.017880951709514047,0.005674106400934653,-0.012206845308579396,-0.0235550581104487,-0.006532738907644742,-0.029229164511383354,-0.014614852562476173,-0.020178353145787857,0.9016297240989115,0.28611133634796976,1.1877410604468812,0.6155183877509418,1.4738523967948511,0.329407051402972,1.113563996171168,0.8952633027726324
220.94723810922045,-0.01789074438510099,0.005674106798768073,-0.012216637586332915,-0.023564851183869064,-0.006542530787564843,-0.029238957982637134,-0.01461365266054295,-0.020181593637433576,0.9021235103095719,0.28611135640833585,1.1882348667179077,0.6160121539012361,1.4743462231262436,0.32990079749290024,1.113472570849834,0.8954070753209862
226.2085511014818,-0.017922519663083378,0.005674107187606684,-0.012248412475476693,-0.023596626850690063,-0.00657430528787001,-0.029270734038296747,-0.014612602499209855,-0.02021874303905452,0.9037257480196141,0.2861113760151473,1.1898371240347614,0.6176143720044669,1.4759485000499089,0.33150299598931954,1.1133925548629668,0.897055301801656
231.59514927331546,-0.01797626645139185,0.005674107340152379,-0.012302159111239469,-0.02365037379154423,-0.006628051771087091,-0.029324481131696604,-0.014611683727680732,-0.020290264669620736,0.9064358779221509,0.2861113837071167,1.1925472616292676,0.6203244942150341,1.4786586453363841,0.33421311050791747,1.1133225499901045,0.900228538524087
237.1100159819627,-0.018049241221934256,0.005674107167815693,-0.012375134054118563,-0.02372334838974995,-0.00670102688630287,-0.029397455557565642,-0.014610880190141364,-0.020391888668538218,0.9101155602622873,0.28611137501720574,1.1962269352794932,0.6240041852450816,1.482338310296699,0.3378928102278759,1.113261325255227,0.9047373424019108
242.75620562595427,-0.01813657400868668,0.0056741069826270795,-0.0124624670260596,-0.023810680991313758,-0.00678836004343252,-0.029484787973940836,-0.014610177672025007,-0.02051578867841858,0.9145192317057084,0.28611136567924866,1.200630597384957,0.6284078660264597,1.4867419630642056,0.34229650034721104,1.1132077975937136,0.9102344774385334
248.53684533677978,-0.01823302751435795,0.005674107069623582,-0.012558920444734369,-0.023907134583981533,-0.006884813375110786,-0.029581241653605116,-0.014609563674133276,-0.02065420045563315,0.9193828065936428,0.2861113700659633,1.2054941766596061,0.6332714365276795,1.4916055467255696,0.34716006646171615,1.1131610146417108,0.9163754634702708
254.4551367108453,-0.018331014906867213,0.005674107421569658,-0.012656907485297554,-0.02400512232843687,-0.006982800063727897,-0.02967922975000653,-0.01460902721181012,-0.020794359867466018,0.9243237262442613,0.2861113878125044,1.2104351140567657,0.6382123384317568,1.49654650186927,0.3521009506192525,1.113120139434396,0.9225939876999528
260.51435758267115,-0.018422168235585172,0.005674107837656326,-0.012748060397928846,-0.024096276073241496,-0.007073952560272521,-0.029770383910897823,-0.014608558636601822,-0.020921441561773578,0.9289200448271777,0.28611140879327285,1.2150314536204505,0.6428086360339049,1.5011428624137233,0.356697227240632,1.113084436817539,0.9282322861550216
266.7178638403137,-0.0184976433840114,0.005674108164705552,-0.012823535219305848,-0.024171751548716952,-0.007149427054600296,-0.029845859713422504,-0.014608149478060758,-0.021018608914150593,0.93272580630774,0.2861114252844143,1.2188372315921543,0.6466143810233258,1.5049486568765686,0.36050295573891145,1.1130532613939002,0.932543359718965
273.0690912840189,-0.018552239994358264,0.005674108224045927,-0.012878131770312336,-0.024226348218404192,-0.007204023546266409,-0.029900456442450117,-0.01460779230356331,-0.02107590033122228,0.9354787876659744,0.28611142827659536,1.2215902159425698,0.649367359389379,1.507701644219165,0.36325593111278365,1.113026046842196,0.935085237289327
279.5715575291332,-0.018588361600603728,0.005674108012734332,-0.012914253587869396,-0.02426246961333806,-0.0072401455751350645,-0.02993657762607239,-0.01460748059421156,-0.021099052083110456,0.9373001847818659,0.2861114176214122,1.2234116024032782,0.6511887671604537,1.5095230200246903,0.3650773495390416,1.1130022964615545,0.9361124228931584
286.22886395432687,-0.018613560497647525,0.0056741077103772105,-0.012939452787270316,-0.024287668208024735,-0.007265345076893104,-0.029961775918401948,-0.01460720863507405,-0.021104081730489756,0.9385708148332356,0.2861114023753463,1.2246822172085818,0.6524594124578893,1.5107936195839282,0.3663480100825429,1.1129815748085192,0.9363355758279912
293.04469769621386,-0.01863556990005533,0.005674107458032275,-0.012961462442023055,-0.024309677358087603,-0.007287354983990781,-0.02998378481611988,-0.014606971418192526,-0.021106462118135477,0.9396806176973623,0.2861113896510966,1.225792007348459,0.6535692280462657,1.5119033969995557,0.3674578383951691,1.1129635003067464,0.9364411877027656
300.02283369146255,-0.018660979026000123,0.005674107258792897,-0.012986871767207225,-0.02433508628479302,-0.007312764508414329,-0.030009193543585916,-0.01460676455693966,-0.02111874412759795,0.9409618483380674,0.2861113796046434,1.2270732279427108,0.654850468733424,1.513184607547354,0.3687390891287806,1.1129477387215776,0.9369861098912424
307.1671367675377,-0.018695212826387933,0.005674107123869451,-0.013021105702518482,-0.024369319950257384,-0.007346998578649032,-0.030043427074126834,-0.014606584210457607,-0.021151116052124035,0.9426880546664529,0.28611137280125887,1.2287994274677119,0.656576681865194,1.5149108002689706,0.37046530906393516,1.1129339974027108,0.9384223716049184
314.4815637832305,-0.01873853898613351,0.005674107097218461,-0.01306443188891505,-0.02441264608335197,-0.007390324791696589,-0.030086753180570434,-0.014606427017039326,-0.02120272458074643,0.9448727344358684,0.28611137145740845,1.230984105893277,0.6587613629784599,1.5170954773506853,0.3726499915210515,1.1129220202082586,0.9407121135601664
321.97016582015317,-0.01878755851397646,0.005674107263816786,-0.013113451250159676,-0.024461665777793247,-0.007439343986342889,-0.030135773041610033,-0.014606290035434934,-0.021265246415261046,0.9473444967940757,0.28611137985796814,1.2334558766520438,0.6612331169361076,1.519567256510012,0.37512173707813945,1.112911583032643,0.943486051733344
329.6370904264268,-0.018840283042492616,0.0056741075229815975,-0.01316617551951102,-0.024514390565474213,-0.007492067996529421,-0.030188498088455813,-0.014606170693174157,-0.021334418848724973,0.9500030802336793,0.28611139292610355,1.2361144731597828,0.6638916873075758,1.5222258660858863,0.3777802943814722,1.1129024898690785,0.9465550604277756
337.48658391379035,-0.018895617484472455,0.005674107670368181,-0.013221509814104273,-0.024569725154840637,-0.007547402143736092,-0.030243832825208816,-0.014606066741094657,-0.02140869213992752,0.9527932660395557,0.2861114003579297,1.2389046663974854,0.666681865681626,1.5250160667554151,0.3805704653236963,1.112894569344902,0.949850381483432
345.52299370941284,-0.018951636569726198,0.005674107652923325,-0.013277528916802873,-0.024625744222649522,-0.0076034212638795475,-0.030299851875572846,-0.014605976213354674,-0.02148507597133206,0.955617974321427,0.2861113994782896,1.2417293737997166,0.6695065748431375,1.5278407732780064,0.3833951753648478,1.112887671674777,0.9532393419544668
353.75077076371014,-0.019005625645084668,0.005674107604828957,-0.01333151804025571,-0.024679733249913627,-0.007657410435426754,-0.030353840854742582,-0.01460589739228843,-0.021558967323271148,0.9583403213145075,0.28611139705317756,1.244451718367685,0.67222892426133,1.5305631154208625,0.3861175272081524,1.112881665982887,0.9565177173156956
362.17447201549214,-0.019055067169356812,0.005674107522943055,-0.013380959646413757,-0.024729174692299866,-0.0077068521234707026,-0.03040328221524292,-0.014605828777534491,-0.02162610580589573,0.960833362435177,0.28611139292416,1.246944755359337,0.674721969511017,1.533056148283497,0.38861057658685705,1.1128764379507008,0.9594964846741296
370.7987629158169,-0.019096547325982295,0.00567410744082579,-0.013422439885156505,-0.024770654766808085,-0.007748332444330715,-0.030444762207633876,-0.01460576905893152,-0.021679782791632466,0.9629249592797631,0.28611138878347625,1.2490363480632394,0.6768135704962868,1.5351477368467155,0.39070218171281057,1.112871887751793,0.9618779989229066
379.6284200119399,-0.0191285481267012,0.005674107344199743,-0.013454440782501458,-0.024802655470900943,-0.007780333438301715,-0.030476762815100686,-0.01460571709273343,-0.02171695242359707,0.9645385687560293,0.2861113839112011,1.2506499526672303,0.6784271848448282,1.5367613365784316,0.39231580093362706,1.11286792823958,0.9635271229735688
388.66833359279826,-0.019149594913525993,0.005674107246264864,-0.01347548766726113,-0.024823702159790857,-0.007801380420996266,-0.03049780940605572,-0.014605671880747254,-0.021733845409708952,0.9655998326588846,0.2861113789729294,1.251711211631814,0.6794884536859552,1.5378225906047434,0.39337707471302585,1.1128644833577526,0.964276622718714
397.92351039748644,-0.019159747541752366,0.005674107111911763,-0.013485640429840604,-0.02483385465366413,-0.00781153331792884,-0.030507961765575894,-0.014605632552042832,-0.021729357142981687,0.9661117691338179,0.286111372198304,1.2522231413321219,0.680000396935514,1.538334513530426,0.3938890247372099,1.112861486746663,0.9640774894958516
407.3990763882299,-0.01916564853392948,0.005674106997627963,-0.013491541536301518,-0.024839755531557442,-0.007817434538673555,-0.030513862529185407,-0.014605598346924245,-0.021716754163841754,0.9664093209663488,0.28611136643565377,1.2525206874020025,0.6802979545306951,1.5386320538376563,0.39418658809504126,1.1128588805220447,0.9635183266817174
417.1002795893881,-0.019173265071942745,0.005674106964602251,-0.013499158107340495,-0.024847372036544996,-0.007825051142738243,-0.030521479001147246,-0.014605568602889148,-0.021707523469622056,0.9667933775411358,0.28611136477036414,1.2529047423114998,0.6806820127707717,1.539016107081864,0.39457064800040753,1.1128566142051972,0.9631087837554784
427.03249299406536,-0.019188063454847786,0.005674107019829044,-0.013513956435018742,-0.02486217047467683,-0.007839849415189698,-0.030536277494505874,-0.014605542742334339,-0.021712276830596032,0.9675395717097988,0.28611136755512184,1.2536509392649207,0.6814282041546769,1.5397623068200423,0.3953168365995551,1.1128546437862257,0.9633196785502164
437.20121753993135,-0.019214844948271078,0.005674107132415054,-0.013540737815856024,-0.02488895208068613,-0.00786663068344097,-0.030563059213101186,-0.014605520261794564,-0.02174085163393016,0.9688900026554487,0.2861113732321627,1.2550013758876113,0.682778629423286,1.541112749119774,0.3966672561911233,1.112852930904101,0.9645874714480888
447.61208515590533,-0.019254642751798407,0.005674107245201067,-0.01358053550659734,-0.024928749996999476,-0.007906428261396273,-0.03060285724220054,-0.0146055007225268,-0.02179555712239718,0.970896768469541,0.2861113789192885,1.2570081473888295,0.6847853895502525,1.5431195263081179,0.39867401063096397,1.11285144212924,0.9670146178029436
458.2708618813895,-0.019305207898591956,0.005674107384166152,-0.013631100514425804,-0.024979315282758107,-0.007956993130259651,-0.03065342266692426,-0.014605483742274708,-0.02187235194823206,0.973446467170882,0.28611138592646873,1.2595578530973508,0.6873350812444132,1.5456692390238196,0.40122369531794455,1.112850148336005,0.970421813073839
469.18345105977943,-0.019360298219481955,0.005674107599129776,-0.01368619062035218,-0.02503440581861173,-0.008012083021222404,-0.030708513417741508,-0.014605468988067805,-0.021958998048670065,0.9762243434065266,0.28611139676580183,1.2623357401723285,0.6901129466407248,1.5484471369381303,0.404001549874923,1.112849024154045,0.9742660848778881
480.3558966080178,-0.019411868961223093,0.005674107787189144,-0.013737761174033948,-0.025085976748412238,-0.008063653386844805,-0.030760084535601383,-0.014605456169927486,-0.022039583430918403,0.9788247482620971,0.2861114062485139,1.264936154510611,0.6927133420135831,1.551047560759125,0.4066019357650693,1.1128480474887317,0.9778414577017056
491.79438636400937,-0.019450967928944272,0.0056741078301449374,-0.013776860098799335,-0.02512507575908921,-0.008102752268654397,-0.03079918358923415,-0.014605445035367322,-0.0220959683840719,0.9807962759554603,0.2861114084145183,1.2669076843699787,0.6946848675409419,1.553019092784497,0.4085734591264236,1.1128471991021154,0.9803431177243134
503.5052555137412,-0.01947466854201162,0.005674107667701851,-0.01380056087430977,-0.02514877620971347,-0.008126453206607919,-0.030822883877415323,-0.014605435364589017,-0.02212307068784352,0.9819913564840609,0.2861114002234825,1.2681027567075434,0.6958799562605784,1.554214156931026,0.40976855603709583,1.112846462246886,0.9815455794818227
515.4949901000141,-0.019484877970272527,0.005674107405685929,-0.013810770564586598,-0.025158985375958454,-0.00813666315890067,-0.030833092781644384,-0.014605426966287137,-0.022125866923799167,0.9825061570458895,0.2861113870115827,1.2686175440574723,0.6963947700343068,1.5547289310690549,0.41028338302272416,1.1128458223467186,0.981669641511013
527.7702306147257,-0.019486227505080514,0.005674107216946225,-0.013812120288134288,-0.02516033472202674,-0.008138013071188064,-0.030834441938972966,-0.014605419673986665,-0.022114603530826775,0.9825742060354711,0.2861113774945654,1.2686855835300364,0.6964628285409057,1.5547969610246017,0.4103514510463403,1.1128452667172164,0.9811699128007443
540.3377756766924,-0.01948365312793829,0.005674107174405581,-0.013809545953532707,-0.02515776030234387,-0.008135438779127126,-0.03083186747674945,-0.014605413342846452,-0.02209952830872095,0.9824443955538938,0.2861113753494945,1.2685557709033883,0.6963330202043994,1.554667146252883,0.41022164485490487,1.1128447843223537,0.9805010627199184
553.2045857970546,-0.019481393775119055,0.0056741072145040814,-0.013807286560614973,-0.025155500989623138,-0.008133179346110892,-0.030829608204127217,-0.014605407846870129,-0.02208894963753219,0.9823304698696159,0.2861113773714226,1.2684418472410386,0.6962190924981932,1.5545532246124611,0.4101077151267707,1.1128443655619638,0.9800317134108362
566.3777872343404,-0.01948112550363575,0.005674107293321868,-0.013807018210313882,-0.025155232796957618,-0.008132910916992014,-0.030829340090279485,-0.014605403076473195,-0.022085290366494374,0.9823169425391133,0.2861113813457334,1.2684283238848466,0.69620556119338,1.55453970523058,0.4100941798476465,1.112844002086366,0.9798693606632464
579.8646759413311,-0.01948280531115042,0.005674107362258465,-0.013808697948891956,-0.025156912673408884,-0.00813459058663349,-0.03083102003566735,-0.014605398936361248,-0.022087203262659883,0.9824016452110178,0.28611138482179477,1.2685130300328127,0.696290260389223,1.5546244148546073,0.41017887556742827,1.112843686634699,0.9799542311046854
593.672721605912,-0.01948499777653543,0.005674107385812678,-0.013810890390722752,-0.025159105162348108,-0.008136783004910074,-0.030833212548160786,-0.014605395343680069,-0.02209037314719564,0.9825121981610115,0.2861113860094932,1.2686235841705047,0.6964008121515184,1.554734970179998,0.4102894261420251,1.1128434128939688,0.9800948709913196
607.8095717881416,-0.01948625310805081,0.005674107370858721,-0.01381214573719209,-0.02516036047890953,-0.008138038366333368,-0.030834467849768253,-0.014605392226403141,-0.022090626979444566,0.9825754970405259,0.2861113852554543,1.2686868822959803,0.6964641117850716,1.5547982675514347,0.4103527265296173,1.1128431753761876,0.980106132896386
622.2830561558435,-0.019488622760596958,0.005674107317018901,-0.013814515443578056,-0.02516273007761586,-0.008140408126559156,-0.03083683739463476,-0.014605389521926356,-0.02209190650773721,0.9826949844820281,0.28611138254063345,1.2688063670226615,0.6965836019413947,1.554917749563295,0.4104722194007612,1.1128429693112982,0.9801629023818336
637.1011908210467,-0.01949497531673883,0.005674107296071818,-0.013820868020667013,-0.02516908261281065,-0.008146760724595194,-0.03084318990888247,-0.01460538717584367,-0.02210014008639171,0.9830153059914516,0.286111381484397,1.2691266874758487,0.6969039245070545,1.5552380689602456,0.41079254302265755,1.112842790553887,0.9805282057723832
652.2721827797019,-0.019503661014598665,0.005674107321449197,-0.013829553693149466,-0.025177768336047863,-0.00815544637170027,-0.030851875657497058,-0.014605385140880537,-0.022111074285751427,0.9834532739191207,0.2861113827640268,1.2695646566831476,0.6973418911550939,1.5556760394471745,0.4112305083910671,1.112842635501917,0.9810133289814593
667.8044344571038,-0.019513485135056855,0.005674107334999175,-0.01383937780005768,-0.02518759247005603,-0.008165270465058504,-0.030861699805055206,-0.014605383375965083,-0.022121581003942316,0.9839486457070508,0.2861113834472714,1.270060029154322,0.6978372622597794,1.5561714126015935,0.411725878812508,1.1128425010259586,0.9814794859151256
683.7065483615619,-0.0195235621649437,0.005674107335855465,-0.013849454829088233,-0.025197669500799165,-0.008175347493232768,-0.03087177683665463,-0.014605381845419301,-0.022129286035533182,0.9844567702087113,0.286111383490449,1.2705681536991602,0.6983453867182623,1.5566795371896092,0.41223400322781323,1.1128423844075617,0.981821338988078
699.9873318488839,-0.019534750327296423,0.005674107315537524,-0.013860643011758898,-0.025208857642833947,-0.008186535696221374,-0.03088296495837147,-0.014605380518254963,-0.02213586006390163,0.9850209224920539,0.2861113824659364,1.2711323049579903,0.6989095400261174,1.5572436874239268,0.412798157560181,1.1128422832856093,0.9821130122632524
716.6558020003096,-0.0195508236223418,0.005674107283392384,-0.013876716338949418,-0.025224930905734185,-0.008202609055557034,-0.03089903818912657,-0.014605379367560786,-0.022149803565949793,0.9858314028743377,0.2861113808450487,1.2719427837193864,0.699720022029289,1.5580541645644352,0.41360864118424023,1.1128421956096235,0.9827316507421048
733.7211906166091,-0.019573932953281244,0.005674107242882056,-0.013899825710399188,-0.0252480401961633,-0.008225718467517133,-0.030922147439045356,-0.014605378369969125,-0.022176270786706514,0.986996668572581,0.2861113788023546,1.2731080473749357,0.7008852897702263,1.55921942617729,0.41477391096787175,1.11284211959913,0.9839059354470396
751.1929493310953,-0.019604819251495653,0.005674107170429552,-0.013930712081066101,-0.025278926421925203,-0.00825660491063655,-0.030953033592354757,-0.014605377505191973,-0.02221770394401647,0.9885540803362218,0.28611137514900703,1.2746654554852288,0.7024427051872149,1.5607768306342358,0.41633133003820777,1.1128420537083044,0.9857442215048566
769.0807548443946,-0.019640705805679944,0.005674107117928101,-0.013966598687751844,-0.025314812923608043,-0.008292491569823743,-0.030988920041536146,-0.01460537675561729,-0.022269059512978726,0.9903636251788952,0.28611137250167207,1.2764749976805674,0.7042522526772231,1.5625863701822393,0.41814088017555107,1.1128419965952152,0.9880227402696308
787.3945142838663,-0.019679678745794047,0.005674107121007985,-0.014005571624786061,-0.025353785866802033,-0.008331464503778077,-0.031027892987810016,-0.014605376105957942,-0.02232768655984454,0.992328798051864,0.28611137265697223,1.2784401707088362,0.7062174253948919,1.5645515433658086,0.42010605273791957,1.1128419470950743,0.9906238764094178
806.144370690651,-0.019718121867772522,0.005674107175332163,-0.014044014692440359,-0.025392229043104685,-0.008369907517108196,-0.03106633621843685,-0.014605375542946388,-0.022387236620085186,0.9942672553569365,0.28611137539621645,1.280378630753153,0.70815587996072,1.5664900061493694,0.4220445045645036,1.112841904196975,0.9932659643551568
825.3407086373708,-0.019749283380779473,0.005674107274650312,-0.014075176106129161,-0.025423390655429784,-0.008401068831478849,-0.031097497930080098,-0.014605375055069215,-0.022434053674551317,0.9958385445607438,0.2861113804042382,1.281949924964982,0.7097271641565056,1.5680613053692203,0.4236157837522674,1.1128418670236644,0.9953431205286368
844.9941599796103,-0.019769200666562067,0.0056741073915835,-0.014095093274978567,-0.025443308058145566,-0.008420985883395066,-0.03111741544972907,-0.014605374632336398,-0.02246031380737691,0.996842854464193,0.28611138630048133,1.2829542407646743,0.7107314681637116,1.5690656270651555,0.4246200818632303,1.1128418348139624,0.996508217257534
865.1156097443419,-0.01977888751450125,0.005674107500069492,-0.014104780014431757,-0.02545299501457074,-0.008430672514362265,-0.031127102514640233,-0.014605374266080684,-0.022468739055256082,0.9973313044179023,0.2861113917707827,1.283442696188685,0.7112199126471196,1.5695540879594678,0.4251085208763369,1.1128418069074766,0.996882024534495
885.7162021585855,-0.019779220446359713,0.005674107578299013,-0.0141051128680607,-0.025453328024658727,-0.008431005289761687,-0.03112743560295774,-0.014605373948783295,-0.022460836388982056,0.9973480921853862,0.2861113957154308,1.283459487900817,0.7112366964699555,1.5695708836162479,0.4251253007545246,1.112841782731321,0.996531402902587
906.807346821612,-0.01977149418451785,0.005674107595823133,-0.014097386588694716,-0.025445601780340985,-0.008423278992871583,-0.031119709376164116,-0.014605373673922435,-0.022438229144763785,0.9969585028924914,0.2861113965990676,1.283069899491559,0.7108471062934238,1.5691812960906266,0.42473570969435626,1.1128417617885742,0.9955283757487252
928.4007250241302,-0.019761091902629094,0.005674107545221378,-0.014086984357407717,-0.02543519944785047,-0.008412876812186339,-0.03110930699307185,-0.014605373435841706,-0.02241123648553398,0.9964339778726982,0.28611139404752295,1.2825453719202211,0.7103225838251752,1.5686567659677442,0.42421118977765226,1.1128417436482525,0.9943307786466179
950.5082962179503,-0.019753160440407848,0.0056741074661634605,-0.014079052974244388,-0.025427267906571308,-0.008404945508080927,-0.031101375372734767,-0.014605373229635779,-0.02238933652987384,0.9960340415488145,0.2861113900611038,1.2821454316099183,0.7099226514877106,1.5682568216710222,0.42381126142660686,1.1128417279365992,0.9933591321255556
973.1423046396994,-0.019751576537015963,0.005674107391521246,-0.014077469145494716,-0.02542568392853721,-0.00840336175397347,-0.031099791320058454,-0.014605373051051088,-0.022379168623676175,0.9959541747496964,0.28611138629734223,1.2820655610470386,0.7098427884523542,1.568176947344381,0.4237314021550119,1.1128417143295182,0.9929080074366856
996.3152860922721,-0.019757275199416096,0.005674107298863101,-0.014083167900552994,-0.025431382498279198,-0.008409060601689894,-0.031105489797142297,-0.014605372896399611,-0.02238101780086215,0.9962415242985927,0.28611138162514477,1.2823529059237375,0.7101301426734479,1.5684642875488821,0.42401876104830316,1.1128417025460045,0.9929900508256068
1020.0400748877589,-0.0197711346226283,0.005674107220236984,-0.014097027402391315,-0.025445241842865285,-0.00842292018215433,-0.031119349063102267,-0.014605372762483993,-0.022395584660566084,0.9969403723314041,0.2861113776604987,1.2830517499919027,0.7108289946709054,1.5691631276524016,0.42471761701040667,1.1128416923424385,0.9936363461320348
1044.3298109557077,-0.01979374681432825,0.005674107200990419,-0.014119639613337832,-0.02546785401531867,-0.008445532412347414,-0.03114196121630909,-0.014605372646532508,-0.022423556246284768,0.9980805702635338,0.28611137669000924,1.284191946953543,0.7119691935735246,1.5703033236435524,0.4258578168835153,1.1128416835076318,0.9948773757657898
1069.1979471206475,-0.019825732521103208,0.005674107240959469,-0.014151625280143739,-0.025499839762062677,-0.00847751803918427,-0.031173947003022145,-0.014605372546142657,-0.02246634036515819,0.999693418642251,0.28611137870541,1.285804797347661,0.7135820399368411,1.571916176053071,0.42747066123143107,1.112841675858528,0.9967756006254748
1094.6582565529127,-0.019865477152090458,0.005674107334791214,-0.014191369817299244,-0.02553958448688167,-0.00851726248250803,-0.031213691821672884,-0.014605372459232147,-0.022520836309606936,1.0016975032823534,0.28611138343678516,1.2878088867191386,0.7155861198455682,1.5739202701559236,0.4294747364087831,1.112841669236469,0.9991934500338188
1120.7248403968797,-0.019908855270162097,0.005674107440854041,-0.014234747829308055,-0.02558296271101614,-0.008560640388454015,-0.03125707015187018,-0.014605372383996403,-0.02257865137877768,1.0038848030001895,0.2861113887849008,1.2899961917850902,0.7177734142152887,1.5761075805699911,0.4316620254303879,1.112841663503957,1.001758560744384
1147.412135580876,-0.019952428588661496,0.005674107522358191,-0.014278321066303305,-0.025626536111019685,-0.008604213543945114,-0.03130064363337788,-0.014605372318871632,-0.02263318631136952,1.0060819455111099,0.28611139289466886,1.2921933384057787,0.719970552616441,1.5783047313004475,0.43385915972177214,1.1128416585418408,1.0041781399595908
1174.7349228130183,-0.01999663376400256,0.005674107540155308,-0.014322526223847252,-0.025670741304157866,-0.008648418683691943,-0.031344848844313176,-0.014605372262502851,-0.022686731326123637,1.0083109487931499,0.28611139379207123,1.294422342585221,0.7221995550010787,1.5805337363772924,0.4360881612090074,1.1128416542468782,1.0065537989843605
1202.7083347675107,-0.020042867915968984,0.005674107494269806,-0.014368760421699177,-0.02571697541023879,-0.008694652927429372,-0.031391082904508594,-0.014605372213716087,-0.02274373255237018,1.0106422612623434,0.28611139147833914,1.2967536527406824,0.7245308697840043,1.5828650442190217,0.4384194783056651,1.1128416505296197,1.0090828015101303
1231.347864465827,-0.020091044634303605,0.005674107444018019,-0.014416937190285587,-0.025765152078321623,-0.008742829746267567,-0.03143925952233964,-0.01460537217149427,-0.022805180432515594,1.01307152576491,0.2861113889444413,1.2991829147093514,0.7269601368204688,1.5852943036537928,0.44084874787602746,1.1128416473125708,1.0118090910011457
1260.669373857498,-0.020137998983447775,0.005674107404929992,-0.014463891578517784,-0.02581210638837777,-0.008789784173587792,-0.03148621379330776,-0.014605372134956367,-0.022864904980331436,1.0154391534813687,0.2861113869734653,1.301550540454834,0.7293277665079034,1.5876619274282993,0.44321637953443815,1.112841644528602,1.014458920526276
1290.6891026052224,-0.020179840753767594,0.005674107381262977,-0.014505733372504617,-0.02585394813503057,-0.00883162599124164,-0.03152805551629355,-0.014605372103339216,-0.022914820130958007,1.0175489843473173,0.28611138578007894,1.3036603701273963,0.7314375985672383,1.589771755907475,0.44532621278715945,1.112841642119565,1.0166735315148672
1321.423677079173,-0.020212804747864823,0.00567410736012179,-0.014538697387743032,-0.025886912107986614,-0.008864590027621242,-0.0315610194681084,-0.014605372075981836,-0.022946742710578116,1.0192111619196256,0.28611138471405495,1.3053225466336804,0.7330997772055706,1.5914339313477355,0.4469883924915157,1.112841640035097,1.0180898569135377
1352.8901195654803,-0.02023968658256874,0.005674107348169841,-0.014565579234398898,-0.02591379393073858,-0.008891471886229057,-0.031587901278908426,-0.014605372052311758,-0.022967064548406534,1.0205666524774615,0.2861113841113895,1.3066780365888508,0.734455268366072,1.5927894207002404,0.4483438842546825,1.1128416382315791,1.0189914862745282
1385.1058576939938,-0.02026436591697147,0.0056741073560269304,-0.014590258560944539,-0.025938473272998402,-0.00891615120491761,-0.03161258062902533,-0.014605372031833251,-0.022984441685226155,1.021811084084345,0.2861113845075756,1.3079224685919206,0.7356996995767695,1.5940338530994964,0.44958831506919383,1.11284163667124,1.0197624665814673
1418.0887340905415,-0.020290939875332866,0.005674107370458781,-0.014616832504874085,-0.02596504724579165,-0.008942725134415304,-0.03163915461625043,-0.014605372014117038,-0.023008134843460617,1.0231510502748948,0.2861113852352878,1.3092624355101825,0.737039665039607,1.5953738207454704,0.45092827980431927,1.1128416353213708,1.0208136730372592
1451.8570162590381,-0.02032173308607768,0.005674107376836808,-0.014647625709240874,-0.02599584046291449,-0.008973518332404066,-0.0316699478397513,-0.014605371998791415,-0.02304380316963517,1.0247037681927669,0.2861113855568936,1.3108151537496604,0.7385923826358733,1.596926539306554,0.4524809970789797,1.1128416341536504,1.0223961878869443
1486.4294066988957,-0.020355771772049863,0.005674107380850435,-0.014681664391199428,-0.0260298791529003,-0.009007557010348994,-0.031703986533750735,-0.014605371985534576,-0.023090251825354454,1.0264201360651468,0.2861113857592769,1.3125315218244238,0.7403087503058698,1.5986429075837005,0.454197364546593,1.1128416331435589,1.024456999125015
1521.825053263384,-0.020390989076360447,0.0056741073821253004,-0.014716881694235146,-0.02606509645848575,-0.009042774312109847,-0.03173920384061105,-0.014605371974067909,-0.02314450955098583,1.0281959346291665,0.28611138582356077,1.3143073204527274,0.7420845488056057,1.600418706276288,0.45597316298204493,1.1128416322698678,1.026864279357387
1558.0635597646278,-0.020423475861215512,0.0056741073936642196,-0.014749368467551292,-0.026097583254879732,-0.009075261073887073,-0.03177169064854395,-0.014605371964150234,-0.02319997369701231,1.0298340493862321,0.28611138640539957,1.3159454357916318,0.7437226629808326,1.6020568221970313,0.457611276575433,1.1128416315142005,1.0293250854597669
1595.1649968311303,-0.020447780853468985,0.005674107404718003,-0.014773673448750982,-0.02612188825818699,-0.009099566044032979,-0.03179599566290499,-0.01460537195557278,-0.023246774769476838,1.0310596051517043,0.286111386962776,1.3171709921144803,0.7449482181889282,1.6032823790772563,0.45883683122615226,1.11284163086065,1.0314015325516168
1633.149913023869,-0.020455762196066762,0.005674107421888372,-0.01478165477417839,-0.026129869617955135,-0.009107547352290019,-0.03180397703984351,-0.014605371948154842,-0.02326871409657562,1.03146205664541,0.28611138782857526,1.3175734444739853,0.7453506688168348,1.6036848323025605,0.4592392809882595,1.1128416302954476,1.0323749258854114
1672.0393462170618,-0.020443961081251672,0.005674107437217176,-0.014769853644034495,-0.02611806851846885,-0.00909574620681732,-0.03179217595568602,-0.014605371941740015,-0.023259626769730195,1.0308669968260198,0.2861113886015154,1.3169783854275352,0.7447556082245044,1.6030897740290506,0.45864421962298896,1.1128416298066763,1.0319717438127105
1711.8548352499702,-0.020412091639364943,0.005674107440242141,-0.014737984199122802,-0.026086199079607082,-0.009063876758880662,-0.03176030651984922,-0.014605371936192947,-0.023219615919311484,1.0292600109920258,0.2861113887540463,1.315371399746072,0.7431486222379795,1.6014827885001184,0.4570372334839332,1.112841629384023,1.0301965619713682
1752.6184318561372,-0.02036127588284763,0.005674107415811431,-0.014687168467036198,-0.02603538329865906,-0.009013061051224769,-0.03170949071447049,-0.014605371931396507,-0.02315091074186368,1.026697675537353,0.2861113875221513,1.3128090630595042,0.7405862880152017,1.5989204505816557,0.4544749004930503,1.1128416290185632,1.0271482842633164
1794.352712876687,-0.020296739157114215,0.005674107382275093,-0.014622631774839122,-0.02597084653938931,-0.00894852439256403,-0.0316449539216644,-0.014605371927249335,-0.02306409815166585,1.0234434734589308,0.2861113858311139,1.3095548592900448,0.7373320876278169,1.5956662451211585,0.45122070179670304,1.1128416287025735,1.0232966257230367
1837.080792764495,-0.020222643867551,0.005674107382877697,-0.014548536484673302,-0.025896751250428694,-0.008874429101795605,-0.031570858633306394,-0.014605371923663716,-0.022966572176656957,1.0197072900291435,0.2861113858614996,1.3058186758906432,0.7335959041676439,1.5919300617521426,0.44748451830614433,1.112841628429371,1.018969640965571
1880.8263363860417,-0.020142058472772447,0.0056741074477907,-0.014467951024981747,-0.02581616592056315,-0.008793843577191048,-0.03149027336835385,-0.014605371920563773,-0.022862746547115956,1.015643849310721,0.2861113891346751,1.301755238445396,0.7295324601760458,1.587866627580071,0.44342107104137074,1.112841628193174,1.0143631562171005
1925.6135721281967,-0.020058572045805013,0.005674107602127419,-0.014384464443677594,-0.02573267964793243,-0.008710356841550174,-0.03140678725005985,-0.01460537191788386,-0.02275799698086011,1.0114341268454117,0.28611139691695514,1.2975455237623668,0.7253227299284566,1.583656920679322,0.4392113330115014,1.1128416279889806,1.00971567869638
1971.467305317041,-0.01997695881205884,0.005674107903650724,-0.014302850908408115,-0.025651066715709565,-0.008628743004757392,-0.03132517461936029,-0.014605371915567166,-0.022660384353394326,1.0073188583395285,0.2861114121209766,1.2934302704605052,0.7212074462185518,1.5795416825814819,0.43509603409757525,1.1128416278124624,1.0053848493850903
2018.412931956259,-0.019896837030158432,0.005674108496598476,-0.014222728533559957,-0.025570945526756907,-0.00854862003696148,-0.03124505402335538,-0.014605371913564568,-0.02256630800475199,1.0032787948528215,0.28611144201979444,1.2893902368726158,0.717167352833027,1.5755016788924103,0.4310559108132326,1.1128416276598765,1.001210915962981
2066.4764527926545,-0.01981695040177675,0.005674109643451233,-0.014142840758325517,-0.025491060045227984,-0.008468731114874284,-0.031165169688679217,-0.014605371911833552,-0.022470268300498593,0.9992505887552321,0.28611149984873735,1.2853620886039694,0.7131390889064948,1.5714735884527067,0.4270275890577574,1.1128416275279835,0.9969498733394331
2115.684487716638,-0.01973729284320398,0.005674111721050801,-0.014063181122153177,-0.02541140456425478,-0.008389069401102378,-0.03108551628530558,-0.014605371910337367,-0.022369660287176255,0.995233933281567,0.28611160460968943,1.2813455378912564,0.7091223286718775,1.5674571425009458,0.4230107240621881,1.1128416274139832,0.9924861462135576
2166.0642905055815,-0.01965920091501729,0.005674115125079992,-0.013985085789937297,-0.02533331604009728,-0.008310970664857305,-0.031007431165177273,-0.014605371909044217,-0.02226499901806595,0.9912962232083468,0.28611177625457446,1.2774079994629213,0.7051844469537722,1.5635197757174957,0.41907267069919785,1.1128416273154529,0.9878425862174026
2217.643763918282,-0.019588413850434527,0.005674120114113354,-0.013914293736321174,-0.025262533964547883,-0.00824017362220782,-0.030936654078661235,-0.014605371907926589,-0.02216706884150684,0.9877268538287758,0.2861120278217643,1.2738388816505402,0.7016148260070114,1.5599509094723043,0.41550279818524716,1.1128416272302963,0.9834976680432594
2270.4514751488487,-0.019533935788126313,0.005674126584262386,-0.013859809203863926,-0.0252080623723887,-0.008185682619601542,-0.030882188956651083,-0.014605371906960709,-0.022094671774677818,0.9849798501409204,0.2861123540727817,1.271092204213702,0.6988674960681387,1.5572045582864837,0.412755141995357,1.112841627156702,0.980285590392912
2324.516671648598,-0.01950052236335597,0.005674133791212741,-0.013826388572143229,-0.02517465615456871,-0.008152254780930488,-0.03084878994578145,-0.014605371906126012,-0.022057893331090088,0.9832950104608907,0.2861127174762943,1.269407727937185,0.6971822929845964,1.5555204454134794,0.41106957550830214,1.1128416270931032,0.9786538223968175
2379.8692973246752,-0.019487560541376438,0.005674140234231315,-0.013813420307145122,-0.025161700775607754,-0.008139280072913807,-0.03083584100983907,-0.014605371905404712,-0.02205580781485078,0.9826414231035128,0.28611304235928453,1.2687544654627974,0.6965283807442282,1.554867507822082,0.4104153383849437,1.1128416270381445,0.978561293232376
2436.5400091244637,-0.019489711681846822,0.005674144075384125,-0.013815567606462697,-0.025163855757230947,-0.008141423531078572,-0.030837999832615072,-0.01460537190478143,-0.022077928789208064,0.9827498922845899,0.28611323604570593,1.2688631283302958,0.6966366562388839,1.5549763643760017,0.410523420193178,1.112841626990654,0.9795427458028888
2494.5601940148554,-0.019501328868241213,0.005674144710748384,-0.01382718415749283,-0.025175473578989596,-0.008153039446744446,-0.03084961828973798,-0.014605371904242864,-0.022113994994159045,0.9833356776909677,0.28611326808333515,1.269448945774303,0.6972224096076326,1.555562213857638,0.41110914152429745,1.1128416269496186,0.9811429135435168
2553.961986365871,-0.01951581542984445,0.005674146434240311,-0.013841668995604139,-0.025189961864084762,-0.008167522561363829,-0.030864108298325074,-0.014605371903777527,-0.022152039703609388,0.9840661485715819,0.2861133549887514,1.2701795035603334,0.6979527935828305,1.5562928585490847,0.4118394385940791,1.1128416269141628,0.9828308626040501
2614.7782857482166,-0.01952660651819597,0.00567416517994369,-0.01385244133825228,-0.02520077169813966,-0.00817827615830859,-0.03087493687808335,-0.014605371903375472,-0.022180091246610342,0.9846102787818286,0.2861143002227435,1.270724579004572,0.6984959785590852,1.5568388792273156,0.41238167833634165,1.1128416268835286,0.9840754397433963
2677.042775154653,-0.019529344662481025,0.005674239107193849,-0.013855105555287177,-0.025203583769674874,-0.008180866448093328,-0.030877822876868723,-0.014605371903028115,-0.022190634517460325,0.9847483470634494,0.2861180279329485,1.2708663749963978,0.6986303191305009,1.5569844029293463,0.4125122911975524,1.112841626857062,0.9845432184275626
2740.789939655255,-0.0195207789004608,0.005674442652034094,-0.013846336248426704,-0.025195221552494894,-0.00817189359639261,-0.03086966420452899,-0.014605371902728016,-0.022177736317501858,0.9843164267846822,0.28612829148497493,1.2704447182696572,0.6981881352997072,1.556573009754632,0.4120598438147324,1.1128416268341963,0.9839709574005497
2806.0550854969024,-0.01950056051859343,0.005674901687458139,-0.01382565883113529,-0.025175462206051567,-0.008150757143677152,-0.030850363893509706,-0.014605371902468765,-0.022140981786155534,0.9832969344018968,0.2861514379029876,1.2694483723048844,0.6971454964989092,1.5555998102078719,0.41099405859592164,1.112841626814443,0.9823402503310861
2872.874359657579,-0.019471484937609973,0.005675803919691512,-0.01379568101791846,-0.025147288857301484,-0.008119877098226948,-0.030823092776992998,-0.014605371902244809,-0.0220861097674344,0.9818308263061974,0.2861969320921597,1.268027758398357,0.6956338942140378,1.5542246904905168,0.4094369621218781,1.1128416267973789,0.9799057154433696
2941.2847698663154,-0.019437381757861014,0.005677394337930893,-0.01375998741993012,-0.025114776095791908,-0.008082593081999228,-0.0307921704337228,-0.01460537190205135,-0.0220205142500544,0.9801112063973987,0.28627712739617206,1.2663883337935706,0.6938340790012266,1.5526654611897428,0.40755695160505456,1.1128416267826384,0.9769954056122148
3011.324205099824,-0.019401646039672465,0.005679941857901615,-0.01372170418177085,-0.02508158789757408,-0.008041762323869234,-0.030761529755475695,-0.014605371901884238,-0.021950368133663405,0.9783092673141633,0.28640558363080953,1.2647148509449728,0.6919036836833539,1.5511204345757825,0.4054981000525443,1.1128416267699055,0.973883197029921
3083.031456567274,-0.01936693125111012,0.00568367112937189,-0.01368326012173823,-0.02505060238048201,-0.007999588992366339,-0.0307342735098539,-0.014605371901739895,-0.021880420487482115,0.9765588076215193,0.2865936285437123,1.2631524361652315,0.689965179077807,1.5497460647089438,0.4033715505340947,1.1128416267589074,0.970779794076816
3156.446239194705,-0.01933376017312594,0.005688746570451844,-0.013645013602674096,-0.025022506743577783,-0.00795626703222225,-0.03071125331402963,-0.014605371901615219,-0.02181082825730614,0.9748861880441716,0.2868495527593213,1.2617357408034928,0.6880366352848504,1.5485852935628142,0.40118708252552904,1.112841626749408,0.9676921600471944
3231.609213621072,-0.01930252336851926,0.005695291511528288,-0.01360723185699097,-0.02499781488004755,-0.007911940345462682,-0.030693106391575836,-0.014605371901507536,-0.021741622054879305,0.9733111023341494,0.2871795750933035,1.260490677427453,0.6861315272408459,1.5476702525207564,0.3989519521475424,1.1128416267412031,0.9646216531079335
3308.5620087180605,-0.019273508622138214,0.005703387403079737,-0.013570121219058477,-0.02497689602521795,-0.00786673381597874,-0.030680283428297688,-0.01460537190141454,-0.02167283061118421,0.9718480617645346,0.28758780260738953,1.2594358643719241,0.6842602591571452,1.5470236669793138,0.3966724565497556,1.1128416267341172,0.9615695479812164
3387.347244646161,-0.0192468958858888,0.0057130752166776235,-0.013533820669211176,-0.024959971102566425,-0.007820745452533553,-0.030673046319244047,-0.014605371901334223,-0.021604480854858346,0.9705061402364255,0.2880763012535067,1.2585824414899323,0.6824298389829188,1.5466587427434388,0.39435353772941206,1.1128416267279977,0.95853703942366
3468.008556459764,-0.019222765746775068,0.005724359091582248,-0.013498406655192821,-0.024947124838357315,-0.007774047563610572,-0.030671483929939562,-0.014605371901264857,-0.021536597987773208,0.9692894012716865,0.28864527974985876,1.2579346810215453,0.6806441215218277,1.5465799607714041,0.391998841771969,1.1128416267227124,0.955525245579572
3550.590618274351,-0.019201114834613363,0.005737211383125559,-0.013463903451487805,-0.02493832621773892,-0.007726692068362245,-0.03067553760086448,-0.014605371901204955,-0.021469205557855038,0.9681976749320611,0.289293344140753,1.2574910190728141,0.6789043307913081,1.546784363213567,0.38961098665055516,1.1128416267181482,0.9525352112118264
3635.1391680091765,-0.01918187369711616,0.0057515783483872256,-0.013430295348728933,-0.024933452045503384,-0.007678717000341707,-0.03068503039389061,-0.014605371901153227,-0.021402325529271512,0.9672274591530137,0.29001778449132576,1.2572452436443395,0.6772096746616879,1.5472630281356652,0.38719189017036215,1.112841626714207,0.9495679108158713
3721.7010327191165,-0.01916492432435037,0.00576738587083255,-0.01339753845351782,-0.024932310195182918,-0.007630152582685269,-0.03069969606601547,-0.014605371901108562,-0.021335978350033456,0.9663728033976191,0.2908148635468819,1.257187666944501,0.6755579398507372,1.548002530491383,0.3847430763038553,1.1128416267108037,0.94662425161905
3810.3241545297356,-0.01915011573388392,0.005784544814360295,-0.013365570919523626,-0.024934660548244218,-0.0075810261051633306,-0.030719205362604512,-0.014605371901069992,-0.021270183017138785,0.9656260945225287,0.2916800867055865,1.2573061812281152,0.6739460078169421,1.5489862679337016,0.3822659211113557,1.112841626707865,0.9437050764708736
3901.0576171899893,-0.01913727689188982,0.005802955769057544,-0.013334321122832277,-0.024940232660947366,-0.007531365353774733,-0.030743188430004908,-0.014605371901036689,-0.021204957139310008,0.9649787083121666,0.29260844131857083,1.2575871496307374,0.6723702669935958,1.5501955909493081,0.3797618256750249,1.1128416267053274,0.9408111666265302
3993.9516732571137,-0.019126226814358112,0.0058225130868788,-0.013303713727479311,-0.024948739901236913,-0.007481200640600512,-0.030771252988115713,-0.014605371901007936,-0.02114031699742671,0.9644215188225891,0.29359460018515465,1.2580161190077437,0.6708269186374345,1.5516107191928983,0.3772323184522798,1.1128416267031365,0.9379432444281216
4089.0577719289345,-0.01911678203554388,0.0058431082008717,-0.013273673834672178,-0.02495989023641558,-0.007430565633800479,-0.03080299843728728,-0.014605371900983108,-0.02107627760272425,0.9639452749707631,0.29463308892159723,1.2585783638923602,0.6693121860491659,1.5532114528139576,0.37467909712756864,1.1128416267012449,0.935101975886796
4186.428587538903,-0.019108761809858887,0.005864632280370481,-0.013244129529488405,-0.02497339409022937,-0.007379497249117925,-0.030838026370599847,-0.014605371900961672,-0.021012852752831702,0.9635408628349301,0.2957184198466644,1.2592592826815945,0.6678224429882658,1.554977702528259,0.3721040231416013,1.1128416266996115,0.9322879731690116
4286.118048729675,-0.01910199148025904,0.005886978304553851,-0.013215013175705188,-0.02498896978481289,-0.0073280348711513375,-0.030875948089366743,-0.014605371900943166,-0.02095005508573344,0.9631994755022906,0.29684519653878194,1.2600446720410725,0.6663542789635086,1.5568898685798545,0.3695090824247267,1.1128416266982015,0.9295017969906775
4388.18136832141,-0.019096304441445573,0.005910042646502495,-0.013186261794943078,-0.025006347087948067,-0.007276219148440583,-0.030916389734450562,-0.014605371900927195,-0.020887896131711763,0.9629127120615281,0.2980081937106055,1.2609209057721336,0.6649045183509226,1.558929099482739,0.3668963246403171,1.1128416266969845,0.9267439589217192
4492.675073891224,-0.019091543080279667,0.005933726257067411,-0.013157816823212256,-0.025025269337347077,-0.007224090566144845,-0.03095899559441449,-0.014605371900913402,-0.020826386363347653,0.9626726250223093,0.2992024169044386,1.261875041926748,0.6634702081178707,1.5610774588311864,0.3642677912134321,1.1128416266959336,0.9240149236044873
4599.657039080969,-0.019087559010117806,0.005957935528505403,-0.013129623481612403,-0.02504549453862321,-0.007171687953107001,-0.031003430067128614,-0.014605371900901496,-0.020765535243648298,0.9624717321314171,0.30042314604021825,1.2628948781716354,0.6620485860911989,1.5633180242118536,0.36162544005098063,1.1128416266950265,0.9213151108890562
4709.186515650385,-0.019084212844549007,0.005982582906227785,-0.013101629938321223,-0.02506679575077679,-0.007119047032093437,-0.031049378657004578,-0.014605371900891218,-0.02070535127235837,0.9623030049636692,0.30166596626235265,1.2639689712260218,0.6606370387013165,1.5656349374883745,0.35897107243896387,1.1128416266942434,0.91864489788794
4821.324166293552,-0.019081373688001,0.006007587305871856,-0.013073786382129143,-0.025088960993872853,-0.007066199076257287,-0.03109654829974471,-0.01460537190088235,-0.02064584203052436,0.9621598432362264,0.30292678897014774,1.265086632206374,0.6592330542660787,1.5680134211765218,0.3563062652959309,1.1128416266935677,0.9160046209533017
4936.132098236912,-0.019078918460653484,0.006032874383749136,-0.013046044076904347,-0.02511179284440262,-0.007013169693155212,-0.031144667228151755,-0.014605371900874688,-0.020587014223366566,0.9620360407679963,0.3042018654548982,1.2662379062228946,0.6578341753130981,1.5704397716777927,0.35363230985819993,1.112841626692984,0.9133945775790756
5053.673897637101,-0.019076731125280435,0.00605837670216031,-0.013018354423120125,-0.025135107827440745,-0.006959977720959815,-0.031193484529601054,-0.014605371900868079,-0.02052887372152236,0.9619257464939022,0.3054877952357339,1.2674135417296362,0.6564379512581683,1.57290133696537,0.3509501560224344,1.1128416266924803,0.9108150282308292
5174.014664798135,-0.01907470184471982,0.0060840338270641,-0.012990668017655721,-0.02515873567178392,-0.006906634190591621,-0.031242769498848022,-0.014605371900862373,-0.02047142560071319,0.9618234219811073,0.3067815309844786,1.2686049529655858,0.6550418909966287,1.5753864839500644,0.3482603600121501,1.1128416266920456,0.9082661981056892
5297.221050227034,-0.019072726070712243,0.006109792393644175,-0.012962933677068068,-0.02518251846435642,-0.006853141283423894,-0.03129231085800059,-0.014605371900857448,-0.02041467417989202,0.9617237954845832,0.3080803818317978,1.269804177316381,0.6536434136527853,1.577884559148179,0.3455630318209876,1.1128416266916703,0.905748278824848
5423.3612915481,-0.01907070354790826,0.006135606174542229,-0.012935097373366029,-0.025206309722450488,-0.006799491198823801,-0.031341915896992714,-0.0146053719008532,-0.02035862305792427,0.9616218117251409,0.30938201680778615,1.271003828532927,0.6522397949173548,1.5803858453407131,0.34285777810956863,1.1128416266913466,0.9032614300610066
5552.505251296169,-0.01906853721145564,0.006161436184633872,-0.01290710102682177,-0.02522997339608951,-0.006745664842187898,-0.03139140958072338,-0.014605371900849531,-0.02030327514885123,0.961512576301333,0.3106844701251903,1.2721970464265233,0.6508281061761427,1.5828815165517136,0.34014363605095244,1.112841626691067,0.9008057811029233
5684.724455609886,-0.019066131964048334,0.0061872508534793185,-0.012878881110569016,-0.025253382817527655,-0.006691630257089697,-0.03144063367100697,-0.014605371900846369,-0.02024863271578642,0.9613912940233272,0.3119861498750685,1.2733774438983958,0.6494051441482587,1.5853635937734643,0.3374189942731902,1.112841626690826,0.8983814323593121
5820.092133846324,-0.019063393340877463,0.006213026289662309,-0.012850367051215155,-0.02527641963053977,-0.006637340761552845,-0.03148944592020208,-0.014605371900843633,-0.02019469740349479,0.9612532015943517,0.3132858513558255,1.2745390529501772,0.6479673502385261,1.5878249043060026,0.3346814988827007,1.1128416266906176,0.8959884568042998
5958.683259138853,-0.01906022611169289,0.006238746647040434,-0.012821479464652456,-0.025298972758733326,-0.006582732817612022,-0.03153771940577376,-0.014605371900841274,-0.020141470269697186,0.9610934971209972,0.3145827755410312,1.2756762726620283,0.646510721579966,1.5902590482030596,0.33192794603893483,1.112841626690438,0.8936269013663273
6100.574589920927,-0.01905653293195075,0.00626440457732215,-0.0127921283546286,-0.0253209375092729,-0.006527723777306451,-0.03158534208659505,-0.01460537190083924,-0.020088951815147596,0.9609072720986355,0.3158765519001801,1.2767838239988156,0.6450307201984553,1.5926603758989957,0.32915416829827526,1.112841626690283,0.8912967882626028
6245.844712438611,-0.019052213243711882,0.006290001710819977,-0.012762211532891907,-0.025342214954531858,-0.006472209822071929,-0.031632216665351834,-0.014605371900837487,-0.020037142012524857,0.960689455990283,0.3171672626402068,1.2778567186304897,0.6435221933500762,1.5950239812706966,0.32635493070986943,1.1128416266901493,0.8889981162809544
6394.574084275402,-0.019047162744777822,0.006315549040433053,-0.01273161370434477,-0.025362711785210875,-0.006416064663911716,-0.03167826082564393,-0.01460537190083597,-0.019986040334182043,0.9604347894582966,0.31845546206743564,1.2788902515257323,0.6419793273908609,1.597345713593168,0.32352386532342536,1.1128416266900338,0.886730862011001
6546.84507891348,-0.019041273892655437,0.006341066983825174,-0.012700206908830263,-0.02538234087648061,-0.006359139925005088,-0.03172340786030579,-0.01460537190083466,-0.019935645778790933,0.960137849776303,0.31974217972284813,1.279880029499151,0.6403956700534549,1.5996222092219994,0.32065349033060675,1.112841626689934,0.8844949810263023
6702.7420313561815,-0.019034438085526583,0.00636658475545825,-0.012667853330068334,-0.025401022840984833,-0.006301268574610082,-0.031767607596443086,-0.014605371900833535,-0.019885956896926155,0.9597931608024884,0.3210288887174766,1.2808220495199651,0.6387642720850119,1.6018509382374417,0.31773538336753526,1.1128416266898482,0.8822904090194621
6862.351284836705,-0.019026550356103334,0.006392138486090438,-0.012634411870012897,-0.02541868884219377,-0.006242273383922458,-0.03181082732828421,-0.01460537190083256,-0.019836971815619654,0.9593954296627154,0.3223174109099133,1.2817128405726286,0.6370780187528021,1.604030251482542,0.31476060784288884,1.112841626689774,0.8801170628915498
7025.761238639192,-0.019017517606877334,0.0064177672853838515,-0.012599750321493483,-0.025435284892261184,-0.006181983036109631,-0.03185305217764504,-0.014605371900831722,-0.019788688261927537,0.9589399620050203,0.3236097183671059,1.2825496803721261,0.6353302436379145,1.6061593987392322,0.3117205252708085,1.11284162668971,0.8779748417977027
7193.0623970584875,-0.01900727157366885,0.006443506182429131,-0.01256376539123972,-0.025450777756097984,-0.00612025920881059,-0.03189428393852711,-0.014605371900830996,-0.019741103585543426,0.9584233156740557,0.32490757739712595,1.2833308930711818,0.6335157382769298,1.6082384704683075,0.3086081608798038,1.1128416266896548,0.8758636281504234
7364.347419525782,-0.018995787776846507,0.006469374681474918,-0.01252641309537159,-0.025465162458321425,-0.006057038413896671,-0.03193453713979634,-0.014605371900830373,-0.01969421478048848,0.9578442563080474,0.32621197148287795,1.2840562277909253,0.6316322848251694,1.6102681992738033,0.30542031334229147,1.1128416266896073,0.8737832885819133
7539.711171927864,-0.018983111630956787,0.006495359709797876,-0.012487751921158911,-0.025478471340754663,-0.0059923922113610355,-0.03197383105055254,-0.014605371900829833,-0.019648018505917818,0.9572050738916492,0.3275222414449105,1.2847273153365597,0.6296828324467387,1.61224955678147,0.30216059100182824,1.1128416266895662,0.8717336748672007
7719.25077914839,-0.018969392530617645,0.006521392319358569,-0.012448000211259077,-0.025490784849976213,-0.005926607891900507,-0.032012177169334785,-0.01460537190082937,-0.01960251110606916,0.9565133015042162,0.3288349106449114,1.2853482121491275,0.6276783908593049,1.614183122794039,0.29884348021439344,1.112841626689531,0.8697146248092127
7903.065678860331,-0.018954925979274184,0.006547319097362381,-0.012407606881911802,-0.025502245076636565,-0.005860287784549421,-0.03204956417399894,-0.014605371900828964,-0.019557688629389065,0.9557838396216293,0.3301422433908476,1.2859260830124768,0.6256415962307817,1.6160683264033244,0.2954993528399341,1.1128416266895,0.8677259630873592
8091.257676599398,-0.018940202512598196,0.0065728724118200845,-0.01236733010077811,-0.02551307492441828,-0.005794457688958027,-0.03208594733623837,-0.01460537190082862,-0.01951354684686027,0.9550414230314773,0.3314307445980877,1.286472167629565,0.6236106784333897,1.6179029122276527,0.29217993383530194,1.1128416266894738,0.8657675020706707
8283.931002148704,-0.01892596009899959,0.006597648830591855,-0.012328311268407733,-0.02552360892959144,-0.005730662437815878,-0.0321212577601833,-0.01460537190082832,-0.019470081269568434,0.954323263078247,0.3326800715905355,1.2870033346687824,0.6216431914877115,1.619683406259318,0.28896311989717605,1.112841626689451,0.8638390425971912
8481.192367266409,-0.01891323367259772,0.006621112181366109,-0.01229212149123161,-0.025534345853963827,-0.005671009309865501,-0.03215545803532994,-0.014605371900828064,-0.019427287165526184,0.9536815453155747,0.3338631883971073,1.287544733712682,0.6198183569184674,1.6214079221097895,0.28595516852136005,1.1128416266894314,0.8619403747204196
8683.151024787667,-0.018903391278935915,0.006642645186230741,-0.012260746092705173,-0.025546036465166656,-0.005618100906474433,-0.0321886816513974,-0.01460537190082784,-0.01938515957578862,0.953185252118997,0.33494896937512925,1.2881342214941263,0.6182362827438677,1.6230831908692553,0.28328731336873847,1.1128416266894143,0.8600712784243141
8889.918829134233,-0.018898140855555797,0.006661677114747603,-0.012236463740808194,-0.0255598179703034,-0.0055747866260605905,-0.032221495085051004,-0.014605371900827648,-0.01934369332988095,0.9529205045898652,0.3359086359933551,1.2888291405832204,0.6170118685965101,1.6247377765765754,0.28110323260315506,1.1128416266893997,0.8582315243077779
9101.610298264728,-0.018899484911598464,0.006677906071067124,-0.01222157884053134,-0.02557739098266559,-0.005543672769464216,-0.032255297053732715,-0.014605371900827484,-0.01930288306056776,0.9529882773179958,0.3367269654450809,1.2897152427630767,0.616261311872915,1.6264422082081578,0.27953434642783404,1.1128416266893872,0.8564208742399356
9318.342677100254,-0.0189095925044362,0.00669160039352762,-0.012217992110908581,-0.02560119289796382,-0.0055263917173809605,-0.03229279329149144,-0.014605371900827342,-0.019262723217984744,0.9534979429269433,0.3374174884319088,1.2909154313588522,0.6160804544950346,1.6283329197907608,0.2786629660631258,1.1128416266893764,0.8546390819871221
9540.236002460228,-0.01893054945743814,0.006703889638654902,-0.01222665981878324,-0.02563443909609304,-0.005522770180128337,-0.03233832873474794,-0.014605371900827217,-0.019223208083158683,0.9545546770460249,0.33803716175095244,1.2925918387969775,0.6165175152950725,1.6306290005479298,0.27848035354412004,1.1128416266893668,0.8528858938127309
9767.413169544567,-0.01896393972402337,0.0067168377554827656,-0.012247101968540605,-0.025680777479506138,-0.0055302642130578405,-0.0323976152349889,-0.014605371900827111,-0.019184331780936464,0.9562383489969319,0.3386900580392913,1.2949284070362233,0.6175482909576406,1.6336184650755146,0.2788582329183493,1.1128416266893588,0.8511610490508422
9999.999999999,-0.019010204848357654,0.006732966322244013,-0.012277238526113642,-0.025743171170601667,-0.005544272203869629,-0.03247613749284568,-0.014605371900827021,-0.019146088292346132,0.9585712232178676,0.33950332544447737,1.298074548662345,0.6190678977733902,1.6375778741068223,0.27956457232891285,1.112841626689352,0.8494642806546525
