x_transformed,x_real,Operator_mean_real,Operator_std_real,Operator_upper_real,Operator_lower_real,Operator_weight_mean,Operator_weight_min,Operator_weight_max,Operator_iterations,Operator_between_variance_norm,Operator_within_variance_norm,Operator_within_variance_real
-1.1,0.07943282247242814,-0.031906765467756615,4.05431641241466e-06,-0.03189881915360635,-0.03191471178190688,0.16666666666666666,4.11488712042181e-07,0.9999899606248138,11,0.01114413498336883,5.9498417344625134e-08,1.5174426490474967e-11
-1.0917835671342686,0.08094992067275816,-0.03195731620755922,3.972848290780052e-06,-0.03194952956799325,-0.03196510284712519,0.16666666666666666,4.11488712042181e-07,0.9999899606248138,11,0.01114413498336883,5.9498417344625134e-08,1.5174426490474967e-11
-1.0835671342685371,0.08249599413606928,-0.03200452933401739,3.902241720991896e-06,-0.03199688108078527,-0.0320121775872495,0.16666666666666666,4.11488712042181e-07,0.9999899606248138,11,0.01114413498336883,5.9498417344625134e-08,1.5174426490474967e-11
-1.0753507014028056,0.08407159626481406,-0.03204826154196771,3.843151656468993e-06,-0.0320407291031339,-0.032055793980801515,0.16666666666666666,4.11488712042181e-07,0.9999899606248138,11,0.01114413498336883,5.9498417344625134e-08,1.5174426490474967e-11
-1.0671342685370742,0.08567729103095306,-0.03208836527453472,3.796119017639262e-06,-0.03208092501797912,-0.03209580553109032,0.16666666666666666,4.11488712042181e-07,0.9999899606248138,11,0.01114413498336883,5.9498417344625134e-08,1.5174426490474967e-11
-1.058917835671343,0.08731365317782327,-0.03212468860184017,3.7615391544057087e-06,-0.0321173161205711,-0.032132061083109245,0.16666666666666666,4.11488712042181e-07,0.9999899606248138,11,0.01114413498336883,5.9498417344625134e-08,1.5174426490474967e-11
-1.0507014028056114,0.0889812684258623,-0.03215707509758072,3.739633644933706e-06,-0.032149745550321275,-0.03216440464484017,0.16666666666666666,4.11488712042181e-07,0.9999899606248138,11,0.01114413498336883,5.9498417344625134e-08,1.5174426490474967e-11
-1.04248496993988,0.09068073368226119,-0.03218536371433107,3.7304281980091656e-06,-0.03217805220941606,-0.03219267521924608,0.16666666666666666,4.11488712042181e-07,0.9999899606248138,11,0.01114413498336883,5.9498417344625134e-08,1.5174426490474967e-11
-1.0342685370741485,0.09241265725462187,-0.032209428871107795,3.7335553616681064e-06,-0.03220211123706464,-0.03221674650515095,0.16666666666666666,4.11488712042181e-07,0.9999899606248138,11,0.01114413498336883,5.9498417344625134e-08,1.5174426490474967e-11
-1.026052104208417,0.09417765906869519,-0.03222938080699689,3.747389411745696e-06,-0.03222203605871382,-0.032236725555279955,0.16666666666666666,4.11488712042181e-07,0.9999899606248138,11,0.01114413498336883,5.9498417344625134e-08,1.5174426490474967e-11
-1.0178356713426857,0.09597637089027737,-0.03224541412618329,3.769887415615966e-06,-0.032238025282622915,-0.03225280296974367,0.16666666666666666,4.11488712042181e-07,0.9999899606248138,11,0.01114413498336883,5.9498417344625134e-08,1.5174426490474967e-11
-1.009619238476954,0.09780943655134493,-0.032257718954091186,3.7990763369762096e-06,-0.032250272901296194,-0.03226516500688618,0.16666666666666666,4.11488712042181e-07,0.9999899606248138,11,0.01114413498336883,5.9498417344625134e-08,1.5174426490474967e-11
-1.0014028056112223,0.09967751218050783,-0.03226648093336249,3.833100287272996e-06,-0.03225896819485031,-0.032273993671874675,0.16666666666666666,4.11488712042181e-07,0.9999899606248138,11,0.01114413498336883,5.9498417344625134e-08,1.5174426490474967e-11
-0.993186372745491,0.10158126643786476,-0.032271881363354245,3.870251810073948e-06,-0.0322642958091954,-0.03227946691751309,0.16666666666666666,4.11488712042181e-07,0.9999899606248138,11,0.01114413498336883,5.9498417344625134e-08,1.5174426490474967e-11
-0.9849699398797596,0.10352138075434403,-0.03227409733711095,3.908989825834854e-06,-0.03226643585783638,-0.03228175881638552,0.16666666666666666,4.11488712042181e-07,0.9999899606248138,11,0.01114413498336883,5.9498417344625134e-08,1.5174426490474967e-11
-0.9767535070140282,0.10549854957561482,-0.03227330187508439,3.947946979765069e-06,-0.03226556404119118,-0.0322810397089776,0.16666666666666666,4.11488712042181e-07,0.9999899606248138,11,0.01114413498336883,5.9498417344625134e-08,1.5174426490474967e-11
-0.9685370741482968,0.10751348061065784,-0.03226966405519369,3.9859292579482195e-06,-0.03226185177740319,-0.032277476332984195,0.16666666666666666,4.11488712042181e-07,0.9999899606248138,11,0.01114413498336883,5.9498417344625134e-08,1.5174426490474967e-11
-0.9603206412825652,0.10956689508508306,-0.03226334913904755,4.021910448155525e-06,-0.03225546633942012,-0.032271231938674975,0.16666666666666666,4.11488712042181e-07,0.9999899606248138,11,0.01114413498336883,5.9498417344625134e-08,1.5174426490474967e-11
-0.952104208416834,0.11165952799928533,-0.03225451869433278,4.0550235445308525e-06,-0.03224657099422904,-0.03226246639443652,0.16666666666666666,4.11488712042181e-07,0.9999899606248138,11,0.01114413498336883,5.9498417344625134e-08,1.5174426490474967e-11
-0.9438877755511024,0.11379212839153145,-0.032243330713492536,4.084550681945207e-06,-0.03223532514126289,-0.03225133628572218,0.16666666666666666,4.11488712042181e-07,0.9999899606248138,11,0.01114413498336883,5.9498417344625134e-08,1.5174426490474967e-11
-0.9356713426853708,0.11596545960607073,-0.03222993972889264,4.1099127214722015e-06,-0.03222188444797895,-0.03223799500980633,0.16666666666666666,4.11488712042181e-07,0.9999899606248138,11,0.01114413498336883,5.9498417344625134e-08,1.5174426490474967e-11
-0.9274549098196394,0.11818029956636722,-0.032214496924718276,4.1306592286704825e-06,-0.032206400981397675,-0.03222259286803888,0.16666666666666666,4.11488712042181e-07,0.9999899606248138,11,0.01114413498336883,5.9498417344625134e-08,1.5174426490474967e-11
-0.919238476953908,0.12043744105355014,-0.03219715024586024,4.146459296253014e-06,-0.032189023334976224,-0.03220527715674426,0.16666666666666666,4.11488712042181e-07,0.9999899606248138,11,0.01114413498336883,5.9498417344625134e-08,1.5174426490474967e-11
-0.9110220440881764,0.12273769199018238,-0.03217804450403995,4.15709345181559e-06,-0.03216989675059403,-0.032186192257485875,0.16666666666666666,4.11488712042181e-07,0.9999899606248138,11,0.01114413498336883,5.9498417344625134e-08,1.5174426490474967e-11
-0.902805611222445,0.12508187572944854,-0.0321573214814072,4.162446743248741e-06,-0.03214916323570287,-0.032165479727111534,0.16666666666666666,4.11488712042181e-07,0.9999899606248138,11,0.01114413498336883,5.9498417344625134e-08,1.5174426490474967e-11
-0.8945891783567136,0.12747083134986675,-0.03213512003181552,4.1625029923790746e-06,-0.032126961675864915,-0.03214327838776612,0.16666666666666666,4.11488712042181e-07,0.9999899606248138,11,0.01114413498336883,5.9498417344625134e-08,1.5174426490474967e-11
-0.8863727454909821,0.12990541395562896,-0.03211157617994376,4.157340136290531e-06,-0.03210342794300514,-0.03211972441688237,0.16666666666666666,4.11488712042181e-07,0.9999899606248138,11,0.01114413498336883,5.9498417344625134e-08,1.5174426490474967e-11
-0.8781563126252506,0.13238649498267718,-0.03208682321839864,4.14712652331683e-06,-0.03207869499977361,-0.03209495143702367,0.16666666666666666,4.11488712042181e-07,0.9999899606248138,11,0.01114413498336883,5.9498417344625134e-08,1.5174426490474967e-11
-0.8699398797595191,0.1349149625106259,-0.03206099180288355,4.132117987131814e-06,-0.0320528930004489,-0.0320690906053182,0.16666666666666666,4.11488712042181e-07,0.9999899606248138,11,0.01114413498336883,5.9498417344625134e-08,1.5174426490474967e-11
-0.8617234468937878,0.1374917215806419,-0.032034210045489335,4.1126554801980955e-06,-0.032026149388867324,-0.032042270702111346,0.16666666666666666,4.11488712042181e-07,0.9999899606248138,11,0.01114413498336883,5.9498417344625134e-08,1.5174426490474967e-11
-0.8535070140280563,0.14011769451939524,-0.03200660360611318,4.089163001485289e-06,-0.03199858899390336,-0.03201461821832301,0.16666666666666666,4.11488712042181e-07,0.9999899606248138,11,0.01114413498336883,5.9498417344625134e-08,1.5174426490474967e-11
-0.8452905811623248,0.14279382126919726,-0.03197829578197279,4.062145499038731e-06,-0.03197033412309471,-0.03198625744085087,0.16666666666666666,4.11488712042181e-07,0.9999899606248138,11,0.01114413498336883,5.9498417344625134e-08,1.5174426490474967e-11
-0.8370741482965933,0.14552105972444415,-0.03194940759514949,4.032186363793582e-06,-0.0319415046550975,-0.03195731053520148,0.16666666666666666,4.11488712042181e-07,0.9999899606248138,11,0.01114413498336883,5.9498417344625134e-08,1.5174426490474967e-11
-0.8288577154308618,0.14830038607448637,-0.03192005787805786,3.999944057541012e-06,-0.031912218131764904,-0.03192789762435081,0.16666666666666666,4.11488712042181e-07,0.9999899606248138,11,0.01114413498336883,5.9498417344625134e-08,1.5174426490474967e-11
-0.8206412825651304,0.15113279515304626,-0.03189036335670831,3.966147338989257e-06,-0.03188258985076651,-0.031898136862650105,0.16666666666666666,4.11488712042181e-07,0.9999899606248138,11,0.01114413498336883,5.9498417344625134e-08,1.5174426490474967e-11
-0.8124248496993989,0.1540193007943095,-0.03186043873162105,3.931588475622106e-06,-0.0318527329598068,-0.03186814450343531,0.16666666666666666,4.11488712042181e-07,0.9999899606248138,11,0.01114413498336883,5.9498417344625134e-08,1.5174426490474967e-11
-0.8042084168336675,0.15696093619581752,-0.0318303967562387,3.897113769244228e-06,-0.031822758553607326,-0.031838034958870075,0.16666666666666666,4.11488712042181e-07,0.9999899606248138,11,0.01114413498336883,5.9498417344625134e-08,1.5174426490474967e-11
-0.795991983967936,0.1599587542882909,-0.03180034831270887,3.86361069952635e-06,-0.03179277577488752,-0.031807920850530226,0.16666666666666666,4.11488712042181e-07,0.9999899606248138,11,0.01114413498336883,5.9498417344625134e-08,1.5174426490474967e-11
-0.7877755511022045,0.16301382811251586,-0.0317704024849457,3.831991027808494e-06,-0.03176289192054211,-0.031777913049349286,0.16666666666666666,4.11488712042181e-07,0.9999899606248138,11,0.01114413498336883,5.9498417344625134e-08,1.5174426490474967e-11
-0.7795591182364732,0.16612725120342922,-0.03174066662897225,3.803169330636835e-06,-0.031733212554057096,-0.031748120703887404,0.16666666666666666,4.11488712042181e-07,0.9999899606248138,11,0.01114413498336883,5.9498417344625134e-08,1.5174426490474967e-11
-0.7713426853707417,0.169300137981539,-0.03171124644065707,3.778036672979341e-06,-0.03170384162484576,-0.03171865125646838,0.16666666666666666,4.11488712042181e-07,0.9999899606248138,11,0.01114413498336883,5.9498417344625134e-08,1.5174426490474967e-11
-0.7631262525050102,0.1725336241518206,-0.03168224602114995,3.7574294951651263e-06,-0.03167488159466497,-0.03168961044763492,0.16666666666666666,4.11488712042181e-07,0.9999899606248138,11,0.01114413498336883,5.9498417344625134e-08,1.5174426490474967e-11
-0.7549098196392787,0.17582886711023185,-0.03165376794055813,3.7420942600686593e-06,-0.03164643357058164,-0.03166110231053462,0.16666666666666666,4.11488712042181e-07,0.9999899606248138,11,0.01114413498336883,5.9498417344625134e-08,1.5174426490474967e-11
-0.7466933867735472,0.17918704635799193,-0.03162591330072134,3.7326489364493575e-06,-0.03161859744323897,-0.03163322915820371,0.16666666666666666,4.11488712042181e-07,0.9999899606248138,11,0.01114413498336883,5.9498417344625134e-08,1.5174426490474967e-11
-0.7384769539078158,0.1826093639237728,-0.031598781474698676,3.7295394931146718e-06,-0.03159147171161325,-0.0316060912377841,0.16666666666666666,4.11488712042181e-07,0.9999899606248138,11,0.01114413498336883,5.9498417344625134e-08,1.5174426490474967e-11
-0.7302605210420843,0.18609704479395398,-0.031572422027051954,3.732511023204273e-06,-0.03156510643987458,-0.03157973761422933,0.16666666666666666,4.11488712042181e-07,0.9999899606248138,11,0.01114413498336883,5.9498417344625134e-08,1.5174426490474967e-11
-0.7220440881763528,0.18965133735109493,-0.031546783609801586,3.7401657723704318e-06,-0.03153945301959153,-0.03155411420001164,0.16666666666666666,4.11488712042181e-07,0.9999899606248138,11,0.01114413498336883,5.9498417344625134e-08,1.5174426490474967e-11
-0.7138276553106214,0.19327351382078184,-0.03152180129718775,3.7510010523045064e-06,-0.03151444947021926,-0.03152915312415624,0.16666666666666666,4.11488712042181e-07,0.9999899606248138,11,0.01114413498336883,5.9498417344625134e-08,1.5174426490474967e-11
-0.7056112224448899,0.19696487072700897,-0.03149740880026643,3.763600470819677e-06,-0.031490032278891425,-0.03150478532164143,0.16666666666666666,4.11488712042181e-07,0.9999899606248138,11,0.01114413498336883,5.9498417344625134e-08,1.5174426490474967e-11
-0.6973947895791585,0.20072672935625688,-0.031473538435925624,3.7766796705628986e-06,-0.031466136279790176,-0.03148094059206107,0.16666666666666666,4.11488712042181e-07,0.9999899606248138,11,0.01114413498336883,5.9498417344625134e-08,1.5174426490474967e-11
-0.6891783567134271,0.20456043623043474,-0.03145012109552112,3.7891193162180526e-06,-0.03144269455812821,-0.031457547632914036,0.16666666666666666,4.11488712042181e-07,0.9999899606248138,11,0.01114413498336883,5.9498417344625134e-08,1.5174426490474967e-11
-0.6809619238476956,0.20846736358885526,-0.03142708621200171,3.799987213453142e-06,-0.03141963837392163,-0.031434534050081786,0.16666666666666666,4.11488712042181e-07,0.9999899606248138,11,0.01114413498336883,5.9498417344625134e-08,1.5174426490474967e-11
-0.6727454909819641,0.21244890987941453,-0.03140436172473167,3.808551672980097e-06,-0.03139689710061937,-0.03141182634884397,0.16666666666666666,4.11488712042181e-07,0.9999899606248138,11,0.01114413498336883,5.9498417344625134e-08,1.5174426490474967e-11
-0.6645290581162326,0.21650650025915358,-0.031381874041479296,3.8142880887702948e-06,-0.031374398174198646,-0.031389349908759946,0.16666666666666666,4.11488712042181e-07,0.9999899606248138,11,0.01114413498336883,5.9498417344625134e-08,1.5174426490474967e-11
-0.6563126252505012,0.22064158710437978,-0.03135954799721992,3.816880329297521e-06,-0.0313520670492412,-0.03136702894519864,0.16666666666666666,4.11488712042181e-07,0.9999899606248138,11,0.01114413498336883,5.9498417344625134e-08,1.5174426490474967e-11
-0.6480961923847697,0.22485565053053136,-0.031337306809525976,3.816218060670322e-06,-0.03132982715956991,-0.03134478645948204,0.16666666666666666,4.11488712042181e-07,0.9999899606248138,11,0.01114413498336883,5.9498417344625134e-08,1.5174426490474967e-11
-0.6398797595190382,0.22915019892197075,-0.03131507203042399,3.8123906073822016e-06,-0.03130759988213852,-0.03132254417870946,0.16666666666666666,4.11488712042181e-07,0.9999899606248138,11,0.01114413498336883,5.9498417344625134e-08,1.5174426490474967e-11
-0.6316633266533067,0.23352676947189663,-0.03129276349462364,3.805677455000599e-06,-0.03128530450387507,-0.03130022248537222,0.16666666666666666,4.11488712042181e-07,0.9999899606248138,11,0.01114413498336883,5.9498417344625134e-08,1.5174426490474967e-11
-0.6234468937875753,0.2379869287325676,-0.03127029926409572,3.7965350352828422e-06,-0.03126285819216052,-0.03127774033603092,0.16666666666666666,4.11488712042181e-07,0.9999899606248138,11,0.01114413498336883,5.9498417344625134e-08,1.5174426490474967e-11
-0.6152304609218439,0.24253227317603523,-0.03124759556899719,3.7855790280087744e-06,-0.031240175970441663,-0.03125501516755272,0.16666666666666666,4.11488712042181e-07,0.9999899606248138,11,0.01114413498336883,5.9498417344625134e-08,1.5174426490474967e-11
-0.6070140280561124,0.24716442976558578,-0.031224566745007693,3.773561090454748e-06,-0.031217170701176942,-0.031231962788838444,0.16666666666666666,4.11488712042181e-07,0.9999899606248138,11,0.01114413498336883,5.9498417344625134e-08,1.5174426490474967e-11
-0.5987975951903809,0.2518850565380965,-0.031201125167245568,3.761338722184775e-06,-0.03119375307881643,-0.031208497255674705,0.16666666666666666,4.11488712042181e-07,0.9999899606248138,11,0.01114413498336883,5.9498417344625134e-08,1.5174426490474967e-11
-0.5905811623246495,0.2566958431975146,-0.03117718118104023,3.74983694003941e-06,-0.031169831635689853,-0.031184530726390606,0.16666666666666666,4.11488712042181e-07,0.9999899606248138,11,0.01114413498336883,5.9498417344625134e-08,1.5174426490474967e-11
-0.582364729458918,0.2615985117196706,-0.03115264303007408,3.740000631569138e-06,-0.031145312763534046,-0.031159973296614112,0.16666666666666666,4.11488712042181e-07,0.9999899606248138,11,0.01114413498336883,5.9498417344625134e-08,1.5174426490474967e-11
-0.5741482965931866,0.2665948169686434,-0.03112741678263594,3.732736916969846e-06,-0.031120100752714916,-0.031134732812556964,0.16666666666666666,4.11488712042181e-07,0.9999899606248138,11,0.01114413498336883,5.9498417344625134e-08,1.5174426490474967e-11
-0.5659318637274551,0.27168654732489755,-0.03110140625711962,3.7288475788751326e-06,-0.031094097850161186,-0.031108714664078052,0.16666666666666666,4.11488712042181e-07,0.9999899606248138,11,0.01114413498336883,5.9498417344625134e-08,1.5174426490474967e-11
-0.5577154308617236,0.2768755253254171,-0.031074524118312036,3.7288183803436603e-06,-0.031067215768581673,-0.0310818324680424,0.16666666666666666,4.11488712042181e-07,0.9999899606248138,11,0.01114413498336883,5.9498417344625134e-08,1.5174426490474967e-11
-0.5494989979959922,0.28216360831606535,-0.031046763758460997,3.7319340954165665e-06,-0.031039449302041302,-0.031054078214880692,0.16666666666666666,4.11488712042181e-07,0.9999899606248138,11,0.01114413498336883,5.9498417344625134e-08,1.5174426490474967e-11
-0.5412825651302607,0.28755268911640497,-0.031018153653811133,3.736970196959007e-06,-0.031010829326813795,-0.031025477980808472,0.16666666666666666,4.11488712042181e-07,0.9999899606248138,11,0.01114413498336883,5.9498417344625134e-08,1.5174426490474967e-11
-0.5330661322645293,0.29304469669721417,-0.03098872010613035,3.742760005326311e-06,-0.030981384431317132,-0.030996055780943565,0.16666666666666666,4.11488712042181e-07,0.9999899606248138,11,0.01114413498336883,5.9498417344625134e-08,1.5174426490474967e-11
-0.5248496993987978,0.2986415968709442,-0.030958487092760945,3.7482759026182767e-06,-0.030951140606987695,-0.030965833578534194,0.16666666666666666,4.11488712042181e-07,0.9999899606248138,11,0.01114413498336883,5.9498417344625134e-08,1.5174426490474967e-11
-0.5166332665330663,0.30434539299536323,-0.030927476297240086,3.752687630600665e-06,-0.03092012116463888,-0.03093483142984129,0.16666666666666666,4.11488712042181e-07,0.9999899606248138,11,0.01114413498336883,5.9498417344625134e-08,1.5174426490474967e-11
-0.5084168336673349,0.3101581266906392,-0.030895707137506615,3.7554017549250374e-06,-0.030888346685319482,-0.030903067589693748,0.16666666666666666,4.11488712042181e-07,0.9999899606248138,11,0.01114413498336883,5.9498417344625134e-08,1.5174426490474967e-11
-0.5002004008016034,0.3160818785701192,-0.030863196790616002,3.7560843706788594e-06,-0.030855835000526577,-0.030870558580705428,0.16666666666666666,4.11488712042181e-07,0.9999899606248138,11,0.01114413498336883,5.9498417344625134e-08,1.5174426490474967e-11
-0.4919839679358719,0.3221187689850648,-0.030829960213250608,3.7546687652054698e-06,-0.030822601197696926,-0.03083731922880429,0.16666666666666666,4.11488712042181e-07,0.9999899606248138,11,0.01114413498336883,5.9498417344625134e-08,1.5174426490474967e-11
-0.4837675350701405,0.32827095878361184,-0.030796010157615548,3.751349022837172e-06,-0.030788657648637346,-0.03080336266659375,0.16666666666666666,4.11488712042181e-07,0.9999899606248138,11,0.01114413498336883,5.9498417344625134e-08,1.5174426490474967e-11
-0.475551102204409,0.33454065008422634,-0.030761357182601232,3.746559666748782e-06,-0.030754014060588475,-0.03076870030461399,0.16666666666666666,4.11488712042181e-07,0.9999899606248138,11,0.01114413498336883,5.9498417344625134e-08,1.5174426490474967e-11
-0.4673346693386775,0.3409300870639314,-0.030726009660362992,3.7409405788298874e-06,-0.030718677551560183,-0.0307333417691658,0.16666666666666666,4.11488712042181e-07,0.9999899606248138,11,0.01114413498336883,5.9498417344625134e-08,1.5174426490474967e-11
-0.4591182364729461,0.34744155676158955,-0.03068997377875143,3.735285796687448e-06,-0.030682652753117958,-0.030697294804384902,0.16666666666666666,4.11488712042181e-07,0.9999899606248138,11,0.01114413498336883,5.9498417344625134e-08,1.5174426490474967e-11
-0.4509018036072146,0.35407738989652693,-0.03065325354033854,3.730474522363178e-06,-0.030645941944629464,-0.030660565136047615,0.16666666666666666,4.11488712042181e-07,0.9999899606248138,11,0.01114413498336883,5.9498417344625134e-08,1.5174426490474967e-11
-0.4426853707414832,0.3608399617027919,-0.030615850759156227,3.7273829244543993e-06,-0.030608545222867708,-0.030623156295444747,0.16666666666666666,4.11488712042181e-07,0.9999899606248138,11,0.01114413498336883,5.9498417344625134e-08,1.5174426490474967e-11
-0.4344689378757517,0.3677316927793485,-0.03057776467230544,3.726724778959327e-06,-0.030570460425958387,-0.030585068918652494,0.16666666666666666,4.11488712042181e-07,0.9999899606248138,11,0.01114413498336883,5.9498417344625134e-08,1.5174426490474967e-11
-0.4262525050100202,0.37475504995650594,-0.03053898638214966,3.728224865003609e-06,-0.030531679195687986,-0.030546293568611334,0.16666666666666666,4.11488712042181e-07,0.9999899606248138,11,0.01114413498336883,5.9498417344625134e-08,1.5174426490474967e-11
-0.4180360721442888,0.38191254717889844,-0.030499500123039102,3.7308878794008684e-06,-0.03049218771716512,-0.030506812528913085,0.16666666666666666,4.11488712042181e-07,0.9999899606248138,11,0.01114413498336883,5.9498417344625134e-08,1.5174426490474967e-11
-0.4098196392785573,0.38920674640532754,-0.03045928780311709,3.7337594059662467e-06,-0.030451969769154458,-0.03046660583707972,0.16666666666666666,4.11488712042181e-07,0.9999899606248138,11,0.01114413498336883,5.9498417344625134e-08,1.5174426490474967e-11
-0.4016032064128259,0.39664025852579093,-0.030418329128751465,3.7360506556582364e-06,-0.03041100660402196,-0.030425651653480972,0.16666666666666666,4.11488712042181e-07,0.9999899606248138,11,0.01114413498336883,5.9498417344625134e-08,1.5174426490474967e-11
-0.3933867735470944,0.40421574429602647,-0.030376601601794787,3.7372131933960932e-06,-0.030369276798533185,-0.03038392640505639,0.16666666666666666,4.11488712042181e-07,0.9999899606248138,11,0.01114413498336883,5.9498417344625134e-08,1.5174426490474967e-11
-0.3851703406813629,0.41193591528990436,-0.03033408051412302,3.736982681056273e-06,-0.0303267561626573,-0.030341404865588742,0.16666666666666666,4.11488712042181e-07,0.9999899606248138,11,0.01114413498336883,5.9498417344625134e-08,1.5174426490474967e-11
-0.3769539078156314,0.41980353487000965,-0.030290738938510836,3.7353933628649817e-06,-0.03028341770205153,-0.03029806017497014,0.16666666666666666,4.11488712042181e-07,0.9999899606248138,11,0.01114413498336883,5.9498417344625134e-08,1.5174426490474967e-11
-0.3687374749499,0.4278214191767614,-0.03024654771535225,3.7327641855106597e-06,-0.030239231631985865,-0.030253863798718632,0.16666666666666666,4.11488712042181e-07,0.9999899606248138,11,0.01114413498336883,5.9498417344625134e-08,1.5174426490474967e-11
-0.3605210420841686,0.4359924381364247,-0.030201475435188474,3.729656317448353e-06,-0.030194165443131565,-0.030208785427245383,0.16666666666666666,4.11488712042181e-07,0.9999899606248138,11,0.01114413498336883,5.9498417344625134e-08,1.5174426490474967e-11
-0.3523046092184371,0.4443195164883728,-0.030155488417444157,3.7268008472854796e-06,-0.030148184022005923,-0.03016279281288239,0.16666666666666666,4.11488712042181e-07,0.9999899606248138,11,0.01114413498336883,5.9498417344625134e-08,1.5174426490474967e-11
-0.3440881763527056,0.45280563483197034,-0.030108550686249336,3.7249949939925336e-06,-0.03010124983021852,-0.030115851542280154,0.16666666666666666,4.11488712042181e-07,0.9999899606248138,11,0.01114413498336883,5.9498417344625134e-08,1.5174426490474967e-11
-0.3358717434869741,0.46145383069345103,-0.030060627092479694,3.7248515669247736e-06,-0.030053326517560763,-0.030067927667398624,0.16666666666666666,4.11488712042181e-07,0.9999899606248138,11,0.01114413498336883,5.9498417344625134e-08,1.5174426490474967e-11
-0.3276553106212427,0.47026719961317126,-0.030011703611467152,3.725965159229449e-06,-0.03000440085394741,-0.030019006368986894,0.16666666666666666,4.11488712042181e-07,0.9999899606248138,11,0.01114413498336883,5.9498417344625134e-08,1.5174426490474967e-11
-0.3194388777555113,0.47924889625363026,-0.029961774469193476,3.7275023244557417e-06,-0.029954468698885253,-0.0299690802395017,0.16666666666666666,4.11488712042181e-07,0.9999899606248138,11,0.01114413498336883,5.9498417344625134e-08,1.5174426490474967e-11
-0.3112224448897798,0.4884021355286512,-0.029910831600606355,3.728747107982404e-06,-0.029903523390567253,-0.029918139810645457,0.16666666666666666,4.11488712042181e-07,0.9999899606248138,11,0.01114413498336883,5.9498417344625134e-08,1.5174426490474967e-11
-0.3030060120240483,0.4977301937541296,-0.029858864602331323,3.7292118111660633e-06,-0.029851555481490717,-0.029866173723171928,0.16666666666666666,4.11488712042181e-07,0.9999899606248138,11,0.01114413498336883,5.9498417344625134e-08,1.5174426490474967e-11
-0.2947895791583168,0.50723640982076,-0.029805860734845365,3.72869947109477e-06,-0.029798552618172845,-0.029813168851517885,0.16666666666666666,4.11488712042181e-07,0.9999899606248138,11,0.01114413498336883,5.9498417344625134e-08,1.5174426490474967e-11
-0.2865731462925854,0.5169241863891598,-0.029751804921450332,3.727321512123514e-06,-0.02974449950552777,-0.029759110337372895,0.16666666666666666,4.11488712042181e-07,0.9999899606248138,11,0.01114413498336883,5.9498417344625134e-08,1.5174426490474967e-11
-0.278356713426854,0.5267969911078207,-0.02969667974364028,3.725471251665381e-06,-0.02968937795416158,-0.029703981533118984,0.16666666666666666,4.11488712042181e-07,0.9999899606248138,11,0.01114413498336883,5.9498417344625134e-08,1.5174426490474967e-11
-0.2701402805611225,0.5368583578543202,-0.029640465433001202,3.7237527393381788e-06,-0.029633167011744767,-0.029647763854257637,0.16666666666666666,4.11488712042181e-07,0.9999899606248138,11,0.01114413498336883,5.9498417344625134e-08,1.5174426490474967e-11
-0.261923847695391,0.5471118880002395,-0.029583140033046462,3.7228626793735794e-06,-0.029575843356275503,-0.02959043670981742,0.16666666666666666,4.11488712042181e-07,0.9999899606248138,11,0.01114413498336883,5.9498417344625134e-08,1.5174426490474967e-11
-0.2537074148296595,0.5575612517002411,-0.02952474397487113,3.7231164715041588e-06,-0.029517446800676736,-0.029532041149065526,0.16666666666666666,4.11488712042181e-07,0.9999899606248138,11,0.01114413498336883,5.9498417344625134e-08,1.5174426490474967e-11
-0.2454909819639281,0.568210189205766,-0.02946547697825452,3.7239286981491885e-06,-0.029458178212125152,-0.029472775744383888,0.16666666666666666,4.11488712042181e-07,0.9999899606248138,11,0.01114413498336883,5.9498417344625134e-08,1.5174426490474967e-11
-0.2372745490981966,0.579062512203822,-0.029405561366631174,3.724649534310757e-06,-0.02939826118768889,-0.029412861545573456,0.16666666666666666,4.11488712042181e-07,0.9999899606248138,11,0.01114413498336883,5.9498417344625134e-08,1.5174426490474967e-11
-0.2290581162324652,0.59012210518134,-0.029345217433711875,3.724831819050543e-06,-0.029337916897498068,-0.029352517969925683,0.16666666666666666,4.11488712042181e-07,0.9999899606248138,11,0.01114413498336883,5.9498417344625134e-08,1.5174426490474967e-11
-0.2208416833667337,0.601392926815591,-0.029284663605625892,3.7243130678594358e-06,-0.029277364086145737,-0.029291963125106048,0.16666666666666666,4.11488712042181e-07,0.9999899606248138,11,0.01114413498336883,5.9498417344625134e-08,1.5174426490474967e-11
-0.2126252505010022,0.6128790113911561,-0.029224116600579664,3.723237144563908e-06,-0.029216819189870416,-0.02923141401128891,0.16666666666666666,4.11488712042181e-07,0.9999899606248138,11,0.01114413498336883,5.9498417344625134e-08,1.5174426490474967e-11
-0.2044088176352707,0.6245844702439616,-0.02916379158577474,3.722016145608446e-06,-0.02915649656817947,-0.02917108660337001,0.16666666666666666,4.11488712042181e-07,0.9999899606248138,11,0.01114413498336883,5.9498417344625134e-08,1.5174426490474967e-11
-0.1961923847695393,0.6365134932328925,-0.02910390233186724,3.7212318716018387e-06,-0.029096608851420777,-0.029111195812313702,0.16666666666666666,4.11488712042181e-07,0.9999899606248138,11,0.01114413498336883,5.9498417344625134e-08,1.5174426490474967e-11
-0.1879759519038079,0.6486703502395137,-0.02904463517335344,3.721284412667522e-06,-0.029037341589928378,-0.0290519287567785,0.16666666666666666,4.11488712042181e-07,0.9999899606248138,11,0.01114413498336883,5.9498417344625134e-08,1.5174426490474967e-11
-0.1797595190380764,0.6610593926964333,-0.02898607440216228,3.7217459826211106e-06,-0.028978779914076734,-0.028993368890247825,0.16666666666666666,4.11488712042181e-07,0.9999899606248138,11,0.01114413498336883,5.9498417344625134e-08,1.5174426490474967e-11
-0.1715430861723449,0.6736850551448572,-0.028928278960964116,3.7220736374111806e-06,-0.028920983830686985,-0.028935574091241246,0.16666666666666666,4.11488712042181e-07,0.9999899606248138,11,0.01114413498336883,5.9498417344625134e-08,1.5174426490474967e-11
-0.1633266533066134,0.6865518568218915,-0.028871306801019014,3.721941025034111e-06,-0.028864011930657366,-0.028878601671380663,0.16666666666666666,4.11488712042181e-07,0.9999899606248138,11,0.01114413498336883,5.9498417344625134e-08,1.5174426490474967e-11
-0.155110220440882,0.6996644032781603,-0.028815214931259932,3.7213128062933905e-06,-0.028807921292184388,-0.028822508570335477,0.16666666666666666,4.11488712042181e-07,0.9999899606248138,11,0.01114413498336883,5.9498417344625134e-08,1.5174426490474967e-11
-0.1468937875751506,0.7130273880263206,-0.028760059465497846,3.720444238573636e-06,-0.02875276752878375,-0.02876735140221194,0.16666666666666666,4.11488712042181e-07,0.9999899606248138,11,0.01114413498336883,5.9498417344625134e-08,1.5174426490474967e-11
-0.1386773547094191,0.7266455942210599,-0.028705895667627584,3.719805988736075e-06,-0.028698604981860186,-0.02871318635339498,0.16666666666666666,4.11488712042181e-07,0.9999899606248138,11,0.01114413498336883,5.9498417344625134e-08,1.5174426490474967e-11
-0.1304609218436876,0.7405238963711813,-0.028652761707945198,3.719786159063042e-06,-0.028645471061043242,-0.028660052354847153,0.16666666666666666,4.11488712042181e-07,0.9999899606248138,11,0.01114413498336883,5.9498417344625134e-08,1.5174426490474967e-11
-0.1222444889779561,0.7546672620843887,-0.02860062026797727,3.7200456408641103e-06,-0.02859332911250033,-0.02860791142345421,0.16666666666666666,4.11488712042181e-07,0.9999899606248138,11,0.01114413498336883,5.9498417344625134e-08,1.5174426490474967e-11
-0.1140280561122246,0.7690807538453952,-0.028549411826805416,3.720135596254878e-06,-0.02854212049501915,-0.02855670315859168,0.16666666666666666,4.11488712042181e-07,0.9999899606248138,11,0.01114413498336883,5.9498417344625134e-08,1.5174426490474967e-11
-0.1058116232464932,0.783769530827991,-0.028499076035052032,3.719840385041452e-06,-0.028491785281869113,-0.02850636678823495,0.16666666666666666,4.11488712042181e-07,0.9999899606248138,11,0.01114413498336883,5.9498417344625134e-08,1.5174426490474967e-11
-0.0975951903807617,0.7987388507417227,-0.02844955168175666,3.7192350659758666e-06,-0.028442262114977312,-0.02845684124853601,0.16666666666666666,4.11488712042181e-07,0.9999899606248138,11,0.01114413498336883,5.9498417344625134e-08,1.5174426490474967e-11
-0.0893787575150304,0.8139940717138392,-0.02840077665789932,3.7186542098941253e-06,-0.02839348822957697,-0.028408065086221672,0.16666666666666666,4.11488712042181e-07,0.9999899606248138,11,0.01114413498336883,5.9498417344625134e-08,1.5174426490474967e-11
-0.0811623246492989,0.829540654207185,-0.02835271416169859,3.718510562579634e-06,-0.0283454260149198,-0.028360002308477378,0.16666666666666666,4.11488712042181e-07,0.9999899606248138,11,0.01114413498336883,5.9498417344625134e-08,1.5174426490474967e-11
-0.0729458917835674,0.8453841629747193,-0.028305571790140184,3.7186410723030673e-06,-0.028298283387567038,-0.02831286019271333,0.16666666666666666,4.11488712042181e-07,0.9999899606248138,11,0.01114413498336883,5.9498417344625134e-08,1.5174426490474967e-11
-0.0647294589178359,0.8615302690513682,-0.028259690219733465,3.7186444290737893e-06,-0.028252401810581168,-0.02826697862888576,0.16666666666666666,4.11488712042181e-07,0.9999899606248138,11,0.01114413498336883,5.9498417344625134e-08,1.5174426490474967e-11
-0.0565130260521045,0.8779847517839182,-0.028215410918652956,3.7183430542697505e-06,-0.02820812310018442,-0.02822269873712149,0.16666666666666666,4.11488712042181e-07,0.9999899606248138,11,0.01114413498336883,5.9498417344625134e-08,1.5174426490474967e-11
-0.048296593186373,0.8947535008996794,-0.028173075038063586,3.7178423442318093e-06,-0.028165788200968694,-0.028180361875158478,0.16666666666666666,4.11488712042181e-07,0.9999899606248138,11,0.01114413498336883,5.9498417344625134e-08,1.5174426490474967e-11
-0.0400801603206415,0.9118425186146568,-0.02813302277860427,3.7174842206997885e-06,-0.0281257366434186,-0.028140308913789935,0.16666666666666666,4.11488712042181e-07,0.9999899606248138,11,0.01114413498336883,5.9498417344625134e-08,1.5174426490474967e-11
-0.03186372745491,0.9292579217819882,-0.02809526252663239,3.7174802911036922e-06,-0.02808797639914859,-0.02810254865411619,0.16666666666666666,4.11488712042181e-07,0.9999899606248138,11,0.01114413498336883,5.9498417344625134e-08,1.5174426490474967e-11
-0.0236472945891785,0.9470059440814136,-0.028058972825908413,3.7175024833021856e-06,-0.0280516866549287,-0.028066258996888124,0.16666666666666666,4.11488712042181e-07,0.9999899606248138,11,0.01114413498336883,5.9498417344625134e-08,1.5174426490474967e-11
-0.015430861723447,0.9650929382505626,-0.028023204246838743,3.7173051908961917e-06,-0.028015918462545045,-0.028030490031132442,0.16666666666666666,4.11488712042181e-07,0.9999899606248138,11,0.01114413498336883,5.9498417344625134e-08,1.5174426490474967e-11
-0.0072144288577156,0.9835253783588568,-0.027987006324835112,3.7169106981717817e-06,-0.027979721313732945,-0.02799429133593728,0.16666666666666666,4.11488712042181e-07,0.9999899606248138,11,0.01114413498336883,5.9498417344625134e-08,1.5174426490474967e-11
0.0010020040080156,1.0023098621248416,-0.02794942636940054,3.7165923025726984e-06,-0.02794214198234228,-0.0279567107564588,0.16666666666666666,4.11488712042181e-07,0.9999899606248138,11,0.01114413498336883,5.9498417344625134e-08,1.5174426490474967e-11
0.0092184368737471,1.0214531132777804,-0.027909092601136713,3.716556727076364e-06,-0.027901808283805143,-0.027916376918468284,0.16666666666666666,4.11488712042181e-07,0.9999899606248138,11,0.01114413498336883,5.9498417344625134e-08,1.5174426490474967e-11
0.0174348697394786,1.0409619839643451,-0.027863468335605497,3.7165232795328068e-06,-0.027856184083829907,-0.027870752587381087,0.16666666666666666,4.11488712042181e-07,0.9999899606248138,11,0.01114413498336883,5.9498417344625134e-08,1.5174426490474967e-11
0.02565130260521,1.0608434572012815,-0.02780981106392096,3.7162991391266126e-06,-0.027802527251452495,-0.027817094876389423,0.16666666666666666,4.11488712042181e-07,0.9999899606248138,11,0.01114413498336883,5.9498417344625134e-08,1.5174426490474967e-11
0.0338677354709415,1.0811046493749135,-0.027745371347493542,3.7159574186274286e-06,-0.027738088204784947,-0.027752654490202137,0.16666666666666666,4.11488712042181e-07,0.9999899606248138,11,0.01114413498336883,5.9498417344625134e-08,1.5174426490474967e-11
0.042084168336673,1.101752812788386,-0.027667539773328725,3.7157773108120455e-06,-0.027660256983624964,-0.027674822563032487,0.16666666666666666,4.11488712042181e-07,0.9999899606248138,11,0.01114413498336883,5.9498417344625134e-08,1.5174426490474967e-11
0.0503006012024045,1.1227953382575593,-0.02757677944411612,3.7157490352633704e-06,-0.027569496709831415,-0.02758406217840083,0.16666666666666666,4.11488712042181e-07,0.9999899606248138,11,0.01114413498336883,5.9498417344625134e-08,1.5174426490474967e-11
0.058517034068136,1.1442397577564816,-0.027476448161192404,3.715612580654308e-06,-0.027469165694353818,-0.02748373062803099,0.16666666666666666,4.11488712042181e-07,0.9999899606248138,11,0.01114413498336883,5.9498417344625134e-08,1.5174426490474967e-11
0.0667334669338675,1.1660937471133888,-0.02737000895422781,3.7153313164850347e-06,-0.027362727038656866,-0.027377290869798752,0.16666666666666666,4.11488712042181e-07,0.9999899606248138,11,0.01114413498336883,5.9498417344625134e-08,1.5174426490474967e-11
0.0749498997995989,1.188365128758194,-0.027260920285593286,3.715115179886046e-06,-0.02725363879364229,-0.02726820177754428,0.16666666666666666,4.11488712042181e-07,0.9999899606248138,11,0.01114413498336883,5.9498417344625134e-08,1.5174426490474967e-11
0.0831663326653302,1.2110618745224544,-0.027152718340095822,3.715062360342349e-06,-0.02714543695166923,-0.027159999728522413,0.16666666666666666,4.11488712042181e-07,0.9999899606248138,11,0.01114413498336883,5.9498417344625134e-08,1.5174426490474967e-11
0.0913827655310617,1.2341921084928127,-0.027049078682535206,3.714939445607141e-06,-0.027041797535017068,-0.027056359830053344,0.16666666666666666,4.11488712042181e-07,0.9999899606248138,11,0.01114413498336883,5.9498417344625134e-08,1.5174426490474967e-11
0.0995991983967932,1.257764109918936,-0.026953692709610035,3.714692807419707e-06,-0.02694641204549386,-0.02696097337372621,0.16666666666666666,4.11488712042181e-07,0.9999899606248138,11,0.01114413498336883,5.9498417344625134e-08,1.5174426490474967e-11
0.1078156312625246,1.2817863161769967,-0.02687025630297806,3.714509771130569e-06,-0.026862975997606422,-0.0268775366083497,0.16666666666666666,4.11488712042181e-07,0.9999899606248138,11,0.01114413498336883,5.9498417344625134e-08,1.5174426490474967e-11
0.1160320641282561,1.306267325789753,-0.026802473819042685,3.714445411344856e-06,-0.02679519363981391,-0.02680975399827146,0.16666666666666666,4.11488712042181e-07,0.9999899606248138,11,0.01114413498336883,5.9498417344625134e-08,1.5174426490474967e-11
0.1242484969939876,1.3312159015043068,-0.0267540612283276,3.714297576435276e-06,-0.02674678133884992,-0.026761341117805277,0.16666666666666666,4.11488712042181e-07,0.9999899606248138,11,0.01114413498336883,5.9498417344625134e-08,1.5174426490474967e-11
0.1324649298597191,1.3566409734286482,-0.02672874683540932,3.714070835226819e-06,-0.026721467390336245,-0.026736026280482394,0.16666666666666666,4.11488712042181e-07,0.9999899606248138,11,0.01114413498336883,5.9498417344625134e-08,1.5174426490474967e-11
0.1406813627254506,1.3825516422281035,-0.026729582925933425,3.7139535842131433e-06,-0.026722303710668114,-0.026736862141198737,0.16666666666666666,4.11488712042181e-07,0.9999899606248138,11,0.01114413498336883,5.9498417344625134e-08,1.5174426490474967e-11
0.1488977955911821,1.4089571823828324,-0.02675316696812133,3.7138632204609275e-06,-0.02674588792996572,-0.026760446006276944,0.16666666666666666,4.11488712042181e-07,0.9999899606248138,11,0.01114413498336883,5.9498417344625134e-08,1.5174426490474967e-11
0.1571142284569135,1.4358670455075404,-0.026792573692839147,3.713676422489657e-06,-0.02678529502080083,-0.026799852364877464,0.16666666666666666,4.11488712042181e-07,0.9999899606248138,11,0.01114413498336883,5.9498417344625134e-08,1.5174426490474967e-11
0.165330661322645,1.4632908637345976,-0.026840864717364864,3.713510427899489e-06,-0.026833586370669966,-0.026848143064059762,0.16666666666666666,4.11488712042181e-07,0.9999899606248138,11,0.01114413498336883,5.9498417344625134e-08,1.5174426490474967e-11
0.1735470941883763,1.4912384531617662,-0.026891992997460056,3.713429827826555e-06,-0.0268847148087384,-0.02689927118618171,0.16666666666666666,4.11488712042181e-07,0.9999899606248138,11,0.01114413498336883,5.9498417344625134e-08,1.5174426490474967e-11
0.1817635270541078,1.5197198173657849,-0.026941348102880645,3.71327929861794e-06,-0.026934070209190815,-0.026948625996570476,0.16666666666666666,4.11488712042181e-07,0.9999899606248138,11,0.01114413498336883,5.9498417344625134e-08,1.5174426490474967e-11
0.1899799599198393,1.5487451509830508,-0.026984449139504516,3.713105385394933e-06,-0.02697717158667834,-0.026991726692330693,0.16666666666666666,4.11488712042181e-07,0.9999899606248138,11,0.01114413498336883,5.9498417344625134e-08,1.5174426490474967e-11
0.1981963927855707,1.5783248433586956,-0.027017711007335795,3.7130194057940958e-06,-0.02701043362302654,-0.02702498839164505,0.16666666666666666,4.11488712042181e-07,0.9999899606248138,11,0.01114413498336883,5.9498417344625134e-08,1.5174426490474967e-11
0.2064128256513022,1.608469482265355,-0.0270401235733681,3.71288517383365e-06,-0.02703284645214865,-0.027047400694587546,0.16666666666666666,4.11488712042181e-07,0.9999899606248138,11,0.01114413498336883,5.9498417344625134e-08,1.5174426490474967e-11
0.2146292585170337,1.6391898576929596,-0.027051127936044028,3.7127218582932203e-06,-0.027043851134917158,-0.0270584047371709,0.16666666666666666,4.11488712042181e-07,0.9999899606248138,11,0.01114413498336883,5.9498417344625134e-08,1.5174426490474967e-11
0.2228456913827652,1.670496965710913,-0.02705050686567857,3.712633747636471e-06,-0.027043230237245412,-0.027057783494111726,0.16666666666666666,4.11488712042181e-07,0.9999899606248138,11,0.01114413498336883,5.9498417344625134e-08,1.5174426490474967e-11
0.2310621242484967,1.7024020124040296,-0.027039103447691826,3.7125008509371233e-06,-0.027031827079731414,-0.02704637981565224,0.16666666666666666,4.11488712042181e-07,0.9999899606248138,11,0.01114413498336883,5.9498417344625134e-08,1.5174426490474967e-11
0.2392785571142281,1.7349164178836476,-0.02701795355786414,3.7123562232554223e-06,-0.02701067747336878,-0.027025229642359504,0.16666666666666666,4.11488712042181e-07,0.9999899606248138,11,0.01114413498336883,5.9498417344625134e-08,1.5174426490474967e-11
0.2474949899799596,1.768051820375352,-0.026987847355380953,3.7122673263170032e-06,-0.026980571445120387,-0.02699512326564152,0.16666666666666666,4.11488712042181e-07,0.9999899606248138,11,0.01114413498336883,5.9498417344625134e-08,1.5174426490474967e-11
0.2557114228456911,1.801820080384765,-0.026949084175226748,3.712128270465688e-06,-0.02694180853751064,-0.026956359812942855,0.16666666666666666,4.11488712042181e-07,0.9999899606248138,11,0.01114413498336883,5.9498417344625134e-08,1.5174426490474967e-11
0.2639278557114224,1.8362332849429048,-0.02690187592810325,3.712011053362803e-06,-0.026894600520128445,-0.026909151336078053,0.16666666666666666,4.11488712042181e-07,0.9999899606248138,11,0.01114413498336883,5.9498417344625134e-08,1.5174426490474967e-11
0.2721442885771539,1.8713037519326252,-0.026845979548325023,3.7119119409699303e-06,-0.026838704334606937,-0.02685325476204311,0.16666666666666666,4.11488712042181e-07,0.9999899606248138,11,0.01114413498336883,5.9498417344625134e-08,1.5174426490474967e-11
0.2803607214428854,1.907044034497683,-0.026780722027625475,3.711772998049903e-06,-0.026773447086230508,-0.02678799696902044,0.16666666666666666,4.11488712042181e-07,0.9999899606248138,11,0.01114413498336883,5.9498417344625134e-08,1.5174426490474967e-11
0.2885771543086168,1.9434669255360189,-0.026705513042669857,3.7116815455013387e-06,-0.026698238280518594,-0.02671278780482112,0.16666666666666666,4.11488712042181e-07,0.9999899606248138,11,0.01114413498336883,5.9498417344625134e-08,1.5174426490474967e-11
0.2967935871743483,1.9805854622788575,-0.026620261038730178,3.711561694035046e-06,-0.026612986511483472,-0.026627535565976884,0.16666666666666666,4.11488712042181e-07,0.9999899606248138,11,0.01114413498336883,5.9498417344625134e-08,1.5174426490474967e-11
0.3050100200400798,2.018412930957258,-0.026525033648021664,3.7114506314817476e-06,-0.026517759338453562,-0.026532307957589766,0.16666666666666666,4.11488712042181e-07,0.9999899606248138,11,0.01114413498336883,5.9498417344625134e-08,1.5174426490474967e-11
0.3132264529058113,2.056962871557797,-0.026420315872763313,3.711352807753195e-06,-0.026413041754926196,-0.02642758999060043,0.16666666666666666,4.11488712042181e-07,0.9999899606248138,11,0.01114413498336883,5.9498417344625134e-08,1.5174426490474967e-11
0.3214428857715428,2.0962490826690803,-0.02630702777725006,3.711231109162904e-06,-0.026299753897937796,-0.026314301656562324,0.16666666666666666,4.11488712042181e-07,0.9999899606248138,11,0.01114413498336883,5.9498417344625134e-08,1.5174426490474967e-11
0.3296593186372742,2.1362856264208165,-0.026185921348668224,3.7111427341177568e-06,-0.026178647642567866,-0.02619319505476858,0.16666666666666666,4.11488712042181e-07,0.9999899606248138,11,0.01114413498336883,5.9498417344625134e-08,1.5174426490474967e-11
0.3378757515030057,2.1770868335172255,-0.02605725398029772,3.7110246014675117e-06,-0.0260499805057331,-0.02606452745486234,0.16666666666666666,4.11488712042181e-07,0.9999899606248138,11,0.01114413498336883,5.9498417344625134e-08,1.5174426490474967e-11
0.3460921843687372,2.218667308366577,-0.025921035671565038,3.7109355532916754e-06,-0.02591376237153164,-0.025928308971598438,0.16666666666666666,4.11488712042181e-07,0.9999899606248138,11,0.01114413498336883,5.9498417344625134e-08,1.5174426490474967e-11
0.3543086172344685,2.261041934308703,-0.025776364685143473,3.7108257936746384e-06,-0.025769091600234967,-0.02578363777005198,0.16666666666666666,4.11488712042181e-07,0.9999899606248138,11,0.01114413498336883,5.9498417344625134e-08,1.5174426490474967e-11
0.3625250501002,2.3042258789423493,-0.025622150705378297,3.710734239791907e-06,-0.025614877799912106,-0.025629423610844488,0.16666666666666666,4.11488712042181e-07,0.9999899606248138,11,0.01114413498336883,5.9498417344625134e-08,1.5174426490474967e-11
0.3707414829659314,2.3482345995542735,-0.0254585761671006,3.7106313438933157e-06,-0.025451303463306665,-0.025465848870894536,0.16666666666666666,4.11488712042181e-07,0.9999899606248138,11,0.01114413498336883,5.9498417344625134e-08,1.5174426490474967e-11
0.3789579158316629,2.393083848652037,-0.02528651709525843,3.7105396670843157e-06,-0.02527924457114774,-0.025293789619369123,0.16666666666666666,4.11488712042181e-07,0.9999899606248138,11,0.01114413498336883,5.9498417344625134e-08,1.5174426490474967e-11
0.3871743486973944,2.438789679602465,-0.025106848141986042,3.710440929771614e-06,-0.025099575811396928,-0.025114120472575156,0.16666666666666666,4.11488712042181e-07,0.9999899606248138,11,0.01114413498336883,5.9498417344625134e-08,1.5174426490474967e-11
0.3953907815631259,2.485368452377799,-0.024920367109293146,3.710351584641823e-06,-0.02491309495381727,-0.024927639264769024,0.16666666666666666,4.11488712042181e-07,0.9999899606248138,11,0.01114413498336883,5.9498417344625134e-08,1.5174426490474967e-11
0.4036072144288574,2.532836839411596,-0.02472703709121368,3.7102548405817778e-06,-0.024719765125352674,-0.024734309057074685,0.16666666666666666,4.11488712042181e-07,0.9999899606248138,11,0.01114413498336883,5.9498417344625134e-08,1.5174426490474967e-11
0.4118236472945888,2.5812118315664674,-0.024526325233699808,3.7101693053808146e-06,-0.024519053435484717,-0.0245335970319149,0.16666666666666666,4.11488712042181e-07,0.9999899606248138,11,0.01114413498336883,5.9498417344625134e-08,1.5174426490474967e-11
0.4200400801603203,2.6305107442158007,-0.024318179918109084,3.710073602162063e-06,-0.024310908307468855,-0.024325451528749313,0.16666666666666666,4.11488712042181e-07,0.9999899606248138,11,0.01114413498336883,5.9498417344625134e-08,1.5174426490474967e-11
0.4282565130260518,2.6807512234416326,-0.024102833612884796,3.7099918552928445e-06,-0.024095562162465483,-0.024110105063304108,0.16666666666666666,4.11488712042181e-07,0.9999899606248138,11,0.01114413498336883,5.9498417344625134e-08,1.5174426490474967e-11
0.4364729458917831,2.7319512523508975,-0.02388065963420881,3.709898603063073e-06,-0.02387338836656051,-0.023887930901857108,0.16666666666666666,4.11488712042181e-07,0.9999899606248138,11,0.01114413498336883,5.9498417344625134e-08,1.5174426490474967e-11
0.4446893787575146,2.7841291575123153,-0.023652068909117085,3.7098180520476213e-06,-0.023644797799345876,-0.023659340018888295,0.16666666666666666,4.11488712042181e-07,0.9999899606248138,11,0.01114413498336883,5.9498417344625134e-08,1.5174426490474967e-11
0.452905811623246,2.8373036155162095,-0.023417442490398725,3.7097307952287982e-06,-0.02341017155164774,-0.023424713429149712,0.16666666666666666,4.11488712042181e-07,0.9999899606248138,11,0.01114413498336883,5.9498417344625134e-08,1.5174426490474967e-11
0.4611222444889775,2.8914936596596204,-0.023177126250380983,3.709647416289102e-06,-0.023169855475049714,-0.02318439702571225,0.16666666666666666,4.11488712042181e-07,0.9999899606248138,11,0.01114413498336883,5.9498417344625134e-08,1.5174426490474967e-11
0.469338677354709,2.9467186867590924,-0.022931425927177493,3.709567723123321e-06,-0.022924155308041958,-0.022938696546313028,0.16666666666666666,4.11488712042181e-07,0.9999899606248138,11,0.01114413498336883,5.9498417344625134e-08,1.5174426490474967e-11
0.4775551102204405,3.0029984640935834,-0.022680660020388925,3.709482584279956e-06,-0.022673389568122457,-0.022687930472655393,0.16666666666666666,4.11488712042181e-07,0.9999899606248138,11,0.01114413498336883,5.9498417344625134e-08,1.5174426490474967e-11
0.485771543086172,3.0603531364799763,-0.022425193354826376,3.7094060687854803e-06,-0.022417923052527523,-0.02243246365712523,0.16666666666666666,4.11488712042181e-07,0.9999899606248138,11,0.01114413498336883,5.9498417344625134e-08,1.5174426490474967e-11
0.4939879759519034,3.118803233483727,-0.022165522932178047,3.7093268317054635e-06,-0.022158252785181017,-0.022172793079175076,0.16666666666666666,4.11488712042181e-07,0.9999899606248138,11,0.01114413498336883,5.9498417344625134e-08,1.5174426490474967e-11
0.502204408817635,3.178369676767228,-0.02190233204507656,3.709246776593974e-06,-0.021895062054984666,-0.021909602035168455,0.16666666666666666,4.11488712042181e-07,0.9999899606248138,11,0.01114413498336883,5.9498417344625134e-08,1.5174426490474967e-11
0.5104208416833664,3.239073787578522,-0.021636532947141074,3.7091731086510328e-06,-0.021629263101435692,-0.021643802792846455,0.16666666666666666,4.11488712042181e-07,0.9999899606248138,11,0.01114413498336883,5.9498417344625134e-08,1.5174426490474967e-11
0.5186372745490979,3.30093729438304,-0.021369328335107223,3.7090970524152207e-06,-0.021362058638469326,-0.02137659803174512,0.16666666666666666,4.11488712042181e-07,0.9999899606248138,11,0.01114413498336883,5.9498417344625134e-08,1.5174426490474967e-11
0.5268537074148292,3.3639823406411025,-0.0211021403480137,3.709020603573623e-06,-0.02109487080121278,-0.02110940989481462,0.16666666666666666,4.11488712042181e-07,0.9999899606248138,11,0.01114413498336883,5.9498417344625134e-08,1.5174426490474967e-11
0.5350701402805607,3.428231492733967,-0.020836526215995313,3.7089491358868353e-06,-0.020829256809268483,-0.020843795622722143,0.16666666666666666,4.11488712042181e-07,0.9999899606248138,11,0.01114413498336883,5.9498417344625134e-08,1.5174426490474967e-11
0.5432865731462921,3.4937077480412437,-0.02057393801292623,3.708877413797384e-06,-0.020566668746772113,-0.020581207279080346,0.16666666666666666,4.11488712042181e-07,0.9999899606248138,11,0.01114413498336883,5.9498417344625134e-08,1.5174426490474967e-11
0.5515030060120236,3.5604345431725952,-0.020315282599021833,3.7088045214866956e-06,-0.020308013475734018,-0.020322551722309647,0.16666666666666666,4.11488712042181e-07,0.9999899606248138,11,0.01114413498336883,5.9498417344625134e-08,1.5174426490474967e-11
0.5597194388777551,3.6284357623566525,-0.02006132570923698,3.7087338747799306e-06,-0.020054056724414168,-0.02006859469405979,0.16666666666666666,4.11488712042181e-07,0.9999899606248138,11,0.01114413498336883,5.9498417344625134e-08,1.5174426490474967e-11
0.5679358717434866,3.6977357459901468,-0.01981326368943165,3.708665918333996e-06,-0.019805994837801023,-0.019820532541062273,0.16666666666666666,4.11488712042181e-07,0.9999899606248138,11,0.01114413498336883,5.9498417344625134e-08,1.5174426490474967e-11
0.5761523046092181,3.7683592993503265,-0.019571658175545282,3.7085978900236493e-06,-0.019564389457247693,-0.01957892689384287,0.16666666666666666,4.11488712042181e-07,0.9999899606248138,11,0.01114413498336883,5.9498417344625134e-08,1.5174426490474967e-11
0.5843687374749496,3.8403317014737737,-0.019336639840940004,3.7085296902017947e-06,-0.019329371256311612,-0.019343908425568396,0.16666666666666666,4.11488712042181e-07,0.9999899606248138,11,0.01114413498336883,5.9498417344625134e-08,1.5174426490474967e-11
0.592585170340681,3.913678714204797,-0.019108099813437467,3.708462482184501e-06,-0.01910083136053437,-0.019115368266340565,0.16666666666666666,4.11488712042181e-07,0.9999899606248138,11,0.01114413498336883,5.9498417344625134e-08,1.5174426490474967e-11
0.6008016032064125,3.9884265914166415,-0.018885633061607187,3.708397290584502e-06,-0.018878364736477277,-0.018892901386737097,0.16666666666666666,4.11488712042181e-07,0.9999899606248138,11,0.01114413498336883,5.9498417344625134e-08,1.5174426490474967e-11
0.6090180360721438,4.064602088408812,-0.018668501848659116,3.708333396712744e-06,-0.018661233648758893,-0.01867577004855934,0.16666666666666666,4.11488712042181e-07,0.9999899606248138,11,0.01114413498336883,5.9498417344625134e-08,1.5174426490474967e-11
0.6172344689378753,4.142232471483892,-0.018456896129802728,3.7082700700528e-06,-0.018449628054020478,-0.018464164205584978,0.16666666666666666,4.11488712042181e-07,0.9999899606248138,11,0.01114413498336883,5.9498417344625134e-08,1.5174426490474967e-11
0.6254509018036067,4.221345527707245,-0.018251521344185735,3.70820724544162e-06,-0.01824425339153746,-0.01825878929683401,0.16666666666666666,4.11488712042181e-07,0.9999899606248138,11,0.01114413498336883,5.9498417344625134e-08,1.5174426490474967e-11
0.6336673346693382,4.301969574853144,-0.018053876146274173,3.708145089766988e-06,-0.01804660831544878,-0.018061143977099566,0.16666666666666666,4.11488712042181e-07,0.9999899606248138,11,0.01114413498336883,5.9498417344625134e-08,1.5174426490474967e-11
0.6418837675350697,4.38413347154085,-0.01786590285920584,3.7080837776408414e-06,-0.017858635148550007,-0.017873170569861676,0.16666666666666666,4.11488712042181e-07,0.9999899606248138,11,0.01114413498336883,5.9498417344625134e-08,1.5174426490474967e-11
0.6501002004008012,4.4678666275642795,-0.01768902043099101,3.708023411134868e-06,-0.017681752838651355,-0.017696288023330665,0.16666666666666666,4.11488712042181e-07,0.9999899606248138,11,0.01114413498336883,5.9498417344625134e-08,1.5174426490474967e-11
0.6583166332665327,4.553199014418969,-0.01752425325156029,3.7079640188915475e-06,-0.017516985775627294,-0.017531520727493286,0.16666666666666666,4.11488712042181e-07,0.9999899606248138,11,0.01114413498336883,5.9498417344625134e-08,1.5174426490474967e-11
0.6665330661322642,4.640161176030086,-0.0173719920412793,3.7079055893917086e-06,-0.017364724679866016,-0.017379259402692582,0.16666666666666666,4.11488712042181e-07,0.9999899606248138,11,0.01114413498336883,5.9498417344625134e-08,1.5174426490474967e-11
0.6747494989979956,4.72878423968534,-0.017231882313168724,3.707848100252736e-06,-0.017224615064432083,-0.017239149561905365,0.16666666666666666,4.11488712042181e-07,0.9999899606248138,11,0.01114413498336883,5.9498417344625134e-08,1.5174426490474967e-11
0.6829659318637271,4.819099927176707,-0.01710369595632951,3.7077915252776836e-06,-0.017096428818477782,-0.01711096309418124,0.16666666666666666,4.11488712042181e-07,0.9999899606248138,11,0.01114413498336883,5.9498417344625134e-08,1.5174426490474967e-11
0.6911823647294586,4.911140566154939,-0.01698654079341633,3.7077358125749727e-06,-0.016979273764759495,-0.016993807822073166,0.16666666666666666,4.11488712042181e-07,0.9999899606248138,11,0.01114413498336883,5.9498417344625134e-08,1.5174426490474967e-11
0.6993987975951899,5.004939101700948,-0.01687931069003678,3.7076808440453854e-06,-0.01687204376911628,-0.016886577610957278,0.16666666666666666,4.11488712042181e-07,0.9999899606248138,11,0.01114413498336883,5.9498417344625134e-08,1.5174426490474967e-11
0.7076152304609213,5.10052910811819,-0.016781218944387295,3.707626431810955e-06,-0.016773952130112818,-0.01678848575866177,0.16666666666666666,4.11488712042181e-07,0.9999899606248138,11,0.01114413498336883,5.9498417344625134e-08,1.5174426490474967e-11
0.7158316633266528,5.19794480095026,-0.016691944504623545,3.707572481524581e-06,-0.016684677796089686,-0.016699211213157403,0.16666666666666666,4.11488712042181e-07,0.9999899606248138,11,0.01114413498336883,5.9498417344625134e-08,1.5174426490474967e-11
0.7240480961923843,5.297221049228036,-0.016611393247923673,3.7075195380456767e-06,-0.016604126643157125,-0.01661865985269022,0.16666666666666666,4.11488712042181e-07,0.9999899606248138,11,0.01114413498336883,5.9498417344625134e-08,1.5174426490474967e-11
0.7322645290581158,5.3983933879507155,-0.016539063124181658,3.7074699418681395e-06,-0.01653179661662183,-0.016546329631741484,0.16666666666666666,4.11488712042181e-07,0.9999899606248138,11,0.01114413498336883,5.9498417344625134e-08,1.5174426490474967e-11
0.7404809619238473,5.501498030805234,-0.01647304721123298,3.7074295762958665e-06,-0.016465780782788222,-0.016480313639677738,0.16666666666666666,4.11488712042181e-07,0.9999899606248138,11,0.01114413498336883,5.9498417344625134e-08,1.5174426490474967e-11
0.7486973947895788,5.606571883128613,-0.01641021389615656,3.707409398554272e-06,-0.016402947507259447,-0.01641748028505367,0.16666666666666666,4.11488712042181e-07,0.9999899606248138,11,0.01114413498336883,5.9498417344625134e-08,1.5174426490474967e-11
0.7569138276553102,5.713652555117879,-0.016348239447917082,3.707424455354451e-06,-0.016340973029509185,-0.01635550586632498,0.16666666666666666,4.11488712042181e-07,0.9999899606248138,11,0.01114413498336883,5.9498417344625134e-08,1.5174426490474967e-11
0.7651302605210417,5.822778375292286,-0.01628591320484496,3.7074863957153006e-06,-0.016278646665036187,-0.016293179744653732,0.16666666666666666,4.11488712042181e-07,0.9999899606248138,11,0.01114413498336883,5.9498417344625134e-08,1.5174426490474967e-11
0.7733466933867732,5.933988404212633,-0.01622347146634115,3.707585475905484e-06,-0.01621620473233877,-0.016230738200343528,0.16666666666666666,4.11488712042181e-07,0.9999899606248138,11,0.01114413498336883,5.9498417344625134e-08,1.5174426490474967e-11
0.7815631262525047,6.047322448462642,-0.01616150630657117,3.707666297307902e-06,-0.016154239414161754,-0.016168773198980586,0.16666666666666666,4.11488712042181e-07,0.9999899606248138,11,0.01114413498336883,5.9498417344625134e-08,1.5174426490474967e-11
0.7897795591182359,6.1628210748973355,-0.016100080691210866,3.707635937606703e-06,-0.01609281385830537,-0.016107347524116362,0.16666666666666666,4.11488712042181e-07,0.9999899606248138,11,0.01114413498336883,5.9498417344625134e-08,1.5174426490474967e-11
0.7979959919839674,6.280525625163577,-0.01603941697317327,3.7075379752035953e-06,-0.016032150332270553,-0.016046683614075984,0.16666666666666666,4.11488712042181e-07,0.9999899606248138,11,0.01114413498336883,5.9498417344625134e-08,1.5174426490474967e-11
0.8062124248496989,6.400478230497903,-0.01597967311331064,3.7074900091865134e-06,-0.01597240656641959,-0.015986939660201687,0.16666666666666666,4.11488712042181e-07,0.9999899606248138,11,0.01114413498336883,5.9498417344625134e-08,1.5174426490474967e-11
0.8144288577154304,6.522721826807022,-0.01592021529812128,3.7075236822011786e-06,-0.015912948685232336,-0.015927481911010222,0.16666666666666666,4.11488712042181e-07,0.9999899606248138,11,0.01114413498336883,5.9498417344625134e-08,1.5174426490474967e-11
0.8226452905811619,6.647300170036307,-0.015861019310913438,3.707575452358322e-06,-0.01585375259655685,-0.015868286025270024,0.16666666666666666,4.11488712042181e-07,0.9999899606248138,11,0.01114413498336883,5.9498417344625134e-08,1.5174426490474967e-11
0.8308617234468934,6.774257851831833,-0.015802546961444137,3.707571995590534e-06,-0.01579528025386269,-0.015809813669025584,0.16666666666666666,4.11488712042181e-07,0.9999899606248138,11,0.01114413498336883,5.9498417344625134e-08,1.5174426490474967e-11
0.8390781563126248,6.903640315501528,-0.015744916796312902,3.7075680122911107e-06,-0.015737650096538578,-0.015752183496087226,0.16666666666666666,4.11488712042181e-07,0.9999899606248138,11,0.01114413498336883,5.9498417344625134e-08,1.5174426490474967e-11
0.8472945891783563,7.035493872281186,-0.015687926949834608,3.707560553404112e-06,-0.015680660264679434,-0.015695193634989783,0.16666666666666666,4.11488712042181e-07,0.9999899606248138,11,0.01114413498336883,5.9498417344625134e-08,1.5174426490474967e-11
0.8555110220440878,7.169865717911131,-0.015630664725620084,3.7075370255003983e-06,-0.015623398086578755,-0.015637931364661413,0.16666666666666666,4.11488712042181e-07,0.9999899606248138,11,0.01114413498336883,5.9498417344625134e-08,1.5174426490474967e-11
0.8637274549098193,7.306803949529495,-0.015572475498667566,3.707557786647897e-06,-0.015565208818935135,-0.015579742178399997,0.16666666666666666,4.11488712042181e-07,0.9999899606248138,11,0.01114413498336883,5.9498417344625134e-08,1.5174426490474967e-11
0.8719438877755508,7.446357582888134,-0.01551278186763086,3.7075801380466444e-06,-0.015505515144090492,-0.015520048591171226,0.16666666666666666,4.11488712042181e-07,0.9999899606248138,11,0.01114413498336883,5.9498417344625134e-08,1.5174426490474967e-11
0.880160320641282,7.588576569897345,-0.015451063833129747,3.707588193776072e-06,-0.01544379709380044,-0.015458330572459053,0.16666666666666666,4.11488712042181e-07,0.9999899606248138,11,0.01114413498336883,5.9498417344625134e-08,1.5174426490474967e-11
0.8883767535070135,7.733511816505708,-0.015386973662333941,3.7075719450643653e-06,-0.015379706954851524,-0.015394240369816358,0.16666666666666666,4.11488712042181e-07,0.9999899606248138,11,0.01114413498336883,5.9498417344625134e-08,1.5174426490474967e-11
0.896593186372745,7.881215200921364,-0.015320728646281586,3.707551333175444e-06,-0.015313461979197729,-0.015327995313365443,0.16666666666666666,4.11488712042181e-07,0.9999899606248138,11,0.01114413498336883,5.9498417344625134e-08,1.5174426490474967e-11
0.9048096192384768,8.03173959218135,-0.015252130995950495,3.7075274646293626e-06,-0.015244864375648128,-0.015259397616252862,0.16666666666666666,4.11488712042181e-07,0.9999899606248138,11,0.01114413498336883,5.9498417344625134e-08,1.5174426490474967e-11
0.913026052104208,8.185138869075539,-0.015180467946374189,3.707526233588462e-06,-0.015173201328484617,-0.01518773456426376,0.16666666666666666,4.11488712042181e-07,0.9999899606248138,11,0.01114413498336883,5.9498417344625134e-08,1.5174426490474967e-11
0.9212424849699392,8.341467939432114,-0.015105244806725879,3.7075357111565056e-06,-0.015097978170260616,-0.015112511443191142,0.16666666666666666,4.11488712042181e-07,0.9999899606248138,11,0.01114413498336883,5.9498417344625134e-08,1.5174426490474967e-11
0.9294589178356708,8.500782759771253,-0.015026630199288075,3.7075553170156946e-06,-0.015019363524396034,-0.015033896874180115,0.16666666666666666,4.11488712042181e-07,0.9999899606248138,11,0.01114413498336883,5.9498417344625134e-08,1.5174426490474967e-11
0.9376753507014022,8.663140355334237,-0.014945957821211197,3.707541901629775e-06,-0.014938691172612829,-0.014953224469809566,0.16666666666666666,4.11488712042181e-07,0.9999899606248138,11,0.01114413498336883,5.9498417344625134e-08,1.5174426490474967e-11
0.945891783567134,8.828598840495143,-0.01486478246894347,3.7075158533785516e-06,-0.014857515871398738,-0.014872049066488204,0.16666666666666666,4.11488712042181e-07,0.9999899606248138,11,0.01114413498336883,5.9498417344625134e-08,1.5174426490474967e-11
0.9541082164328653,8.997217439562275,-0.014784888999378482,3.707506233733562e-06,-0.014777622420687907,-0.014792155578069057,0.16666666666666666,4.11488712042181e-07,0.9999899606248138,11,0.01114413498336883,5.9498417344625134e-08,1.5174426490474967e-11
0.9623246492985968,9.169056507977023,-0.01470839570226236,3.707502178713872e-06,-0.014701129131519478,-0.014715662273005243,0.16666666666666666,4.11488712042181e-07,0.9999899606248138,11,0.01114413498336883,5.9498417344625134e-08,1.5174426490474967e-11
0.970541082164328,9.344177553917449,-0.014637643627706993,3.707540424830637e-06,-0.014630376982003099,-0.014644910273410887,0.16666666666666666,4.11488712042181e-07,0.9999899606248138,11,0.01114413498336883,5.9498417344625134e-08,1.5174426490474967e-11
0.9787575150300598,9.522643260314638,-0.014575227368252598,3.7076034734824366e-06,-0.014567960598975617,-0.01458249413752958,0.16666666666666666,4.11488712042181e-07,0.9999899606248138,11,0.01114413498336883,5.9498417344625134e-08,1.5174426490474967e-11
0.9869739478957912,9.704517507289376,-0.014523763270444499,3.707647611974118e-06,-0.014516496414657663,-0.014531030126231335,0.16666666666666666,4.11488712042181e-07,0.9999899606248138,11,0.01114413498336883,5.9498417344625134e-08,1.5174426490474967e-11
0.9951903807615228,9.889865395017523,-0.01448531460265841,3.7076579574970164e-06,-0.014478047726594723,-0.014492581478722098,0.16666666666666666,4.11488712042181e-07,0.9999899606248138,11,0.01114413498336883,5.9498417344625134e-08,1.5174426490474967e-11
1.003406813627254,10.078753267031942,-0.01446071365792035,3.7076385782276624e-06,-0.014453446819839332,-0.014467980496001369,0.16666666666666666,4.11488712042181e-07,0.9999899606248138,11,0.01114413498336883,5.9498417344625134e-08,1.5174426490474967e-11
1.0116232464929853,10.271248733969596,-0.014449482952869566,3.7075999626692716e-06,-0.014442216190473652,-0.01445674971526548,0.16666666666666666,4.11488712042181e-07,0.9999899606248138,11,0.01114413498336883,5.9498417344625134e-08,1.5174426490474967e-11
1.019839679358717,10.467420697772113,-0.014450647242990293,3.7075517033524895e-06,-0.014443380575180902,-0.014457913910799685,0.16666666666666666,4.11488712042181e-07,0.9999899606248138,11,0.01114413498336883,5.9498417344625134e-08,1.5174426490474967e-11
1.0280561122244485,10.667339376348565,-0.01446241492367034,3.707500468180101e-06,-0.014455148356280041,-0.014469681491060638,0.16666666666666666,4.11488712042181e-07,0.9999899606248138,11,0.01114413498336883,5.9498417344625134e-08,1.5174426490474967e-11
1.03627254509018,10.871076328709355,-0.014480592827417461,3.7074511357518023e-06,-0.014473326356716946,-0.014487859298117977,0.16666666666666666,4.11488712042181e-07,0.9999899606248138,11,0.01114413498336883,5.9498417344625134e-08,1.5174426490474967e-11
1.0444889779559112,11.078704480580058,-0.014499822630211061,3.7074091206181154e-06,-0.014492556241858695,-0.014507089018563428,0.16666666666666666,4.11488712042181e-07,0.9999899606248138,11,0.01114413498336883,5.9498417344625134e-08,1.5174426490474967e-11
1.052705410821643,11.29029815050453,-0.01451541826726705,3.7073822365149518e-06,-0.014508151931606556,-0.014522684602927542,0.16666666666666666,4.11488712042181e-07,0.9999899606248138,11,0.01114413498336883,5.9498417344625134e-08,1.5174426490474967e-11
1.0609218436873742,11.505933076446473,-0.014523742917576079,3.7073799408994447e-06,-0.01451647658641491,-0.014531009248737247,0.16666666666666666,4.11488712042181e-07,0.9999899606248138,11,0.01114413498336883,5.9498417344625134e-08,1.5174426490474967e-11
1.069138276553106,11.725686442899212,-0.01452280973784259,3.707408256539243e-06,-0.014515543351183787,-0.014530076124501393,0.16666666666666666,4.11488712042181e-07,0.9999899606248138,11,0.01114413498336883,5.9498417344625134e-08,1.5174426490474967e-11
1.0773547094188372,11.949636908513066,-0.014513603828228853,3.7074592479417225e-06,-0.014506337341628739,-0.014520870314828968,0.16666666666666666,4.11488712042181e-07,0.9999899606248138,11,0.01114413498336883,5.9498417344625134e-08,1.5174426490474967e-11
1.0855711422845689,12.17786463425056,-0.01449957757283495,3.707499424048846e-06,-0.014492311007491111,-0.014506844138178787,0.16666666666666666,4.11488712042181e-07,0.9999899606248138,11,0.01114413498336883,5.9498417344625134e-08,1.5174426490474967e-11
1.0937875751503,12.410451312079191,-0.014485370207662135,3.7075053855000476e-06,-0.014478103630634067,-0.014492636784690203,0.16666666666666666,4.11488712042181e-07,0.9999899606248138,11,0.01114413498336883,5.9498417344625134e-08,1.5174426490474967e-11
1.1020040080160314,12.647480194212422,-0.014475933335422927,3.707515316005918e-06,-0.014468666738931425,-0.01448319993191443,0.16666666666666666,4.11488712042181e-07,0.9999899606248138,11,0.01114413498336883,5.9498417344625134e-08,1.5174426490474967e-11
1.110220440881763,12.889036122908916,-0.014476084211072184,3.7075198603028457e-06,-0.014468817605674023,-0.014483350816470345,0.16666666666666666,4.11488712042181e-07,0.9999899606248138,11,0.01114413498336883,5.9498417344625134e-08,1.5174426490474967e-11
1.1184368737474943,13.135205560841055,-0.014489848058291841,3.707511822604525e-06,-0.01448258146864728,-0.014497114647936403,0.16666666666666666,4.11488712042181e-07,0.9999899606248138,11,0.01114413498336883,5.9498417344625134e-08,1.5174426490474967e-11
1.126653306613226,13.3860766220435,-0.014519357886270722,3.707494280488156e-06,-0.014512091331008076,-0.014526624441533367,0.16666666666666666,4.11488712042181e-07,0.9999899606248138,11,0.01114413498336883,5.9498417344625134e-08,1.5174426490474967e-11
1.1348697394789573,13.641739103452684,-0.014563448100596439,3.7074811277946646e-06,-0.0145561815711126,-0.014570714630080278,0.16666666666666666,4.11488712042181e-07,0.9999899606248138,11,0.01114413498336883,5.9498417344625134e-08,1.5174426490474967e-11
1.143086172344689,13.90228451704888,-0.014616905496216259,3.7074736274906737e-06,-0.014609638981432745,-0.014624172010999772,0.16666666666666666,4.11488712042181e-07,0.9999899606248138,11,0.01114413498336883,5.9498417344625134e-08,1.5174426490474967e-11
1.1513026052104205,14.167806122611962,-0.01467422915444646,3.7074795859496705e-06,-0.014666962627984581,-0.014681495680908338,0.16666666666666666,4.11488712042181e-07,0.9999899606248138,11,0.01114413498336883,5.9498417344625134e-08,1.5174426490474967e-11
1.159519038076152,14.438398961102932,-0.014731901636404483,3.7074793188370572e-06,-0.014724635110466136,-0.01473916816234283,0.16666666666666666,4.11488712042181e-07,0.9999899606248138,11,0.01114413498336883,5.9498417344625134e-08,1.5174426490474967e-11
1.1677354709418832,14.714159888682902,-0.014788457851282202,3.707484918116011e-06,-0.014781191314369469,-0.014795724388194936,0.16666666666666666,4.11488712042181e-07,0.9999899606248138,11,0.01114413498336883,5.9498417344625134e-08,1.5174426490474967e-11
1.175951903807615,14.995187611381885,-0.014845969153308483,3.7075122044076874e-06,-0.014838702562915602,-0.014853235743701364,0.16666666666666666,4.11488712042181e-07,0.9999899606248138,11,0.01114413498336883,5.9498417344625134e-08,1.5174426490474967e-11
1.1841683366733462,15.281582720429615,-0.014910334657455582,3.7075331278977334e-06,-0.014903068026053413,-0.014917601288857751,0.16666666666666666,4.11488712042181e-07,0.9999899606248138,11,0.01114413498336883,5.9498417344625134e-08,1.5174426490474967e-11
1.1923847695390777,15.573447728261328,-0.014988552956965755,3.7075365974296187e-06,-0.014981286318763429,-0.014995819595168082,0.16666666666666666,4.11488712042181e-07,0.9999899606248138,11,0.01114413498336883,5.9498417344625134e-08,1.5174426490474967e-11
1.2006012024048092,15.870887105211049,-0.015086190166242172,3.7075283081143976e-06,-0.015078923544286605,-0.01509345678819774,0.16666666666666666,4.11488712042181e-07,0.9999899606248138,11,0.01114413498336883,5.9498417344625134e-08,1.5174426490474967e-11
1.2088176352705404,16.174007316905787,-0.015205035136628558,3.7075214968060367e-06,-0.01519776852802291,-0.015212301745234205,0.16666666666666666,4.11488712042181e-07,0.9999899606248138,11,0.01114413498336883,5.9498417344625134e-08,1.5174426490474967e-11
1.217034068136272,16.482916862373937,-0.015343313562205396,3.7075276911731884e-06,-0.015336046941459012,-0.01535058018295178,0.16666666666666666,4.11488712042181e-07,0.9999899606248138,11,0.01114413498336883,5.9498417344625134e-08,1.5174426490474967e-11
1.2252505010020034,16.797726312881434,-0.015497576187913191,3.707547539661866e-06,-0.015490309528264483,-0.015504842847561899,0.16666666666666666,4.11488712042181e-07,0.9999899606248138,11,0.01114413498336883,5.9498417344625134e-08,1.5174426490474967e-11
1.233466933867735,17.118548351509737,-0.015661280422977195,3.7075631560736055e-06,-0.015654013732720882,-0.015668547113233507,0.16666666666666666,4.11488712042181e-07,0.9999899606248138,11,0.01114413498336883,5.9498417344625134e-08,1.5174426490474967e-11
1.2416833667334664,17.44549781348963,-0.015824128504630684,3.707557342572814e-06,-0.015816861825768625,-0.015831395183492743,0.16666666666666666,4.11488712042181e-07,0.9999899606248138,11,0.01114413498336883,5.9498417344625134e-08,1.5174426490474967e-11
1.249899799599198,17.778691727305514,-0.015972313318550715,3.7075600314402723e-06,-0.015965046634418573,-0.015979580002682858,0.16666666666666666,4.11488712042181e-07,0.9999899606248138,11,0.01114413498336883,5.9498417344625134e-08,1.5174426490474967e-11
1.258116232464929,18.118249356584492,-0.016090922271494897,3.7075721241759804e-06,-0.016083655563661425,-0.016098188979328368,0.16666666666666666,4.11488712042181e-07,0.9999899606248138,11,0.01114413498336883,5.9498417344625134e-08,1.5174426490474967e-11
1.2663326653306606,18.464292242785852,-0.0161708963192368,3.7075822800953284e-06,-0.016163629591498096,-0.016178163046975506,0.16666666666666666,4.11488712042181e-07,0.9999899606248138,11,0.01114413498336883,5.9498417344625134e-08,1.5174426490474967e-11
1.2745490981963925,18.816944248705546,-0.016211903017747477,3.7075869659491465e-06,-0.016204636280824667,-0.016219169754670287,0.16666666666666666,4.11488712042181e-07,0.9999899606248138,11,0.01114413498336883,5.9498417344625134e-08,1.5174426490474967e-11
1.2827655310621235,19.1763316028117,-0.01621949384841262,3.707577275241616e-06,-0.01621222713048325,-0.01622676056634199,0.16666666666666666,4.11488712042181e-07,0.9999899606248138,11,0.01114413498336883,5.9498417344625134e-08,1.5174426490474967e-11
1.2909819639278552,19.542582944427092,-0.016200295408457344,3.7075766607597775e-06,-0.016193028691732333,-0.016207562125182356,0.16666666666666666,4.11488712042181e-07,0.9999899606248138,11,0.01114413498336883,5.9498417344625134e-08,1.5174426490474967e-11
1.2991983967935865,19.91582936977414,-0.016162887375039243,3.707583935298695e-06,-0.016155620644056398,-0.01617015410602209,0.16666666666666666,4.11488712042181e-07,0.9999899606248138,11,0.01114413498336883,5.9498417344625134e-08,1.5174426490474967e-11
1.3074148296593182,20.296204478899778,-0.016116962378621154,3.707580047722232e-06,-0.01610969565525782,-0.016124229101984487,0.16666666666666666,4.11488712042181e-07,0.9999899606248138,11,0.01114413498336883,5.9498417344625134e-08,1.5174426490474967e-11
1.3156312625250497,20.683844423496158,-0.016071423539624933,3.707559558462346e-06,-0.01606415685641981,-0.016078690222830056,0.16666666666666666,4.11488712042181e-07,0.9999899606248138,11,0.01114413498336883,5.9498417344625134e-08,1.5174426490474967e-11
1.3238476953907812,21.078887955635004,-0.01603261994328833,3.707526809754044e-06,-0.016025353324269496,-0.016039886562307166,0.16666666666666666,4.11488712042181e-07,0.9999899606248138,11,0.01114413498336883,5.9498417344625134e-08,1.5174426490474967e-11
1.3320641282565124,21.481476477432526,-0.01600290832969566,3.7074907175029294e-06,-0.015995641781416336,-0.016010174877974983,0.16666666666666666,4.11488712042181e-07,0.9999899606248138,11,0.01114413498336883,5.9498417344625134e-08,1.5174426490474967e-11
1.340280561122244,21.891754091663046,-0.015981335725387458,3.7074616249597732e-06,-0.01597406923412847,-0.015988602216646445,0.16666666666666666,4.11488712042181e-07,0.9999899606248138,11,0.01114413498336883,5.9498417344625134e-08,1.5174426490474967e-11
1.3484969939879754,22.309867653339158,-0.01596539415236153,3.707449086576655e-06,-0.015958127685677323,-0.015972660619045738,0.16666666666666666,4.11488712042181e-07,0.9999899606248138,11,0.01114413498336883,5.9498417344625134e-08,1.5174426490474967e-11
1.3567134268537069,22.73596682227714,-0.01595243718560457,3.7074580163708677e-06,-0.01594517070141829,-0.01595970366979085,0.16666666666666666,4.11488712042181e-07,0.9999899606248138,11,0.01114413498336883,5.9498417344625134e-08,1.5174426490474967e-11
1.3649298597194384,23.170204116666277,-0.015939997532431086,3.7074817450825296e-06,-0.015932731001737383,-0.01594726406312479,0.16666666666666666,4.11488712042181e-07,0.9999899606248138,11,0.01114413498336883,5.9498417344625134e-08,1.5174426490474967e-11
1.3731462925851696,23.612734967661286,-0.01592736392515223,3.7074981147670805e-06,-0.015920097362374534,-0.015934630487929924,0.16666666666666666,4.11488712042181e-07,0.9999899606248138,11,0.01114413498336883,5.9498417344625134e-08,1.5174426490474967e-11
1.381362725450901,24.063717775017494,-0.015916125576676033,3.70750899968638e-06,-0.01590885899256429,-0.015923392160787777,0.16666666666666666,4.11488712042181e-07,0.9999899606248138,11,0.01114413498336883,5.9498417344625134e-08,1.5174426490474967e-11
1.3895791583166326,24.523313963788475,-0.015909586409398564,3.707518308523541e-06,-0.015902319807041834,-0.015916853011755293,0.16666666666666666,4.11488712042181e-07,0.9999899606248138,11,0.01114413498336883,5.9498417344625134e-08,1.5174426490474967e-11
1.3977955911823643,24.991688042106663,-0.015911380660570212,3.70753563579473e-06,-0.015904114024252656,-0.01591864729688777,0.16666666666666666,4.11488712042181e-07,0.9999899606248138,11,0.01114413498336883,5.9498417344625134e-08,1.5174426490474967e-11
1.4060120240480956,25.469007660067444,-0.015924671050077884,3.707546748199636e-06,-0.015917404391980413,-0.015931937708175355,0.16666666666666666,4.11488712042181e-07,0.9999899606248138,11,0.01114413498336883,5.9498417344625134e-08,1.5174426490474967e-11
1.4142284569138273,25.955443669738056,-0.0159496938010059,3.707543891146831e-06,-0.015942427148508152,-0.01595696045350365,0.16666666666666666,4.11488712042181e-07,0.9999899606248138,11,0.01114413498336883,5.9498417344625134e-08,1.5174426490474967e-11
1.4224448897795583,26.451170186312282,-0.015981284800506118,3.707532364432639e-06,-0.015974018170600315,-0.01598855143041192,0.16666666666666666,4.11488712042181e-07,0.9999899606248138,11,0.01114413498336883,5.9498417344625134e-08,1.5174426490474967e-11
1.4306613226452902,26.956364650433603,-0.016012734853218708,3.7075231270968453e-06,-0.01600546824141775,-0.016020001465019668,0.16666666666666666,4.11488712042181e-07,0.9999899606248138,11,0.01114413498336883,5.9498417344625134e-08,1.5174426490474967e-11
1.4388777555110217,27.4712078917081,-0.016039325042702637,3.7075246667313104e-06,-0.01603205842788405,-0.016046591657521224,0.16666666666666666,4.11488712042181e-07,0.9999899606248138,11,0.01114413498336883,5.9498417344625134e-08,1.5174426490474967e-11
1.4470941883767527,27.995884193430946,-0.01605849924495823,3.707535040755642e-06,-0.01605123260980693,-0.016065765880109533,0.16666666666666666,4.11488712042181e-07,0.9999899606248138,11,0.01114413498336883,5.9498417344625134e-08,1.5174426490474967e-11
1.4553106212424844,28.530581358548876,-0.0160688756360985,3.7075382463150286e-06,-0.01606160899466442,-0.016076142277532582,0.16666666666666666,4.11488712042181e-07,0.9999899606248138,11,0.01114413498336883,5.9498417344625134e-08,1.5174426490474967e-11
1.4635270541082157,29.07549077688227,-0.01606949332849018,3.707536849297844e-06,-0.0160622266897942,-0.01607675996718616,0.16666666666666666,4.11488712042181e-07,0.9999899606248138,11,0.01114413498336883,5.9498417344625134e-08,1.5174426490474967e-11
1.4717434869739474,29.63080749363161,-0.016060323236173766,3.707534817742042e-06,-0.016053056601459562,-0.01606758987088797,0.16666666666666666,4.11488712042181e-07,0.9999899606248138,11,0.01114413498336883,5.9498417344625134e-08,1.5174426490474967e-11
1.479959919839679,30.196730279191847,-0.01604215716643503,3.7075408513052886e-06,-0.016034890519895262,-0.0160494238129748,0.16666666666666666,4.11488712042181e-07,0.9999899606248138,11,0.01114413498336883,5.9498417344625134e-08,1.5174426490474967e-11
1.4881763527054104,30.773461700300555,-0.016016583169305907,3.707544358619368e-06,-0.01600931651589193,-0.016023849822719885,0.16666666666666666,4.11488712042181e-07,0.9999899606248138,11,0.01114413498336883,5.9498417344625134e-08,1.5174426490474967e-11
1.4963927855711416,31.361208192544684,-0.015986935949091306,3.7075389444707584e-06,-0.015979669306288864,-0.01599420259189375,0.16666666666666666,4.11488712042181e-07,0.9999899606248138,11,0.01114413498336883,5.9498417344625134e-08,1.5174426490474967e-11
1.5046092184368731,31.960180134252344,-0.015957832843447147,3.707528552848282e-06,-0.01595056622101191,-0.015965099465882385,0.16666666666666666,4.11488712042181e-07,0.9999899606248138,11,0.01114413498336883,5.9498417344625134e-08,1.5174426490474967e-11
1.5128256513026046,32.57059192179563,-0.01593358048293178,3.707520096009402e-06,-0.015926313877071645,-0.015940847088791916,0.16666666666666666,4.11488712042181e-07,0.9999899606248138,11,0.01114413498336883,5.9498417344625134e-08,1.5174426490474967e-11
1.5210420841683363,33.19266204633187,-0.01591674701088223,3.7075157736907766e-06,-0.015909480413493684,-0.015924013608270778,0.16666666666666666,4.11488712042181e-07,0.9999899606248138,11,0.01114413498336883,5.9498417344625134e-08,1.5174426490474967e-11
1.5292585170340676,33.82661317201038,-0.01590692623253335,3.7075087136394906e-06,-0.015899659648982246,-0.01591419281608445,0.16666666666666666,4.11488712042181e-07,0.9999899606248138,11,0.01114413498336883,5.9498417344625134e-08,1.5174426490474967e-11
1.5374749498997988,34.47267221567318,-0.01590126333019041,3.7075060222581372e-06,-0.015893996751914316,-0.0159085299084665,0.16666666666666666,4.11488712042181e-07,0.9999899606248138,11,0.01114413498336883,5.9498417344625134e-08,1.5174426490474967e-11
1.5456913827655303,35.13107042807759,-0.01589737539171222,3.7075189734617848e-06,-0.015890108788052235,-0.015904641995372205,0.16666666666666666,4.11488712042181e-07,0.9999899606248138,11,0.01114413498336883,5.9498417344625134e-08,1.5174426490474967e-11
1.5539078156312618,35.80204347667029,-0.01589429196910297,3.707531937486676e-06,-0.015887025340033962,-0.015901558598171977,0.16666666666666666,4.11488712042181e-07,0.9999899606248138,11,0.01114413498336883,5.9498417344625134e-08,1.5174426490474967e-11
1.5621242484969935,36.485831529942324,-0.015892320110911632,3.7075340363538144e-06,-0.015885053477728922,-0.015899586744094342,0.16666666666666666,4.11488712042181e-07,0.9999899606248138,11,0.01114413498336883,5.9498417344625134e-08,1.5174426490474967e-11
1.5703406813627248,37.18267934339502,-0.015892721997625855,3.7075286848976435e-06,-0.015885455374931808,-0.015899988620319903,0.16666666666666666,4.11488712042181e-07,0.9999899606248138,11,0.01114413498336883,5.9498417344625134e-08,1.5174426490474967e-11
1.5785571142284565,37.89283634714817,-0.01589623249912392,3.7075252296634174e-06,-0.015888965883202006,-0.015903499115045832,0.16666666666666666,4.11488712042181e-07,0.9999899606248138,11,0.01114413498336883,5.9498417344625134e-08,1.5174426490474967e-11
1.5867735470941875,38.616556735220826,-0.015902568379670773,3.7075295776026115e-06,-0.015895301755227055,-0.01590983500411449,0.16666666666666666,4.11488712042181e-07,0.9999899606248138,11,0.01114413498336883,5.9498417344625134e-08,1.5174426490474967e-11
1.5949899799599194,39.35409955651814,-0.015910090167514494,3.7075366860752355e-06,-0.015902823529138424,-0.015917356805890563,0.16666666666666666,4.11488712042181e-07,0.9999899606248138,11,0.01114413498336883,5.9498417344625134e-08,1.5174426490474967e-11
1.603206412825651,40.10572880755494,-0.01591637296325896,3.707541902598689e-06,-0.015909106314658694,-0.015923639611859226,0.16666666666666666,4.11488712042181e-07,0.9999899606248138,11,0.01114413498336883,5.9498417344625134e-08,1.5174426490474967e-11
1.6114228456913824,40.87171352695123,-0.015920575623193253,3.7075442638520845e-06,-0.015913308969965016,-0.01592784227642149,0.16666666666666666,4.11488712042181e-07,0.9999899606248138,11,0.01114413498336883,5.9498417344625134e-08,1.5174426490474967e-11
1.6196392785571136,41.652327891731815,-0.015923513774895787,3.70753657963207e-06,-0.015916247136728342,-0.01593078041306323,0.16666666666666666,4.11488712042181e-07,0.9999899606248138,11,0.01114413498336883,5.9498417344625134e-08,1.5174426490474967e-11
1.627855711422845,42.44785131546548,-0.01592626787529479,3.707522015364636e-06,-0.015919001265672784,-0.015933534484916793,0.16666666666666666,4.11488712042181e-07,0.9999899606248138,11,0.01114413498336883,5.9498417344625134e-08,1.5174426490474967e-11
1.6360721442885766,43.258568548278454,-0.01592988027385316,3.707508891722844e-06,-0.01592261368995302,-0.015937146857753298,0.16666666666666666,4.11488712042181e-07,0.9999899606248138,11,0.01114413498336883,5.9498417344625134e-08,1.5174426490474967e-11
1.644288577154308,44.084769778777876,-0.015932501976780044,3.707503908205979e-06,-0.01592523540264742,-0.01593976855091267,0.16666666666666666,4.11488712042181e-07,0.9999899606248138,11,0.01114413498336883,5.9498417344625134e-08,1.5174426490474967e-11
1.6525050100200396,44.9267507379223,-0.015930196692665925,3.70750599066479e-06,-0.015922930114451755,-0.015937463270880095,0.16666666666666666,4.11488712042181e-07,0.9999899606248138,11,0.01114413498336883,5.9498417344625134e-08,1.5174426490474967e-11
1.6607214428857708,45.784812804875656,-0.015922106838006652,3.707509329775212e-06,-0.015914840253247946,-0.015929373422765358,0.16666666666666666,4.11488712042181e-07,0.9999899606248138,11,0.01114413498336883,5.9498417344625134e-08,1.5174426490474967e-11
1.6689378757515023,46.659263114883224,-0.015909765190681928,3.7075176309581174e-06,-0.015902498589653202,-0.015917031791710654,0.16666666666666666,4.11488712042181e-07,0.9999899606248138,11,0.01114413498336883,5.9498417344625134e-08,1.5174426490474967e-11
1.6771543086172338,47.55041466920765,-0.01589560589501003,3.7075256936478714e-06,-0.015888339278178724,-0.01590287251184134,0.16666666666666666,4.11488712042181e-07,0.9999899606248138,11,0.01114413498336883,5.9498417344625134e-08,1.5174426490474967e-11
1.6853707414829655,48.45858644716491,-0.015881473674854617,3.7075338582519164e-06,-0.01587420704202098,-0.015888740307688252,0.16666666666666666,4.11488712042181e-07,0.9999899606248138,11,0.01114413498336883,5.9498417344625134e-08,1.5174426490474967e-11
1.6935871743486968,49.38410352029985,-0.015866364866249417,3.7075419502919032e-06,-0.015859098217555673,-0.01587363151494316,0.16666666666666666,4.11488712042181e-07,0.9999899606248138,11,0.01114413498336883,5.9498417344625134e-08,1.5174426490474967e-11
1.7018036072144285,50.327297168742724,-0.015845275542514217,3.7075416575914317e-06,-0.015838008894394157,-0.015852542190634276,0.16666666666666666,4.11488712042181e-07,0.9999899606248138,11,0.01114413498336883,5.9498417344625134e-08,1.5174426490474967e-11
1.7100200400801595,51.28850499978739,-0.015813284932951196,3.7075329273765745e-06,-0.015806018301942042,-0.01582055156396035,0.16666666666666666,4.11488712042181e-07,0.9999899606248138,11,0.01114413498336883,5.9498417344625134e-08,1.5174426490474967e-11
1.718236472945891,52.26807106873521,-0.015770419823665192,3.707530339282077e-06,-0.01576315319772861,-0.015777686449601775,0.16666666666666666,4.11488712042181e-07,0.9999899606248138,11,0.01114413498336883,5.9498417344625134e-08,1.5174426490474967e-11
1.7264529058116227,53.26634600204592,-0.015719095459544963,3.707533849445604e-06,-0.015711828826728585,-0.01572636209236134,0.16666666666666666,4.11488712042181e-07,0.9999899606248138,11,0.01114413498336883,5.9498417344625134e-08,1.5174426490474967e-11
1.734669338677354,54.28368712284122,-0.015661013887033438,3.707534932626915e-06,-0.015653747252094063,-0.015668280521972812,0.16666666666666666,4.11488712042181e-07,0.9999899606248138,11,0.01114413498336883,5.9498417344625134e-08,1.5174426490474967e-11
1.7428857715430857,55.320458578805464,-0.015596232528668237,3.7075281378608684e-06,-0.015588965907046361,-0.015603499150290114,0.16666666666666666,4.11488712042181e-07,0.9999899606248138,11,0.01114413498336883,5.9498417344625134e-08,1.5174426490474967e-11
1.751102204408817,56.37703147252848,-0.015526682391622252,3.707522959110248e-06,-0.015519415780150541,-0.015533949003093963,0.16666666666666666,4.11488712042181e-07,0.9999899606248138,11,0.01114413498336883,5.9498417344625134e-08,1.5174426490474967e-11
1.7593186372745486,57.45378399433868,-0.015458642855335476,3.707525904750385e-06,-0.015451376238090416,-0.015465909472580535,0.16666666666666666,4.11488712042181e-07,0.9999899606248138,11,0.01114413498336883,5.9498417344625134e-08,1.5174426490474967e-11
1.76753507014028,58.551101557672354,-0.015400244983991078,3.707539194874835e-06,-0.015392978340697853,-0.015407511627284303,0.16666666666666666,4.11488712042181e-07,0.9999899606248138,11,0.01114413498336883,5.9498417344625134e-08,1.5174426490474967e-11
1.7757515030060116,59.66937693702904,-0.0153590054613401,3.7075487994917617e-06,-0.015351738799222171,-0.015366272123458029,0.16666666666666666,4.11488712042181e-07,0.9999899606248138,11,0.01114413498336883,5.9498417344625134e-08,1.5174426490474967e-11
1.7839679358717428,60.80901040856134,-0.015341213489045382,3.707550704670737e-06,-0.01533394682319337,-0.015348480154897393,0.16666666666666666,4.11488712042181e-07,0.9999899606248138,11,0.01114413498336883,5.9498417344625134e-08,1.5174426490474967e-11
1.7921843687374746,61.970409893350144,-0.015352003805023781,3.7075445889223067e-06,-0.015344737151158418,-0.015359270458889145,0.16666666666666666,4.11488712042181e-07,0.9999899606248138,11,0.01114413498336883,5.9498417344625134e-08,1.5174426490474967e-11
1.8004008016032058,63.15399110341583,-0.015394140192436321,3.7075304602401453e-06,-0.015386873566262666,-0.015401406818609976,0.16666666666666666,4.11488712042181e-07,0.9999899606248138,11,0.01114413498336883,5.9498417344625134e-08,1.5174426490474967e-11
1.808617234468937,64.36017769051885,-0.015463296612550846,3.7075145667765414e-06,-0.015456030017527806,-0.015470563207573887,0.16666666666666666,4.11488712042181e-07,0.9999899606248138,11,0.01114413498336883,5.9498417344625134e-08,1.5174426490474967e-11
1.8168336673346688,65.58940139780175,-0.015539692888458162,3.7075040183991406e-06,-0.015532426314109561,-0.015546959462806762,0.16666666666666666,4.11488712042181e-07,0.9999899606248138,11,0.01114413498336883,5.9498417344625134e-08,1.5174426490474967e-11
1.8250501002004,66.84210221432734,-0.015598930540383783,3.707501220381457e-06,-0.015591663971519197,-0.01560619710924837,0.16666666666666666,4.11488712042181e-07,0.9999899606248138,11,0.01114413498336883,5.9498417344625134e-08,1.5174426490474967e-11
1.833266533066132,68.11872853256911,-0.015630613816058365,3.707504817548678e-06,-0.01562334724014346,-0.01563788039197327,0.16666666666666666,4.11488712042181e-07,0.9999899606248138,11,0.01114413498336883,5.9498417344625134e-08,1.5174426490474967e-11
1.841482965931863,69.41973730890844,-0.01563658718784025,3.707515703603412e-06,-0.015629320590589073,-0.01564385378509143,0.16666666666666666,4.11488712042181e-07,0.9999899606248138,11,0.01114413498336883,5.9498417344625134e-08,1.5174426490474967e-11
1.8496993987975947,70.74559422719871,-0.015624343105669361,3.7075236245192805e-06,-0.015617076492893471,-0.01563160971844525,0.16666666666666666,4.11488712042181e-07,0.9999899606248138,11,0.01114413498336883,5.9498417344625134e-08,1.5174426490474967e-11
1.857915831663326,72.09677386545154,-0.015600553445927536,3.7075263926814957e-06,-0.015593286827726148,-0.015607820064128924,0.16666666666666666,4.11488712042181e-07,0.9999899606248138,11,0.01114413498336883,5.9498417344625134e-08,1.5174426490474967e-11
1.8661322645290577,73.47375986570826,-0.015567580358981923,3.707526962018273e-06,-0.015560313739664657,-0.01557484697829919,0.16666666666666666,4.11488712042181e-07,0.9999899606248138,11,0.01114413498336883,5.9498417344625134e-08,1.5174426490474967e-11
1.874348697394789,74.87704510715447,-0.015524973504562023,3.7075257874815206e-06,-0.015517706887546806,-0.01553224012157724,0.16666666666666666,4.11488712042181e-07,0.9999899606248138,11,0.01114413498336883,5.9498417344625134e-08,1.5174426490474967e-11
1.88256513026052,76.30713188254192,-0.015471730285737048,3.7075251238764075e-06,-0.015464463670022473,-0.015478996901451623,0.16666666666666666,4.11488712042181e-07,0.9999899606248138,11,0.01114413498336883,5.9498417344625134e-08,1.5174426490474967e-11
1.890781563126252,77.76453207797948,-0.015408729453746233,3.707525012376277e-06,-0.015401462838250194,-0.015415996069242271,0.16666666666666666,4.11488712042181e-07,0.9999899606248138,11,0.01114413498336883,5.9498417344625134e-08,1.5174426490474967e-11
1.8989979959919832,79.24976735615734,-0.015340741281395903,3.7075299637668795e-06,-0.015333474656195317,-0.01534800790659649,0.16666666666666666,4.11488712042181e-07,0.9999899606248138,11,0.01114413498336883,5.9498417344625134e-08,1.5174426490474967e-11
1.9072144288577149,80.76336934307214,-0.015272903788452448,3.7075349260418116e-06,-0.015265637153525982,-0.015280170423378914,0.16666666666666666,4.11488712042181e-07,0.9999899606248138,11,0.01114413498336883,5.9498417344625134e-08,1.5174426490474967e-11
1.915430861723446,82.30587981831673,-0.015210693788081136,3.707535868295171e-06,-0.015203427151307887,-0.015217960424854385,0.16666666666666666,4.11488712042181e-07,0.9999899606248138,11,0.01114413498336883,5.9498417344625134e-08,1.5174426490474967e-11
1.9236472945891776,83.87785090900583,-0.015162164951455035,3.707536761626916e-06,-0.015154898312930888,-0.015169431589979182,0.16666666666666666,4.11488712042181e-07,0.9999899606248138,11,0.01114413498336883,5.9498417344625134e-08,1.5174426490474967e-11
1.931863727454909,85.47984528740396,-0.015135908958439111,3.707535973767488e-06,-0.01512864232145914,-0.015143175595419082,0.16666666666666666,4.11488712042181e-07,0.9999899606248138,11,0.01114413498336883,5.9498417344625134e-08,1.5174426490474967e-11
1.9400801603206408,87.11243637232926,-0.015136922851426272,3.707532358348972e-06,-0.015129656221532391,-0.015144189481320153,0.16666666666666666,4.11488712042181e-07,0.9999899606248138,11,0.01114413498336883,5.9498417344625134e-08,1.5174426490474967e-11
1.948296593186372,88.77620853440293,-0.015164175679133201,3.70753003407894e-06,-0.015156909053794807,-0.015171442304471596,0.16666666666666666,4.11488712042181e-07,0.9999899606248138,11,0.01114413498336883,5.9498417344625134e-08,1.5174426490474967e-11
1.956513026052104,90.47175730521981,-0.015210006364988931,3.7075319900303817e-06,-0.015202739735816942,-0.01521727299416092,0.16666666666666666,4.11488712042181e-07,0.9999899606248138,11,0.01114413498336883,5.9498417344625134e-08,1.5174426490474967e-11
1.964729458917835,92.19968959051238,-0.015262113902020636,3.7075352052932286e-06,-0.015254847266546847,-0.015269380537494425,0.16666666666666666,4.11488712042181e-07,0.9999899606248138,11,0.01114413498336883,5.9498417344625134e-08,1.5174426490474967e-11
1.9729458917835665,93.96062388738807,-0.015312282265215773,3.707534638054445e-06,-0.015305015630853751,-0.015319548899577795,0.16666666666666666,4.11488712042181e-07,0.9999899606248138,11,0.01114413498336883,5.9498417344625134e-08,1.5174426490474967e-11
1.981162324649298,95.75519050571354,-0.015352734269719476,3.7075314345769713e-06,-0.015345467641636155,-0.015360000897802796,0.16666666666666666,4.11488712042181e-07,0.9999899606248138,11,0.01114413498336883,5.9498417344625134e-08,1.5174426490474967e-11
1.9893787575150288,97.58403179372853,-0.015382298759328355,3.7075311423376385e-06,-0.015375032131817812,-0.015389565386838897,0.16666666666666666,4.11488712042181e-07,0.9999899606248138,11,0.01114413498336883,5.9498417344625134e-08,1.5174426490474967e-11
1.997595190380761,99.44780236796893,-0.01541450935247045,3.707535377402854e-06,-0.015407242716659332,-0.015421775988281568,0.16666666666666666,4.11488712042181e-07,0.9999899606248138,11,0.01114413498336883,5.9498417344625134e-08,1.5174426490474967e-11
2.005811623246492,101.34716934757911,-0.01546857216268952,3.707539249377513e-06,-0.01546130551928947,-0.015475838806089569,0.16666666666666666,4.11488712042181e-07,0.9999899606248138,11,0.01114413498336883,5.9498417344625134e-08,1.5174426490474967e-11
2.014028056112224,103.28281259310275,-0.015558685208341918,3.7075382088632098e-06,-0.015551418566981239,-0.015565951849702596,0.16666666666666666,4.11488712042181e-07,0.9999899606248138,11,0.01114413498336883,5.9498417344625134e-08,1.5174426490474967e-11
2.022244488977955,105.25542494983108,-0.015685140260338702,3.707530792816402e-06,-0.01567787363351321,-0.015692406887164195,0.16666666666666666,4.11488712042181e-07,0.9999899606248138,11,0.01114413498336883,5.9498417344625134e-08,1.5174426490474967e-11
2.030460921843687,107.26571249580142,-0.015827932440365122,3.7075234424168374e-06,-0.015820665827946147,-0.015835199052784098,0.16666666666666666,4.11488712042181e-07,0.9999899606248138,11,0.01114413498336883,5.9498417344625134e-08,1.5174426490474967e-11
2.038677354709418,109.3143947945302,-0.015954197492923754,3.707523532935434e-06,-0.015946930880327365,-0.015961464105520143,0.16666666666666666,4.11488712042181e-07,0.9999899606248138,11,0.01114413498336883,5.9498417344625134e-08,1.5174426490474967e-11
2.04689378757515,111.40220515257488,-0.016034152642671336,3.707531045138399e-06,-0.0160268860153513,-0.01604141926999137,0.16666666666666666,4.11488712042181e-07,0.9999899606248138,11,0.01114413498336883,5.9498417344625134e-08,1.5174426490474967e-11
2.055110220440881,113.52989088201322,-0.01605310927138709,3.7075346874966067e-06,-0.016045842636928164,-0.016060375905846015,0.16666666666666666,4.11488712042181e-07,0.9999899606248138,11,0.01114413498336883,5.9498417344625134e-08,1.5174426490474967e-11
2.0633266533066124,115.69821356793743,-0.016015691558465644,3.7075300458893364e-06,-0.0160084249331041,-0.016022958183827186,0.16666666666666666,4.11488712042181e-07,0.9999899606248138,11,0.01114413498336883,5.9498417344625134e-08,1.5174426490474967e-11
2.071543086172344,117.90794934105602,-0.015940617942407573,3.70752282210638e-06,-0.015933351331204385,-0.01594788455361076,0.16666666666666666,4.11488712042181e-07,0.9999899606248138,11,0.01114413498336883,5.9498417344625134e-08,1.5174426490474967e-11
2.0797595190380758,120.15988915550228,-0.015850743393091886,3.7075208212293995e-06,-0.015843476785810343,-0.01585801000037343,0.16666666666666666,4.11488712042181e-07,0.9999899606248138,11,0.01114413498336883,5.9498417344625134e-08,1.5174426490474967e-11
2.087975951903807,122.45483907194907,-0.015765445480386976,3.7075256700118134e-06,-0.015758178863601997,-0.015772712097171956,0.16666666666666666,4.11488712042181e-07,0.9999899606248138,11,0.01114413498336883,5.9498417344625134e-08,1.5174426490474967e-11
2.0961923847695383,124.79362054613088,-0.015697667030486865,3.707531065038462e-06,-0.015690400403127826,-0.015704933657845904,0.16666666666666666,4.11488712042181e-07,0.9999899606248138,11,0.01114413498336883,5.9498417344625134e-08,1.5174426490474967e-11
2.10440881763527,127.17707072287604,-0.015651940379771138,3.7075331332371475e-06,-0.015644673748358505,-0.01565920701118377,0.16666666666666666,4.11488712042181e-07,0.9999899606248138,11,0.01114413498336883,5.9498417344625134e-08,1.5174426490474967e-11
2.1126252505010013,129.6060427357544,-0.015624493203296654,3.707533797457832e-06,-0.015617226570582171,-0.015631759836011137,0.16666666666666666,4.11488712042181e-07,0.9999899606248138,11,0.01114413498336883,5.9498417344625134e-08,1.5174426490474967e-11
2.120841683366733,132.0814060124492,-0.015606635446714546,3.7075333148743527e-06,-0.01559936881494591,-0.015613902078483182,0.16666666666666666,4.11488712042181e-07,0.9999899606248138,11,0.01114413498336883,5.9498417344625134e-08,1.5174426490474967e-11
2.129058116232464,134.60404658595988,-0.015588917854723312,3.707531089208296e-06,-0.015581651227316902,-0.015596184482129722,0.16666666666666666,4.11488712042181e-07,0.9999899606248138,11,0.01114413498336883,5.9498417344625134e-08,1.5174426490474967e-11
2.137274549098196,137.17486741174991,-0.015565249960407783,3.7075264954416325e-06,-0.01555798334200499,-0.015572516578810576,0.16666666666666666,4.11488712042181e-07,0.9999899606248138,11,0.01114413498336883,5.9498417344625134e-08,1.5174426490474967e-11
2.145490981963927,139.79478869095038,-0.015530695814244913,3.7075221524105014e-06,-0.015523429204354304,-0.015537962424135522,0.16666666666666666,4.11488712042181e-07,0.9999899606248138,11,0.01114413498336883,5.9498417344625134e-08,1.5174426490474967e-11
2.1537074148296584,142.46474819973812,-0.015489591216596247,3.707521407813841e-06,-0.01548232460816502,-0.015496857825027473,0.16666666666666666,4.11488712042181e-07,0.9999899606248138,11,0.01114413498336883,5.9498417344625134e-08,1.5174426490474967e-11
2.16192384769539,145.18570162500367,-0.01545651742009597,3.707523867085272e-06,-0.01544925080684466,-0.01546378403334728,0.16666666666666666,4.11488712042181e-07,0.9999899606248138,11,0.01114413498336883,5.9498417344625134e-08,1.5174426490474967e-11
2.1701402805611214,147.95862290642975,-0.015446431534002986,3.707528035647214e-06,-0.015439164912581444,-0.015453698155424528,0.16666666666666666,4.11488712042181e-07,0.9999899606248138,11,0.01114413498336883,5.9498417344625134e-08,1.5174426490474967e-11
2.178356713426853,150.78450458510497,-0.015465729417471633,3.707530517938495e-06,-0.015458462791184891,-0.015472996043758375,0.16666666666666666,4.11488712042181e-07,0.9999899606248138,11,0.01114413498336883,5.9498417344625134e-08,1.5174426490474967e-11
2.1865731462925844,153.6643581587933,-0.015504638654866586,3.7075319665964334e-06,-0.015497372025740527,-0.015511905283992645,0.16666666666666666,4.11488712042181e-07,0.9999899606248138,11,0.01114413498336883,5.9498417344625134e-08,1.5174426490474967e-11
2.194789579158316,156.59921444399157,-0.015540813236349366,3.707533068028661e-06,-0.015533546605064539,-0.015548079867634193,0.16666666666666666,4.11488712042181e-07,0.9999899606248138,11,0.01114413498336883,5.9498417344625134e-08,1.5174426490474967e-11
2.2030060120240478,159.59012394489912,-0.015562094729134543,3.707532628204919e-06,-0.015554828098711754,-0.015569361359557332,0.16666666666666666,4.11488712042181e-07,0.9999899606248138,11,0.01114413498336883,5.9498417344625134e-08,1.5174426490474967e-11
2.211222444889779,162.63815722943676,-0.015567359585196401,3.707532562104492e-06,-0.015560092954903166,-0.015574626215489636,0.16666666666666666,4.11488712042181e-07,0.9999899606248138,11,0.01114413498336883,5.9498417344625134e-08,1.5174426490474967e-11
2.2194388777555103,165.7444053124465,-0.015561090887289577,3.7075317776849338e-06,-0.015553824258533777,-0.015568357516045376,0.16666666666666666,4.11488712042181e-07,0.9999899606248138,11,0.01114413498336883,5.9498417344625134e-08,1.5174426490474967e-11
2.227655310621242,168.9099800462099,-0.0155489302892582,3.707528489846268e-06,-0.015541663666946445,-0.015556196911569955,0.16666666666666666,4.11488712042181e-07,0.9999899606248138,11,0.01114413498336883,5.9498417344625134e-08,1.5174426490474967e-11
2.2358717434869733,172.1360145184246,-0.015539275313691982,3.7075254582009292e-06,-0.015532008697322143,-0.015546541930061821,0.16666666666666666,4.11488712042181e-07,0.9999899606248138,11,0.01114413498336883,5.9498417344625134e-08,1.5174426490474967e-11
2.2440881763527045,175.4236634577833,-0.01553932108448184,3.7075257132876724e-06,-0.01553205446761204,-0.01554658770135164,0.16666666666666666,4.11488712042181e-07,0.9999899606248138,11,0.01114413498336883,5.9498417344625134e-08,1.5174426490474967e-11
2.252304609218436,178.77410364729755,-0.015545472877146953,3.707527822236937e-06,-0.015538206256143688,-0.015552739498150218,0.16666666666666666,4.11488712042181e-07,0.9999899606248138,11,0.01114413498336883,5.9498417344625134e-08,1.5174426490474967e-11
2.2605210420841675,182.18853434551633,-0.015556864174652256,3.7075298969623905e-06,-0.015549597549582605,-0.015564130799721907,0.16666666666666666,4.11488712042181e-07,0.9999899606248138,11,0.01114413498336883,5.9498417344625134e-08,1.5174426490474967e-11
2.268737474949899,185.668177715789,-0.015581655013685603,3.7075311478684503e-06,-0.01557438838616422,-0.015588921641206985,0.16666666666666666,4.11488712042181e-07,0.9999899606248138,11,0.01114413498336883,5.9498417344625134e-08,1.5174426490474967e-11
2.2769539078156305,189.21427926372732,-0.015627494188921516,3.7075299744858862e-06,-0.01562022756369992,-0.01563476081414311,0.16666666666666666,4.11488712042181e-07,0.9999899606248138,11,0.01114413498336883,5.9498417344625134e-08,1.5174426490474967e-11
2.285170340681362,192.82810828302323,-0.015692033313992427,3.707527853362521e-06,-0.01568476669292816,-0.015699299935056695,0.16666666666666666,4.11488712042181e-07,0.9999899606248138,11,0.01114413498336883,5.9498417344625134e-08,1.5174426490474967e-11
2.2933867735470934,196.5109583097791,-0.015768166458017974,3.707527530526554e-06,-0.01576089983758645,-0.0157754330784495,0.16666666666666666,4.11488712042181e-07,0.9999899606248138,11,0.01114413498336883,5.9498417344625134e-08,1.5174426490474967e-11
2.301603206412825,200.26414758551854,-0.01585727571260663,3.707527239015558e-06,-0.015850009092746458,-0.015864542332466803,0.16666666666666666,4.11488712042181e-07,0.9999899606248138,11,0.01114413498336883,5.9498417344625134e-08,1.5174426490474967e-11
2.3098196392785564,204.08901952903676,-0.015965044554908388,3.7075269557926205e-06,-0.015957777935603323,-0.015972311174213452,0.16666666666666666,4.11488712042181e-07,0.9999899606248138,11,0.01114413498336883,5.9498417344625134e-08,1.5174426490474967e-11
2.318036072144288,207.9869432172665,-0.016089117139798607,3.707527621685232e-06,-0.016081850519188416,-0.016096383760408797,0.16666666666666666,4.11488712042181e-07,0.9999899606248138,11,0.01114413498336883,5.9498417344625134e-08,1.5174426490474967e-11
2.32625250501002,211.95931387532463,-0.016212516200848636,3.707527454175834e-06,-0.01620524958056676,-0.016219782821130513,0.16666666666666666,4.11488712042181e-07,0.9999899606248138,11,0.01114413498336883,5.9498417344625134e-08,1.5174426490474967e-11
2.3344689378757506,216.00755337592037,-0.01631803455201549,3.7075280130366417e-06,-0.016310767930638265,-0.016325301173392717,0.16666666666666666,4.11488712042181e-07,0.9999899606248138,11,0.01114413498336883,5.9498417344625134e-08,1.5174426490474967e-11
2.3426853707414823,220.1331107483028,-0.016391842509610264,3.707529709091209e-06,-0.016384575884908832,-0.016399109134311696,0.16666666666666666,4.11488712042181e-07,0.9999899606248138,11,0.01114413498336883,5.9498417344625134e-08,1.5174426490474967e-11
2.3509018036072136,224.3374626969243,-0.016430592475061408,3.707530567736471e-06,-0.01642332584867706,-0.016437859101445754,0.16666666666666666,4.11488712042181e-07,0.9999899606248138,11,0.01114413498336883,5.9498417344625134e-08,1.5174426490474967e-11
2.3591182364729453,228.6221141300157,-0.016442801734461485,3.7075305433937462e-06,-0.01643553510812485,-0.01645006836079812,0.16666666666666666,4.11488712042181e-07,0.9999899606248138,11,0.01114413498336883,5.9498417344625134e-08,1.5174426490474967e-11
2.3673346693386765,232.98859869825205,-0.016440559289744198,3.7075295663716763e-06,-0.01643329266532249,-0.016447825914165905,0.16666666666666666,4.11488712042181e-07,0.9999899606248138,11,0.01114413498336883,5.9498417344625134e-08,1.5174426490474967e-11
2.375551102204408,237.43847934371007,-0.016430780092646674,3.70752937600789e-06,-0.016423513468598074,-0.016438046716695274,0.16666666666666666,4.11488712042181e-07,0.9999899606248138,11,0.01114413498336883,5.9498417344625134e-08,1.5174426490474967e-11
2.3837675350701395,241.97334885930778,-0.016417305577842756,3.707530605192293e-06,-0.016410038951385,-0.016424572204300512,0.16666666666666666,4.11488712042181e-07,0.9999899606248138,11,0.01114413498336883,5.9498417344625134e-08,1.5174426490474967e-11
2.391983967935871,246.59483045892932,-0.016398642822556018,3.7075316095515924e-06,-0.016391376194129753,-0.016405909450982283,0.16666666666666666,4.11488712042181e-07,0.9999899606248138,11,0.01114413498336883,5.9498417344625134e-08,1.5174426490474967e-11
2.4002004008016025,251.30457835843956,-0.016369345926630623,3.7075307648135305e-06,-0.016362079299860013,-0.016376612553401233,0.16666666666666666,4.11488712042181e-07,0.9999899606248138,11,0.01114413498336883,5.9498417344625134e-08,1.5174426490474967e-11
2.4084168336673337,256.10427836779564,-0.016325197502541054,3.7075286428539206e-06,-0.01631793087992941,-0.0163324641251527,0.16666666666666666,4.11488712042181e-07,0.9999899606248138,11,0.01114413498336883,5.9498417344625134e-08,1.5174426490474967e-11
2.416633266533065,260.9956484944659,-0.016264952297594264,3.7075279050460362e-06,-0.016257685676428695,-0.016272218918759834,0.16666666666666666,4.11488712042181e-07,0.9999899606248138,11,0.01114413498336883,5.9498417344625134e-08,1.5174426490474967e-11
2.4248496993987967,265.98043955837534,-0.016188423932601156,3.7075291632668854e-06,-0.01618115730896952,-0.01619569055623279,0.16666666666666666,4.11488712042181e-07,0.9999899606248138,11,0.01114413498336883,5.9498417344625134e-08,1.5174426490474967e-11
2.4330661322645284,271.06043581859376,-0.016091095178344002,3.7075313063953127e-06,-0.016083828550511912,-0.016098361806176093,0.16666666666666666,4.11488712042181e-07,0.9999899606248138,11,0.01114413498336883,5.9498417344625134e-08,1.5174426490474967e-11
2.44128256513026,276.2374556119961,-0.01597430245289967,3.7075327980660544e-06,-0.015967035822143958,-0.01598156908365538,0.16666666666666666,4.11488712042181e-07,0.9999899606248138,11,0.01114413498336883,5.9498417344625134e-08,1.5174426490474967e-11
2.449498997995992,281.5133520041179,-0.015854907738073135,3.7075326321163297e-06,-0.01584764110764268,-0.015862174368503592,0.16666666666666666,4.11488712042181e-07,0.9999899606248138,11,0.01114413498336883,5.9498417344625134e-08,1.5174426490474967e-11
2.4577154308617226,286.8900134524428,-0.015757213212593574,3.707531120884367e-06,-0.015749946585125078,-0.01576447984006207,0.16666666666666666,4.11488712042181e-07,0.9999899606248138,11,0.01114413498336883,5.9498417344625134e-08,1.5174426490474967e-11
2.4659318637274543,292.36936448236014,-0.015701629696864974,3.707530049100913e-06,-0.015694363071497137,-0.01570889632223281,0.16666666666666666,4.11488712042181e-07,0.9999899606248138,11,0.01114413498336883,5.9498417344625134e-08,1.5174426490474967e-11
2.4741482965931856,297.9533663760268,-0.01569661436027025,3.7075293689721265e-06,-0.01568934773623544,-0.015703880984305058,0.16666666666666666,4.11488712042181e-07,0.9999899606248138,11,0.01114413498336883,5.9498417344625134e-08,1.5174426490474967e-11
2.4823647294589173,303.6440178743935,-0.015733485815766803,3.7075292008791094e-06,-0.01572621919206145,-0.015740752439472157,0.16666666666666666,4.11488712042181e-07,0.9999899606248138,11,0.01114413498336883,5.9498417344625134e-08,1.5174426490474967e-11
2.4905811623246485,309.4433558926326,-0.015791221274096146,3.7075287070586135e-06,-0.015783954651358664,-0.015798487896833628,0.16666666666666666,4.11488712042181e-07,0.9999899606248138,11,0.01114413498336883,5.9498417344625134e-08,1.5174426490474967e-11
2.49879759519038,315.3534562492346,-0.015851098016717084,3.707528187088135e-06,-0.015843831394998724,-0.015858364638435443,0.16666666666666666,4.11488712042181e-07,0.9999899606248138,11,0.01114413498336883,5.9498417344625134e-08,1.5174426490474967e-11
2.5070140280561115,321.37643440902724,-0.015901516644233827,3.707527471660699e-06,-0.01589425002391768,-0.015908783264549975,0.16666666666666666,4.11488712042181e-07,0.9999899606248138,11,0.01114413498336883,5.9498417344625134e-08,1.5174426490474967e-11
2.5152304609218428,327.51444624038504,-0.015933392640708526,3.7075273060695078e-06,-0.01592612602071693,-0.01594065926070012,0.16666666666666666,4.11488712042181e-07,0.9999899606248138,11,0.01114413498336883,5.9498417344625134e-08,1.5174426490474967e-11
2.5234468937875745,333.76968878690457,-0.01593962818578083,3.7075279215340276e-06,-0.015932361564582945,-0.015946894806978713,0.16666666666666666,4.11488712042181e-07,0.9999899606248138,11,0.01114413498336883,5.9498417344625134e-08,1.5174426490474967e-11
2.5316633266533057,340.1444010538126,-0.0159236902005178,3.7075291606176187e-06,-0.01591642357689136,-0.015930956824144242,0.16666666666666666,4.11488712042181e-07,0.9999899606248138,11,0.01114413498336883,5.9498417344625134e-08,1.5174426490474967e-11
2.539879759519037,346.6408648093997,-0.015898395658002735,3.7075300281974092e-06,-0.015891129032675866,-0.015905662283329604,0.16666666666666666,4.11488712042181e-07,0.9999899606248138,11,0.01114413498336883,5.9498417344625134e-08,1.5174426490474967e-11
2.5480961923847687,353.26140540175646,-0.01587676682340244,3.707530788283522e-06,-0.015869500196585833,-0.01588403345021905,0.16666666666666666,4.11488712042181e-07,0.9999899606248138,11,0.01114413498336883,5.9498417344625134e-08,1.5174426490474967e-11
2.5563126252505004,360.0083925911092,-0.01586509333837662,3.7075320079099546e-06,-0.015857826709169586,-0.01587235996758365,0.16666666666666666,4.11488712042181e-07,0.9999899606248138,11,0.01114413498336883,5.9498417344625134e-08,1.5174426490474967e-11
2.564529058116232,366.88424139805477,-0.015867406109338494,3.7075332656871554e-06,-0.015860139477666263,-0.015874672741010724,0.16666666666666666,4.11488712042181e-07,0.9999899606248138,11,0.01114413498336883,5.9498417344625134e-08,1.5174426490474967e-11
2.572745490981964,373.8914129679936,-0.015881622302010474,3.707532940872831e-06,-0.015874355670974866,-0.01588888893304608,0.16666666666666666,4.11488712042181e-07,0.9999899606248138,11,0.01114413498336883,5.9498417344625134e-08,1.5174426490474967e-11
2.580961923847694,381.0324154520728,-0.01590440002909237,3.707531101718005e-06,-0.01589713340166144,-0.0159116666565233,0.16666666666666666,4.11488712042181e-07,0.9999899606248138,11,0.01114413498336883,5.9498417344625134e-08,1.5174426490474967e-11
2.589178356713426,388.3098049049597,-0.01592942440588593,3.707529469935428e-06,-0.015922157781653234,-0.015936691030118626,0.16666666666666666,4.11488712042181e-07,0.9999899606248138,11,0.01114413498336883,5.9498417344625134e-08,1.5174426490474967e-11
2.5973947895791576,395.7261861997507,-0.0159475594624001,3.7075302806782614e-06,-0.01594029283657838,-0.01595482608822182,0.16666666666666666,4.11488712042181e-07,0.9999899606248138,11,0.01114413498336883,5.9498417344625134e-08,1.5174426490474967e-11
2.605611222444889,403.2842139603653,-0.015955237132596344,3.7075352340619547e-06,-0.01594797049706617,-0.01596250376812652,0.16666666666666666,4.11488712042181e-07,0.9999899606248138,11,0.01114413498336883,5.9498417344625134e-08,1.5174426490474967e-11
2.613827655310621,410.98659351174456,-0.015959609157533736,3.7075463351631844e-06,-0.0159523425002458,-0.01596687581482167,0.16666666666666666,4.11488712042181e-07,0.9999899606248138,11,0.01114413498336883,5.9498417344625134e-08,1.5174426490474967e-11
2.622044088176352,418.83608184819184,-0.015974839418413204,3.707566170512321e-06,-0.0159675727222487,-0.015982106114577708,0.16666666666666666,4.11488712042181e-07,0.9999899606248138,11,0.01114413498336883,5.9498417344625134e-08,1.5174426490474967e-11
2.6302605210420835,426.83548862022064,-0.016010174245461153,3.7075942747337784e-06,-0.01600290749421339,-0.016017440996708918,0.16666666666666666,4.11488712042181e-07,0.9999899606248138,11,0.01114413498336883,5.9498417344625134e-08,1.5174426490474967e-11
2.638476953907815,434.9876771402346,-0.016063055606107067,3.707625221535129e-06,-0.016055788794204686,-0.016070322418009448,0.16666666666666666,4.11488712042181e-07,0.9999899606248138,11,0.01114413498336883,5.9498417344625134e-08,1.5174426490474967e-11
2.6466933867735465,443.2955654074292,-0.016120001023949178,3.7076489762396083e-06,-0.016112734165488432,-0.016127267882409924,0.16666666666666666,4.11488712042181e-07,0.9999899606248138,11,0.01114413498336883,5.9498417344625134e-08,1.5174426490474967e-11
2.6549098196392777,451.7621271522579,-0.0161725480197856,3.7076551229036356e-06,-0.01616528114927761,-0.016179814890293586,0.16666666666666666,4.11488712042181e-07,0.9999899606248138,11,0.01114413498336883,5.9498417344625134e-08,1.5174426490474967e-11
2.663126252505009,460.3903929008543,-0.01621882911018997,3.7076657014346855e-06,-0.01621156221894844,-0.016226096001431496,0.16666666666666666,4.11488712042181e-07,0.9999899606248138,11,0.01114413498336883,5.9498417344625134e-08,1.5174426490474967e-11
2.6713426853707407,469.1834510597789,-0.016258002238725075,3.7078153862216397e-06,-0.016250735054106756,-0.016265269423343394,0.16666666666666666,4.11488712042181e-07,0.9999899606248138,11,0.01114413498336883,5.9498417344625134e-08,1.5174426490474967e-11
2.679559118236472,478.1444490214842,-0.01629686550516762,3.7084948813258173e-06,-0.01628959698876337,-0.01630413402157187,0.16666666666666666,4.11488712042181e-07,0.9999899606248138,11,0.01114413498336883,5.9498417344625134e-08,1.5174426490474967e-11
2.687775551102204,487.2765942908973,-0.016339957483577933,3.7105241945407295e-06,-0.01633268498979287,-0.016347229977362997,0.16666666666666666,4.11488712042181e-07,0.9999899606248138,11,0.01114413498336883,5.9498417344625134e-08,1.5174426490474967e-11
2.695991983967935,496.58315563351056,-0.01638648810664266,3.7152251155499465e-06,-0.016379206399221725,-0.016393769814063597,0.16666666666666666,4.11488712042181e-07,0.9999899606248138,11,0.01114413498336883,5.9498417344625134e-08,1.5174426490474967e-11
2.704208416833666,506.06746424541336,-0.016432358427985586,3.7241343386557546e-06,-0.01642505925880823,-0.01643965759716294,0.16666666666666666,4.11488712042181e-07,0.9999899606248138,11,0.01114413498336883,5.9498417344625134e-08,1.5174426490474967e-11
2.712424849699398,515.732914945656,-0.016476769263897125,3.7384396544682747e-06,-0.01646944205681599,-0.01648409647097826,0.16666666666666666,4.11488712042181e-07,0.9999899606248138,11,0.01114413498336883,5.9498417344625134e-08,1.5174426490474967e-11
2.7206412825651296,525.5829673913952,-0.016519758808982658,3.759080790142605e-06,-0.016512391146019,-0.016527126471946315,0.16666666666666666,4.11488712042181e-07,0.9999899606248138,11,0.01114413498336883,5.9498417344625134e-08,1.5174426490474967e-11
2.728857715430861,535.6211473162454,-0.01656136435018086,3.7868173098757142e-06,-0.016553942324637468,-0.01656878637572425,0.16666666666666666,4.11488712042181e-07,0.9999899606248138,11,0.01114413498336883,5.9498417344625134e-08,1.5174426490474967e-11
2.737074148296593,545.8510477922849,-0.01660162228718227,3.822230315697236e-06,-0.016594130853422887,-0.016609113720941655,0.16666666666666666,4.11488712042181e-07,0.9999899606248138,11,0.01114413498336883,5.9498417344625134e-08,1.5174426490474967e-11
2.745290581162324,556.2763305161558,-0.016640568152241367,3.865727152370801e-06,-0.01663299146624866,-0.016648144838234073,0.16666666666666666,4.11488712042181e-07,0.9999899606248138,11,0.01114413498336883,5.9498417344625134e-08,1.5174426490474967e-11
2.7535070140280555,566.9007271197428,-0.01667823662945527,3.917549729406635e-06,-0.01667055837307799,-0.016685914885832553,0.16666666666666666,4.11488712042181e-07,0.9999899606248138,11,0.01114413498336883,5.9498417344625134e-08,1.5174426490474967e-11
2.761723446893787,577.7280405058667,-0.016714661573557017,3.9777865330014e-06,-0.016706865255214146,-0.016722457891899887,0.16666666666666666,4.11488712042181e-07,0.9999899606248138,11,0.01114413498336883,5.9498417344625134e-08,1.5174426490474967e-11
2.769939879759518,588.7621462095041,-0.01674987602827027,4.046387912114451e-06,-0.016741945253695045,-0.01675780680284549,0.16666666666666666,4.11488712042181e-07,0.9999899606248138,11,0.01114413498336883,5.9498417344625134e-08,1.5174426490474967e-11
2.7781563126252498,600.0069937849962,-0.01678391224427381,4.123183850107951e-06,-0.016775830952425963,-0.01679199353612166,0.16666666666666666,4.11488712042181e-07,0.9999899606248138,11,0.01114413498336883,5.9498417344625134e-08,1.5174426490474967e-11
2.786372745490981,611.4666082197532,-0.016816801696767365,4.207903216630341e-06,-0.01680855435801234,-0.016825049035522392,0.16666666666666666,4.11488712042181e-07,0.9999899606248138,11,0.01114413498336883,5.9498417344625134e-08,1.5174426490474967e-11
2.7945891783567127,623.1450913749646,-0.016848575102709856,4.300193441140484e-06,-0.016840146878438666,-0.016857003326981045,0.16666666666666666,4.11488712042181e-07,0.9999899606248138,11,0.01114413498336883,5.9498417344625134e-08,1.5174426490474967e-11
2.802805611222444,635.0466234538172,-0.01687926243770199,4.399639636626432e-06,-0.016870639302469244,-0.016887885572934733,0.16666666666666666,4.11488712042181e-07,0.9999899606248138,11,0.01114413498336883,5.9498417344625134e-08,1.5174426490474967e-11
2.811022044088176,647.175464497765,-0.016908892952539535,4.505782386781849e-06,-0.01690006178133927,-0.0169177241237398,0.16666666666666666,4.11488712042181e-07,0.9999899606248138,11,0.01114413498336883,5.9498417344625134e-08,1.5174426490474967e-11
2.819238476953907,659.5359559113624,-0.016937495189470006,4.618133642920464e-06,-0.01692844381385409,-0.016946546565085922,0.16666666666666666,4.11488712042181e-07,0.9999899606248138,11,0.01114413498336883,5.9498417344625134e-08,1.5174426490474967e-11
2.8274549098196387,672.1325220162414,-0.01696509699811738,4.736190414298394e-06,-0.01695581423548143,-0.01697437976075333,0.16666666666666666,4.11488712042181e-07,0.9999899606248138,11,0.01114413498336883,5.9498417344625134e-08,1.5174426490474967e-11
2.83567134268537,684.9696716347432,-0.016991725551102982,4.859446145539198e-06,-0.016982201211672914,-0.01700124989053305,0.16666666666666666,4.11488712042181e-07,0.9999899606248138,11,0.01114413498336883,5.9498417344625134e-08,1.5174426490474967e-11
2.8438877755511016,698.0519997038188,-0.017017407359372867,4.9873998399532465e-06,-0.017007632235310058,-0.017027182483435675,0.16666666666666666,4.11488712042181e-07,0.9999899606248138,11,0.01114413498336883,5.9498417344625134e-08,1.5174426490474967e-11
2.852104208416833,711.3841889197356,-0.017042168287208625,5.119563102475466e-06,-0.017032134127911193,-0.017052202446506057,0.16666666666666666,4.11488712042181e-07,0.9999899606248138,11,0.01114413498336883,5.9498417344625134e-08,1.5174426490474967e-11
2.860320641282564,724.9710114142107,-0.017066033566959116,5.255465344232811e-06,-0.01705573304416242,-0.017076334089755812,0.16666666666666666,4.11488712042181e-07,0.9999899606248138,11,0.01114413498336883,5.9498417344625134e-08,1.5174426490474967e-11
2.868537074148296,738.8173304625478,-0.017089027813452062,5.3946574207359585e-06,-0.01707845447919849,-0.017099601147705635,0.16666666666666666,4.11488712042181e-07,0.9999899606248138,11,0.01114413498336883,5.9498417344625134e-08,1.5174426490474967e-11
2.876753507014027,752.9281022243991,-0.01711117503812337,5.536713977399613e-06,-0.017100323278134967,-0.01712202679811177,0.16666666666666666,4.11488712042181e-07,0.9999899606248138,11,0.01114413498336883,5.9498417344625134e-08,1.5174426490474967e-11
2.884969939879759,767.3083775177806,-0.017132498662851485,5.681234759089215e-06,-0.017121363647335953,-0.017143633678367017,0.16666666666666666,4.11488712042181e-07,0.9999899606248138,11,0.01114413498336883,5.9498417344625134e-08,1.5174426490474967e-11
2.89318637274549,781.9633036269593,-0.017153021533501196,5.827845112666231e-06,-0.01714159916697289,-0.0171644439000295,0.16666666666666666,4.11488712042181e-07,0.9999899606248138,11,0.01114413498336883,5.9498417344625134e-08,1.5174426490474967e-11
2.9014028056112218,796.8981261448811,-0.01717276593317938,5.976195879071101e-06,-0.017161052804491844,-0.017184479061866917,0.16666666666666666,4.11488712042181e-07,0.9999899606248138,11,0.01114413498336883,5.9498417344625134e-08,1.5174426490474967e-11
2.909619238476953,812.1181908507757,-0.01719175359520528,6.125962838493043e-06,-0.017179746928671205,-0.017203760261739358,0.16666666666666666,4.11488712042181e-07,0.9999899606248138,11,0.01114413498336883,5.9498417344625134e-08,1.5174426490474967e-11
2.9178356713426843,827.6289456236327,-0.017210005715805145,6.276845841198989e-06,-0.017197703324019886,-0.017222308107590404,0.16666666666666666,4.11488712042181e-07,0.9999899606248138,11,0.01114413498336883,5.9498417344625134e-08,1.5174426490474967e-11
2.926052104208416,843.435942392217,-0.01722754296652892,6.42856772901675e-06,-0.01721494320530787,-0.01724014272774997,0.16666666666666666,4.11488712042181e-07,0.9999899606248138,11,0.01114413498336883,5.9498417344625134e-08,1.5174426490474967e-11
2.934268537074148,859.5448391223285,-0.017244385506398754,6.580873128841359e-06,-0.017231487232079398,-0.01725728378071811,0.16666666666666666,4.11488712042181e-07,0.9999899606248138,11,0.01114413498336883,5.9498417344625134e-08,1.5174426490474967e-11
2.9424849699398785,875.9614018420135,-0.017260552993791676,6.733527179884686e-06,-0.01724735552303018,-0.01727375046455317,0.16666666666666666,4.11488712042181e-07,0.9999899606248138,11,0.01114413498336883,5.9498417344625134e-08,1.5174426490474967e-11
2.95070140280561,892.6915067054762,-0.017276064598067176,6.886314240412655e-06,-0.017262567670169742,-0.01728956152596461,0.16666666666666666,4.11488712042181e-07,0.9999899606248138,11,0.01114413498336883,5.9498417344625134e-08,1.5174426490474967e-11
2.958917835671342,909.7411420963725,-0.01729093901094269,7.039036606973025e-06,-0.017277142752707163,-0.017304735269178216,0.16666666666666666,4.11488712042181e-07,0.9999899606248138,11,0.01114413498336883,5.9498417344625134e-08,1.5174426490474967e-11
2.9671342685370736,927.1164107713079,-0.01730519445762483,7.1915132690931536e-06,-0.017291099350623066,-0.017319289564626594,0.16666666666666666,4.11488712042181e-07,0.9999899606248138,11,0.01114413498336883,5.9498417344625134e-08,1.5174426490474967e-11
2.9753507014028044,944.8235320442564,-0.01731884870771056,7.3435787146431106e-06,-0.017304455557912227,-0.017333241857508896,0.16666666666666666,4.11488712042181e-07,0.9999899606248138,11,0.01114413498336883,5.9498417344625134e-08,1.5174426490474967e-11
2.983567134268536,962.8688440127136,-0.017331919085850682,7.495081795072918e-06,-0.017317228995471157,-0.017346609176230206,0.16666666666666666,4.11488712042181e-07,0.9999899606248138,11,0.01114413498336883,5.9498417344625134e-08,1.5174426490474967e-11
2.991783567134268,981.2588058263477,-0.017344422482203,7.64588465520351e-06,-0.017329436823648854,-0.01735940814075715,0.16666666666666666,4.11488712042181e-07,0.9999899606248138,11,0.01114413498336883,5.9498417344625134e-08,1.5174426490474967e-11
3.0,999.999999999,-0.01735637536267645,7.795861728954196e-06,-0.017341095754459246,-0.017371654970893657,0.16666666666666666,4.11488712042181e-07,0.9999899606248138,11,0.01114413498336883,5.9498417344625134e-08,1.5174426490474967e-11
