x_transformed,x_real,Operator_mean_real,Operator_std_real,Operator_upper_real,Operator_lower_real,Operator_weight_mean,Operator_weight_min,Operator_weight_max,Operator_iterations,Operator_between_variance_norm,Operator_within_variance_norm,Operator_within_variance_real
-1.1,0.07943282247242814,-0.030609474550174574,7.992749835048495e-06,-0.03059380904836044,-0.030625140051988707,0.5,5.152526692343966e-07,0.9999994847473308,11,0.060175591224674224,1.359462042919727e-07,6.230789508837044e-11
-1.0917835671342686,0.08094992067275816,-0.03069111809995335,7.949620852704457e-06,-0.030675537129391302,-0.0307066990705154,0.5,5.152526692343966e-07,0.9999994847473308,11,0.060175591224674224,1.359462042919727e-07,6.230789508837044e-11
-1.0835671342685371,0.08249599413606928,-0.030767380919683642,7.912295153509723e-06,-0.03075187310614771,-0.030782888733219573,0.5,5.152526692343966e-07,0.9999994847473308,11,0.060175591224674224,1.359462042919727e-07,6.230789508837044e-11
-1.0753507014028056,0.08407159626481406,-0.030837941698746464,7.881033850015577e-06,-0.030822495156239492,-0.030853388241253436,0.5,5.152526692343966e-07,0.9999994847473308,11,0.060175591224674224,1.359462042919727e-07,6.230789508837044e-11
-1.0671342685370742,0.08567729103095306,-0.03090246640427535,7.856063077520624e-06,-0.030887068803583134,-0.030917864004967564,0.5,5.152526692343966e-07,0.9999994847473308,11,0.060175591224674224,1.359462042919727e-07,6.230789508837044e-11
-1.058917835671343,0.08731365317782327,-0.030960607848560282,7.83756703985537e-06,-0.03094524649943575,-0.030975969197684815,0.5,5.152526692343966e-07,0.9999994847473308,11,0.060175591224674224,1.359462042919727e-07,6.230789508837044e-11
-1.0507014028056114,0.0889812684258623,-0.031012005243608632,7.825680892876173e-06,-0.03099666719090409,-0.031027343296313174,0.5,5.152526692343966e-07,0.9999994847473308,11,0.060175591224674224,1.359462042919727e-07,6.230789508837044e-11
-1.04248496993988,0.09068073368226119,-0.03105628374210598,7.820483580194585e-06,-0.031040955875947112,-0.03107161160826485,0.5,5.152526692343966e-07,0.9999994847473308,11,0.060175591224674224,1.359462042919727e-07,6.230789508837044e-11
-1.0342685370741485,0.09241265725462187,-0.031093143317369662,7.821881030297366e-06,-0.031077812712258922,-0.031108473922480402,0.5,5.152526692343966e-07,0.9999994847473308,11,0.060175591224674224,1.359462042919727e-07,6.230789508837044e-11
-1.026052104208417,0.09417765906869519,-0.031122803806103452,7.829077789420473e-06,-0.031107459095604025,-0.03113814851660288,0.5,5.152526692343966e-07,0.9999994847473308,11,0.060175591224674224,1.359462042919727e-07,6.230789508837044e-11
-1.0178356713426857,0.09597637089027737,-0.03114566843706991,7.841048974934078e-06,-0.031130300263478024,-0.031161036610661795,0.5,5.152526692343966e-07,0.9999994847473308,11,0.060175591224674224,1.359462042919727e-07,6.230789508837044e-11
-1.009619238476954,0.09780943655134493,-0.031162126578330243,7.856806352400704e-06,-0.031146727520846032,-0.031177525635814454,0.5,5.152526692343966e-07,0.9999994847473308,11,0.060175591224674224,1.359462042919727e-07,6.230789508837044e-11
-1.0014028056112223,0.09967751218050783,-0.031172553878459304,7.875409928538566e-06,-0.03115711835863588,-0.03118798939828273,0.5,5.152526692343966e-07,0.9999994847473308,11,0.060175591224674224,1.359462042919727e-07,6.230789508837044e-11
-0.993186372745491,0.10158126643786476,-0.031177312715781003,7.895976748944987e-06,-0.031161836885730303,-0.031192788545831702,0.5,5.152526692343966e-07,0.9999994847473308,11,0.060175591224674224,1.359462042919727e-07,6.230789508837044e-11
-0.9849699398797596,0.10352138075434403,-0.031176752634366367,7.917687528031926e-06,-0.031161234251970583,-0.03119227101676215,0.5,5.152526692343966e-07,0.9999994847473308,11,0.060175591224674224,1.359462042919727e-07,6.230789508837044e-11
-0.9767535070140282,0.10549854957561482,-0.031171210767337365,7.939791381489559e-06,-0.031155649062184883,-0.031186772472489847,0.5,5.152526692343966e-07,0.9999994847473308,11,0.060175591224674224,1.359462042919727e-07,6.230789508837044e-11
-0.9685370741482968,0.10751348061065784,-0.03116101224786382,7.961608950535148e-06,-0.03114540778106178,-0.031176616714665862,0.5,5.152526692343966e-07,0.9999994847473308,11,0.060175591224674224,1.359462042919727e-07,6.230789508837044e-11
-0.9603206412825652,0.10956689508508306,-0.031146470608143947,7.982534204483059e-06,-0.0311308251285978,-0.031162116087690095,0.5,5.152526692343966e-07,0.9999994847473308,11,0.060175591224674224,1.359462042919727e-07,6.230789508837044e-11
-0.952104208416834,0.11165952799928533,-0.031127888166606162,8.002035189853055e-06,-0.031112204465831027,-0.031143571867381297,0.5,5.152526692343966e-07,0.9999994847473308,11,0.060175591224674224,1.359462042919727e-07,6.230789508837044e-11
-0.9438877755511024,0.11379212839153145,-0.031105556403548236,8.019653965814888e-06,-0.031089838170606766,-0.031121274636489706,0.5,5.152526692343966e-07,0.9999994847473308,11,0.060175591224674224,1.359462042919727e-07,6.230789508837044e-11
-0.9356713426853708,0.11596545960607073,-0.031079756325424,8.03500593176674e-06,-0.03106400800318217,-0.03109550464766583,0.5,5.152526692343966e-07,0.9999994847473308,11,0.060175591224674224,1.359462042919727e-07,6.230789508837044e-11
-0.9274549098196394,0.11818029956636722,-0.03105075881799668,8.04777871666755e-06,-0.03103498546155646,-0.031066532174436896,0.5,5.152526692343966e-07,0.9999994847473308,11,0.060175591224674224,1.359462042919727e-07,6.230789508837044e-11
-0.919238476953908,0.12043744105355014,-0.03101882498858868,8.057730763728374e-06,-0.03100303212649465,-0.03103461785068271,0.5,5.152526692343966e-07,0.9999994847473308,11,0.060175591224674224,1.359462042919727e-07,6.230789508837044e-11
-0.9110220440881764,0.12273769199018238,-0.03098420649767194,8.064689709646469e-06,-0.03096839999629454,-0.031000012999049337,0.5,5.152526692343966e-07,0.9999994847473308,11,0.060175591224674224,1.359462042919727e-07,6.230789508837044e-11
-0.902805611222445,0.12508187572944854,-0.030947145880053286,8.068550625461716e-06,-0.030931331811419945,-0.030962959948686627,0.5,5.152526692343966e-07,0.9999994847473308,11,0.060175591224674224,1.359462042919727e-07,6.230789508837044e-11
-0.8945891783567136,0.12747083134986675,-0.03090787685591957,8.069274156544531e-06,-0.03089206136919136,-0.030923692342647777,0.5,5.152526692343966e-07,0.9999994847473308,11,0.060175591224674224,1.359462042919727e-07,6.230789508837044e-11
-0.8863727454909821,0.12990541395562896,-0.030866624632010273,8.066884572076322e-06,-0.030850813828781562,-0.030882435435238983,0.5,5.152526692343966e-07,0.9999994847473308,11,0.060175591224674224,1.359462042919727e-07,6.230789508837044e-11
-0.8781563126252506,0.13238649498267718,-0.030823606193187393,8.061467709369861e-06,-0.030807806006814497,-0.03083940637956029,0.5,5.152526692343966e-07,0.9999994847473308,11,0.060175591224674224,1.359462042919727e-07,6.230789508837044e-11
-0.8699398797595191,0.1349149625106259,-0.030779030584669687,8.053168775154768e-06,-0.03076324666390896,-0.030794814505430413,0.5,5.152526692343966e-07,0.9999994847473308,11,0.060175591224674224,1.359462042919727e-07,6.230789508837044e-11
-0.8617234468937878,0.1374917215806419,-0.030733099185188302,8.042189944220297e-06,-0.0307173367825408,-0.030748861587835803,0.5,5.152526692343966e-07,0.9999994847473308,11,0.060175591224674224,1.359462042919727e-07,6.230789508837044e-11
-0.8535070140280563,0.14011769451939524,-0.03068600597131132,8.02878767538326e-06,-0.030670269836628048,-0.03070174210599459,0.5,5.152526692343966e-07,0.9999994847473308,11,0.060175591224674224,1.359462042919727e-07,6.230789508837044e-11
-0.8452905811623248,0.14279382126919726,-0.03063793777316593,8.013269645636661e-06,-0.030622232053262075,-0.030653643493069788,0.5,5.152526692343966e-07,0.9999994847473308,11,0.060175591224674224,1.359462042919727e-07,6.230789508837044e-11
-0.8370741482965933,0.14552105972444415,-0.03058907452176586,7.995991185777436e-06,-0.03057340266702104,-0.030604746376510682,0.5,5.152526692343966e-07,0.9999994847473308,11,0.060175591224674224,1.359462042919727e-07,6.230789508837044e-11
-0.8288577154308618,0.14830038607448637,-0.030539589488125955,7.977351085329549e-06,-0.030523954167306678,-0.030555224808945233,0.5,5.152526692343966e-07,0.9999994847473308,11,0.060175591224674224,1.359462042919727e-07,6.230789508837044e-11
-0.8206412825651304,0.15113279515304626,-0.03048964951431309,7.957786621992614e-06,-0.03047405253913733,-0.03050524648948885,0.5,5.152526692343966e-07,0.9999994847473308,11,0.060175591224674224,1.359462042919727e-07,6.230789508837044e-11
-0.8124248496993989,0.1540193007943095,-0.030439415236549312,7.93776766226995e-06,-0.030423857497813615,-0.03045497297528501,0.5,5.152526692343966e-07,0.9999994847473308,11,0.060175591224674224,1.359462042919727e-07,6.230789508837044e-11
-0.8042084168336675,0.15696093619581752,-0.030389041300446226,7.917789676722154e-06,-0.030373522717842688,-0.030404559883049763,0.5,5.152526692343966e-07,0.9999994847473308,11,0.060175591224674224,1.359462042919727e-07,6.230789508837044e-11
-0.795991983967936,0.1599587542882909,-0.0303386765684145,7.898365516947889e-06,-0.030323196056464552,-0.03035415708036445,0.5,5.152526692343966e-07,0.9999994847473308,11,0.060175591224674224,1.359462042919727e-07,6.230789508837044e-11
-0.7877755511022045,0.16301382811251586,-0.030288464319266795,7.88001581336006e-06,-0.030273019772075003,-0.030303908866458586,0.5,5.152526692343966e-07,0.9999994847473308,11,0.060175591224674224,1.359462042919727e-07,6.230789508837044e-11
-0.7795591182364732,0.16612725120342922,-0.03023854244001793,7.863257874227962e-06,-0.03022313073778329,-0.030253954142252567,0.5,5.152526692343966e-07,0.9999994847473308,11,0.060175591224674224,1.359462042919727e-07,6.230789508837044e-11
-0.7713426853707417,0.169300137981539,-0.03018904360990158,7.848592997733617e-06,-0.030173660650296707,-0.030204426569506452,0.5,5.152526692343966e-07,0.9999994847473308,11,0.060175591224674224,1.359462042919727e-07,6.230789508837044e-11
-0.7631262525050102,0.1725336241518206,-0.030140095476678407,7.836492149258727e-06,-0.03012473623430073,-0.030155454719056084,0.5,5.152526692343966e-07,0.9999994847473308,11,0.060175591224674224,1.359462042919727e-07,6.230789508837044e-11
-0.7549098196392787,0.17582886711023185,-0.030091820825422094,7.82738000351442e-06,-0.030076479442521897,-0.03010716220832229,0.5,5.152526692343966e-07,0.9999994847473308,11,0.060175591224674224,1.359462042919727e-07,6.230789508837044e-11
-0.7466933867735472,0.17918704635799193,-0.030044337740166044,7.821617401222256e-06,-0.030029007651758796,-0.03005966782857329,0.5,5.152526692343966e-07,0.9999994847473308,11,0.060175591224674224,1.359462042919727e-07,6.230789508837044e-11
-0.7384769539078158,0.1826093639237728,-0.029997759398449737,7.819480313023574e-06,-0.02998243349865839,-0.030013085298241083,0.5,5.152526692343966e-07,0.9999994847473308,11,0.060175591224674224,1.359462042919727e-07,6.230789508837044e-11
-0.7302605210420843,0.18609704479395398,-0.029952140569640125,7.820850153590163e-06,-0.029936811985010605,-0.029967469154269646,0.5,5.152526692343966e-07,0.9999994847473308,11,0.060175591224674224,1.359462042919727e-07,6.230789508837044e-11
-0.7220440881763528,0.18965133735109493,-0.029907420706710465,7.824946414436863e-06,-0.029892084093557213,-0.029922757319863717,0.5,5.152526692343966e-07,0.9999994847473308,11,0.060175591224674224,1.359462042919727e-07,6.230789508837044e-11
-0.7138276553106214,0.19327351382078184,-0.029863521250265247,7.83092758091369e-06,-0.029848172914241116,-0.029878869586289377,0.5,5.152526692343966e-07,0.9999994847473308,11,0.060175591224674224,1.359462042919727e-07,6.230789508837044e-11
-0.7056112224448899,0.19696487072700897,-0.029820359204183734,7.837996414683647e-06,-0.0298049970135,-0.029835721394867468,0.5,5.152526692343966e-07,0.9999994847473308,11,0.060175591224674224,1.359462042919727e-07,6.230789508837044e-11
-0.6973947895791585,0.20072672935625688,-0.02977784705843461,7.845422808282809e-06,-0.029762470312286887,-0.029793223804582335,0.5,5.152526692343966e-07,0.9999994847473308,11,0.060175591224674224,1.359462042919727e-07,6.230789508837044e-11
-0.6891783567134271,0.20456043623043474,-0.029735892705385066,7.85256201725716e-06,-0.029720501966644875,-0.029751283444125257,0.5,5.152526692343966e-07,0.9999994847473308,11,0.060175591224674224,1.359462042919727e-07,6.230789508837044e-11
-0.6809619238476956,0.20846736358885526,-0.02969439934915576,7.858868637613652e-06,-0.029678996249666807,-0.029709802448644712,0.5,5.152526692343966e-07,0.9999994847473308,11,0.060175591224674224,1.359462042919727e-07,6.230789508837044e-11
-0.6727454909819641,0.21244890987941453,-0.02965326540780012,7.863906720557354e-06,-0.029637852433850045,-0.029668678381750198,0.5,5.152526692343966e-07,0.9999994847473308,11,0.060175591224674224,1.359462042919727e-07,6.230789508837044e-11
-0.6645290581162326,0.21650650025915358,-0.029612384408221518,7.86735639393438e-06,-0.029596964673035867,-0.02962780414340717,0.5,5.152526692343966e-07,0.9999994847473308,11,0.060175591224674224,1.359462042919727e-07,6.230789508837044e-11
-0.6563126252505012,0.22064158710437978,-0.02957164487379141,7.869017301101904e-06,-0.029556221883287527,-0.02958706786429529,0.5,5.152526692343966e-07,0.9999994847473308,11,0.060175591224674224,1.359462042919727e-07,6.230789508837044e-11
-0.6480961923847697,0.22485565053053136,-0.029530930204634046,7.868809084036115e-06,-0.029515507622228113,-0.02954635278703998,0.5,5.152526692343966e-07,0.9999994847473308,11,0.060175591224674224,1.359462042919727e-07,6.230789508837044e-11
-0.6398797595190382,0.22915019892197075,-0.029490118550495957,7.866769038558306e-06,-0.029474699966505688,-0.029505537134486226,0.5,5.152526692343966e-07,0.9999994847473308,11,0.060175591224674224,1.359462042919727e-07,6.230789508837044e-11
-0.6316633266533067,0.23352676947189663,-0.0294490826760529,7.863046964704665e-06,-0.02943367138719333,-0.029464493964912467,0.5,5.152526692343966e-07,0.9999994847473308,11,0.060175591224674224,1.359462042919727e-07,6.230789508837044e-11
-0.6234468937875753,0.2379869287325676,-0.029407689818428187,7.857897132602666e-06,-0.029392288623054066,-0.02942309101380231,0.5,5.152526692343966e-07,0.9999994847473308,11,0.060175591224674224,1.359462042919727e-07,6.230789508837044e-11
-0.6152304609218439,0.24253227317603523,-0.029365801536618674,7.85166719120424e-06,-0.02935041255170532,-0.029381190521532027,0.5,5.152526692343966e-07,0.9999994847473308,11,0.060175591224674224,1.359462042919727e-07,6.230789508837044e-11
-0.6070140280561124,0.24716442976558578,-0.029323273552470955,7.84478377097396e-06,-0.029307898058813342,-0.029338649046128568,0.5,5.152526692343966e-07,0.9999994847473308,11,0.060175591224674224,1.359462042919727e-07,6.230789508837044e-11
-0.5987975951903809,0.2518850565380965,-0.029279955582831058,7.837734478968588e-06,-0.02926459390553189,-0.029295317260130224,0.5,5.152526692343966e-07,0.9999994847473308,11,0.060175591224674224,1.359462042919727e-07,6.230789508837044e-11
-0.5905811623246495,0.2566958431975146,-0.02923569116253473,7.831045961864628e-06,-0.029220342594488198,-0.02925103973058126,0.5,5.152526692343966e-07,0.9999994847473308,11,0.060175591224674224,1.359462042919727e-07,6.230789508837044e-11
-0.582364729458918,0.2615985117196706,-0.02919031745804135,7.82525772402971e-06,-0.02917498023473251,-0.029205654681350193,0.5,5.152526692343966e-07,0.9999994847473308,11,0.060175591224674224,1.359462042919727e-07,6.230789508837044e-11
-0.5741482965931866,0.2665948169686434,-0.029143665071771244,7.820891435250325e-06,-0.029128336406231158,-0.02915899373731133,0.5,5.152526692343966e-07,0.9999994847473308,11,0.060175591224674224,1.359462042919727e-07,6.230789508837044e-11
-0.5659318637274551,0.27168654732489755,-0.029095557837632912,7.818415542665157e-06,-0.02908023402475312,-0.029110881650512704,0.5,5.152526692343966e-07,0.9999994847473308,11,0.060175591224674224,1.359462042919727e-07,6.230789508837044e-11
-0.5577154308617236,0.2768755253254171,-0.029045838717638647,7.818127357805282e-06,-0.0290305154695908,-0.029061161965686495,0.5,5.152526692343966e-07,0.9999994847473308,11,0.060175591224674224,1.359462042919727e-07,6.230789508837044e-11
-0.5494989979959922,0.28216360831606535,-0.028994537786884666,7.819640621741572e-06,-0.028979211572894004,-0.029009864000875327,0.5,5.152526692343966e-07,0.9999994847473308,11,0.060175591224674224,1.359462042919727e-07,6.230789508837044e-11
-0.5412825651302607,0.28755268911640497,-0.02894176560130748,7.822277398610957e-06,-0.02892643421932912,-0.02895709698328584,0.5,5.152526692343966e-07,0.9999994847473308,11,0.060175591224674224,1.359462042919727e-07,6.230789508837044e-11
-0.5330661322645293,0.29304469669721417,-0.028887626205455673,7.825389485085214e-06,-0.028872288723899908,-0.028902963687011438,0.5,5.152526692343966e-07,0.9999994847473308,11,0.060175591224674224,1.359462042919727e-07,6.230789508837044e-11
-0.5248496993987978,0.2986415968709442,-0.02883221686997045,7.828401594994605e-06,-0.028816873484787744,-0.028847560255153157,0.5,5.152526692343966e-07,0.9999994847473308,11,0.060175591224674224,1.359462042919727e-07,6.230789508837044e-11
-0.5166332665330663,0.30434539299536323,-0.028775628244250714,7.830843578115993e-06,-0.02876028007286904,-0.02879097641563239,0.5,5.152526692343966e-07,0.9999994847473308,11,0.060175591224674224,1.359462042919727e-07,6.230789508837044e-11
-0.5084168336673349,0.3101581266906392,-0.028717944499147725,7.832373422113891e-06,-0.028702593329326915,-0.028733295668968536,0.5,5.152526692343966e-07,0.9999994847473308,11,0.060175591224674224,1.359462042919727e-07,6.230789508837044e-11
-0.5002004008016034,0.3160818785701192,-0.028659243459187148,7.83279148057332e-06,-0.02864389146998681,-0.028674595448387484,0.5,5.152526692343966e-07,0.9999994847473308,11,0.060175591224674224,1.359462042919727e-07,6.230789508837044e-11
-0.4919839679358719,0.3221187689850648,-0.028599596724102783,7.832046276099752e-06,-0.028584246195476375,-0.02861494725272919,0.5,5.152526692343966e-07,0.9999994847473308,11,0.060175591224674224,1.359462042919727e-07,6.230789508837044e-11
-0.4837675350701405,0.32827095878361184,-0.028539069779631873,7.830232075028716e-06,-0.028523722806774225,-0.02855441675248952,0.5,5.152526692343966e-07,0.9999994847473308,11,0.060175591224674224,1.359462042919727e-07,6.230789508837044e-11
-0.475551102204409,0.33454065008422634,-0.02847772209761838,7.827578248552883e-06,-0.028462380326165045,-0.028493063869071713,0.5,5.152526692343966e-07,0.9999994847473308,11,0.060175591224674224,1.359462042919727e-07,6.230789508837044e-11
-0.4673346693386775,0.3409300870639314,-0.028415607225556607,7.824430254320737e-06,-0.028400271624058594,-0.02843094282705462,0.5,5.152526692343966e-07,0.9999994847473308,11,0.060175591224674224,1.359462042919727e-07,6.230789508837044e-11
-0.4591182364729461,0.34744155676158955,-0.028352772865832133,7.821221921624052e-06,-0.028337443552550655,-0.028368102179113612,0.5,5.152526692343966e-07,0.9999994847473308,11,0.060175591224674224,1.359462042919727e-07,6.230789508837044e-11
-0.4509018036072146,0.35407738989652693,-0.028289260945142003,7.818438626975043e-06,-0.028273937087017795,-0.02830458480326621,0.5,5.152526692343966e-07,0.9999994847473308,11,0.060175591224674224,1.359462042919727e-07,6.230789508837044e-11
-0.4426853707414832,0.3608399617027919,-0.028225107674953554,7.816570922414343e-06,-0.02820978747746302,-0.028240427872444088,0.5,5.152526692343966e-07,0.9999994847473308,11,0.060175591224674224,1.359462042919727e-07,6.230789508837044e-11
-0.4344689378757517,0.3677316927793485,-0.028160344552422625,7.816029169880955e-06,-0.028145025416747543,-0.028175663688097707,0.5,5.152526692343966e-07,0.9999994847473308,11,0.060175591224674224,1.359462042919727e-07,6.230789508837044e-11
-0.4262525050100202,0.37475504995650594,-0.028095012110894112,7.816678733360098e-06,-0.028079691702098005,-0.02811033251969022,0.5,5.152526692343966e-07,0.9999994847473308,11,0.060175591224674224,1.359462042919727e-07,6.230789508837044e-11
-0.4180360721442888,0.38191254717889844,-0.02802915686405835,7.817984539907876e-06,-0.028013833895928437,-0.02804447983218826,0.5,5.152526692343966e-07,0.9999994847473308,11,0.060175591224674224,1.359462042919727e-07,6.230789508837044e-11
-0.4098196392785573,0.38920674640532754,-0.027962820192952393,7.819432738356424e-06,-0.02794749438640568,-0.027978145999499104,0.5,5.152526692343966e-07,0.9999994847473308,11,0.060175591224674224,1.359462042919727e-07,6.230789508837044e-11
-0.4016032064128259,0.39664025852579093,-0.027896038124323716,7.820596044189272e-06,-0.027880710037739467,-0.027911366210907965,0.5,5.152526692343966e-07,0.9999994847473308,11,0.060175591224674224,1.359462042919727e-07,6.230789508837044e-11
-0.3933867735470944,0.40421574429602647,-0.027828841411109057,7.821173323479023e-06,-0.02781351219307819,-0.027844170629139922,0.5,5.152526692343966e-07,0.9999994847473308,11,0.060175591224674224,1.359462042919727e-07,6.230789508837044e-11
-0.3851703406813629,0.41193591528990436,-0.02776125560303367,7.821013602587049e-06,-0.02774592669805,-0.02777658450801734,0.5,5.152526692343966e-07,0.9999994847473308,11,0.060175591224674224,1.359462042919727e-07,6.230789508837044e-11
-0.3769539078156314,0.41980353487000965,-0.027693301106473223,7.820124887604372e-06,-0.027677973943338912,-0.027708628269607533,0.5,5.152526692343966e-07,0.9999994847473308,11,0.060175591224674224,1.359462042919727e-07,6.230789508837044e-11
-0.3687374749499,0.4278214191767614,-0.027624993233196556,7.818667977417884e-06,-0.02760966892555374,-0.02764031754083937,0.5,5.152526692343966e-07,0.9999994847473308,11,0.060175591224674224,1.359462042919727e-07,6.230789508837044e-11
-0.3605210420841686,0.4359924381364247,-0.027556342238036127,7.816935211051122e-06,-0.027541021326552985,-0.027571663149519268,0.5,5.152526692343966e-07,0.9999994847473308,11,0.060175591224674224,1.359462042919727e-07,6.230789508837044e-11
-0.3523046092184371,0.4443195164883728,-0.027487353345973697,7.815313861541553e-06,-0.0274720356122772,-0.027502671079670193,0.5,5.152526692343966e-07,0.9999994847473308,11,0.060175591224674224,1.359462042919727e-07,6.230789508837044e-11
-0.3440881763527056,0.45280563483197034,-0.02741802676969217,7.814233727887076e-06,-0.027402711153018733,-0.027433342386365606,0.5,5.152526692343966e-07,0.9999994847473308,11,0.060175591224674224,1.359462042919727e-07,6.230789508837044e-11
-0.3358717434869741,0.46145383069345103,-0.027348350667204615,7.814035110987656e-06,-0.027333035439813146,-0.027363665894596084,0.5,5.152526692343966e-07,0.9999994847473308,11,0.060175591224674224,1.359462042919727e-07,6.230789508837044e-11
-0.3276553106212427,0.47026719961317126,-0.027278255613035117,7.814509828756208e-06,-0.027262939455213922,-0.027293571770856312,0.5,5.152526692343966e-07,0.9999994847473308,11,0.060175591224674224,1.359462042919727e-07,6.230789508837044e-11
-0.3194388777555113,0.47924889625363026,-0.027207643377417406,7.8152196149948e-06,-0.027192325828440746,-0.027222960926394067,0.5,5.152526692343966e-07,0.9999994847473308,11,0.060175591224674224,1.359462042919727e-07,6.230789508837044e-11
-0.3112224448897798,0.4884021355286512,-0.027136410473513315,7.815788867916205e-06,-0.02712109180882143,-0.0271517291382052,0.5,5.152526692343966e-07,0.9999994847473308,11,0.060175591224674224,1.359462042919727e-07,6.230789508837044e-11
-0.3030060120240483,0.4977301937541296,-0.027064448183884527,7.815960071116154e-06,-0.027049129183640535,-0.02707976718412852,0.5,5.152526692343966e-07,0.9999994847473308,11,0.060175591224674224,1.359462042919727e-07,6.230789508837044e-11
-0.2947895791583168,0.50723640982076,-0.02699164246107473,7.815625619082099e-06,-0.02697632411634468,-0.02700696080580478,0.5,5.152526692343966e-07,0.9999994847473308,11,0.060175591224674224,1.359462042919727e-07,6.230789508837044e-11
-0.2865731462925854,0.5169241863891598,-0.02691787381669441,7.814837501626826e-06,-0.02690255701664619,-0.02693319061674263,0.5,5.152526692343966e-07,0.9999994847473308,11,0.060175591224674224,1.359462042919727e-07,6.230789508837044e-11
-0.278356713426854,0.5267969911078207,-0.02684301719835388,7.813794997399967e-06,-0.026827702441576395,-0.026858331955131362,0.5,5.152526692343966e-07,0.9999994847473308,11,0.060175591224674224,1.359462042919727e-07,6.230789508837044e-11
-0.2701402805611225,0.5368583578543202,-0.026766941854594273,7.81281023980674e-06,-0.026751629027906204,-0.02678225468128234,0.5,5.152526692343966e-07,0.9999994847473308,11,0.060175591224674224,1.359462042919727e-07,6.230789508837044e-11
-0.261923847695391,0.5471118880002395,-0.026689511159610768,7.81225079864827e-06,-0.026674199429407224,-0.026704822889814312,0.5,5.152526692343966e-07,0.9999994847473308,11,0.060175591224674224,1.359462042919727e-07,6.230789508837044e-11
-0.2537074148296595,0.5575612517002411,-0.026610571529776673,7.812289644855915e-06,-0.02659525972343596,-0.026625883336117387,0.5,5.152526692343966e-07,0.9999994847473308,11,0.060175591224674224,1.359462042919727e-07,6.230789508837044e-11
-0.2454909819639281,0.568210189205766,-0.026529935865115945,7.812622170212987e-06,-0.02651462340703751,-0.02654524832319438,0.5,5.152526692343966e-07,0.9999994847473308,11,0.060175591224674224,1.359462042919727e-07,6.230789508837044e-11
-0.2372745490981966,0.579062512203822,-0.026447406510777063,7.812912595925345e-06,-0.02643209348347469,-0.026462719538079434,0.5,5.152526692343966e-07,0.9999994847473308,11,0.060175591224674224,1.359462042919727e-07,6.230789508837044e-11
-0.2290581162324652,0.59012210518134,-0.026362779251652056,7.812930395031978e-06,-0.026347466189464076,-0.026378092313840036,0.5,5.152526692343966e-07,0.9999994847473308,11,0.060175591224674224,1.359462042919727e-07,6.230789508837044e-11
-0.2208416833667337,0.601392926815591,-0.026275843100472446,7.812590031060815e-06,-0.02626053070538559,-0.026291155495559302,0.5,5.152526692343966e-07,0.9999994847473308,11,0.060175591224674224,1.359462042919727e-07,6.230789508837044e-11
-0.2126252505010022,0.6128790113911561,-0.026186380073124488,7.811961909721867e-06,-0.026171068909132834,-0.026201691237116142,0.5,5.152526692343966e-07,0.9999994847473308,11,0.060175591224674224,1.359462042919727e-07,6.230789508837044e-11
-0.2044088176352707,0.6245844702439616,-0.026094164950320402,7.811254679374138e-06,-0.026078855172474758,-0.026109474728166045,0.5,5.152526692343966e-07,0.9999994847473308,11,0.060175591224674224,1.359462042919727e-07,6.230789508837044e-11
-0.1961923847695393,0.6365134932328925,-0.025998965025878736,7.810768696223199e-06,-0.025983656200542566,-0.026014273851214905,0.5,5.152526692343966e-07,0.9999994847473308,11,0.060175591224674224,1.359462042919727e-07,6.230789508837044e-11
-0.1879759519038079,0.6486703502395137,-0.02590053936282827,7.810716016635568e-06,-0.025885230640742194,-0.025915848084914348,0.5,5.152526692343966e-07,0.9999994847473308,11,0.060175591224674224,1.359462042919727e-07,6.230789508837044e-11
-0.1797595190380764,0.6610593926964333,-0.025798637154033206,7.810875213842261e-06,-0.025783328119926337,-0.025813946188140074,0.5,5.152526692343966e-07,0.9999994847473308,11,0.060175591224674224,1.359462042919727e-07,6.230789508837044e-11
-0.1715430861723449,0.6736850551448572,-0.025692998861908747,7.81096793771495e-06,-0.02567768964606643,-0.025708308077751065,0.5,5.152526692343966e-07,0.9999994847473308,11,0.060175591224674224,1.359462042919727e-07,6.230789508837044e-11
-0.1633266533066134,0.6865518568218915,-0.025583356392782097,7.810827864508305e-06,-0.02556804745147822,-0.025598665334085974,0.5,5.152526692343966e-07,0.9999994847473308,11,0.060175591224674224,1.359462042919727e-07,6.230789508837044e-11
-0.155110220440882,0.6996644032781603,-0.025469432812718688,7.810435732179767e-06,-0.02545412463998005,-0.025484740985457326,0.5,5.152526692343966e-07,0.9999994847473308,11,0.060175591224674224,1.359462042919727e-07,6.230789508837044e-11
-0.1468937875751506,0.7130273880263206,-0.025350942048796597,7.809919445307612e-06,-0.025335634887961634,-0.02536624920963156,0.5,5.152526692343966e-07,0.9999994847473308,11,0.060175591224674224,1.359462042919727e-07,6.230789508837044e-11
-0.1386773547094191,0.7266455942210599,-0.025227588575488277,7.809519257502823e-06,-0.025212282199007,-0.025242894951969554,0.5,5.152526692343966e-07,0.9999994847473308,11,0.060175591224674224,1.359462042919727e-07,6.230789508837044e-11
-0.1304609218436876,0.7405238963711813,-0.025098999359620597,7.809437933386155e-06,-0.02508369314253166,-0.025114305576709534,0.5,5.152526692343966e-07,0.9999994847473308,11,0.060175591224674224,1.359462042919727e-07,6.230789508837044e-11
-0.1222444889779561,0.7546672620843887,-0.024964480475757302,7.809500298499254e-06,-0.02494917413643499,-0.024979786815079615,0.5,5.152526692343966e-07,0.9999994847473308,11,0.060175591224674224,1.359462042919727e-07,6.230789508837044e-11
-0.1140280561122246,0.7690807538453952,-0.02482323797642585,7.809477281170577e-06,-0.024807931682216674,-0.02483854427063503,0.5,5.152526692343966e-07,0.9999994847473308,11,0.060175591224674224,1.359462042919727e-07,6.230789508837044e-11
-0.1058116232464932,0.783769530827991,-0.024674465998741537,7.809259630425605e-06,-0.02465916013111998,-0.024689771866363095,0.5,5.152526692343966e-07,0.9999994847473308,11,0.060175591224674224,1.359462042919727e-07,6.230789508837044e-11
-0.0975951903807617,0.7987388507417227,-0.024517345843189892,7.80888442930922e-06,-0.02450204071094901,-0.024532650975430774,0.5,5.152526692343966e-07,0.9999994847473308,11,0.060175591224674224,1.359462042919727e-07,6.230789508837044e-11
-0.0893787575150304,0.8139940717138392,-0.02435104502745838,7.80852087189009e-06,-0.02433574060777695,-0.024366349447139814,0.5,5.152526692343966e-07,0.9999994847473308,11,0.060175591224674224,1.359462042919727e-07,6.230789508837044e-11
-0.0811623246492989,0.829540654207185,-0.024174848776700897,7.808382172638454e-06,-0.024159544628865,-0.024190152924536794,0.5,5.152526692343966e-07,0.9999994847473308,11,0.060175591224674224,1.359462042919727e-07,6.230789508837044e-11
-0.0729458917835674,0.8453841629747193,-0.023989265154834842,7.80838435190191e-06,-0.023973961002727667,-0.024004569306942017,0.5,5.152526692343966e-07,0.9999994847473308,11,0.060175591224674224,1.359462042919727e-07,6.230789508837044e-11
-0.0647294589178359,0.8615302690513682,-0.023795463116727478,7.808322335052615e-06,-0.023780159086171093,-0.023810767147283862,0.5,5.152526692343966e-07,0.9999994847473308,11,0.060175591224674224,1.359462042919727e-07,6.230789508837044e-11
-0.0565130260521045,0.8779847517839182,-0.02359460508589348,7.808106396945132e-06,-0.023579301478568012,-0.02360990869321895,0.5,5.152526692343966e-07,0.9999994847473308,11,0.060175591224674224,1.359462042919727e-07,6.230789508837044e-11
-0.048296593186373,0.8947535008996794,-0.023387841628956012,7.80778929002786e-06,-0.02337253864314868,-0.023403144614763345,0.5,5.152526692343966e-07,0.9999994847473308,11,0.060175591224674224,1.359462042919727e-07,6.230789508837044e-11
-0.0400801603206415,0.9118425186146568,-0.023176312790438764,7.807545075031655e-06,-0.023161010283284027,-0.0231916152975935,0.5,5.152526692343966e-07,0.9999994847473308,11,0.060175591224674224,1.359462042919727e-07,6.230789508837044e-11
-0.03186372745491,0.9292579217819882,-0.022961092586975252,7.807483419764736e-06,-0.02294579020066262,-0.022976394973287885,0.5,5.152526692343966e-07,0.9999994847473308,11,0.060175591224674224,1.359462042919727e-07,6.230789508837044e-11
-0.0236472945891785,0.9470059440814136,-0.0227431046927623,7.807435331099877e-06,-0.022727802400701717,-0.02275840698482288,0.5,5.152526692343966e-07,0.9999994847473308,11,0.060175591224674224,1.359462042919727e-07,6.230789508837044e-11
-0.015430861723447,0.9650929382505626,-0.022523244522985684,7.807276311300893e-06,-0.02250794254259818,-0.022538546503373186,0.5,5.152526692343966e-07,0.9999994847473308,11,0.060175591224674224,1.359462042919727e-07,6.230789508837044e-11
-0.0072144288577156,0.9835253783588568,-0.022302402361867594,7.807017472201962e-06,-0.022287100888795403,-0.022317703834939785,0.5,5.152526692343966e-07,0.9999994847473308,11,0.060175591224674224,1.359462042919727e-07,6.230789508837044e-11
0.0010020040080156,1.0023098621248416,-0.022081463826314044,7.806797785277042e-06,-0.022066162783820314,-0.022096764868807774,0.5,5.152526692343966e-07,0.9999994847473308,11,0.060175591224674224,1.359462042919727e-07,6.230789508837044e-11
0.0092184368737471,1.0214531132777804,-0.02186076792745841,7.806724087500235e-06,-0.021845467029409666,-0.02187606882550715,0.5,5.152526692343966e-07,0.9999994847473308,11,0.060175591224674224,1.359462042919727e-07,6.230789508837044e-11
0.0174348697394786,1.0409619839643451,-0.02163913558073198,7.806651738391975e-06,-0.021623834824484885,-0.021654436336979076,0.5,5.152526692343966e-07,0.9999994847473308,11,0.060175591224674224,1.359462042919727e-07,6.230789508837044e-11
0.02565130260521,1.0608434572012815,-0.021415122069914562,7.806482914929517e-06,-0.021399821644555374,-0.02143042249527375,0.5,5.152526692343966e-07,0.9999994847473308,11,0.060175591224674224,1.359462042919727e-07,6.230789508837044e-11
0.0338677354709415,1.0811046493749135,-0.021187277394088197,7.806254561131244e-06,-0.02117197741629423,-0.021202577371882164,0.5,5.152526692343966e-07,0.9999994847473308,11,0.060175591224674224,1.359462042919727e-07,6.230789508837044e-11
0.042084168336673,1.101752812788386,-0.020954156442045725,7.806109750097825e-06,-0.020938856748076166,-0.020969456136015283,0.5,5.152526692343966e-07,0.9999994847473308,11,0.060175591224674224,1.359462042919727e-07,6.230789508837044e-11
0.0503006012024045,1.1227953382575593,-0.020714550651136667,7.806043415718633e-06,-0.020699251087180102,-0.020729850215093232,0.5,5.152526692343966e-07,0.9999994847473308,11,0.060175591224674224,1.359462042919727e-07,6.230789508837044e-11
0.058517034068136,1.1442397577564816,-0.020467472444693994,7.805922264581242e-06,-0.020452173118189296,-0.020482771771198692,0.5,5.152526692343966e-07,0.9999994847473308,11,0.060175591224674224,1.359462042919727e-07,6.230789508837044e-11
0.0667334669338675,1.1660937471133888,-0.020211932091734906,7.805727763459143e-06,-0.020196633146445403,-0.02022723103702441,0.5,5.152526692343966e-07,0.9999994847473308,11,0.060175591224674224,1.359462042919727e-07,6.230789508837044e-11
0.0749498997995989,1.188365128758194,-0.01994693419663464,7.805567223768661e-06,-0.019931635565997145,-0.019962232827272133,0.5,5.152526692343966e-07,0.9999994847473308,11,0.060175591224674224,1.359462042919727e-07,6.230789508837044e-11
0.0831663326653302,1.2110618745224544,-0.019672019005036262,7.805491343910907e-06,-0.019656720523120556,-0.019687317486951968,0.5,5.152526692343966e-07,0.9999994847473308,11,0.060175591224674224,1.359462042919727e-07,6.230789508837044e-11
0.0913827655310617,1.2341921084928127,-0.01938766391424309,7.805379964308292e-06,-0.019372365650627395,-0.019402962177858786,0.5,5.152526692343966e-07,0.9999994847473308,11,0.060175591224674224,1.359462042919727e-07,6.230789508837044e-11
0.0995991983967932,1.257764109918936,-0.019094427767854635,7.805205850406916e-06,-0.019079129845495917,-0.019109725690213353,0.5,5.152526692343966e-07,0.9999994847473308,11,0.060175591224674224,1.359462042919727e-07,6.230789508837044e-11
0.1078156312625246,1.2817863161769967,-0.018792855641815032,7.805065031547627e-06,-0.018777557995456207,-0.018808153288173857,0.5,5.152526692343966e-07,0.9999994847473308,11,0.060175591224674224,1.359462042919727e-07,6.230789508837044e-11
0.1160320641282561,1.306267325789753,-0.0184834225232395,7.804985924734125e-06,-0.018468125031927178,-0.01849872001455182,0.5,5.152526692343966e-07,0.9999994847473308,11,0.060175591224674224,1.359462042919727e-07,6.230789508837044e-11
0.1242484969939876,1.3312159015043068,-0.018166511355982292,7.804864450065546e-06,-0.018151214102755945,-0.01818180860920864,0.5,5.152526692343966e-07,0.9999994847473308,11,0.060175591224674224,1.359462042919727e-07,6.230789508837044e-11
0.1324649298597191,1.3566409734286482,-0.01784248869867186,7.80470300437646e-06,-0.01782719176187325,-0.01785778563547047,0.5,5.152526692343966e-07,0.9999994847473308,11,0.060175591224674224,1.359462042919727e-07,6.230789508837044e-11
0.1406813627254506,1.3825516422281035,-0.0175119137714149,7.804598692659745e-06,-0.017496617039063498,-0.017527210503766304,0.5,5.152526692343966e-07,0.9999994847473308,11,0.060175591224674224,1.359462042919727e-07,6.230789508837044e-11
0.1488977955911821,1.4089571823828324,-0.017177234032292314,7.804508694591641e-06,-0.017161937476333884,-0.017192530588250744,0.5,5.152526692343966e-07,0.9999994847473308,11,0.060175591224674224,1.359462042919727e-07,6.230789508837044e-11
0.1571142284569135,1.4358670455075404,-0.01684192801720426,7.804369667164638e-06,-0.01682663173373458,-0.01685722430067394,0.5,5.152526692343966e-07,0.9999994847473308,11,0.060175591224674224,1.359462042919727e-07,6.230789508837044e-11
0.165330661322645,1.4632908637345976,-0.016509481650673584,7.804241940424062e-06,-0.016494185617543716,-0.016524777683803452,0.5,5.152526692343966e-07,0.9999994847473308,11,0.060175591224674224,1.359462042919727e-07,6.230789508837044e-11
0.1735470941883763,1.4912384531617662,-0.016183273758681827,7.804158902956333e-06,-0.016167977888302404,-0.01619856962906125,0.5,5.152526692343966e-07,0.9999994847473308,11,0.060175591224674224,1.359462042919727e-07,6.230789508837044e-11
0.1817635270541078,1.5197198173657849,-0.01586651216386194,7.804040306958014e-06,-0.015851216525926404,-0.015881807801797477,0.5,5.152526692343966e-07,0.9999994847473308,11,0.060175591224674224,1.359462042919727e-07,6.230789508837044e-11
0.1899799599198393,1.5487451509830508,-0.015562398640405989,7.80391017376777e-06,-0.015547103257526817,-0.01557769402328516,0.5,5.152526692343966e-07,0.9999994847473308,11,0.060175591224674224,1.359462042919727e-07,6.230789508837044e-11
0.1981963927855707,1.5783248433586956,-0.015273191065155829,7.803826147003685e-06,-0.01525789584696609,-0.015288486283345568,0.5,5.152526692343966e-07,0.9999994847473308,11,0.060175591224674224,1.359462042919727e-07,6.230789508837044e-11
0.2064128256513022,1.608469482265355,-0.014998416734540075,7.803717647579193e-06,-0.0149831217290053,-0.01501371174007485,0.5,5.152526692343966e-07,0.9999994847473308,11,0.060175591224674224,1.359462042919727e-07,6.230789508837044e-11
0.2146292585170337,1.6391898576929596,-0.01473713120588663,7.803594631519682e-06,-0.014721836441458901,-0.014752425970314358,0.5,5.152526692343966e-07,0.9999994847473308,11,0.060175591224674224,1.359462042919727e-07,6.230789508837044e-11
0.2228456913827652,1.670496965710913,-0.014488126909969732,7.803511166249416e-06,-0.014472832309130927,-0.014503421510808537,0.5,5.152526692343966e-07,0.9999994847473308,11,0.060175591224674224,1.359462042919727e-07,6.230789508837044e-11
0.2310621242484967,1.7024020124040296,-0.01424935855801704,7.803404974889221e-06,-0.014234064165309477,-0.014264652950724604,0.5,5.152526692343966e-07,0.9999994847473308,11,0.060175591224674224,1.359462042919727e-07,6.230789508837044e-11
0.2392785571142281,1.7349164178836476,-0.014018633422696375,7.803293225317216e-06,-0.014003339249013948,-0.014033927596378802,0.5,5.152526692343966e-07,0.9999994847473308,11,0.060175591224674224,1.359462042919727e-07,6.230789508837044e-11
0.2474949899799596,1.768051820375352,-0.013794017829722378,7.803210920513503e-06,-0.013778723817354403,-0.013809311842090354,0.5,5.152526692343966e-07,0.9999994847473308,11,0.060175591224674224,1.359462042919727e-07,6.230789508837044e-11
0.2557114228456911,1.801820080384765,-0.013574091991358153,7.803103073019622e-06,-0.013558798190367382,-0.013589385792348925,0.5,5.152526692343966e-07,0.9999994847473308,11,0.060175591224674224,1.359462042919727e-07,6.230789508837044e-11
0.2639278557114224,1.8362332849429048,-0.013357518925626193,7.803007085847017e-06,-0.013342225312766822,-0.013372812538485563,0.5,5.152526692343966e-07,0.9999994847473308,11,0.060175591224674224,1.359462042919727e-07,6.230789508837044e-11
0.2721442885771539,1.8713037519326252,-0.013143280861260462,7.802920968613138e-06,-0.013127987417187768,-0.013158574305333157,0.5,5.152526692343966e-07,0.9999994847473308,11,0.060175591224674224,1.359462042919727e-07,6.230789508837044e-11
0.2803607214428854,1.907044034497683,-0.01293066037876777,7.802814626545381e-06,-0.012915367143121699,-0.012945953614413842,0.5,5.152526692343966e-07,0.9999994847473308,11,0.060175591224674224,1.359462042919727e-07,6.230789508837044e-11
0.2885771543086168,1.9434669255360189,-0.012719018525095396,7.802733504534022e-06,-0.012703725448445545,-0.012734311601745247,0.5,5.152526692343966e-07,0.9999994847473308,11,0.060175591224674224,1.359462042919727e-07,6.230789508837044e-11
0.2967935871743483,1.9805854622788575,-0.01250802266532188,7.802638041196399e-06,-0.012492729775776732,-0.012523315554867027,0.5,5.152526692343966e-07,0.9999994847473308,11,0.060175591224674224,1.359462042919727e-07,6.230789508837044e-11
0.3050100200400798,2.018412930957258,-0.012297452531697622,7.80254763311923e-06,-0.01228215981934905,-0.012312745244046195,0.5,5.152526692343966e-07,0.9999994847473308,11,0.060175591224674224,1.359462042919727e-07,6.230789508837044e-11
0.3132264529058113,2.056962871557797,-0.012087598780515142,7.802464562116527e-06,-0.012072306230982743,-0.01210289133004754,0.5,5.152526692343966e-07,0.9999994847473308,11,0.060175591224674224,1.359462042919727e-07,6.230789508837044e-11
0.3214428857715428,2.0962490826690803,-0.01187928495265033,7.802369496029862e-06,-0.011863992589444037,-0.011894577315856624,0.5,5.152526692343966e-07,0.9999994847473308,11,0.060175591224674224,1.359462042919727e-07,6.230789508837044e-11
0.3296593186372742,2.1362856264208165,-0.011673584274461355,7.802292267305488e-06,-0.011658292062620581,-0.01168887648630213,0.5,5.152526692343966e-07,0.9999994847473308,11,0.060175591224674224,1.359462042919727e-07,6.230789508837044e-11
0.3378757515030057,2.1770868335172255,-0.011472170246692512,7.802199929587697e-06,-0.01145687821583034,-0.011487462277554684,0.5,5.152526692343966e-07,0.9999994847473308,11,0.060175591224674224,1.359462042919727e-07,6.230789508837044e-11
0.3460921843687372,2.218667308366577,-0.011276996938676604,7.802123227490245e-06,-0.01126170505814778,-0.011292288819205428,0.5,5.152526692343966e-07,0.9999994847473308,11,0.060175591224674224,1.359462042919727e-07,6.230789508837044e-11
0.3543086172344685,2.261041934308703,-0.011091017970930577,7.802036111687897e-06,-0.011075726261145589,-0.011106309680715565,0.5,5.152526692343966e-07,0.9999994847473308,11,0.060175591224674224,1.359462042919727e-07,6.230789508837044e-11
0.3625250501002,2.3042258789423493,-0.010917585723098977,7.80195894200227e-06,-0.010902294164563793,-0.010932877281634161,0.5,5.152526692343966e-07,0.9999994847473308,11,0.060175591224674224,1.359462042919727e-07,6.230789508837044e-11
0.3707414829659314,2.3482345995542735,-0.010760427068805145,7.801876239359935e-06,-0.01074513567236416,-0.01077571846524613,0.5,5.152526692343966e-07,0.9999994847473308,11,0.060175591224674224,1.359462042919727e-07,6.230789508837044e-11
0.3789579158316629,2.393083848652037,-0.010623475387034844,7.801799821481884e-06,-0.010608184140370147,-0.01063876663369954,0.5,5.152526692343966e-07,0.9999994847473308,11,0.060175591224674224,1.359462042919727e-07,6.230789508837044e-11
0.3871743486973944,2.438789679602465,-0.01051056349864739,7.801720096289108e-06,-0.010495272408241201,-0.010525854589053578,0.5,5.152526692343966e-07,0.9999994847473308,11,0.060175591224674224,1.359462042919727e-07,6.230789508837044e-11
0.3953907815631259,2.485368452377799,-0.010425286648340797,7.801645690969976e-06,-0.010409995703766352,-0.01044057759291524,0.5,5.152526692343966e-07,0.9999994847473308,11,0.060175591224674224,1.359462042919727e-07,6.230789508837044e-11
0.4036072144288574,2.532836839411596,-0.01036909377303623,7.801567786891263e-06,-0.010353802981150975,-0.010384384564921485,0.5,5.152526692343966e-07,0.9999994847473308,11,0.060175591224674224,1.359462042919727e-07,6.230789508837044e-11
0.4118236472945888,2.5812118315664674,-0.010341494916778127,7.801496147216509e-06,-0.010326204265304055,-0.010356785568252199,0.5,5.152526692343966e-07,0.9999994847473308,11,0.060175591224674224,1.359462042919727e-07,6.230789508837044e-11
0.4200400801603203,2.6305107442158007,-0.010337080192327777,7.801419542130607e-06,-0.010321789690996914,-0.01035237069365864,0.5,5.152526692343966e-07,0.9999994847473308,11,0.060175591224674224,1.359462042919727e-07,6.230789508837044e-11
0.4282565130260518,2.6807512234416326,-0.010347527457607288,7.801350637677404e-06,-0.010332237091326671,-0.010362817823887904,0.5,5.152526692343966e-07,0.9999994847473308,11,0.060175591224674224,1.359462042919727e-07,6.230789508837044e-11
0.4364729458917831,2.7319512523508975,-0.01036272125329351,7.801276052679814e-06,-0.010347431033196802,-0.010378011473390217,0.5,5.152526692343966e-07,0.9999994847473308,11,0.060175591224674224,1.359462042919727e-07,6.230789508837044e-11
0.4446893787575146,2.7841291575123153,-0.010373069545377167,7.801208501334144e-06,-0.010357779457678665,-0.01038835963307567,0.5,5.152526692343966e-07,0.9999994847473308,11,0.060175591224674224,1.359462042919727e-07,6.230789508837044e-11
0.452905811623246,2.8373036155162095,-0.010372520319916596,7.801137780751276e-06,-0.01035723037082789,-0.010387810269005303,0.5,5.152526692343966e-07,0.9999994847473308,11,0.060175591224674224,1.359462042919727e-07,6.230789508837044e-11
0.4611222444889775,2.8914936596596204,-0.010357382357410476,7.801069443431644e-06,-0.010342092542260454,-0.010372672172560498,0.5,5.152526692343966e-07,0.9999994847473308,11,0.060175591224674224,1.359462042919727e-07,6.230789508837044e-11
0.469338677354709,2.9467186867590924,-0.010326561247324336,7.801003390669166e-06,-0.01031127156163535,-0.010341850933013323,0.5,5.152526692343966e-07,0.9999994847473308,11,0.060175591224674224,1.359462042919727e-07,6.230789508837044e-11
0.4775551102204405,3.0029984640935834,-0.010280642961709103,7.800934808426983e-06,-0.01026535341043884,-0.010295932512979365,0.5,5.152526692343966e-07,0.9999994847473308,11,0.060175591224674224,1.359462042919727e-07,6.230789508837044e-11
0.485771543086172,3.0603531364799763,-0.010221119907981097,7.800871101566481e-06,-0.010205830481573988,-0.010236409334388206,0.5,5.152526692343966e-07,0.9999994847473308,11,0.060175591224674224,1.359462042919727e-07,6.230789508837044e-11
0.4939879759519034,3.118803233483727,-0.010149418279824116,7.80080629030743e-06,-0.01013412898044474,-0.010164707579203491,0.5,5.152526692343966e-07,0.9999994847473308,11,0.060175591224674224,1.359462042919727e-07,6.230789508837044e-11
0.502204408817635,3.178369676767228,-0.010066495092259903,7.800741368222654e-06,-0.010051205920125475,-0.010081784264394331,0.5,5.152526692343966e-07,0.9999994847473308,11,0.060175591224674224,1.359462042919727e-07,6.230789508837044e-11
0.5104208416833664,3.239073787578522,-0.009973114632716948,7.800680134182814e-06,-0.009957825580599032,-0.009988403684834864,0.5,5.152526692343966e-07,0.9999994847473308,11,0.060175591224674224,1.359462042919727e-07,6.230789508837044e-11
0.5186372745490979,3.30093729438304,-0.009871426798775262,7.800617955495624e-06,-0.009856137868525334,-0.00988671572902519,0.5,5.152526692343966e-07,0.9999994847473308,11,0.060175591224674224,1.359462042919727e-07,6.230789508837044e-11
0.5268537074148292,3.3639823406411025,-0.009764486952799703,7.80055587651923e-06,-0.009749198144222333,-0.009779775761377073,0.5,5.152526692343966e-07,0.9999994847473308,11,0.060175591224674224,1.359462042919727e-07,6.230789508837044e-11
0.5350701402805607,3.428231492733967,-0.009655780236944437,7.80049673278467e-06,-0.009640491544286657,-0.009671068929602218,0.5,5.152526692343966e-07,0.9999994847473308,11,0.060175591224674224,1.359462042919727e-07,6.230789508837044e-11
0.5432865731462921,3.4937077480412437,-0.009548281170546477,7.800437754712706e-06,-0.009532992593483593,-0.00956356974760936,0.5,5.152526692343966e-07,0.9999994847473308,11,0.060175591224674224,1.359462042919727e-07,6.230789508837044e-11
0.5515030060120236,3.5604345431725952,-0.009444243922114163,7.800378454969925e-06,-0.00942895546127664,-0.009459532382951686,0.5,5.152526692343966e-07,0.9999994847473308,11,0.060175591224674224,1.359462042919727e-07,6.230789508837044e-11
0.5597194388777551,3.6284357623566525,-0.009345036364693549,7.800320631633302e-06,-0.009329748017187682,-0.009360324712199415,0.5,5.152526692343966e-07,0.9999994847473308,11,0.060175591224674224,1.359462042919727e-07,6.230789508837044e-11
0.5679358717434866,3.6977357459901468,-0.009250944900362195,7.800264518256413e-06,-0.009235656662836527,-0.009266233137887863,0.5,5.152526692343966e-07,0.9999994847473308,11,0.060175591224674224,1.359462042919727e-07,6.230789508837044e-11
0.5761523046092181,3.7683592993503265,-0.009161092755696734,7.800208650274919e-06,-0.009145804627670296,-0.00917638088372317,0.5,5.152526692343966e-07,0.9999994847473308,11,0.060175591224674224,1.359462042919727e-07,6.230789508837044e-11
0.5843687374749496,3.8403317014737737,-0.009073876246081684,7.800152971282307e-06,-0.009058588227184068,-0.009089164264979301,0.5,5.152526692343966e-07,0.9999994847473308,11,0.060175591224674224,1.359462042919727e-07,6.230789508837044e-11
0.592585170340681,3.913678714204797,-0.00898739386421408,7.800098090712405e-06,-0.008972105952880404,-0.009002681775547756,0.5,5.152526692343966e-07,0.9999994847473308,11,0.060175591224674224,1.359462042919727e-07,6.230789508837044e-11
0.6008016032064125,3.9884265914166415,-0.008899551301312996,7.800044548395991e-06,-0.008884263494920332,-0.00891483910770566,0.5,5.152526692343966e-07,0.9999994847473308,11,0.060175591224674224,1.359462042919727e-07,6.230789508837044e-11
0.6090180360721438,4.064602088408812,-0.008807569112115204,7.799991959870955e-06,-0.008792281408794156,-0.008822856815436252,0.5,5.152526692343966e-07,0.9999994847473308,11,0.060175591224674224,1.359462042919727e-07,6.230789508837044e-11
0.6172344689378753,4.142232471483892,-0.008708192721867474,7.799939935172573e-06,-0.00869290512051296,-0.008723480323221988,0.5,5.152526692343966e-07,0.9999994847473308,11,0.060175591224674224,1.359462042919727e-07,6.230789508837044e-11
0.6254509018036067,4.221345527707245,-0.008599789819374438,7.79988843806178e-06,-0.008584502318952407,-0.00861507731979647,0.5,5.152526692343966e-07,0.9999994847473308,11,0.060175591224674224,1.359462042919727e-07,6.230789508837044e-11
0.6336673346693382,4.301969574853144,-0.008482978166871224,7.799837556671815e-06,-0.008467690766174884,-0.008498265567567564,0.5,5.152526692343966e-07,0.9999994847473308,11,0.060175591224674224,1.359462042919727e-07,6.230789508837044e-11
0.6418837675350697,4.38413347154085,-0.008360091477086195,7.799787385814253e-06,-0.00834480417472293,-0.00837537877944946,0.5,5.152526692343966e-07,0.9999994847473308,11,0.060175591224674224,1.359462042919727e-07,6.230789508837044e-11
0.6501002004008012,4.4678666275642795,-0.008234658493488645,7.799737984178166e-06,-0.008219371287950807,-0.008249945699026482,0.5,5.152526692343966e-07,0.9999994847473308,11,0.060175591224674224,1.359462042919727e-07,6.230789508837044e-11
0.6583166332665327,4.553199014418969,-0.008110875958008133,7.799689370931409e-06,-0.008095588847750508,-0.008126163068265758,0.5,5.152526692343966e-07,0.9999994847473308,11,0.060175591224674224,1.359462042919727e-07,6.230789508837044e-11
0.6665330661322642,4.640161176030086,-0.00799321164707904,7.799641536915536e-06,-0.007977924630574363,-0.008008498663583717,0.5,5.152526692343966e-07,0.9999994847473308,11,0.060175591224674224,1.359462042919727e-07,6.230789508837044e-11
0.6747494989979956,4.72878423968534,-0.007885955281143404,7.79959445089193e-06,-0.007870668356925637,-0.00790124220536117,0.5,5.152526692343966e-07,0.9999994847473308,11,0.060175591224674224,1.359462042919727e-07,6.230789508837044e-11
0.6829659318637271,4.819099927176707,-0.007792542394960986,7.79954805553376e-06,-0.00777725556167645,-0.007807829228245522,0.5,5.152526692343966e-07,0.9999994847473308,11,0.060175591224674224,1.359462042919727e-07,6.230789508837044e-11
0.6911823647294586,4.911140566154939,-0.007715474434129572,7.799502260881361e-06,-0.007700187690600905,-0.007730761177658238,0.5,5.152526692343966e-07,0.9999994847473308,11,0.060175591224674224,1.359462042919727e-07,6.230789508837044e-11
0.6993987975951899,5.004939101700948,-0.007656381334635386,7.799456960383357e-06,-0.007641094679894064,-0.007671667989376707,0.5,5.152526692343966e-07,0.9999994847473308,11,0.060175591224674224,1.359462042919727e-07,6.230789508837044e-11
0.7076152304609213,5.10052910811819,-0.00761539152394385,7.79941212233091e-06,-0.0076001049570834965,-0.007630678090804204,0.5,5.152526692343966e-07,0.9999994847473308,11,0.060175591224674224,1.359462042919727e-07,6.230789508837044e-11
0.7158316633266528,5.19794480095026,-0.007590414742888101,7.799368036361774e-06,-0.0075751282624346595,-0.007605701223341543,0.5,5.152526692343966e-07,0.9999994847473308,11,0.060175591224674224,1.359462042919727e-07,6.230789508837044e-11
0.7240480961923843,5.297221049228036,-0.00757736264905733,7.79932579669208e-06,-0.00756207625139212,-0.007592649046722541,0.5,5.152526692343966e-07,0.9999994847473308,11,0.060175591224674224,1.359462042919727e-07,6.230789508837044e-11
0.7322645290581158,5.3983933879507155,-0.007571109559805797,7.799288030886112e-06,-0.007555823236160206,-0.007586395883451388,0.5,5.152526692343966e-07,0.9999994847473308,11,0.060175591224674224,1.359462042919727e-07,6.230789508837044e-11
0.7404809619238473,5.501498030805234,-0.007566627639245699,7.79925966317091e-06,-0.007551341371199808,-0.00758191390729159,0.5,5.152526692343966e-07,0.9999994847473308,11,0.060175591224674224,1.359462042919727e-07,6.230789508837044e-11
0.7486973947895788,5.606571883128613,-0.007560170060653983,7.799248077172832e-06,-0.007544883815316232,-0.007575456305991735,0.5,5.152526692343966e-07,0.9999994847473308,11,0.060175591224674224,1.359462042919727e-07,6.230789508837044e-11
0.7569138276553102,5.713652555117879,-0.007549826022312651,7.79926147445555e-06,-0.007534539750716707,-0.007565112293908594,0.5,5.152526692343966e-07,0.9999994847473308,11,0.060175591224674224,1.359462042919727e-07,6.230789508837044e-11
0.7651302605210417,5.822778375292286,-0.007534949632662145,7.79930388640654e-06,-0.007519663277940305,-0.007550235987383985,0.5,5.152526692343966e-07,0.9999994847473308,11,0.060175591224674224,1.359462042919727e-07,6.230789508837044e-11
0.7733466933867732,5.933988404212633,-0.007515035664929023,7.799365945939405e-06,-0.007499749188572734,-0.007530322141285312,0.5,5.152526692343966e-07,0.9999994847473308,11,0.060175591224674224,1.359462042919727e-07,6.230789508837044e-11
0.7815631262525047,6.047322448462642,-0.0074891774648872264,7.799414662668491e-06,-0.0074738908930479025,-0.00750446403672655,0.5,5.152526692343966e-07,0.9999994847473308,11,0.060175591224674224,1.359462042919727e-07,6.230789508837044e-11
0.7897795591182359,6.1628210748973355,-0.007455778776851837,7.799400523117306e-06,-0.0074404922327255246,-0.007471065320978149,0.5,5.152526692343966e-07,0.9999994847473308,11,0.060175591224674224,1.359462042919727e-07,6.230789508837044e-11
0.7979959919839674,6.280525625163577,-0.007412700365683671,7.799347365680488e-06,-0.00739741392574402,-0.0074279868056233225,0.5,5.152526692343966e-07,0.9999994847473308,11,0.060175591224674224,1.359462042919727e-07,6.230789508837044e-11
0.8062124248496989,6.400478230497903,-0.0073574348307219,7.799319014187853e-06,-0.007342148446350153,-0.0073727212150936465,0.5,5.152526692343966e-07,0.9999994847473308,11,0.060175591224674224,1.359462042919727e-07,6.230789508837044e-11
0.8144288577154304,6.522721826807022,-0.0072877819174397675,7.799334613593913e-06,-0.007272495502493747,-0.007303068332385788,0.5,5.152526692343966e-07,0.9999994847473308,11,0.060175591224674224,1.359462042919727e-07,6.230789508837044e-11
0.8226452905811619,6.647300170036307,-0.00720462196575652,7.799361980396579e-06,-0.007189335497172552,-0.007219908434340489,0.5,5.152526692343966e-07,0.9999994847473308,11,0.060175591224674224,1.359462042919727e-07,6.230789508837044e-11
0.8308617234468934,6.774257851831833,-0.00711411221333523,7.799361901203598e-06,-0.007098825744906477,-0.007129398681763983,0.5,5.152526692343966e-07,0.9999994847473308,11,0.060175591224674224,1.359462042919727e-07,6.230789508837044e-11
0.8390781563126248,6.903640315501528,-0.007023010097012706,7.799361006707146e-06,-0.007007723630337134,-0.007038296563688278,0.5,5.152526692343966e-07,0.9999994847473308,11,0.060175591224674224,1.359462042919727e-07,6.230789508837044e-11
0.8472945891783563,7.035493872281186,-0.006931477235653304,7.799357690981019e-06,-0.006916190775476436,-0.006946763695830173,0.5,5.152526692343966e-07,0.9999994847473308,11,0.060175591224674224,1.359462042919727e-07,6.230789508837044e-11
0.8555110220440878,7.169865717911131,-0.006833383995749999,7.799346139433369e-06,-0.006818097558213748,-0.00684867043328625,0.5,5.152526692343966e-07,0.9999994847473308,11,0.060175591224674224,1.359462042919727e-07,6.230789508837044e-11
0.8637274549098193,7.306803949529495,-0.00673872556639644,7.799357745586822e-06,-0.006723439106112546,-0.006754012026680334,0.5,5.152526692343966e-07,0.9999994847473308,11,0.060175591224674224,1.359462042919727e-07,6.230789508837044e-11
0.8719438877755508,7.446357582888134,-0.006682548342953087,7.799370050308363e-06,-0.006667261858552382,-0.006697834827353792,0.5,5.152526692343966e-07,0.9999994847473308,11,0.060175591224674224,1.359462042919727e-07,6.230789508837044e-11
0.880160320641282,7.588576569897345,-0.0066992051603782495,7.799374124402403e-06,-0.006683918667992467,-0.006714491652764032,0.5,5.152526692343966e-07,0.9999994847473308,11,0.060175591224674224,1.359462042919727e-07,6.230789508837044e-11
0.8883767535070135,7.733511816505708,-0.006798292393615462,7.799364253931237e-06,-0.006783005920575448,-0.006813578866655476,0.5,5.152526692343966e-07,0.9999994847473308,11,0.060175591224674224,1.359462042919727e-07,6.230789508837044e-11
0.896593186372745,7.881215200921364,-0.006975689570626077,7.799351191882046e-06,-0.006960403123187208,-0.006990976018064946,0.5,5.152526692343966e-07,0.9999994847473308,11,0.060175591224674224,1.359462042919727e-07,6.230789508837044e-11
0.9048096192384768,8.03173959218135,-0.007221463516923001,7.799336413899162e-06,-0.007206177098448447,-0.007236749935397555,0.5,5.152526692343966e-07,0.9999994847473308,11,0.060175591224674224,1.359462042919727e-07,6.230789508837044e-11
0.913026052104208,8.185138869075539,-0.00752150280335181,7.799334106381031e-06,-0.007506216389399908,-0.007536789217303712,0.5,5.152526692343966e-07,0.9999994847473308,11,0.060175591224674224,1.359462042919727e-07,6.230789508837044e-11
0.9212424849699392,8.341467939432114,-0.007859694585841504,7.79933788879466e-06,-0.007844408164476208,-0.0078749810072068,0.5,5.152526692343966e-07,0.9999994847473308,11,0.060175591224674224,1.359462042919727e-07,6.230789508837044e-11
0.9294589178356708,8.500782759771253,-0.008220836098378686,7.79934693788839e-06,-0.008205549659277491,-0.00823612253747988,0.5,5.152526692343966e-07,0.9999994847473308,11,0.060175591224674224,1.359462042919727e-07,6.230789508837044e-11
0.9376753507014022,8.663140355334237,-0.008590885155469427,7.799338694495037e-06,-0.008575598732524987,-0.008606171578413866,0.5,5.152526692343966e-07,0.9999994847473308,11,0.060175591224674224,1.359462042919727e-07,6.230789508837044e-11
0.945891783567134,8.828598840495143,-0.008957643621739939,7.799324180653466e-06,-0.008942357227242105,-0.008972930016237772,0.5,5.152526692343966e-07,0.9999994847473308,11,0.060175591224674224,1.359462042919727e-07,6.230789508837044e-11
0.9541082164328653,8.997217439562275,-0.00931178267320888,7.79931984086018e-06,-0.009296496287216885,-0.009327069059200875,0.5,5.152526692343966e-07,0.9999994847473308,11,0.060175591224674224,1.359462042919727e-07,6.230789508837044e-11
0.9623246492985968,9.169056507977023,-0.009647692042106214,7.799321477132173e-06,-0.009632405652907185,-0.009662978431305242,0.5,5.152526692343966e-07,0.9999994847473308,11,0.060175591224674224,1.359462042919727e-07,6.230789508837044e-11
0.970541082164328,9.344177553917449,-0.009963442219224255,7.799348037683808e-06,-0.009948155777967501,-0.009978728660481008,0.5,5.152526692343966e-07,0.9999994847473308,11,0.060175591224674224,1.359462042919727e-07,6.230789508837044e-11
0.9787575150300598,9.522643260314638,-0.010260898943352503,7.799388699341207e-06,-0.010245612422400366,-0.01027618546430464,0.5,5.152526692343966e-07,0.9999994847473308,11,0.060175591224674224,1.359462042919727e-07,6.230789508837044e-11
0.9869739478957912,9.704517507289376,-0.010542198102644507,7.799418201770623e-06,-0.01052691152386867,-0.010557484681420343,0.5,5.152526692343966e-07,0.9999994847473308,11,0.060175591224674224,1.359462042919727e-07,6.230789508837044e-11
0.9951903807615228,9.889865395017523,-0.01080663560822272,7.799426227969376e-06,-0.010791349013715824,-0.010821922202729617,0.5,5.152526692343966e-07,0.9999994847473308,11,0.060175591224674224,1.359462042919727e-07,6.230789508837044e-11
1.003406813627254,10.078753267031942,-0.01105267188256766,7.799413486918266e-06,-0.011037385313032763,-0.011067958452102556,0.5,5.152526692343966e-07,0.9999994847473308,11,0.060175591224674224,1.359462042919727e-07,6.230789508837044e-11
1.0116232464929853,10.271248733969596,-0.01128015486278687,7.799385653321118e-06,-0.011264868347804822,-0.011295441377768918,0.5,5.152526692343966e-07,0.9999994847473308,11,0.060175591224674224,1.359462042919727e-07,6.230789508837044e-11
1.019839679358717,10.467420697772113,-0.011487519490289597,7.799349171331376e-06,-0.011472233046810935,-0.011502805933768259,0.5,5.152526692343966e-07,0.9999994847473308,11,0.060175591224674224,1.359462042919727e-07,6.230789508837044e-11
1.0280561122244485,10.667339376348565,-0.011665094734357876,7.799309580082953e-06,-0.011649808368476636,-0.011680381100239116,0.5,5.152526692343966e-07,0.9999994847473308,11,0.060175591224674224,1.359462042919727e-07,6.230789508837044e-11
1.03627254509018,10.871076328709355,-0.011798727913394506,7.799271643298515e-06,-0.011783441621867997,-0.011814014204921015,0.5,5.152526692343966e-07,0.9999994847473308,11,0.060175591224674224,1.359462042919727e-07,6.230789508837044e-11
1.0444889779559112,11.078704480580058,-0.011879365445674115,7.799240266983692e-06,-0.011864079215644053,-0.011894651675704178,0.5,5.152526692343966e-07,0.9999994847473308,11,0.060175591224674224,1.359462042919727e-07,6.230789508837044e-11
1.052705410821643,11.29029815050453,-0.011904172903036556,7.799221146870633e-06,-0.011888886710481227,-0.011919459095591885,0.5,5.152526692343966e-07,0.9999994847473308,11,0.060175591224674224,1.359462042919727e-07,6.230789508837044e-11
1.0609218436873742,11.505933076446473,-0.01187382252250904,7.799219890735648e-06,-0.01185853633241569,-0.011889108712602391,0.5,5.152526692343966e-07,0.9999994847473308,11,0.060175591224674224,1.359462042919727e-07,6.230789508837044e-11
1.069138276553106,11.725686442899212,-0.011790310458340789,7.799238957695835e-06,-0.011775024230876884,-0.011805596685804694,0.5,5.152526692343966e-07,0.9999994847473308,11,0.060175591224674224,1.359462042919727e-07,6.230789508837044e-11
1.0773547094188372,11.949636908513066,-0.011657055322147046,7.799272354647511e-06,-0.011641769029226319,-0.011672341615067774,0.5,5.152526692343966e-07,0.9999994847473308,11,0.060175591224674224,1.359462042919727e-07,6.230789508837044e-11
1.0855711422845689,12.17786463425056,-0.011482806452510541,7.79930057862753e-06,-0.01146752010427183,-0.011498092800749253,0.5,5.152526692343966e-07,0.9999994847473308,11,0.060175591224674224,1.359462042919727e-07,6.230789508837044e-11
1.0937875751503,12.410451312079191,-0.011284921691604567,7.799309644596514e-06,-0.011269635325596881,-0.011300208057612253,0.5,5.152526692343966e-07,0.9999994847473308,11,0.060175591224674224,1.359462042919727e-07,6.230789508837044e-11
1.1020040080160314,12.647480194212422,-0.011086183610912738,7.799318154331256e-06,-0.01107089722822628,-0.011101469993599197,0.5,5.152526692343966e-07,0.9999994847473308,11,0.060175591224674224,1.359462042919727e-07,6.230789508837044e-11
1.110220440881763,12.889036122908916,-0.01090615970510334,7.799321258033757e-06,-0.010890873316333738,-0.010921446093872944,0.5,5.152526692343966e-07,0.9999994847473308,11,0.060175591224674224,1.359462042919727e-07,6.230789508837044e-11
1.1184368737474943,13.135205560841055,-0.010756612193018685,7.799315886178647e-06,-0.010741325814777724,-0.010771898571259646,0.5,5.152526692343966e-07,0.9999994847473308,11,0.060175591224674224,1.359462042919727e-07,6.230789508837044e-11
1.126653306613226,13.3860766220435,-0.01064072647595329,7.799304503690437e-06,-0.010625440120021597,-0.010656012831884984,0.5,5.152526692343966e-07,0.9999994847473308,11,0.060175591224674224,1.359462042919727e-07,6.230789508837044e-11
1.1348697394789573,13.641739103452684,-0.010555806945781187,7.799295340031066e-06,-0.010540520607809935,-0.010571093283752438,0.5,5.152526692343966e-07,0.9999994847473308,11,0.060175591224674224,1.359462042919727e-07,6.230789508837044e-11
1.143086172344689,13.90228451704888,-0.010497482575333159,7.799289887780277e-06,-0.010482196248048121,-0.010512768902618196,0.5,5.152526692343966e-07,0.9999994847473308,11,0.060175591224674224,1.359462042919727e-07,6.230789508837044e-11
1.1513026052104205,14.167806122611962,-0.010461682587877705,7.79929281791159e-06,-0.010446396254849716,-0.010476968920905693,0.5,5.152526692343966e-07,0.9999994847473308,11,0.060175591224674224,1.359462042919727e-07,6.230789508837044e-11
1.159519038076152,14.438398961102932,-0.010444722379209985,7.79929416506015e-06,-0.010429436043541634,-0.010460008714878335,0.5,5.152526692343966e-07,0.9999994847473308,11,0.060175591224674224,1.359462042919727e-07,6.230789508837044e-11
1.1677354709418832,14.714159888682902,-0.010443620386040174,7.799299829278404e-06,-0.01042833403927016,-0.01045890673281019,0.5,5.152526692343966e-07,0.9999994847473308,11,0.060175591224674224,1.359462042919727e-07,6.230789508837044e-11
1.175951903807615,14.995187611381885,-0.010456464812996885,7.799317220347056e-06,-0.010441178432141002,-0.010471751193852769,0.5,5.152526692343966e-07,0.9999994847473308,11,0.060175591224674224,1.359462042919727e-07,6.230789508837044e-11
1.1841683366733462,15.281582720429615,-0.010481954759674866,7.799331029222828e-06,-0.010466668351754084,-0.010497241167595648,0.5,5.152526692343966e-07,0.9999994847473308,11,0.060175591224674224,1.359462042919727e-07,6.230789508837044e-11
1.1923847695390777,15.573447728261328,-0.010518146425371492,7.799334981180526e-06,-0.010502860009705016,-0.010533432841037969,0.5,5.152526692343966e-07,0.9999994847473308,11,0.060175591224674224,1.359462042919727e-07,6.230789508837044e-11
1.2006012024048092,15.870887105211049,-0.010561556477860137,7.799332054829977e-06,-0.0105462700679292,-0.010576842887791073,0.5,5.152526692343966e-07,0.9999994847473308,11,0.060175591224674224,1.359462042919727e-07,6.230789508837044e-11
1.2088176352705404,16.174007316905787,-0.010608504503211692,7.799329672776723e-06,-0.010593218097949495,-0.01062379090847389,0.5,5.152526692343966e-07,0.9999994847473308,11,0.060175591224674224,1.359462042919727e-07,6.230789508837044e-11
1.217034068136272,16.482916862373937,-0.010658403496991353,7.799334346437746e-06,-0.010643117082568949,-0.010673689911413757,0.5,5.152526692343966e-07,0.9999994847473308,11,0.060175591224674224,1.359462042919727e-07,6.230789508837044e-11
1.2252505010020034,16.797726312881434,-0.010713954258378572,7.799346517693746e-06,-0.010698667820100944,-0.010729240696656199,0.5,5.152526692343966e-07,0.9999994847473308,11,0.060175591224674224,1.359462042919727e-07,6.230789508837044e-11
1.233466933867735,17.118548351509737,-0.010779339111833368,7.799356778667458e-06,-0.010764052653444602,-0.010794625570222134,0.5,5.152526692343966e-07,0.9999994847473308,11,0.060175591224674224,1.359462042919727e-07,6.230789508837044e-11
1.2416833667334664,17.44549781348963,-0.01085709931803481,7.799355985975248e-06,-0.010841812861199692,-0.010872385774869929,0.5,5.152526692343966e-07,0.9999994847473308,11,0.060175591224674224,1.359462042919727e-07,6.230789508837044e-11
1.249899799599198,17.778691727305514,-0.010946320888308011,7.799359396999299e-06,-0.01093103442478741,-0.010961607351828613,0.5,5.152526692343966e-07,0.9999994847473308,11,0.060175591224674224,1.359462042919727e-07,6.230789508837044e-11
1.258116232464929,18.118249356584492,-0.011043280522924444,7.799367440216475e-06,-0.011027994043639425,-0.011058567002209464,0.5,5.152526692343966e-07,0.9999994847473308,11,0.060175591224674224,1.359462042919727e-07,6.230789508837044e-11
1.2663326653306606,18.464292242785852,-0.011143187804536082,7.799374159185478e-06,-0.011127901312082127,-0.011158474296990038,0.5,5.152526692343966e-07,0.9999994847473308,11,0.060175591224674224,1.359462042919727e-07,6.230789508837044e-11
1.2745490981963925,18.816944248705546,-0.011243103971902308,7.799377581668818e-06,-0.011227817472740407,-0.011258390471064209,0.5,5.152526692343966e-07,0.9999994847473308,11,0.060175591224674224,1.359462042919727e-07,6.230789508837044e-11
1.2827655310621235,19.1763316028117,-0.011341744286769484,7.799372982799456e-06,-0.011326457796621203,-0.011357030776917765,0.5,5.152526692343966e-07,0.9999994847473308,11,0.060175591224674224,1.359462042919727e-07,6.230789508837044e-11
1.2909819639278552,19.542582944427092,-0.011436514889443758,7.799372201345116e-06,-0.0114212284008271,-0.011451801378060417,0.5,5.152526692343966e-07,0.9999994847473308,11,0.060175591224674224,1.359462042919727e-07,6.230789508837044e-11
1.2991983967935865,19.91582936977414,-0.01152481608359639,7.799374207587607e-06,-0.011509529591047568,-0.011540102576145213,0.5,5.152526692343966e-07,0.9999994847473308,11,0.060175591224674224,1.359462042919727e-07,6.230789508837044e-11
1.3074148296593182,20.296204478899778,-0.01160389982259102,7.799368746521017e-06,-0.011588613340745691,-0.01161918630443635,0.5,5.152526692343966e-07,0.9999994847473308,11,0.060175591224674224,1.359462042919727e-07,6.230789508837044e-11
1.3156312625250497,20.683844423496158,-0.011672624522479098,7.799352804974972e-06,-0.011657338071878626,-0.01168791097307957,0.5,5.152526692343966e-07,0.9999994847473308,11,0.060175591224674224,1.359462042919727e-07,6.230789508837044e-11
1.3238476953907812,21.078887955635004,-0.011734380581048373,7.799329112475607e-06,-0.011719094176884347,-0.0117496669852124,0.5,5.152526692343966e-07,0.9999994847473308,11,0.060175591224674224,1.359462042919727e-07,6.230789508837044e-11
1.3320641282565124,21.481476477432526,-0.011797942292651055,7.799303544620135e-06,-0.011782655938599104,-0.011813228646703006,0.5,5.152526692343966e-07,0.9999994847473308,11,0.060175591224674224,1.359462042919727e-07,6.230789508837044e-11
1.340280561122244,21.891754091663046,-0.01187652773252046,7.799283038522022e-06,-0.011861241418659723,-0.011891814046381198,0.5,5.152526692343966e-07,0.9999994847473308,11,0.060175591224674224,1.359462042919727e-07,6.230789508837044e-11
1.3484969939879754,22.309867653339158,-0.01198606135454874,7.799273738422466e-06,-0.011970775058915863,-0.012001347650181618,0.5,5.152526692343966e-07,0.9999994847473308,11,0.060175591224674224,1.359462042919727e-07,6.230789508837044e-11
1.3567134268537069,22.73596682227714,-0.012141035681050464,7.799278479264482e-06,-0.012125749376125707,-0.012156321985975221,0.5,5.152526692343966e-07,0.9999994847473308,11,0.060175591224674224,1.359462042919727e-07,6.230789508837044e-11
1.3649298597194384,23.170204116666277,-0.012346570925411379,7.799293234735384e-06,-0.012331284591566431,-0.012361857259256327,0.5,5.152526692343966e-07,0.9999994847473308,11,0.060175591224674224,1.359462042919727e-07,6.230789508837044e-11
1.3731462925851696,23.612734967661286,-0.012591319708985365,7.799305537189722e-06,-0.012576033351028049,-0.012606606066942682,0.5,5.152526692343966e-07,0.9999994847473308,11,0.060175591224674224,1.359462042919727e-07,6.230789508837044e-11
1.381362725450901,24.063717775017494,-0.01284983331409744,7.799315359306183e-06,-0.012834546936889131,-0.01286511969130575,0.5,5.152526692343966e-07,0.9999994847473308,11,0.060175591224674224,1.359462042919727e-07,6.230789508837044e-11
1.3895791583166326,24.523313963788475,-0.013095852515062057,7.79932392509125e-06,-0.013080566121065116,-0.013111138909058998,0.5,5.152526692343966e-07,0.9999994847473308,11,0.060175591224674224,1.359462042919727e-07,6.230789508837044e-11
1.3977955911823643,24.991688042106663,-0.013315498549078309,7.799335702050345e-06,-0.013300212131998952,-0.013330784966157666,0.5,5.152526692343966e-07,0.9999994847473308,11,0.060175591224674224,1.359462042919727e-07,6.230789508837044e-11
1.4060120240480956,25.469007660067444,-0.013507062239335182,7.799343046837426e-06,-0.013491775807860307,-0.013522348670810057,0.5,5.152526692343966e-07,0.9999994847473308,11,0.060175591224674224,1.359462042919727e-07,6.230789508837044e-11
1.4142284569138273,25.955443669738056,-0.013675354257010561,7.799341991833091e-06,-0.013660067827603458,-0.013690640686417664,0.5,5.152526692343966e-07,0.9999994847473308,11,0.060175591224674224,1.359462042919727e-07,6.230789508837044e-11
1.4224448897795583,26.451170186312282,-0.013829456379283712,7.7993356572808e-06,-0.013814169962292103,-0.013844742796275322,0.5,5.152526692343966e-07,0.9999994847473308,11,0.060175591224674224,1.359462042919727e-07,6.230789508837044e-11
1.4306613226452902,26.956364650433603,-0.01398347928006904,7.799330334793947e-06,-0.013968192873509313,-0.013998765686628766,0.5,5.152526692343966e-07,0.9999994847473308,11,0.060175591224674224,1.359462042919727e-07,6.230789508837044e-11
1.4388777555110217,27.4712078917081,-0.014151889930691422,7.799330909683357e-06,-0.014136603523004932,-0.014167176338377913,0.5,5.152526692343966e-07,0.9999994847473308,11,0.060175591224674224,1.359462042919727e-07,6.230789508837044e-11
1.4470941883767527,27.995884193430946,-0.014340157677841926,7.799336519634635e-06,-0.014324871259160134,-0.014355444096523718,0.5,5.152526692343966e-07,0.9999994847473308,11,0.060175591224674224,1.359462042919727e-07,6.230789508837044e-11
1.4553106212424844,28.530581358548876,-0.014539129649719179,7.799338744917568e-06,-0.014523843226675912,-0.014554416072762446,0.5,5.152526692343966e-07,0.9999994847473308,11,0.060175591224674224,1.359462042919727e-07,6.230789508837044e-11
1.4635270541082157,29.07549077688227,-0.014731299075666534,7.799338661780274e-06,-0.014716012652786213,-0.014746585498546854,0.5,5.152526692343966e-07,0.9999994847473308,11,0.060175591224674224,1.359462042919727e-07,6.230789508837044e-11
1.4717434869739474,29.63080749363161,-0.014906893598005328,7.79933806826347e-06,-0.01489160717628828,-0.014922180019722377,0.5,5.152526692343966e-07,0.9999994847473308,11,0.060175591224674224,1.359462042919727e-07,6.230789508837044e-11
1.479959919839679,30.196730279191847,-0.01506550833178468,7.799341289050504e-06,-0.015050221903755004,-0.015080794759814355,0.5,5.152526692343966e-07,0.9999994847473308,11,0.060175591224674224,1.359462042919727e-07,6.230789508837044e-11
1.4881763527054104,30.773461700300555,-0.015212943739588305,7.79934267632748e-06,-0.015197657308839617,-0.015228230170336993,0.5,5.152526692343966e-07,0.9999994847473308,11,0.060175591224674224,1.359462042919727e-07,6.230789508837044e-11
1.4963927855711416,31.361208192544684,-0.015357159270192001,7.79933885417224e-06,-0.0153418728469346,-0.015372445693449402,0.5,5.152526692343966e-07,0.9999994847473308,11,0.060175591224674224,1.359462042919727e-07,6.230789508837044e-11
1.5046092184368731,31.960180134252344,-0.015505573383298983,7.799331945446622e-06,-0.015490286973582434,-0.015520859793015531,0.5,5.152526692343966e-07,0.9999994847473308,11,0.060175591224674224,1.359462042919727e-07,6.230789508837044e-11
1.5128256513026046,32.57059192179563,-0.015662942129875075,7.799325841974688e-06,-0.015647655732121114,-0.015678228527629037,0.5,5.152526692343966e-07,0.9999994847473308,11,0.060175591224674224,1.359462042919727e-07,6.230789508837044e-11
1.5210420841683363,33.19266204633187,-0.015831524092421383,7.799322168118364e-06,-0.015816237701868047,-0.01584681048297472,0.5,5.152526692343966e-07,0.9999994847473308,11,0.060175591224674224,1.359462042919727e-07,6.230789508837044e-11
1.5292585170340676,33.82661317201038,-0.016009299707600573,7.799317848219132e-06,-0.015994013325514082,-0.016024586089687064,0.5,5.152526692343966e-07,0.9999994847473308,11,0.060175591224674224,1.359462042919727e-07,6.230789508837044e-11
1.5374749498997988,34.47267221567318,-0.016189830622608925,7.79931670207455e-06,-0.01617454424276884,-0.01620511700244901,0.5,5.152526692343966e-07,0.9999994847473308,11,0.060175591224674224,1.359462042919727e-07,6.230789508837044e-11
1.5456913827655303,35.13107042807759,-0.016368348331231547,7.799324308302916e-06,-0.016353061936483525,-0.01638363472597957,0.5,5.152526692343966e-07,0.9999994847473308,11,0.060175591224674224,1.359462042919727e-07,6.230789508837044e-11
1.5539078156312618,35.80204347667029,-0.01654309740086727,7.799332168896295e-06,-0.01652781099071277,-0.01655838381102177,0.5,5.152526692343966e-07,0.9999994847473308,11,0.060175591224674224,1.359462042919727e-07,6.230789508837044e-11
1.5621242484969935,36.485831529942324,-0.01671136294565604,7.799334282179538e-06,-0.01669607653135958,-0.0167266493599525,0.5,5.152526692343966e-07,0.9999994847473308,11,0.060175591224674224,1.359462042919727e-07,6.230789508837044e-11
1.5703406813627248,37.18267934339502,-0.016867149084623414,7.799332263866534e-06,-0.016851862674282774,-0.016882435494964054,0.5,5.152526692343966e-07,0.9999994847473308,11,0.060175591224674224,1.359462042919727e-07,6.230789508837044e-11
1.5785571142284565,37.89283634714817,-0.01700281244455039,7.799331090660138e-06,-0.01698752603650919,-0.017018098852591586,0.5,5.152526692343966e-07,0.9999994847473308,11,0.060175591224674224,1.359462042919727e-07,6.230789508837044e-11
1.5867735470941875,38.616556735220826,-0.01711501765029071,7.799333995135762e-06,-0.017099731236556844,-0.017130304064024576,0.5,5.152526692343966e-07,0.9999994847473308,11,0.060175591224674224,1.359462042919727e-07,6.230789508837044e-11
1.5949899799599194,39.35409955651814,-0.01720763444801988,7.799338317518917e-06,-0.017192348025814302,-0.01722292087022546,0.5,5.152526692343966e-07,0.9999994847473308,11,0.060175591224674224,1.359462042919727e-07,6.230789508837044e-11
1.603206412825651,40.10572880755494,-0.01728688882929029,7.799341264700963e-06,-0.017271602401308338,-0.01730217525727224,0.5,5.152526692343966e-07,0.9999994847473308,11,0.060175591224674224,1.359462042919727e-07,6.230789508837044e-11
1.6114228456913824,40.87171352695123,-0.017358254544311245,7.799341918837886e-06,-0.017342968115047208,-0.017373540973575283,0.5,5.152526692343966e-07,0.9999994847473308,11,0.060175591224674224,1.359462042919727e-07,6.230789508837044e-11
1.6196392785571136,41.652327891731815,-0.01742642266395763,7.799336470781698e-06,-0.01741113624537159,-0.01744170908254367,0.5,5.152526692343966e-07,0.9999994847473308,11,0.060175591224674224,1.359462042919727e-07,6.230789508837044e-11
1.627855711422845,42.44785131546548,-0.017494942993048296,7.799326884129432e-06,-0.017479656593251746,-0.017510229392844846,0.5,5.152526692343966e-07,0.9999994847473308,11,0.060175591224674224,1.359462042919727e-07,6.230789508837044e-11
1.6360721442885766,43.258568548278454,-0.017564681781387155,7.799318079747143e-06,-0.017549395398846878,-0.017579968163927432,0.5,5.152526692343966e-07,0.9999994847473308,11,0.060175591224674224,1.359462042919727e-07,6.230789508837044e-11
1.644288577154308,44.084769778777876,-0.017633945771126952,7.799314157992134e-06,-0.017618659396273176,-0.01764923214598073,0.5,5.152526692343966e-07,0.9999994847473308,11,0.060175591224674224,1.359462042919727e-07,6.230789508837044e-11
1.6525050100200396,44.9267507379223,-0.017700071013206968,7.799314966325883e-06,-0.017684784636768886,-0.01771535738964505,0.5,5.152526692343966e-07,0.9999994847473308,11,0.060175591224674224,1.359462042919727e-07,6.230789508837044e-11
1.6607214428857708,45.784812804875656,-0.01776051049065092,7.79931750546934e-06,-0.017745224109236207,-0.01777579687206563,0.5,5.152526692343966e-07,0.9999994847473308,11,0.060175591224674224,1.359462042919727e-07,6.230789508837044e-11
1.6689378757515023,46.659263114883224,-0.017812532368437536,7.799323390091198e-06,-0.017797245975489175,-0.017827818761385898,0.5,5.152526692343966e-07,0.9999994847473308,11,0.060175591224674224,1.359462042919727e-07,6.230789508837044e-11
1.6771543086172338,47.55041466920765,-0.017855663793537015,7.799329468695672e-06,-0.01784037738867481,-0.01787095019839922,0.5,5.152526692343966e-07,0.9999994847473308,11,0.060175591224674224,1.359462042919727e-07,6.230789508837044e-11
1.6853707414829655,48.45858644716491,-0.017890280163615897,7.799335410080912e-06,-0.01787499374710879,-0.017905566580123003,0.5,5.152526692343966e-07,0.9999994847473308,11,0.060175591224674224,1.359462042919727e-07,6.230789508837044e-11
1.6935871743486968,49.38410352029985,-0.017916265298713804,7.799340718295973e-06,-0.017900978871802788,-0.01793155172562482,0.5,5.152526692343966e-07,0.9999994847473308,11,0.060175591224674224,1.359462042919727e-07,6.230789508837044e-11
1.7018036072144285,50.327297168742724,-0.017937038409470096,7.799340992677441e-06,-0.0179217519820213,-0.01795232483691889,0.5,5.152526692343966e-07,0.9999994847473308,11,0.060175591224674224,1.359462042919727e-07,6.230789508837044e-11
1.7100200400801595,51.28850499978739,-0.017958870134656413,7.799336351001417e-06,-0.017943583716305136,-0.01797415655300769,0.5,5.152526692343966e-07,0.9999994847473308,11,0.060175591224674224,1.359462042919727e-07,6.230789508837044e-11
1.718236472945891,52.26807106873521,-0.01798791781512656,7.799334549140062e-06,-0.017972631400306867,-0.01800320422994625,0.5,5.152526692343966e-07,0.9999994847473308,11,0.060175591224674224,1.359462042919727e-07,6.230789508837044e-11
1.7264529058116227,53.26634600204592,-0.018029185525027497,7.799335784973641e-06,-0.018013899107785614,-0.01804447194226938,0.5,5.152526692343966e-07,0.9999994847473308,11,0.060175591224674224,1.359462042919727e-07,6.230789508837044e-11
1.734669338677354,54.28368712284122,-0.01808736745372975,7.79933587167239e-06,-0.018072081036317942,-0.01810265387114156,0.5,5.152526692343966e-07,0.9999994847473308,11,0.060175591224674224,1.359462042919727e-07,6.230789508837044e-11
1.7428857715430857,55.320458578805464,-0.018163858035014118,7.799332182091295e-06,-0.018148571624833756,-0.01817914444519448,0.5,5.152526692343966e-07,0.9999994847473308,11,0.060175591224674224,1.359462042919727e-07,6.230789508837044e-11
1.751102204408817,56.37703147252848,-0.01825446255745615,7.7993298309855e-06,-0.01823917615188387,-0.01826974896302843,0.5,5.152526692343966e-07,0.9999994847473308,11,0.060175591224674224,1.359462042919727e-07,6.230789508837044e-11
1.7593186372745486,57.45378399433868,-0.018349573426713305,7.79933222413623e-06,-0.018334287016450537,-0.018364859836976073,0.5,5.152526692343966e-07,0.9999994847473308,11,0.060175591224674224,1.359462042919727e-07,6.230789508837044e-11
1.76753507014028,58.551101557672354,-0.018430993500034333,7.799340243396e-06,-0.018415707074054103,-0.018446279926014563,0.5,5.152526692343966e-07,0.9999994847473308,11,0.060175591224674224,1.359462042919727e-07,6.230789508837044e-11
1.7757515030060116,59.66937693702904,-0.018482544939309713,7.799346060829065e-06,-0.018467258501927524,-0.018497831376691903,0.5,5.152526692343966e-07,0.9999994847473308,11,0.060175591224674224,1.359462042919727e-07,6.230789508837044e-11
1.7839679358717428,60.80901040856134,-0.018501320868465395,7.799346973512962e-06,-0.01848603442929438,-0.01851660730763641,0.5,5.152526692343966e-07,0.9999994847473308,11,0.060175591224674224,1.359462042919727e-07,6.230789508837044e-11
1.7921843687374746,61.970409893350144,-0.018491085897852245,7.799342521727442e-06,-0.018475799467406566,-0.018506372328297924,0.5,5.152526692343966e-07,0.9999994847473308,11,0.060175591224674224,1.359462042919727e-07,6.230789508837044e-11
1.8004008016032058,63.15399110341583,-0.018455240769737324,7.799332978876586e-06,-0.01843995435799529,-0.018470527181479356,0.5,5.152526692343966e-07,0.9999994847473308,11,0.060175591224674224,1.359462042919727e-07,6.230789508837044e-11
1.808617234468937,64.36017769051885,-0.01839650302027167,7.799322254605532e-06,-0.01838121662954882,-0.01841178941099452,0.5,5.152526692343966e-07,0.9999994847473308,11,0.060175591224674224,1.359462042919727e-07,6.230789508837044e-11
1.8168336673346688,65.58940139780175,-0.018316577847524915,7.799314813871628e-06,-0.018301291471385636,-0.018331864223664195,0.5,5.152526692343966e-07,0.9999994847473308,11,0.060175591224674224,1.359462042919727e-07,6.230789508837044e-11
1.8250501002004,66.84210221432734,-0.01821831990509468,7.799312470812343e-06,-0.018203033533547713,-0.018233606276641647,0.5,5.152526692343966e-07,0.9999994847473308,11,0.060175591224674224,1.359462042919727e-07,6.230789508837044e-11
1.833266533066132,68.11872853256911,-0.018107464245253033,7.799314601025379e-06,-0.018092177869530927,-0.01812275062097514,0.5,5.152526692343966e-07,0.9999994847473308,11,0.060175591224674224,1.359462042919727e-07,6.230789508837044e-11
1.841482965931863,69.41973730890844,-0.01799113347118372,7.799321301030931e-06,-0.017975847082329844,-0.018006419860037596,0.5,5.152526692343966e-07,0.9999994847473308,11,0.060175591224674224,1.359462042919727e-07,6.230789508837044e-11
1.8496993987975947,70.74559422719871,-0.017876865809830684,7.799326721917314e-06,-0.017861579410352064,-0.017892152209309304,0.5,5.152526692343966e-07,0.9999994847473308,11,0.060175591224674224,1.359462042919727e-07,6.230789508837044e-11
1.857915831663326,72.09677386545154,-0.017772356931892327,7.799329236671228e-06,-0.017757070527484882,-0.01778764333629977,0.5,5.152526692343966e-07,0.9999994847473308,11,0.060175591224674224,1.359462042919727e-07,6.230789508837044e-11
1.8661322645290577,73.47375986570826,-0.017684929119838506,7.799330149222118e-06,-0.01766964271364249,-0.01770021552603452,0.5,5.152526692343966e-07,0.9999994847473308,11,0.060175591224674224,1.359462042919727e-07,6.230789508837044e-11
1.874348697394789,74.87704510715447,-0.01762388635607521,7.799329806230702e-06,-0.017608599950551446,-0.017639172761598973,0.5,5.152526692343966e-07,0.9999994847473308,11,0.060175591224674224,1.359462042919727e-07,6.230789508837044e-11
1.88256513026052,76.30713188254192,-0.017599437069794013,7.799329640250647e-06,-0.017584150664595566,-0.01761472347499246,0.5,5.152526692343966e-07,0.9999994847473308,11,0.060175591224674224,1.359462042919727e-07,6.230789508837044e-11
1.890781563126252,77.76453207797948,-0.01761866310953564,7.799329883542816e-06,-0.01760337670386035,-0.017633949515210932,0.5,5.152526692343966e-07,0.9999994847473308,11,0.060175591224674224,1.359462042919727e-07,6.230789508837044e-11
1.8989979959919832,79.24976735615734,-0.017686972274284802,7.799332912128885e-06,-0.017671685862673592,-0.017702258685896012,0.5,5.152526692343966e-07,0.9999994847473308,11,0.060175591224674224,1.359462042919727e-07,6.230789508837044e-11
1.9072144288577149,80.76336934307214,-0.017813262818651886,7.799336015255785e-06,-0.01779797640095866,-0.017828549236345113,0.5,5.152526692343966e-07,0.9999994847473308,11,0.060175591224674224,1.359462042919727e-07,6.230789508837044e-11
1.915430861723446,82.30587981831673,-0.018005163345750672,7.799336931712749e-06,-0.017989876926261222,-0.018020449765240122,0.5,5.152526692343966e-07,0.9999994847473308,11,0.060175591224674224,1.359462042919727e-07,6.230789508837044e-11
1.9236472945891776,83.87785090900583,-0.018249649948527215,7.799337564106651e-06,-0.018234363527798295,-0.018264936369256135,0.5,5.152526692343966e-07,0.9999994847473308,11,0.060175591224674224,1.359462042919727e-07,6.230789508837044e-11
1.931863727454909,85.47984528740396,-0.01849250207584899,7.799337070576655e-06,-0.018477215656087374,-0.01850778849561061,0.5,5.152526692343966e-07,0.9999994847473308,11,0.060175591224674224,1.359462042919727e-07,6.230789508837044e-11
1.9400801603206408,87.11243637232926,-0.018682656462958105,7.799334998858903e-06,-0.01866737004725698,-0.01869794287865923,0.5,5.152526692343966e-07,0.9999994847473308,11,0.060175591224674224,1.359462042919727e-07,6.230789508837044e-11
1.948296593186372,88.77620853440293,-0.0188011129629868,7.799333615242744e-06,-0.01878582654999751,-0.018816399375976088,0.5,5.152526692343966e-07,0.9999994847473308,11,0.060175591224674224,1.359462042919727e-07,6.230789508837044e-11
1.956513026052104,90.47175730521981,-0.018853379471529326,7.799334528365002e-06,-0.01883809305675035,-0.0188686658863083,0.5,5.152526692343966e-07,0.9999994847473308,11,0.060175591224674224,1.359462042919727e-07,6.230789508837044e-11
1.964729458917835,92.19968959051238,-0.01885671513195518,7.799336182686318e-06,-0.018841428713933794,-0.018872001549976564,0.5,5.152526692343966e-07,0.9999994847473308,11,0.060175591224674224,1.359462042919727e-07,6.230789508837044e-11
1.9729458917835665,93.96062388738807,-0.018834977156281536,7.799335954601408e-06,-0.01881969073870719,-0.018850263573855882,0.5,5.152526692343966e-07,0.9999994847473308,11,0.060175591224674224,1.359462042919727e-07,6.230789508837044e-11
1.981162324649298,95.75519050571354,-0.018810214654596865,7.799334435667488e-06,-0.018794928239999575,-0.018825501069194155,0.5,5.152526692343966e-07,0.9999994847473308,11,0.060175591224674224,1.359462042919727e-07,6.230789508837044e-11
1.9893787575150288,97.58403179372853,-0.018792789339473804,7.799334471256661e-06,-0.01877750292480676,-0.018808075754140847,0.5,5.152526692343966e-07,0.9999994847473308,11,0.060175591224674224,1.359462042919727e-07,6.230789508837044e-11
1.997595190380761,99.44780236796893,-0.018777832376889424,7.799336809168078e-06,-0.018762545957640157,-0.01879311879613869,0.5,5.152526692343966e-07,0.9999994847473308,11,0.060175591224674224,1.359462042919727e-07,6.230789508837044e-11
2.005811623246492,101.34716934757911,-0.018760422467439048,7.799338760931954e-06,-0.018745136044364393,-0.018775708890513703,0.5,5.152526692343966e-07,0.9999994847473308,11,0.060175591224674224,1.359462042919727e-07,6.230789508837044e-11
2.014028056112224,103.28281259310275,-0.018742357393298933,7.799337877544563e-06,-0.018727070971955688,-0.018757643814642178,0.5,5.152526692343966e-07,0.9999994847473308,11,0.060175591224674224,1.359462042919727e-07,6.230789508837044e-11
2.022244488977955,105.25542494983108,-0.018729593268342816,7.79933349764458e-06,-0.018714306855584017,-0.018744879681101615,0.5,5.152526692343966e-07,0.9999994847473308,11,0.060175591224674224,1.359462042919727e-07,6.230789508837044e-11
2.030460921843687,107.26571249580142,-0.018727332455613824,7.799329191072482e-06,-0.01871204605129575,-0.0187426188599319,0.5,5.152526692343966e-07,0.9999994847473308,11,0.060175591224674224,1.359462042919727e-07,6.230789508837044e-11
2.038677354709418,109.3143947945302,-0.018735717220770172,7.799328940979296e-06,-0.01872043081694227,-0.018751003624598073,0.5,5.152526692343966e-07,0.9999994847473308,11,0.060175591224674224,1.359462042919727e-07,6.230789508837044e-11
2.04689378757515,111.40220515257488,-0.01875819399523828,7.799332702098584e-06,-0.01874290758403872,-0.01877348040643784,0.5,5.152526692343966e-07,0.9999994847473308,11,0.060175591224674224,1.359462042919727e-07,6.230789508837044e-11
2.055110220440881,113.52989088201322,-0.018801591033494967,7.799334472293697e-06,-0.01878630461882589,-0.018816877448164043,0.5,5.152526692343966e-07,0.9999994847473308,11,0.060175591224674224,1.359462042919727e-07,6.230789508837044e-11
2.0633266533066124,115.69821356793743,-0.01887200928945032,7.799331869581318e-06,-0.018856722879882465,-0.018887295699018175,0.5,5.152526692343966e-07,0.9999994847473308,11,0.060175591224674224,1.359462042919727e-07,6.230789508837044e-11
2.071543086172344,117.90794934105602,-0.01896909123711118,7.799327921401326e-06,-0.018953804835281612,-0.018984377638940744,0.5,5.152526692343966e-07,0.9999994847473308,11,0.060175591224674224,1.359462042919727e-07,6.230789508837044e-11
2.0797595190380758,120.15988915550228,-0.019083289998085482,7.799326865207479e-06,-0.01906800359832602,-0.019098576397844944,0.5,5.152526692343966e-07,0.9999994847473308,11,0.060175591224674224,1.359462042919727e-07,6.230789508837044e-11
2.087975951903807,122.45483907194907,-0.01920313970277341,7.799329663487033e-06,-0.01918785329752942,-0.0192184261080174,0.5,5.152526692343966e-07,0.9999994847473308,11,0.060175591224674224,1.359462042919727e-07,6.230789508837044e-11
2.0961923847695383,124.79362054613088,-0.019321010630041605,7.799332971135101e-06,-0.019305724218314745,-0.019336297041768466,0.5,5.152526692343966e-07,0.9999994847473308,11,0.060175591224674224,1.359462042919727e-07,6.230789508837044e-11
2.10440881763527,127.17707072287604,-0.019437787844471546,7.799334530599866e-06,-0.01942250142968819,-0.019453074259254903,0.5,5.152526692343966e-07,0.9999994847473308,11,0.060175591224674224,1.359462042919727e-07,6.230789508837044e-11
2.1126252505010013,129.6060427357544,-0.019555170438252382,7.799335076907214e-06,-0.019539884022398285,-0.01957045685410648,0.5,5.152526692343966e-07,0.9999994847473308,11,0.060175591224674224,1.359462042919727e-07,6.230789508837044e-11
2.120841683366733,132.0814060124492,-0.01966634349525588,7.799334631808207e-06,-0.019651057080274162,-0.0196816299102376,0.5,5.152526692343966e-07,0.9999994847473308,11,0.060175591224674224,1.359462042919727e-07,6.230789508837044e-11
2.129058116232464,134.60404658595988,-0.019758015236425883,7.799332959974593e-06,-0.019742728824720897,-0.01977330164813087,0.5,5.152526692343966e-07,0.9999994847473308,11,0.060175591224674224,1.359462042919727e-07,6.230789508837044e-11
2.137274549098196,137.17486741174991,-0.01981731577705305,7.799329945354273e-06,-0.01980202937125661,-0.019832602182849487,0.5,5.152526692343966e-07,0.9999994847473308,11,0.060175591224674224,1.359462042919727e-07,6.230789508837044e-11
2.145490981963927,139.79478869095038,-0.019848710236715163,7.799327198881266e-06,-0.01983342383630171,-0.019863996637128616,0.5,5.152526692343966e-07,0.9999994847473308,11,0.060175591224674224,1.359462042919727e-07,6.230789508837044e-11
2.1537074148296584,142.46474819973812,-0.019869949249458337,7.799326649225204e-06,-0.019854662850122193,-0.01988523564879448,0.5,5.152526692343966e-07,0.9999994847473308,11,0.060175591224674224,1.359462042919727e-07,6.230789508837044e-11
2.16192384769539,145.18570162500367,-0.019904573969347174,7.79932814494303e-06,-0.019889287567079476,-0.019919860371614872,0.5,5.152526692343966e-07,0.9999994847473308,11,0.060175591224674224,1.359462042919727e-07,6.230789508837044e-11
2.1701402805611214,147.95862290642975,-0.019970830295177332,7.799330810089753e-06,-0.019955543887686042,-0.019986116702668623,0.5,5.152526692343966e-07,0.9999994847473308,11,0.060175591224674224,1.359462042919727e-07,6.230789508837044e-11
2.178356713426853,150.78450458510497,-0.02007060274448467,7.799332696896773e-06,-0.020055316333295308,-0.020085889155674035,0.5,5.152526692343966e-07,0.9999994847473308,11,0.060175591224674224,1.359462042919727e-07,6.230789508837044e-11
2.1865731462925844,153.6643581587933,-0.02018848216566244,7.799333946606417e-06,-0.02017319575202369,-0.020203768579301187,0.5,5.152526692343966e-07,0.9999994847473308,11,0.060175591224674224,1.359462042919727e-07,6.230789508837044e-11
2.194789579158316,156.59921444399157,-0.020307772560338482,7.799334800764736e-06,-0.020292486145025615,-0.02032305897565135,0.5,5.152526692343966e-07,0.9999994847473308,11,0.060175591224674224,1.359462042919727e-07,6.230789508837044e-11
2.2030060120240478,159.59012394489912,-0.020416755774250464,7.799334610632875e-06,-0.020401469359310247,-0.02043204218919068,0.5,5.152526692343966e-07,0.9999994847473308,11,0.060175591224674224,1.359462042919727e-07,6.230789508837044e-11
2.211222444889779,162.63815722943676,-0.020507832646215786,7.799334376515969e-06,-0.02049254623173443,-0.02052311906069714,0.5,5.152526692343966e-07,0.9999994847473308,11,0.060175591224674224,1.359462042919727e-07,6.230789508837044e-11
2.2194388777555103,165.7444053124465,-0.02057340832960489,7.799333609934861e-06,-0.020558121916626006,-0.020588694742583773,0.5,5.152526692343966e-07,0.9999994847473308,11,0.060175591224674224,1.359462042919727e-07,6.230789508837044e-11
2.227655310621242,168.9099800462099,-0.020606948011957577,7.799331526644283e-06,-0.020591661603061865,-0.02062223442085329,0.5,5.152526692343966e-07,0.9999994847473308,11,0.060175591224674224,1.359462042919727e-07,6.230789508837044e-11
2.2358717434869733,172.1360145184246,-0.0206108353657681,7.799329689542493e-06,-0.020595548960473043,-0.02062612177106316,0.5,5.152526692343966e-07,0.9999994847473308,11,0.060175591224674224,1.359462042919727e-07,6.230789508837044e-11
2.2440881763527045,175.4236634577833,-0.02059032721793894,7.799329749278887e-06,-0.020575040812526802,-0.020605613623351077,0.5,5.152526692343966e-07,0.9999994847473308,11,0.060175591224674224,1.359462042919727e-07,6.230789508837044e-11
2.252304609218436,178.77410364729755,-0.02055191955279461,7.79933095658317e-06,-0.0205366331450162,-0.020567205960573022,0.5,5.152526692343966e-07,0.9999994847473308,11,0.060175591224674224,1.359462042919727e-07,6.230789508837044e-11
2.2605210420841675,182.18853434551633,-0.020502765911162187,7.799332218528504e-06,-0.020487479500910406,-0.020518052321413967,0.5,5.152526692343966e-07,0.9999994847473308,11,0.060175591224674224,1.359462042919727e-07,6.230789508837044e-11
2.268737474949899,185.668177715789,-0.020449723774907544,7.799332984325168e-06,-0.020434437363154832,-0.020465010186660255,0.5,5.152526692343966e-07,0.9999994847473308,11,0.060175591224674224,1.359462042919727e-07,6.230789508837044e-11
2.2769539078156305,189.21427926372732,-0.02039704175059715,7.799332358490163e-06,-0.020381755340071053,-0.02041232816112325,0.5,5.152526692343966e-07,0.9999994847473308,11,0.060175591224674224,1.359462042919727e-07,6.230789508837044e-11
2.285170340681362,192.82810828302323,-0.020347748012920917,7.799331121100853e-06,-0.020332461604820058,-0.020363034421021775,0.5,5.152526692343966e-07,0.9999994847473308,11,0.060175591224674224,1.359462042919727e-07,6.230789508837044e-11
2.2933867735470934,196.5109583097791,-0.02030470767889597,7.799330764955203e-06,-0.020289421271493142,-0.020319994086298795,0.5,5.152526692343966e-07,0.9999994847473308,11,0.060175591224674224,1.359462042919727e-07,6.230789508837044e-11
2.301603206412825,200.26414758551854,-0.020265416127019212,7.799330466303108e-06,-0.020250129720201734,-0.02028070253383669,0.5,5.152526692343966e-07,0.9999994847473308,11,0.060175591224674224,1.359462042919727e-07,6.230789508837044e-11
2.3098196392785564,204.08901952903676,-0.02022451470989768,7.799330262644284e-06,-0.020209228303479366,-0.020239801116315997,0.5,5.152526692343966e-07,0.9999994847473308,11,0.060175591224674224,1.359462042919727e-07,6.230789508837044e-11
2.318036072144288,207.9869432172665,-0.020180682992917674,7.799330649241522e-06,-0.02016539658574164,-0.020195969400093706,0.5,5.152526692343966e-07,0.9999994847473308,11,0.060175591224674224,1.359462042919727e-07,6.230789508837044e-11
2.32625250501002,211.95931387532463,-0.02014115100995065,7.79933069899537e-06,-0.020125864602677103,-0.0201564374172242,0.5,5.152526692343966e-07,0.9999994847473308,11,0.060175591224674224,1.359462042919727e-07,6.230789508837044e-11
2.3344689378757506,216.00755337592037,-0.020121474518312095,7.799331181905177e-06,-0.02010618811009206,-0.02013676092653213,0.5,5.152526692343966e-07,0.9999994847473308,11,0.060175591224674224,1.359462042919727e-07,6.230789508837044e-11
2.3426853707414823,220.1331107483028,-0.02013419721488838,7.799332257710561e-06,-0.020118910804559808,-0.020149483625216954,0.5,5.152526692343966e-07,0.9999994847473308,11,0.060175591224674224,1.359462042919727e-07,6.230789508837044e-11
2.3509018036072136,224.3374626969243,-0.02018046682517774,7.799332858475774e-06,-0.02016518041367169,-0.02019575323668379,0.5,5.152526692343966e-07,0.9999994847473308,11,0.060175591224674224,1.359462042919727e-07,6.230789508837044e-11
2.3591182364729453,228.6221141300157,-0.020254086698446576,7.799332938044827e-06,-0.02023880028678457,-0.020269373110108582,0.5,5.152526692343966e-07,0.9999994847473308,11,0.060175591224674224,1.359462042919727e-07,6.230789508837044e-11
2.3673346693386765,232.98859869825205,-0.02034545748318186,7.799332473005667e-06,-0.020330171072431315,-0.020360743893932404,0.5,5.152526692343966e-07,0.9999994847473308,11,0.060175591224674224,1.359462042919727e-07,6.230789508837044e-11
2.375551102204408,237.43847934371007,-0.02044415695152202,7.799332384957099e-06,-0.020428870540944045,-0.020459443362099993,0.5,5.152526692343966e-07,0.9999994847473308,11,0.060175591224674224,1.359462042919727e-07,6.230789508837044e-11
2.3837675350701395,241.97334885930778,-0.02054941971942961,7.7993330042923e-06,-0.020534133307637762,-0.020564706131221456,0.5,5.152526692343966e-07,0.9999994847473308,11,0.060175591224674224,1.359462042919727e-07,6.230789508837044e-11
2.391983967935871,246.59483045892932,-0.020665696631869342,7.799333474687401e-06,-0.02065041021915554,-0.020680983044583146,0.5,5.152526692343966e-07,0.9999994847473308,11,0.060175591224674224,1.359462042919727e-07,6.230789508837044e-11
2.4002004008016025,251.30457835843956,-0.020790249495053204,7.799332967774583e-06,-0.020774963083332928,-0.02080553590677348,0.5,5.152526692343966e-07,0.9999994847473308,11,0.060175591224674224,1.359462042919727e-07,6.230789508837044e-11
2.4084168336673337,256.10427836779564,-0.020915918151902677,7.799331823755352e-06,-0.02090063174242464,-0.020931204561380715,0.5,5.152526692343966e-07,0.9999994847473308,11,0.060175591224674224,1.359462042919727e-07,6.230789508837044e-11
2.416633266533065,260.9956484944659,-0.021036363098191645,7.799331476968032e-06,-0.0210210766893933,-0.02105164950698999,0.5,5.152526692343966e-07,0.9999994847473308,11,0.060175591224674224,1.359462042919727e-07,6.230789508837044e-11
2.4248496993987967,265.98043955837534,-0.0211347390652845,7.799332265862887e-06,-0.021119452654939946,-0.021150025475629053,0.5,5.152526692343966e-07,0.9999994847473308,11,0.060175591224674224,1.359462042919727e-07,6.230789508837044e-11
2.4330661322645284,271.06043581859376,-0.0211911056395558,7.799333565921193e-06,-0.02117581922666318,-0.021206392052448418,0.5,5.152526692343966e-07,0.9999994847473308,11,0.060175591224674224,1.359462042919727e-07,6.230789508837044e-11
2.44128256513026,276.2374556119961,-0.021201503449464268,7.799334484250406e-06,-0.021186217034771755,-0.02121678986415678,0.5,5.152526692343966e-07,0.9999994847473308,11,0.060175591224674224,1.359462042919727e-07,6.230789508837044e-11
2.449498997995992,281.5133520041179,-0.0211787258886369,7.799334423408155e-06,-0.021163439474063635,-0.021194012303210163,0.5,5.152526692343966e-07,0.9999994847473308,11,0.060175591224674224,1.359462042919727e-07,6.230789508837044e-11
2.4577154308617226,286.8900134524428,-0.02113924962806589,7.799333532521383e-06,-0.021123963215238732,-0.021154536040893047,0.5,5.152526692343966e-07,0.9999994847473308,11,0.060175591224674224,1.359462042919727e-07,6.230789508837044e-11
2.4659318637274543,292.36936448236014,-0.02109761417606719,7.799332781293588e-06,-0.021082327764712413,-0.021112900587421966,0.5,5.152526692343966e-07,0.9999994847473308,11,0.060175591224674224,1.359462042919727e-07,6.230789508837044e-11
2.4741482965931856,297.9533663760268,-0.021069289132487744,7.799332210155192e-06,-0.021054002722252378,-0.02108457554272311,0.5,5.152526692343966e-07,0.9999994847473308,11,0.060175591224674224,1.359462042919727e-07,6.230789508837044e-11
2.4823647294589173,303.6440178743935,-0.021069868369688653,7.799331929977773e-06,-0.021054581960002424,-0.021085154779374882,0.5,5.152526692343966e-07,0.9999994847473308,11,0.060175591224674224,1.359462042919727e-07,6.230789508837044e-11
2.4905811623246485,309.4433558926326,-0.021103944293481055,7.799331523556848e-06,-0.021088657884591397,-0.021119230702370713,0.5,5.152526692343966e-07,0.9999994847473308,11,0.060175591224674224,1.359462042919727e-07,6.230789508837044e-11
2.49879759519038,315.3534562492346,-0.021159759344277017,7.79933115696202e-06,-0.02114447293610587,-0.021175045752448163,0.5,5.152526692343966e-07,0.9999994847473308,11,0.060175591224674224,1.359462042919727e-07,6.230789508837044e-11
2.5070140280561115,321.37643440902724,-0.021222186608833855,7.799330756292026e-06,-0.02120690020144801,-0.021237473016219702,0.5,5.152526692343966e-07,0.9999994847473308,11,0.060175591224674224,1.359462042919727e-07,6.230789508837044e-11
2.5152304609218428,327.51444624038504,-0.02128070460071182,7.799330725793639e-06,-0.02126541819338575,-0.021295991008037893,0.5,5.152526692343966e-07,0.9999994847473308,11,0.060175591224674224,1.359462042919727e-07,6.230789508837044e-11
2.5234468937875745,333.76968878690457,-0.02133605352605017,7.799331187825455e-06,-0.02132076711781853,-0.02135133993428181,0.5,5.152526692343966e-07,0.9999994847473308,11,0.060175591224674224,1.359462042919727e-07,6.230789508837044e-11
2.5316633266533057,340.1444010538126,-0.02139056445968026,7.799332043867798e-06,-0.02137527804977081,-0.02140585086958971,0.5,5.152526692343966e-07,0.9999994847473308,11,0.060175591224674224,1.359462042919727e-07,6.230789508837044e-11
2.539879759519037,346.6408648093997,-0.021442042178152917,7.799332741643894e-06,-0.02142675576687585,-0.021457328589429985,0.5,5.152526692343966e-07,0.9999994847473308,11,0.060175591224674224,1.359462042919727e-07,6.230789508837044e-11
2.5480961923847687,353.26140540175646,-0.021491697864165132,7.799333359403452e-06,-0.02147641145167728,-0.021506984276652985,0.5,5.152526692343966e-07,0.9999994847473308,11,0.060175591224674224,1.359462042919727e-07,6.230789508837044e-11
2.5563126252505004,360.0083925911092,-0.021544428140817494,7.799334129213734e-06,-0.02152914172682084,-0.021559714554814147,0.5,5.152526692343966e-07,0.9999994847473308,11,0.060175591224674224,1.359462042919727e-07,6.230789508837044e-11
2.564529058116232,366.88424139805477,-0.02159765682764406,7.799334821972673e-06,-0.021582370412289626,-0.021612943242998495,0.5,5.152526692343966e-07,0.9999994847473308,11,0.060175591224674224,1.359462042919727e-07,6.230789508837044e-11
2.572745490981964,373.8914129679936,-0.02164781273667439,7.799334721113615e-06,-0.021632526321517635,-0.021663099151831147,0.5,5.152526692343966e-07,0.9999994847473308,11,0.060175591224674224,1.359462042919727e-07,6.230789508837044e-11
2.580961923847694,381.0324154520728,-0.021696614962957845,7.799334206433066e-06,-0.021681328548809845,-0.021711901377105845,0.5,5.152526692343966e-07,0.9999994847473308,11,0.060175591224674224,1.359462042919727e-07,6.230789508837044e-11
2.589178356713426,388.3098049049597,-0.0217370166563462,7.799334779436457e-06,-0.021721730241075134,-0.02175230307161727,0.5,5.152526692343966e-07,0.9999994847473308,11,0.060175591224674224,1.359462042919727e-07,6.230789508837044e-11
2.5973947895791576,395.7261861997507,-0.021755721182370787,7.79933838884004e-06,-0.02174043476002542,-0.021771007604716154,0.5,5.152526692343966e-07,0.9999994847473308,11,0.060175591224674224,1.359462042919727e-07,6.230789508837044e-11
2.605611222444889,403.2842139603653,-0.02175318623840848,7.799346579536074e-06,-0.021737899800009643,-0.02176847267680732,0.5,5.152526692343966e-07,0.9999994847473308,11,0.060175591224674224,1.359462042919727e-07,6.230789508837044e-11
2.613827655310621,410.98659351174456,-0.021735467808075608,7.79936035066397e-06,-0.021720181342685857,-0.02175075427346536,0.5,5.152526692343966e-07,0.9999994847473308,11,0.060175591224674224,1.359462042919727e-07,6.230789508837044e-11
2.622044088176352,418.83608184819184,-0.02170835536280393,7.799379595558038e-06,-0.02169306885969488,-0.021723641865912982,0.5,5.152526692343966e-07,0.9999994847473308,11,0.060175591224674224,1.359462042919727e-07,6.230789508837044e-11
2.6302605210420835,426.83548862022064,-0.021684810257003945,7.799400880332582e-06,-0.021669523712177504,-0.021700096801830385,0.5,5.152526692343966e-07,0.9999994847473308,11,0.060175591224674224,1.359462042919727e-07,6.230789508837044e-11
2.638476953907815,434.9876771402346,-0.02167874662391031,7.79941749104591e-06,-0.02166346004652747,-0.021694033201293154,0.5,5.152526692343966e-07,0.9999994847473308,11,0.060175591224674224,1.359462042919727e-07,6.230789508837044e-11
2.6466933867735465,443.2955654074292,-0.021702792751164834,7.799423565266363e-06,-0.02168750616187674,-0.021718079340452928,0.5,5.152526692343966e-07,0.9999994847473308,11,0.060175591224674224,1.359462042919727e-07,6.230789508837044e-11
2.6549098196392777,451.7621271522579,-0.02176176122811093,7.79942444232925e-06,-0.021746474637103823,-0.021777047819118038,0.5,5.152526692343966e-07,0.9999994847473308,11,0.060175591224674224,1.359462042919727e-07,6.230789508837044e-11
2.663126252505009,460.3903929008543,-0.02185060069008031,7.799465440611545e-06,-0.021835314018718046,-0.021865887361442574,0.5,5.152526692343966e-07,0.9999994847473308,11,0.060175591224674224,1.359462042919727e-07,6.230789508837044e-11
2.6713426853707407,469.1834510597789,-0.02196328186561539,7.799684056470015e-06,-0.02194799476577392,-0.02197856896545686,0.5,5.152526692343966e-07,0.9999994847473308,11,0.060175591224674224,1.359462042919727e-07,6.230789508837044e-11
2.679559118236472,478.1444490214842,-0.02209401736284566,7.80038418748876e-06,-0.022078728890772607,-0.022109305834918713,0.5,5.152526692343966e-07,0.9999994847473308,11,0.060175591224674224,1.359462042919727e-07,6.230789508837044e-11
2.687775551102204,487.2765942908973,-0.02222880429093152,7.802104508912244e-06,-0.022213512447090435,-0.022244096134772604,0.5,5.152526692343966e-07,0.9999994847473308,11,0.060175591224674224,1.359462042919727e-07,6.230789508837044e-11
2.695991983967935,496.58315563351056,-0.022354857271556984,7.805613667083748e-06,-0.022339558549892266,-0.022370155993221702,0.5,5.152526692343966e-07,0.9999994847473308,11,0.060175591224674224,1.359462042919727e-07,6.230789508837044e-11
2.704208416833666,506.06746424541336,-0.02247062245527832,7.811726963005903e-06,-0.02245531175177377,-0.022485933158782872,0.5,5.152526692343966e-07,0.9999994847473308,11,0.060175591224674224,1.359462042919727e-07,6.230789508837044e-11
2.712424849699398,515.732914945656,-0.02257664639091794,7.821031030922808e-06,-0.02256131745177536,-0.022591975330060517,0.5,5.152526692343966e-07,0.9999994847473308,11,0.060175591224674224,1.359462042919727e-07,6.230789508837044e-11
2.7206412825651296,525.5829673913952,-0.022673336504287416,7.833969164207305e-06,-0.022657982206869574,-0.02268869080170526,0.5,5.152526692343966e-07,0.9999994847473308,11,0.060175591224674224,1.359462042919727e-07,6.230789508837044e-11
2.728857715430861,535.6211473162454,-0.022761086114692342,7.850888278054422e-06,-0.022745698656420708,-0.022776473572963977,0.5,5.152526692343966e-07,0.9999994847473308,11,0.060175591224674224,1.359462042919727e-07,6.230789508837044e-11
2.737074148296593,545.8510477922849,-0.022840274881343697,7.872047357202383e-06,-0.022824845952038986,-0.022855703810648408,0.5,5.152526692343966e-07,0.9999994847473308,11,0.060175591224674224,1.359462042919727e-07,6.230789508837044e-11
2.745290581162324,556.2763305161558,-0.022911269236346954,7.897625568273482e-06,-0.022895790174669754,-0.022926748298024154,0.5,5.152526692343966e-07,0.9999994847473308,11,0.060175591224674224,1.359462042919727e-07,6.230789508837044e-11
2.7535070140280555,566.9007271197428,-0.022974422804672677,7.927730109419204e-06,-0.02295888473917906,-0.022989960870166293,0.5,5.152526692343966e-07,0.9999994847473308,11,0.060175591224674224,1.359462042919727e-07,6.230789508837044e-11
2.761723446893787,577.7280405058667,-0.023030076811493917,7.962403827828776e-06,-0.02301447078676101,-0.023045682836226825,0.5,5.152526692343966e-07,0.9999994847473308,11,0.060175591224674224,1.359462042919727e-07,6.230789508837044e-11
2.769939879759518,588.7621462095041,-0.023078560477255577,8.001632604131119e-06,-0.02306287756553396,-0.023094243388977195,0.5,5.152526692343966e-07,0.9999994847473308,11,0.060175591224674224,1.359462042919727e-07,6.230789508837044e-11
2.7781563126252498,600.0069937849962,-0.023120191400842413,8.045352480781886e-06,-0.02310442279973715,-0.023135960001947675,0.5,5.152526692343966e-07,0.9999994847473308,11,0.060175591224674224,1.359462042919727e-07,6.230789508837044e-11
2.786372745490981,611.4666082197532,-0.023155275931187273,8.093456498108754e-06,-0.023139413047940538,-0.023171138814434007,0.5,5.152526692343966e-07,0.9999994847473308,11,0.060175591224674224,1.359462042919727e-07,6.230789508837044e-11
2.7945891783567127,623.1450913749646,-0.02318410952765302,8.14580119557768e-06,-0.023168144050684465,-0.023200075004621575,0.5,5.152526692343966e-07,0.9999994847473308,11,0.060175591224674224,1.359462042919727e-07,6.230789508837044e-11
2.802805611222444,635.0466234538172,-0.023206977109527068,8.202212735710226e-06,-0.02319090106797154,-0.023223053151082595,0.5,5.152526692343966e-07,0.9999994847473308,11,0.060175591224674224,1.359462042919727e-07,6.230789508837044e-11
2.811022044088176,647.175464497765,-0.02322415339492602,8.262492612528077e-06,-0.023207959206982938,-0.0232403475828691,0.5,5.152526692343966e-07,0.9999994847473308,11,0.060175591224674224,1.359462042919727e-07,6.230789508837044e-11
2.819238476953907,659.5359559113624,-0.023235903229437544,8.326422914041362e-06,-0.023219583740405975,-0.023252222718469114,0.5,5.152526692343966e-07,0.9999994847473308,11,0.060175591224674224,1.359462042919727e-07,6.230789508837044e-11
2.8274549098196387,672.1325220162414,-0.02324248190478308,8.39377111784985e-06,-0.023226030415697624,-0.023258933393868537,0.5,5.152526692343966e-07,0.9999994847473308,11,0.060175591224674224,1.359462042919727e-07,6.230789508837044e-11
2.83567134268537,684.9696716347432,-0.02324413546780196,8.464294409264665e-06,-0.023227545755605258,-0.02326072517999866,0.5,5.152526692343966e-07,0.9999994847473308,11,0.060175591224674224,1.359462042919727e-07,6.230789508837044e-11
2.8438877755511016,698.0519997038188,-0.023241101020033437,8.537743521572564e-06,-0.023224367350221913,-0.02325783468984496,0.5,5.152526692343966e-07,0.9999994847473308,11,0.060175591224674224,1.359462042919727e-07,6.230789508837044e-11
2.852104208416833,711.3841889197356,-0.023233607008178572,8.613866107466544e-06,-0.02321672414084029,-0.023250489875516856,0.5,5.152526692343966e-07,0.9999994847473308,11,0.060175591224674224,1.359462042919727e-07,6.230789508837044e-11
2.860320641282564,724.9710114142107,-0.023221873505697772,8.692409658794785e-06,-0.023204836695827666,-0.02323891031556788,0.5,5.152526692343966e-07,0.9999994847473308,11,0.060175591224674224,1.359462042919727e-07,6.230789508837044e-11
2.868537074148296,738.8173304625478,-0.02320611248581657,8.773123998372716e-06,-0.023188917478747854,-0.023223307492885283,0.5,5.152526692343966e-07,0.9999994847473308,11,0.060175591224674224,1.359462042919727e-07,6.230789508837044e-11
2.876753507014027,752.9281022243991,-0.0231865280861834,8.855763372572092e-06,-0.023169171108917547,-0.02320388506344925,0.5,5.152526692343966e-07,0.9999994847473308,11,0.060175591224674224,1.359462042919727e-07,6.230789508837044e-11
2.884969939879759,767.3083775177806,-0.02316331686542875,8.940088176783125e-06,-0.02314579461458364,-0.023180839116273857,0.5,5.152526692343966e-07,0.9999994847473308,11,0.060175591224674224,1.359462042919727e-07,6.230789508837044e-11
2.89318637274549,781.9633036269593,-0.023136668051862867,9.025866347777233e-06,-0.023118977678891952,-0.023154358424833783,0.5,5.152526692343966e-07,0.9999994847473308,11,0.060175591224674224,1.359462042919727e-07,6.230789508837044e-11
2.9014028056112218,796.8981261448811,-0.023106763784545716,9.112874457667686e-06,-0.02308890287881305,-0.02312462469027838,0.5,5.152526692343966e-07,0.9999994847473308,11,0.060175591224674224,1.359462042919727e-07,6.230789508837044e-11
2.909619238476953,812.1181908507757,-0.023073779346950603,9.20089854379281e-06,-0.023055745917179363,-0.023091812776721843,0.5,5.152526692343966e-07,0.9999994847473308,11,0.060175591224674224,1.359462042919727e-07,6.230789508837044e-11
2.9178356713426843,827.6289456236327,-0.02303788339344439,9.289734707656457e-06,-0.02301967584799145,-0.02305609093889733,0.5,5.152526692343966e-07,0.9999994847473308,11,0.060175591224674224,1.359462042919727e-07,6.230789508837044e-11
2.926052104208416,843.435942392217,-0.022999238168792985,9.379189514267843e-06,-0.022980855295140844,-0.023017621042445126,0.5,5.152526692343966e-07,0.9999994847473308,11,0.060175591224674224,1.359462042919727e-07,6.230789508837044e-11
2.934268537074148,859.5448391223285,-0.022957999720894573,9.469080221016945e-06,-0.02293944066469466,-0.022976558777094487,0.5,5.152526692343966e-07,0.9999994847473308,11,0.060175591224674224,1.359462042919727e-07,6.230789508837044e-11
2.9424849699398785,875.9614018420135,-0.022914318106942732,9.559234862768922e-06,-0.022895582350891945,-0.02293305386299352,0.5,5.152526692343966e-07,0.9999994847473308,11,0.060175591224674224,1.359462042919727e-07,6.230789508837044e-11
2.95070140280561,892.6915067054762,-0.022868337593202007,9.649492217287525e-06,-0.022849424935987024,-0.02288725025041699,0.5,5.152526692343966e-07,0.9999994847473308,11,0.060175591224674224,1.359462042919727e-07,6.230789508837044e-11
2.958917835671342,909.7411420963725,-0.022820196848584447,9.739701672500039e-06,-0.02280110738408618,-0.022839286313082713,0.5,5.152526692343966e-07,0.9999994847473308,11,0.060175591224674224,1.359462042919727e-07,6.230789508837044e-11
2.9671342685370736,927.1164107713079,-0.022770029132193167,9.829723014554696e-06,-0.022750763229106637,-0.022789295035279697,0.5,5.152526692343966e-07,0.9999994847473308,11,0.060175591224674224,1.359462042919727e-07,6.230789508837044e-11
2.9753507014028044,944.8235320442564,-0.02271796247500048,9.919426153126467e-06,-0.022698520756993048,-0.022737404193007914,0.5,5.152526692343966e-07,0.9999994847473308,11,0.060175591224674224,1.359462042919727e-07,6.230789508837044e-11
2.983567134268536,962.8688440127136,-0.022664119855817913,1.0008690798015776e-05,-0.022644503182321404,-0.02268373652931442,0.5,5.152526692343966e-07,0.9999994847473308,11,0.060175591224674224,1.359462042919727e-07,6.230789508837044e-11
2.991783567134268,981.2588058263477,-0.022608619371699324,1.0097406098788774e-05,-0.02258882881940842,-0.022628409923990227,0.5,5.152526692343966e-07,0.9999994847473308,11,0.060175591224674224,1.359462042919727e-07,6.230789508837044e-11
3.0,999.999999999,-0.022551574402926263,1.018547025713495e-05,-0.022531611248056676,-0.02257153755779585,0.5,5.152526692343966e-07,0.9999994847473308,11,0.060175591224674224,1.359462042919727e-07,6.230789508837044e-11
