x_real,mean_real,std_real,1sig_upper_real,1sig_lower_real,2sig_upper_real,2sig_lower_real,sample_0_real,sample_1_real,mean_norm,std_norm,1sig_upper_norm,1sig_lower_norm,2sig_upper_norm,2sig_lower_norm,sample_0_norm,sample_1_norm
0.07943282247242814,-0.03051461216239186,0.0017326612639992727,-0.028781950898392587,-0.03224727342639113,-0.027049289634393316,-0.03397993469039041,-0.01605720500085734,-0.03060948153757455,1.4284306307793073,0.06341277347753065,1.491843404256838,1.3650178573017766,1.5552561777343685,1.3016050838242461,1.2234625899684657,1.4297756292113832
0.08094992067275816,-0.03059631721139272,0.0016367707477297198,-0.028959546463663,-0.03223308795912244,-0.027322775715933282,-0.03386985870685216,-0.016148261316066077,-0.030691125223651035,1.4322645936495488,0.05725088448067075,1.4895154781302196,1.375013709168878,1.5467663626108903,1.3177628246882074,1.2304005343512094,1.4335892237829817
0.08249599413606928,-0.03067267038766301,0.0015486493327863306,-0.02912402105487668,-0.03222131972044934,-0.027575371722090347,-0.03376996905323567,-0.016238354276276394,-0.03076738823958324,1.4358483841975458,0.05126141152281032,1.487109795720356,1.3845869726747355,1.5383712072431663,1.3333255611519252,1.2372650768684754,1.4371514860661954
0.08407159626481406,-0.03074334071927159,0.0014703453703207214,-0.02927299534895087,-0.03221368608959231,-0.027802649978630148,-0.033684031459913034,-0.016325681215474935,-0.030837949270683295,1.4391661961592574,0.04556926818301526,1.4847354643422728,1.3935969279762421,1.5303047325252879,1.348027659793227,1.243918865195906,1.440447407381133
0.08567729103095306,-0.030807981622235758,0.001404190046565623,-0.029403791575670135,-0.03221217166880138,-0.027999601529104513,-0.033616361715367006,-0.01640798531030932,-0.03090247426794198,1.4422014067342497,0.040369058432092396,1.482570465166342,1.4018323483021573,1.5229395235984344,1.361463289870065,1.2501899429473398,1.443461384224947
0.08731365317782327,-0.030866229894008092,0.0013526863660487036,-0.029513543527959388,-0.032218916260056796,-0.028160857161910684,-0.0335716026261055,-0.016482467736040392,-0.0309606160113427,1.4449365126866542,0.03595724773643317,1.4808937604230874,1.408979264950221,1.5168510081595206,1.373022017213788,1.2558650564859168,1.4461771978741318
0.0889812684258623,-0.03091770459410571,0.0013182918171374576,-0.029599412776968252,-0.03223599641124317,-0.028281120959830795,-0.03355428822838062,-0.016545684628457853,-0.0310120136592804,1.447353058254063,0.03274997576645722,1.4801030340205203,1.4146030824876057,1.5128530097869775,1.3818531067211486,1.2606818040408427,1.4485779933377825
0.09068073368226119,-0.030962005795360598,0.0013031000525436985,-0.029658905742816898,-0.0322651058479043,-0.0283558056902732,-0.033568205900448,-0.016593426381971293,-0.03105629228366245,1.4494315536179252,0.031224908062890463,1.4806564616808155,1.4182066455550348,1.5118813697437061,1.3869817374921443,1.2643194389467975,1.4506462576420551
0.09241265725462187,-0.030998810580566555,0.0013080189396970905,-0.029690791640869463,-0.03230682952026365,-0.028382772701172374,-0.03361484845996074,-0.016621894594050175,-0.031093151773385952,1.4511561851497206,0.03167681729381627,1.4828330024435368,1.4194793678559043,1.514509819737353,1.3878025505620881,1.2664885457421546,1.4523679725311864
0.09417765906869519,-0.031028357437419427,0.0013303265827461603,-0.029698030854673266,-0.03235868402016559,-0.028367704271927106,-0.03368901060291175,-0.016634161649819304,-0.031122812020137426,1.4525386832084202,0.03379506981454581,1.4863337530229659,1.4187436133938744,1.5201288228375118,1.3849485435793285,1.267423221722301,1.4537534091943196
0.09597637089027737,-0.031051079973926626,0.0013659035538472813,-0.029685176420079343,-0.032416983527773904,-0.028319272866232065,-0.03378288708162119,-0.01663527764781356,-0.03114567633855515,1.4536002724039725,0.03700412728688679,1.4906043996908593,1.4165961451170856,1.5276085269777462,1.3795920178301988,1.2675082540673683,1.4548214065471026
0.09780943655134493,-0.031067392836394578,0.0014107763557032465,-0.02965661648069133,-0.032478169192097825,-0.028245840124988084,-0.03388894554780107,-0.016629500696203545,-0.031162134154183514,1.4543611394118565,0.04080102047288265,1.495162159884739,1.413560118938974,1.535963180357622,1.3727590984660911,1.267068085048007,1.4555901547425467
0.09967751218050783,-0.03107769265980762,0.001461422170749577,-0.02961627048905804,-0.03253911483055719,-0.028154848318308466,-0.03400053700130677,-0.016620420242368258,-0.031172561150800776,1.454840501070784,0.04482953168827235,1.4996700327590564,1.4100109693825118,1.5444995644473287,1.3651814376942395,1.2663762089981705,1.4560772020527382
0.10158126643786476,-0.031082359233653146,0.0015148880788031318,-0.029567471154850013,-0.03259724731245628,-0.028052583076046883,-0.03411213539125941,-0.01661106656156838,-0.031177319725430627,1.4550566798835762,0.04885891700983153,1.5039155968934077,1.4061977628737448,1.5527745139032394,1.357338845863913,1.2656635146944888,1.456299476122529
0.10352138075434403,-0.031081756548827368,0.0015687869985507939,-0.029512969550276574,-0.03265054354737816,-0.02794418255172578,-0.034219330545928954,-0.01660400414369433,-0.03117675942931475,1.4550271708683178,0.052743744013838,1.5077709148821559,1.4022834268544797,1.5605146588959937,1.3495396828406419,1.2651254008656398,1.4562733045674623
0.10549854957561482,-0.031076233739885578,0.0016212321331178212,-0.029455001606767756,-0.0326974658730034,-0.027833769473649937,-0.03431869800612122,-0.016601411104455347,-0.03117121739525064,1.454768700834778,0.05639230455030708,1.5111610053850852,1.3983763962844709,1.5675533099353922,1.3419840917341639,1.2649278268480542,1.456014434934816
0.10751348061065784,-0.03106612593483382,0.0016707519322889768,-0.029395374002544845,-0.0327368778671228,-0.027724622070255868,-0.034407629799411775,-0.01660514643195208,-0.03116101875168816,1.4542972810038954,0.05974617981385635,1.5140434608177518,1.394551101190039,1.573789640631608,1.3348049213761828,1.2652124363709,1.4555380540461444
0.10956689508508306,-0.031051755022827896,0.0017162077828162094,-0.029335547240011688,-0.032767962805644105,-0.027619339457195476,-0.03448417058846032,-0.01661680660069709,-0.03114647702396552,1.4536282537490037,0.06276778212426307,1.5163960358732669,1.3908604716247406,1.5791638179975298,1.3280926895004777,1.2661008712044517,1.4548588067390988
0.11165952799928533,-0.031033430348519388,0.0017567234667759503,-0.029276706881743438,-0.03279015381529534,-0.02751998341496749,-0.03454687728207129,-0.0166377728371726,-0.031127894523055404,1.452776334113846,0.06543284206768317,1.518209176181529,1.387343492046163,1.5836420182492124,1.3219106499784796,1.267698372511737,1.4539908140258455
0.11379212839153145,-0.031011449340327967,0.0017916284010969948,-0.02921982093923097,-0.03280307774142496,-0.02742819253813398,-0.034594706142521955,-0.016669250098883908,-0.031105562722179837,1.4517556466515156,0.0677258429480172,1.5194814895995328,1.3840298037034984,1.58720733254755,1.3163039607554812,1.2700967508183214,1.452947690684828
0.11596545960607073,-0.03098609807860046,0.0018204135756511662,-0.029165684502949294,-0.03280651165425163,-0.02734527092729813,-0.034626925229902794,-0.01671229862800808,-0.031079762621642703,1.4505797580282471,0.0696372092494367,1.5202169672776837,1.3809425487788105,1.5898541765271206,1.3113053395293737,1.273376790210842,1.4517425623021758
0.11818029956636722,-0.0309576518084077,0.0018426980938255468,-0.029114953714582153,-0.032800349902233246,-0.027272255620756608,-0.034643047996058794,-0.016767858756979552,-0.03105076510221756,1.4492617057441777,0.07116155457506758,1.5204232603192454,1.37810015116911,1.5915848148943128,1.3069385965940425,1.2776101383736629,1.4503880817785262
0.12043744105355014,-0.03092637540060954,0.0018582041579470272,-0.029068171242662515,-0.03278457955855657,-0.027209967084715486,-0.034642783716503596,-0.01683676947284447,-0.031018831267419035,1.4478140232380667,0.07229658438573174,1.5201106076237985,1.375517438852335,1.5924071920095302,1.3032208544666033,1.2828607210811873,1.4488964453165971
0.12273769199018238,-0.030892523763759217,0.001866738643042992,-0.029025785120716224,-0.03275926240680221,-0.027159046477673233,-0.0346260010498452,-0.016919781086348413,-0.03098421277497565,1.4462487615625785,0.07304241527577543,1.519291176838354,1.3732063462868032,1.5923335921141293,1.3001639310110278,1.2891857075062576,1.4472794079043552
0.12508187572944854,-0.030856342208401,0.0018681797938957666,-0.028988162414505234,-0.032724522002296766,-0.027119982620609467,-0.03459270179619253,-0.01701756219706554,-0.030947152157812897,1.4445775077394791,0.07340116907190801,1.5179786768113872,1.371176338667571,1.591379845883295,1.2977751695956632,1.296636040921169,1.4455482983082062
0.12747083134986675,-0.030818066764316136,0.0018624679529773496,-0.028955598811338787,-0.032680534717293486,-0.027093130858361437,-0.034543002670270835,-0.017130700994109842,-0.03090788313484565,1.4428113998282746,0.07337675741578363,1.516188157244058,1.369434642412491,1.5895649146598418,1.2960578849967073,1.3052565378040542,1.443714033590178
0.12990541395562896,-0.030777924450271197,0.0018495995480436122,-0.028928324902227586,-0.03262752399831481,-0.027078725354183972,-0.03447712354635842,-0.01725970077981189,-0.030866630911870235,1.4409611386658199,0.07297480789062011,1.51393594655644,1.3679863307751998,1.58691075444706,1.2950115228845798,1.3150855467699345,1.441787133162654
0.13238649498267718,-0.030736133494797882,0.0018296238384213346,-0.028906509656376547,-0.03256575733321922,-0.027076885817955212,-0.03439538117164055,-0.017404969447897347,-0.030823612472837065,1.4390369961565792,0.07220270591298637,1.5112397020695656,1.3668342902435928,1.583442407982552,1.2946315843306064,1.326154146871111,1.439777732393783
0.1349149625106259,-0.03069290350546341,0.0018026421518812792,-0.028890261353582133,-0.03249554565734469,-0.027087619201700854,-0.03429818780922597,-0.017566802484783026,-0.030779036861777125,1.4370488199119489,0.07106974325210964,1.5081185631640586,1.3659790766598392,1.5791883064161683,1.2949093334077295,1.3384848523980095,1.4376955957763276
0.1374917215806419,-0.03064843558295031,0.001768809557833331,-0.02887962602511698,-0.03241724514078364,-0.02711081646728365,-0.03418605469861697,-0.017745358889072606,-0.03073310545564639,1.4350060339504094,0.06958737778272739,1.5045934117331368,1.365418656167682,1.5741807895158642,1.2958312783849546,1.3520897780893688,1.4355501296722866
0.14011769451939524,-0.03060292237503141,0.0017283391380988,-0.02887458323693261,-0.03233126151313021,-0.02714624409883381,-0.03405960065122901,-0.0179406292164315,-0.030686012228344287,1.4329176350765869,0.06776962254688383,1.5006872576234707,1.365148012529703,1.5684568801703545,1.2973783899828193,1.3669682043436109,1.4333503946452557
0.14279382126919726,-0.030556548064173322,0.0016815092567807025,-0.02887503880739262,-0.03223805732095403,-0.027193529550611918,-0.033919566577734726,-0.018152394750689905,-0.030637944006154633,1.4307921844544442,0.06563359769058144,1.4964257821450258,1.3651585867638627,1.562059379835607,1.2995249890732814,1.3831034663020907,1.43110511739213
0.14552105972444415,-0.030509488280999215,0.0016286745221817047,-0.02888081375881751,-0.03213816280318092,-0.027252139236635806,-0.03376683732536263,-0.018380176572838566,-0.030589080714849375,1.4286377937756114,0.06320029876156523,1.4918380925371766,1.3654374950140462,1.5550383912987418,1.302237196252481,1.4004590732124376,1.4288227022853746
0.14830038607448637,-0.03046190993415986,0.0015702815063493593,-0.0288916284278105,-0.03203219144050922,-0.02732134692146114,-0.03360247294685858,-0.018623173042648048,-0.030539595618688287,1.4264621052959057,0.060495661965769484,1.4869577672616752,1.3659664433301362,1.5474534292274447,1.3054707813643667,1.418973944903397,1.426511242536752
0.15113279515304626,-0.030413970945262773,0.001506890772026359,-0.028907080173236413,-0.03192086171728913,-0.027400189401210057,-0.03342775248931549,-0.01888018391751119,-0.030489655551540186,1.4242722648686228,0.05755204421147912,1.481824309080102,1.3667202206571436,1.539376353291581,1.3091681764456646,1.4385566300963262,1.4241785309930468
0.1540193007943095,-0.03036581987535445,0.0014392073694555127,-0.028926612505898938,-0.031805027244809964,-0.027487405136443425,-0.033244234614265476,-0.019149519003667896,-0.030439421140344005,1.4220748869392015,0.05441028480757959,1.476485171746781,1.3676646021316219,1.5308954565543607,1.3132543173240423,1.459078346177118,1.4218320705739798
0.15696093619581752,-0.030317595426995112,0.001368122669293956,-0.028949472757701156,-0.03168571809628907,-0.0275813500884072,-0.03305384076558302,-0.019428888859324967,-0.030389047021121267,1.419876010278967,0.051122572066544615,1.4709985823455116,1.3687534382124222,1.522121154412056,1.3176308661458778,1.480364651430309,1.4194790843621994
0.1599587542882909,-0.030269425803157363,0.0012947709962060682,-0.028974654806951293,-0.03156419679936343,-0.027679883810745227,-0.0328589677955695,-0.01971527463952549,-0.030338682047744665,1.4176810430219007,0.04775637709227335,1.465437420114174,1.3699246659296274,1.5131937972064473,1.322168288837354,1.502185527999772,1.4171265253549077
0.16301382811251586,-0.030221427900962827,0.001220604419608968,-0.029000823481353858,-0.03144203232057179,-0.027780219061744892,-0.032662636740180766,-0.020004773680075683,-0.030288469493660857,1.4154946953234382,0.04439965787160673,1.459894353195045,1.3710950374518314,1.5042940110666516,1.3266953795802248,1.5242436163112816,1.4147810858863772
0.16612725120342922,-0.030173706314577,0.0011474867308058198,-0.029026219583771183,-0.03132119304538282,-0.02787873285296536,-0.03246867977618864,-0.020292416852297563,-0.030238547246758805,1.4133208976790463,0.04116716455823359,1.45448806223728,1.3721537331208127,1.4956552267955134,1.3309865685625792,1.5461602986015393,1.4124492067302925
0.169300137981539,-0.030126352117338856,0.001077799819528185,-0.02904855229781067,-0.03120415193686704,-0.027970752478282485,-0.03228195175639523,-0.02057195307030486,-0.030189047997569017,1.4111627026171625,0.03820652411479472,1.4493692267319571,1.3729561785023678,1.487575750846752,1.334749654387573,1.5674592796667333,1.41013708589058
0.1725336241518206,-0.03007944138832061,0.0010145366460157356,-0.029064904742304873,-0.031093978034336348,-0.02805036809628914,-0.032108514680352085,-0.02083559558471879,-0.030140099420972975,1.4090221671093464,0.03570015022772831,1.4447223173370747,1.373322016881618,1.480422467564803,1.3376218666538897,1.5875472559673063,1.4078506870890943
0.17582886711023185,-0.03003303344289647,0.0009613188155261603,-0.02907171462737031,-0.03099435225842263,-0.02811039581184415,-0.03195567107394879,-0.021073723836169445,-0.030091824351595502,1.4069002126127255,0.03385490556725168,1.4407551181799771,1.3730453070454738,1.4746100237472288,1.339190401478222,1.6056911986552724,1.4055957479582348
0.17918704635799193,-0.02998716872043565,0.0009222293861854685,-0.02906493933425018,-0.03090939810662112,-0.028142709948064712,-0.03183162749280659,-0.021274533651311,-0.030044340953047446,1.4047964591675084,0.03286953916204266,1.437665998329551,1.3719269200054658,1.4705355374915938,1.339057380843423,1.620991700611314,1.4033777879463083
0.1826093639237728,-0.029941866412257965,0.0009013237203688541,-0.02904054269188911,-0.03084319013262682,-0.028139218971520257,-0.031744513852995676,-0.02142370357644245,-0.02999776251983169,1.4027090504639264,0.032879245519809815,1.4355882959837363,1.3698298049441164,1.468467541503546,1.3369505594243067,1.6323575530705048,1.4012020990645158
0.18609704479395398,-0.02989714210309902,0.0008996897447812761,-0.028997452358317743,-0.030796831847880297,-0.02809776261353647,-0.03169652159266157,-0.021515269154949505,-0.02995214387766115,1.4006375680344063,0.03382746904778616,1.4344650370821925,1.36681009898662,1.4682925061299787,1.3329826299388339,1.639334300258214,1.3990712422339913
0.18965133735109493,-0.029853028452688515,0.0009128977664560114,-0.028940130686232503,-0.030765926219144528,-0.028027232919776494,-0.03167882398560054,-0.021563484450290885,-0.029907424365542744,1.398586277209525,0.03542214038433903,1.434008417593864,1.363164136825186,1.469430557978203,1.327741996440847,1.6430080162076155,1.396982383966378
0.19327351382078184,-0.029809540296373227,0.0009357321973284684,-0.02887380809904476,-0.030745272493701695,-0.02793807590171629,-0.03168100469103016,-0.021582612030867504,-0.029863525325327652,1.3965586123737455,0.0373701587598933,1.4339287711336388,1.359188453613852,1.471298929893532,1.321818294853959,1.644465422977402,1.3949318501222074
0.19696487072700897,-0.029766672080261316,0.0009634656116013813,-0.028803206468659935,-0.030730137691862697,-0.027839740857058554,-0.03169360330346408,-0.021584457876706254,-0.02982036369594518,1.3945565833424614,0.039436041563746804,1.433992624906208,1.3551205417787147,1.473428666469955,1.3156845002149677,1.644606065345139,1.3929157609005602
0.20072672935625688,-0.029724400067587267,0.0009921995305734413,-0.028732200537013825,-0.03071659959816071,-0.027740001006440383,-0.03170879912873415,-0.02157872283876885,-0.02977785192797299,1.392580945976123,0.04144607482687987,1.4340270208030028,1.351134871149243,1.4754730956298827,1.3096887963223631,1.6441690898959194,1.3909300268486224
0.20456043623043474,-0.029682684151307374,0.0010189133466225549,-0.02866377080468482,-0.030701597497929927,-0.027644857458062264,-0.031720510844552484,-0.021573294579075905,-0.029735897892418404,1.3906313429610686,0.04327834798086642,1.433909690941935,1.3473529949802021,1.4771880389228014,1.3040746469993358,1.643755489106579,1.3889703446008397
0.20846736358885526,-0.029641469315847133,0.001041367444230757,-0.028600101871616376,-0.03068283676007789,-0.027558734427385618,-0.031724204204308645,-0.021574486587244198,-0.029694404783633385,1.3887064180296687,0.04485054000322165,1.4335569580328904,1.343855878026447,1.478407498036112,1.2990053380232254,1.6438463129704313,1.3870321923440558
0.21244890987941453,-0.029600686783199288,0.0010579656778208582,-0.02854272110537843,-0.030658652461020147,-0.027484755427557572,-0.031716618138841,-0.02158722968576684,-0.02965327101627736,1.3868039063042317,0.046109911172950345,1.432913817477182,1.3406939951312813,1.4790237286501324,1.294584083958331,1.6448172605495337,1.385110825004622
0.21650650025915358,-0.029560254871564075,0.0010676289576357855,-0.02849262591392829,-0.03062788382919986,-0.027424996956292504,-0.03169551278683565,-0.02161522036193872,-0.0296123901162391,1.3849207029153068,0.04702625889399193,1.4319469618092988,1.3378944440213147,1.4789732207032906,1.290868185127323,1.6469499819766058,1.3832012691533353
0.22064158710437978,-0.029520079588279735,0.001069697810514673,-0.02845038177776506,-0.03058977739879441,-0.02738068396725039,-0.03165947520930908,-0.02166102927715134,-0.029571650605421024,1.383052911554273,0.04758739489398281,1.4306403064482558,1.33546551666029,1.4782277013422385,1.2878781217663073,1.6504403462116444,1.3812983176236866
0.22485565053053136,-0.029480054972790565,0.001063866328338678,-0.028416188644451886,-0.030543921301129245,-0.02735232231611321,-0.03160778762946792,-0.021726172384404004,-0.029530935880285332,1.381195874163019,0.04779652133517841,1.4289923954981973,1.3333993528278407,1.4767889168333759,1.2856028314926622,1.6554038597691836,1.3793965238387251
0.22915019892197075,-0.029440063199713012,0.001050144964894925,-0.02838991823481809,-0.030490208164607936,-0.02733977326992316,-0.03154035312950286,-0.021811146213622037,-0.02949012408405448,1.3793441825304098,0.04767099517173928,1.4270151777021491,1.3316731873586705,1.4746861728738883,1.2840021921869313,1.661878355247636,1.3774901958415136
0.23352676947189663,-0.029399974446575685,0.0010288494043808765,-0.028371125042194807,-0.030428823850956563,-0.027342275637813933,-0.03145767325533744,-0.021915428043969717,-0.0294490879724526,1.377491672147512,0.04724210454978769,1.4247337766972996,1.3302495675977242,1.4719758812470873,1.2830074630479364,1.6698240044585049,1.37557339002388
0.2379869287325676,-0.029359646525415624,0.0010006141718120701,-0.028359032353603555,-0.030360260697227692,-0.027358418181791484,-0.03136087486903977,-0.022037440855605633,-0.02940769477287055,1.3756313982627186,0.04655555170366761,1.4221869499663862,1.329075846559051,1.468742501670054,1.2825202948553833,1.679120647960624,1.3736399045479877
0.24253227317603523,-0.02931892427199218,0.0009664312610285935,-0.028352493010963584,-0.030285355533020773,-0.027386061749934992,-0.031251786794049365,-0.022174482123307016,-0.029365806036827438,1.3737555936651473,0.04567230761460451,1.419427901279752,1.3280832860505427,1.4651002088943563,1.2824109784359383,1.6895623695619575,1.3716832724547785
0.24716442976558578,-0.029277638680834432,0.0009277145611848287,-0.028349924119649605,-0.03020535324201926,-0.027422209558464774,-0.03113306780320409,-0.02232261466407112,-0.029323277485599264,1.371855607302227,0.0446693420280328,1.4165249493302599,1.3271862652741941,1.4611942913582925,1.2825169232461615,1.7008491795623395,1.3696967544532543
0.2518850565380965,-0.02923560576853997,0.0008863881016753174,-0.028349217666864653,-0.030121993870215285,-0.027462829565189334,-0.031008381971890604,-0.022476516862769247,-0.02927995884887659,1.3699218223958585,0.043639409291777835,1.4135612316876363,1.3262824131040807,1.457200640979414,1.282643003812303,1.7125756028477743,1.3676733313841405
0.2566958431975146,-0.02919262514158398,0.0008449857113414841,-0.028347639430242495,-0.030037610852925466,-0.027502653718901014,-0.030882596564266947,-0.02262928865603549,-0.029235693696307567,1.3679435522524377,0.04268860982894536,1.410632162081383,1.3252549424234923,1.4533207719103285,1.2825663325945469,1.7242158960279177,1.3656056963512238
0.2615985117196706,-0.029148478238248496,0.00080672430726316,-0.028341753930985335,-0.029955202545511657,-0.027535029623722177,-0.030761926852774815,-0.02277220863559572,-0.029190319261776527,1.3659089114555782,0.041930038258148866,1.4078389497137271,1.3239788731974294,1.449768987971876,1.2820488349392805,1.7351055401684554,1.3634862465133657
0.2665948169686434,-0.02910292620700645,0.0007754669243859208,-0.02832745928262053,-0.029878393131392372,-0.02755199235823461,-0.030653860055778293,-0.022894436517518713,-0.02914366626026005,1.363804659576286,0.04147195117985826,1.4052766107561443,1.3223327083964278,1.4467485619360025,1.2808607572165696,1.744418570734851,1.361307074529811
0.27168654732489755,-0.02905570737565394,0.0007554402932573483,-0.02830026708239659,-0.029811147668911287,-0.02754482678913924,-0.030566587962168636,-0.02298265399090481,-0.029095558697099403,1.3616160139227487,0.04140019703765901,1.4030162109604076,1.3202158168850897,1.4444164079980666,1.2788156198474308,1.751140212419295,1.3590599596512591
0.2768755253254171,-0.02900658053407158,0.0007499500525443412,-0.02825663048152724,-0.02975653058661592,-0.027506680428982896,-0.030506480639160262,-0.023023763358555847,-0.029045839726327273,1.359329189996006,0.04174614724139773,1.4010753372374039,1.3175830427546082,1.4428214844788014,1.2758368955132107,1.7542724993531431,1.356737575568007
0.28216360831606535,-0.02895562042003698,0.0007566386419803397,-0.028198981778056638,-0.02971225906201732,-0.0274423431360763,-0.030468897703997657,-0.023024662834481863,-0.028994539310131857,1.3569490047265478,0.042410077669216534,1.3993590823957642,1.3145389270573313,1.441769160064981,1.2721288493881147,1.754341034016928,1.354341321820469
0.28755268911640497,-0.028903029744218715,0.0007705965389268598,-0.028132433205291855,-0.029673626283145575,-0.027361836666364995,-0.030444222822072434,-0.022999630912906004,-0.02894176779401723,1.3544876712576468,0.043242254796427855,1.3977299260540748,1.3112454164612188,1.4409721808505025,1.268003161664791,1.7524337519213546,1.3518763526714617
0.29304469669721417,-0.028848987583575753,0.0007873216977924508,-0.028061665885783304,-0.029636309281368203,-0.02727434418799085,-0.030423630979160655,-0.022960303611339074,-0.028887629074601948,1.3519557908837707,0.04410559852275891,1.3960613894065297,1.3078501923610117,1.4401669879292884,1.263744593838253,1.7494372477209674,1.3493475211549375
0.2986415968709442,-0.028793651099451933,0.0008031575432075063,-0.027990493556244427,-0.02959680864265944,-0.02718733601303692,-0.030399966185866944,-0.022915980061212537,-0.02883222032370473,1.3493624920410277,0.044887327200953626,1.3942498192419812,1.304475164840074,1.439137146442935,1.2595878376391203,1.7460600593851696,1.3467593661879662
0.30434539299536323,-0.02873715756159988,0.0008153961346348417,-0.02792176142696504,-0.02955255369623472,-0.0271063652923302,-0.030367949830869562,-0.022873911690249438,-0.02877563212803787,1.3467155804337956,0.04550343814202578,1.3922190185758214,1.3012121422917697,1.437722456717847,1.2557087041497441,1.74285470215821,1.3441161190958455
0.3101581266906392,-0.028679625969726168,0.0008222193506453555,-0.027857406619080812,-0.029501845320371523,-0.027035187268435457,-0.03032406467101688,-0.022839530826677775,-0.02871794862129419,1.344021658717689,0.04589937418120752,1.3899210328988965,1.2981222845364815,1.435820407080104,1.252222910355274,1.7402350868273668,1.3414217097819103
0.3160818785701192,-0.028621158306866498,0.0008225980371438412,-0.027798560269722657,-0.02944375634401034,-0.026975962232578816,-0.03026635438115418,-0.022816623968282566,-0.028659247608756887,1.341286218349207,0.04604925219969099,1.3873354705488978,1.295236966149516,1.433384722748589,1.2491877139498249,1.7384897217841513,1.3386797725480883
0.3221187689850648,-0.028561840450711223,0.0008162093606256857,-0.027745631090085536,-0.02937804981133691,-0.026929421729459852,-0.030194259171962595,-0.022807453704687557,-0.02859960068455228,1.3385137055887457,0.04595498111056324,1.384468686699309,1.2925587244781824,1.4304236678098723,1.2466037433676191,1.7377910027699737,1.3358936515717992
0.32827095878361184,-0.028501742761345927,0.0008033942095676632,-0.027698348551778263,-0.02930513697091359,-0.026894954342210602,-0.030108531180481252,-0.022812832107508868,-0.02853907334166158,1.3357075630604869,0.04564574446805548,1.3813533075285425,1.2900618185924313,1.4269990519965978,1.244416074124376,1.7382008047651094,1.3330664060446311
0.33454065008422634,-0.02844092035658254,0.0007851569054794706,-0.027655763451103068,-0.02922607726206201,-0.026870606545623597,-0.030011234167541482,-0.022832147286415836,-0.028477725074798125,1.3328702477175374,0.04517764943878518,1.3780478971563226,1.2876925982787522,1.4232255465951078,1.242514948839967,1.7396725054010522,1.3302008149777569
0.3409300870639314,-0.02837941307899877,0.0007631965947047915,-0.027616216484293975,-0.02914260967370356,-0.026853019889589186,-0.02990580626840835,-0.022863343727037248,-0.028415609476252997,1.330003225523068,0.04463268302975415,1.3746359085528221,1.285370542493314,1.4192685915825765,1.2407378594635596,1.7420494868270495,1.3272993816789054
0.34744155676158955,-0.02831724515182239,0.0007399417228731601,-0.027577303428949228,-0.02905718687469555,-0.02683736170607607,-0.02979712859756871,-0.022902855957086972,-0.028352774324803497,1.3271069426264899,0.04411535162365524,1.371222294250145,1.2829915910028347,1.4153376458738003,1.2388762393791795,1.7450600814672428,1.324364337905295
0.35407738989652693,-0.028254424513759018,0.0007185265111490413,-0.027535898002609978,-0.02897295102490806,-0.026817371491460934,-0.029691477536057102,-0.022945494008312427,-0.02828926166777375,1.3241807722776462,0.04374461957082549,1.3679253918484717,1.2804361527068207,1.4116700114192973,1.2366915331359951,1.748308844908995,1.321397647696703
0.3608399617027919,-0.02819094181562027,0.000702602395705626,-0.027488339419914645,-0.028893544211325894,-0.026785737024209017,-0.029596146607031523,-0.02298427803197803,-0.028225107896330422,1.321222936170372,0.043638532264301574,1.3648614684346736,1.2775844039060704,1.4085000006989752,1.2339458716417688,1.7512639545959412,1.318401010892546
0.3677316927793485,-0.028126774929852758,0.0006956200852517008,-0.027431154844601055,-0.02882239501510446,-0.026735534759349356,-0.02951801510035616,-0.023010978744334394,-0.02816034473820494,1.3182308189631364,0.04388430591898208,1.3621151248821186,1.2743465130441542,1.4059994308011006,1.2304622071251723,1.7532983885271127,1.315375909502151
0.37475504995650594,-0.0280619724178081,0.0006968227175569835,-0.02736514970025112,-0.028758795135365084,-0.026668326982694134,-0.02945561785292207,-0.023026875824264745,-0.0280950126761668,1.3152069349357003,0.04443388913659837,1.3596408240722986,1.270773045799102,1.404074713208897,1.2263391566625035,1.7545096505483353,1.312324234484605
0.38191254717889844,-0.027996634360491435,0.0007022285384054329,-0.027294405822086,-0.02869886289889687,-0.02659217728368057,-0.0294010914373023,-0.023040271304743107,-0.028029157970086416,1.3121575546357056,0.04514712581610923,1.3573046804518147,1.2670104288195965,1.402451806267924,1.2218633030034871,1.755530305714602,1.3092481466486503
0.38920674640532754,-0.027930844471388272,0.0007081309733029396,-0.027222713498085332,-0.02863897544469121,-0.026514582524782393,-0.02934710641799415,-0.023057728614751603,-0.027962821813614758,1.3090878499015817,0.04589411234492254,1.3549819622465042,1.263193737556659,1.4008760745914268,1.2172996252117365,1.7568604478978609,1.3061495701588035
0.39664025852579093,-0.02786466951683491,0.0007116205860720925,-0.027153048930762817,-0.028576290102907003,-0.026441428344690723,-0.029287910688979096,-0.023084018309235763,-0.027896040106869757,1.3060018563566185,0.0465747591269556,1.352576615483574,1.2594270972296628,1.3991513746105297,1.2128523381027072,1.7588635647355266,1.3030301819174857
0.40421574429602647,-0.027798160296077665,0.0007107513320911574,-0.02708740896398651,-0.02850891162816882,-0.02637665763189535,-0.02921966296025998,-0.023122257877655674,-0.027828843525504254,1.3029025460604904,0.04712640890711865,1.350028954967609,1.2557761371533718,1.3971553638747276,1.2086497282462532,1.7617771902024622,1.2998914147912024
0.41193591528990436,-0.027731352277269947,0.0007045656336870883,-0.027026786643582858,-0.028435917910957037,-0.02632222100989577,-0.029140483544644123,-0.02317399972775693,-0.02776125758352776,1.299791874128263,0.04752558284917436,1.3473174569774373,1.2522662912790887,1.3948430398266118,1.2047407084299142,1.7657196084459397,1.296734460544961
0.41980353487000965,-0.027664265902144963,0.0006930810790878022,-0.02697118482305716,-0.028357346981232767,-0.02627810374396936,-0.029050428060320568,-0.02323926928829217,-0.027693302689948705,1.2966708002854856,0.04778659560286102,1.3444573958883466,1.2488842046826247,1.3922439914912077,1.2010976090797636,1.7706927569841997,1.2935602724880444
0.4278214191767614,-0.02759690656460899,0.0006772861383151274,-0.026919620426293863,-0.028274192702924115,-0.026242334287978734,-0.028951478841239244,-0.02331655402651266,-0.027624994199294362,1.293539285757318,0.047957983023101246,1.3414972687804192,1.2455813027342169,1.3894552518035206,1.1976233197111155,1.7765813899052605,1.290369567833805
0.4359924381364247,-0.02752926426111756,0.0006591409014072629,-0.026870123359710296,-0.028188405162524823,-0.026210982458303035,-0.028847546063932084,-0.02340274304367081,-0.027556342456066578,1.2903962653271195,0.04811611750974948,1.338512382836869,1.24228014781737,1.3866285003466183,1.1941640303076206,1.7831484754069726,1.2871628297762043
0.4443195164883728,-0.027461312903251,0.0006415228642539267,-0.026819790038997073,-0.028102835767504927,-0.026178267174743145,-0.028744358631758855,-0.02349301577154016,-0.027487352833178845,1.2872395938329482,0.048354265825958045,1.3355938596589063,1.23888532800699,1.3839481254848642,1.190531062181032,1.7900267151402671,1.283940309285216
0.45280563483197034,-0.027393009275270528,0.0006279891442918468,-0.02676502013097868,-0.028020998419562376,-0.026137030986686835,-0.02864898756385422,-0.023580677121928455,-0.02741802576441934,1.2840659657887072,0.048764944769473274,1.3328309105581806,1.235301021019234,1.3815958553276537,1.1865360762497608,1.79670598359206,1.2807020266231812
0.46145383069345103,-0.02732429510958882,0.0006216267496661037,-0.026702668359922715,-0.027945921859254923,-0.026081041610256612,-0.028567548608921026,-0.023658556616807054,-0.02734834965246139,1.2808712812579928,0.049403346735770855,1.3302746279937636,1.231467934522222,1.3796779747295345,1.182064587786451,1.8026399333986745,1.277447440076415
0.47026719961317126,-0.027255118291945313,0.0006207936388213266,-0.026634324653123986,-0.02787591193076664,-0.02601353101430266,-0.028496705569587968,-0.023729262654091844,-0.027278254924787578,1.277653607334908,0.05020180844393737,1.3278554157788454,1.2274517988909708,1.3780572242227829,1.1772499904470333,1.8080273088166403,1.2741732998972943
0.47924889625363026,-0.027185418786286504,0.0006218138932406537,-0.02656360489304585,-0.027807232679527158,-0.025941790999805196,-0.028429046572767812,-0.02379859696053462,-0.027207643080509818,1.274411254877704,0.0510468290325975,1.3254580839103016,1.2233644258451064,1.376504912942899,1.172317596812509,1.8133101665823357,1.2708750050876263
0.4884021355286512,-0.0271151178168776,0.0006216261931281316,-0.02649349162374947,-0.027736744010005733,-0.025871865430621338,-0.028358370203133865,-0.023870274811324966,-0.02713641044736544,1.2711412583711046,0.051845163978284176,1.3229864223493888,1.2192960943928204,1.374831586327673,1.1674509304145362,1.818771588353226,1.2675477130931714
0.4977301937541296,-0.02704411833826542,0.0006182162948061743,-0.026425902043459248,-0.027662334633071595,-0.025807685748653074,-0.02828055092787777,-0.02394599463208391,-0.027064448198036276,1.2678394112566416,0.05253729343044451,1.320376704687086,1.2153021178261971,1.3729139981175307,1.1627648243957525,1.8245409839617857,1.2641863405659115
0.50723640982076,-0.026972305156799797,0.0006107813934801842,-0.026361523763319614,-0.02758308655027998,-0.02575074236983943,-0.028193867943760165,-0.024025472909466297,-0.026991642243384493,1.264500278319151,0.0531015335599909,1.317601811879142,1.21139874475916,1.3707033454391329,1.1582972111991692,1.830596751393745,1.2607855583770722
0.5169241863891598,-0.026899544650630627,0.0005997734345347919,-0.026299771216095835,-0.027499318085165418,-0.025699997781561044,-0.02809909151970021,-0.024106418453308427,-0.026917873119503763,1.261117177660673,0.0535520619016028,1.3146692395622759,1.2075651157590703,1.3682213014638787,1.1540130538574676,1.836764315718309,1.257339786341258
0.5267969911078207,-0.026825684083449642,0.0005868790414287958,-0.026238805042020846,-0.02741256312487844,-0.02565192600059205,-0.027999442166307235,-0.0241844452990231,-0.026843015868491537,1.2576821319040636,0.05393199596437356,1.3116141278684372,1.20375013593969,1.3655461238328108,1.1498181399753165,1.842709492773721,1.2538431876472993
0.5368583578543202,-0.026750550498152007,0.000574887449630838,-0.026175663048521168,-0.027325437947782846,-0.025600775598890332,-0.027900325397413682,-0.024252922145593468,-0.026766939912837392,1.2541857875760165,0.054300935601721646,1.3084867231777382,1.1998848519742948,1.3627876587794598,1.1455839163725732,1.8479270172465905,1.2502896629909035
0.5471118880002395,-0.02667394925340096,0.0005672845640712726,-0.026106664689329685,-0.027241233817472232,-0.025539380125258415,-0.027808518381543502,-0.024302772548795773,-0.026689508893514867,1.2506173083446173,0.05471526412042878,1.305332572465046,1.1959020442241886,1.360047836585475,1.1411867801037596,1.8517253185953997,1.24667284301189
0.5575612517002411,-0.026595694299990882,0.0005657290745335973,-0.026029965225457283,-0.02716142337452448,-0.025464236150923688,-0.027727152449058077,-0.02432883862292579,-0.026610569386464528,1.2469670124082364,0.055187294315462106,1.3021543067236985,1.1917797180927743,1.3573416010391606,1.1365924237773122,1.8537113969050256,1.242985561238627
0.568210189205766,-0.02651565548026912,0.0005671409964362646,-0.025948514483832855,-0.027082796476705383,-0.02538137348739659,-0.027649937473141647,-0.02433970797082114,-0.026529934028168146,1.2432304707057251,0.05566197793921393,1.2988924486449391,1.187568492766511,1.354554426584153,1.1319065148272973,1.854539575939086,1.239219065879881
0.579062512203822,-0.026433691433761553,0.0005681853476538102,-0.025865506086107742,-0.027001876781415364,-0.02529732073845393,-0.027570062129069175,-0.024343854250618677,-0.026447404926477305,1.2394027089882538,0.05608057611085946,1.2954832850991131,1.1833221328773944,1.3515638612099727,1.1272415567665348,1.8548554975592904,1.2353641133497826
0.59012210518134,-0.02634963864904711,0.0005666400780061322,-0.025782998571040976,-0.026916278727053242,-0.025216358493034843,-0.027482918805059375,-0.024347338157528223,-0.02636277772678325,1.235477254533426,0.056409271445983095,1.2918865259794092,1.1790679830874429,1.3482957974253922,1.12265871164146,1.855120950343292,1.2314111581995153
0.601392926815591,-0.026263312430029672,0.0005616920984287293,-0.025701620331600943,-0.0268250045284584,-0.025139928233172213,-0.02738669662688713,-0.02435398913646303,-0.026275841392232827,1.231446216207216,0.056650049730047905,1.288096265937264,1.174796166477168,1.3447463156673118,1.11814611674712,1.8556277149958558,1.227350342851154
0.6128790113911561,-0.02617450741744857,0.0005539961160491673,-0.0256205113013994,-0.026728503533497736,-0.025066515185350233,-0.027282499649546904,-0.024365520000799765,-0.02618637797653384,1.2273003308548198,0.056842315180482286,1.284142646035302,1.1704580156743376,1.3409849612157845,1.1136157004938552,1.8565062976100306,1.2231714869853532
0.6245844702439616,-0.026082997682277082,0.0005455650452631691,-0.025537432637013913,-0.02662856272754025,-0.024991867591750743,-0.02717412777280342,-0.02438157704204893,-0.026094162389147267,1.22302897729495,0.05705565369469316,1.2800846309896432,1.165973323600257,1.3371402846843363,1.1089176699055638,1.8577297477231036,1.2188640765734229
0.6365134932328925,-0.02598853639812056,0.0005393989090415516,-0.02544913748907901,-0.02652793530716211,-0.024909738580037456,-0.027067334216203665,-0.024399726752858814,-0.02599896215265913,1.2186201584654945,0.05737217571250989,1.2759923341780044,1.1612479827529847,1.3333645098905142,1.1038758070404748,1.8591126466892347,1.2144172525441164
0.6486703502395137,-0.025890858576921416,0.0005376496546451865,-0.02535320892227623,-0.026428508231566603,-0.024815559267631043,-0.02696615788621179,-0.02441600780217199,-0.02590053653438121,1.2140607353045818,0.057829546270111866,1.2718902815746937,1.1562311890344699,1.3297198278448055,1.0984016427643581,1.860353164871511,1.2098197702205076
0.6610593926964333,-0.025789689977591776,0.0005381145605659447,-0.025251575417025832,-0.02632780453815772,-0.024713460856459885,-0.026865919098723667,-0.024426605765956504,-0.02579863452387414,1.2093371647763986,0.05832899292628093,1.2676661577026795,1.1510081718501177,1.3259951506289605,1.0926791789238368,1.861160666066115,1.2050599048496484
0.6736850551448572,-0.025684735840202904,0.0005380100425732415,-0.025146725797629662,-0.026222745882776146,-0.02460871575505642,-0.026760755925349388,-0.0244258909278367,-0.025692996369145182,1.2044345964864454,0.05874757381217986,1.2631821702986252,1.1456870226742655,1.321929744110805,1.0869394488620856,1.8611061996943263,1.200125523358707
0.6865518568218915,-0.025575676250134186,0.0005357487301607121,-0.025039927519973474,-0.0261114249802949,-0.024504178789812762,-0.02664717371045561,-0.024405662553851775,-0.02558335386943904,1.1993365108812293,0.05898926577739316,1.2583257766586224,1.1403472451038361,1.3173150424360156,1.081357979326443,1.859564919077611,1.1950040980312893
0.6996644032781603,-0.02546216424034205,0.000531292388710244,-0.024930871851631807,-0.025993456629052294,-0.024399579462921563,-0.026524749017762538,-0.024354901905271467,-0.025469430085781543,1.1940245831311813,0.05899294904187924,1.2530175321730606,1.135031634089302,1.3120104812149398,1.0760386850474228,1.855697262497451,1.1896826929868722
0.7130273880263206,-0.025343823359695605,0.0005261761352333885,-0.024817647224462218,-0.02586999949492899,-0.024291471089228828,-0.02639617563016238,-0.024259444754714327,-0.02535093904230499,1.1884785066010808,0.05872772399174554,1.2472062305928264,1.1297507826093351,1.3059339545845718,1.0710230586175897,1.8484240008902528,1.184147950229644
0.7266455942210599,-0.0252202446590844,0.0005232085647817294,-0.024697036094302672,-0.02574345322386613,-0.024173827529520943,-0.02626666178864786,-0.02410156603801965,-0.02522758541808945,1.1826757722360188,0.05817719816843771,1.2408529704044566,1.124498574067581,1.2990301685728942,1.0663213758991434,1.8363945908143489,1.1783860752543434
0.7405238963711813,-0.025090967310015255,0.0005247730541126667,-0.02456619425590259,-0.02561574036412792,-0.024041421201789922,-0.02614051341824059,-0.023867393459899005,-0.025098996390565693,1.1765921882281365,0.05733110883047646,1.233923297058613,1.11926107939766,1.2912544058890894,1.0619299705671836,1.8185520466784435,1.1723796534365882
0.7546672620843887,-0.024955419666139175,0.0005288158409377848,-0.02442660382520139,-0.025484235507076958,-0.023897787984263605,-0.026013051348014744,-0.023575016503314897,-0.024964477859222775,1.1702045298475938,0.056233542523516256,1.2264380723711101,1.1139709873240775,1.2826716148946264,1.0577374448005612,1.796274678448394,1.1660962631885268
0.7690807538453952,-0.024812973476263107,0.000532581285472973,-0.024280392190790135,-0.02534555476173608,-0.023747810905317163,-0.025878136047209052,-0.02324908894158436,-0.024823235672451205,1.1634881900684417,0.05494285114511199,1.2184310412135537,1.1085453389233297,1.2733738923586657,1.0536024877782177,1.7714409555934103,1.159498809513442
0.783769530827991,-0.024662968892773546,0.0005346222317462786,-0.02412834666102727,-0.025197591124519823,-0.02359372442928099,-0.025732213356266104,-0.02291121756990289,-0.02467446386912853,1.1564165003263398,0.05353996190034282,1.2099564622266825,1.102876538425997,1.2634964241270255,1.0493365765256542,1.7456971861483832,1.1525496457896631
0.7987388507417227,-0.024504718270845376,0.0005350260422415417,-0.023969692228603835,-0.025039744313086917,-0.023434666186362293,-0.025574770355328458,-0.02258068652410654,-0.024517343749785363,1.1489610472024518,0.05214876234820264,1.2011098095506545,1.0968122848542492,1.2532585718988571,1.0446635225060465,1.7205127054536795,1.145210530384527
0.8139940717138392,-0.024337509514554653,0.0005351888177691563,-0.023802320696785496,-0.02487269833232381,-0.02326713187901634,-0.025407887150092966,-0.022275115175476635,-0.024351042927575575,1.1410919551757113,0.050938841282929796,1.192030796458641,1.0901531138927816,1.2429696377415709,1.0392142726098517,1.697230003788294,1.1374425823249856
0.829540654207185,-0.024160744589423903,0.0005367625143733604,-0.023623982075050544,-0.024697507103797263,-0.023087219560677184,-0.025234269618170622,-0.022011671989257967,-0.024174846784411015,1.132784589891269,0.05009240137472037,1.1828769912659893,1.0826921885165486,1.2329693926407097,1.0325997871418282,1.67715721509914,1.1292124216426336
0.8453841629747193,-0.02397507413768729,0.0005379728974672022,-0.02343710124022009,-0.024513047035154494,-0.022899128342752886,-0.025051019932621696,-0.021812747498683643,-0.023989263305557514,1.1240736466974623,0.04968691469832931,1.1737605613957918,1.074386731999133,1.223447476094121,1.0246998173008037,1.6620003635528575,1.120543776441202
0.8615302690513682,-0.023781827253775648,0.0005358088499756561,-0.023246018403799994,-0.024317636103751303,-0.022710209553824336,-0.02485344495372696,-0.021704100081463444,-0.023795461280709734,1.1150261589309352,0.04975933030619594,1.164785489237131,1.0652668286247393,1.214544819543327,1.0155074983185433,1.6537220828397128,1.11149124114494
0.8779847517839182,-0.023582333902865252,0.0005289280328688984,-0.023053405869996352,-0.024111261935734152,-0.022524477837127455,-0.02464018996860305,-0.021712603595378948,-0.023594603056251436,1.1057094150085527,0.05041210106230999,1.1561215160708627,1.0552973139462427,1.2065336171331726,1.0048852128839327,1.6543699995324583,1.102109109209624
0.8947535008996794,-0.023377924865688515,0.0005183264437022358,-0.02285959842198628,-0.02389625130939075,-0.022341271978284043,-0.024414577753092987,-0.021867050645730596,-0.023387839208670325,1.0961911102463144,0.05184135436837002,1.1480324646146844,1.0443497558779444,1.1998738189830545,0.9925084015095744,1.6661379372418,1.0924511243165915
0.9118425186146568,-0.02316993765124117,0.0005076916784990713,-0.0226622459727421,-0.02367762932974024,-0.02215455429424303,-0.02418532100823931,-0.02219885578500877,-0.02317630988167443,1.086539758205901,0.054321182084456084,1.1408609402903571,1.032218576121445,1.1951821223748134,0.9778973940369889,1.6914194962082856,1.0825705428297423
0.9292579217819882,-0.022959266102631503,0.0005022296766589761,-0.022457036425972528,-0.023461495779290478,-0.02195480674931355,-0.023963725455949457,-0.022681438995683565,-0.02296108920159735,1.0767920015248869,0.05776513013073615,1.134557131655623,1.0190268713941506,1.1923222617863591,0.9612617412634146,1.7281894387216905,1.072517537426865
0.9470059440814136,-0.022745666486590394,0.0005029853823447023,-0.022242681104245692,-0.023248651868935096,-0.02173969572190099,-0.023751637251279798,-0.023136652210025338,-0.022743100841805464,1.0669022133551596,0.06110378338746221,1.1280059967426217,1.0057984299676974,1.189109780130084,0.9446946465802352,1.7628739518842689,1.062335253094489
0.9650929382505626,-0.022528695311043564,0.0005052439751452588,-0.022023451335898305,-0.023033939286188822,-0.021518207360753046,-0.02353918326133408,-0.023360000077204807,-0.022523240296678203,1.0568103718338764,0.06311030478824693,1.1199206766221232,0.9937000670456294,1.1830309814103703,0.9305897622573825,1.7798917180539564,1.0520655185724517
0.9835253783588568,-0.02230784592337671,0.0005027116065164915,-0.02180513431686022,-0.022810557529893204,-0.02130242271034373,-0.023313269136409694,-0.023138062235577444,-0.022302398051436405,1.0464517893704384,0.06255326673299721,1.1090050561034355,0.9838985226374412,1.1715583228364328,0.9213452559044439,1.76298138736347,1.0417499286216896
1.0023098621248416,-0.022082508227064986,0.0004964161223110715,-0.021586092104753915,-0.022578924349376056,-0.02108967598244284,-0.02307534047168713,-0.022242241934705382,-0.022081460055918517,1.0357540294179313,0.0582047697293879,1.0939587991473192,0.9775492596885433,1.1521635688767071,0.9193444899591554,1.6947252602608553,1.031429866154427
1.0214531132777804,-0.021852554161329734,0.0005064749793172452,-0.02134607918201249,-0.02235902914064698,-0.020839604202695244,-0.022865504119964224,-0.020601204019926937,-0.021860765509652654,1.024697398829691,0.049890687153036094,1.074588085982727,0.9748067116766549,1.1244787731357633,0.9249160245236189,1.569688026362173,1.0211211752553848
1.0409619839643451,-0.021619454526619977,0.0005524497853547032,-0.02106700474126527,-0.02217190431197468,-0.02051455495591057,-0.022724354097329383,-0.018620314664399784,-0.021639134855300998,1.0134285148453275,0.04024456904323899,1.0536730838885664,0.9731839458020884,1.0939176529318055,0.9329393767588495,1.4187561536467899,1.010768758541329
1.0608434572012815,-0.02138490397962808,0.0006195974062431343,-0.020765306573384944,-0.022004501385871216,-0.020145709167141812,-0.02262409879211435,-0.016779763249258995,-0.021415122871496942,1.002118832920506,0.03223114878373644,1.0343499817042423,0.9698876841367695,1.0665811304879789,0.9376565353530331,1.27851718919326,1.000305109403686
1.0811046493749135,-0.0211506136220689,0.0006688760007662431,-0.020481737621302655,-0.021819489622835142,-0.01981286162053641,-0.022488365623601386,-0.0155630569272378,-0.021187279118621203,0.9909412143736231,0.027923650980659936,1.0188648653542831,0.9630175633929632,1.046788516334943,0.9350939124123032,1.185811474351133,0.9896624774881504
1.101752812788386,-0.020918251245024277,0.0006618072346585302,-0.02025644401036575,-0.021580058479682807,-0.019594636775707216,-0.02224186571434134,-0.015446306418276231,-0.020954158097542683,0.98006507579832,0.02797567709443296,1.008040752892753,0.9520893987038871,1.036016429987186,0.9241137216094542,1.1769157867101874,0.9787733432117078
1.1227953382575593,-0.020686456393682186,0.00060152375477369,-0.020084932638908495,-0.021287980148455878,-0.019483408884134808,-0.021889503903229565,-0.016405000937355967,-0.02071455126570702,0.9694221588086397,0.032352990478806146,1.0017751492874458,0.9370691683298336,1.034128139766252,0.9047161778510274,1.249962551650863,0.967581255285271
1.1442397577564816,-0.02045102142244137,0.0005310184659092842,-0.019920002956532085,-0.020982039888350654,-0.0193889844906228,-0.02151305835425994,-0.017944155760458512,-0.020467471452267745,0.9587207818558503,0.040296724787309855,0.9990175066431601,0.9184240570685405,1.03931423143047,0.8781273322812306,1.3672369058199074,0.9560401027410202
1.1660937471133888,-0.02020772056501611,0.0004915164395530014,-0.019716204125463106,-0.02069923700456911,-0.019224687685910107,-0.02119075344412211,-0.019566327570850122,-0.02021192938004935,0.9476679444015583,0.04958783718038915,0.9972557815819475,0.8980801072211692,1.0468436187623367,0.84849227004078,1.4908366558641764,0.9441036762240428
1.188365128758194,-0.019952354701255788,0.0004919963722595091,-0.01946035832899628,-0.020444351073515298,-0.01896836195673677,-0.020936347445774807,-0.02077901388362691,-0.01994693017116929,0.9359728402363048,0.05717164733941941,0.9931444875757242,0.8788011928968854,1.0503161349151435,0.8216295455574659,1.583236070143933,0.9317255047691653
1.2110618745224544,-0.01968289435807067,0.000505467069533315,-0.019177427288537354,-0.020188361427603985,-0.01867196021900404,-0.0206938284971373,-0.02134093462619982,-0.019672014312810297,0.9234942955472993,0.061315723483279724,0.9848100190305791,0.8621785720640196,1.0461257425138588,0.8008628485807399,1.626051056128639,0.9188841244314125
1.2341921084928127,-0.019401094067726582,0.0005140760497909745,-0.018887018017935606,-0.019915170117517558,-0.018372941968144634,-0.02042924616730853,-0.021448514775176432,-0.019387658911541136,0.9103520199592178,0.06291430482244276,0.9732663247816605,0.847437715136775,1.0361806296041034,0.7845234103143323,1.634248017411072,0.9056018209637698
1.257764109918936,-0.019108987335275784,0.0005171671090541688,-0.018591820226221616,-0.01962615444432995,-0.018074653117167445,-0.020143321553384122,-0.021328549698271717,-0.019094422587101804,0.8966845914994942,0.06321662553989098,0.9599012170393851,0.8334679659596033,1.0231178425792762,0.7702513404197122,1.6251073989978568,0.8919046876174173
1.2817863161769967,-0.018808524515291428,0.0005210348418761446,-0.018287489673415282,-0.019329559357167573,-0.017766454831539137,-0.019850594199043718,-0.02119715866167659,-0.018792850319602282,0.8826246521544987,0.06350117055931023,0.946125822713809,0.8191234815951884,1.0096269932731192,0.7556223110358782,1.6150961910745143,0.87781818053341
1.306267325789753,-0.018500903549783267,0.0005295612998811121,-0.017971342249902156,-0.019030464849664377,-0.01744178095002104,-0.019560026149545492,-0.02116572303670858,-0.018483417028384616,0.8682495667812694,0.06441558531611569,0.9326651520973851,0.8038339814651537,0.9970807374135008,0.739418396149038,1.6127009852377214,0.8633644832988914
1.3312159015043068,-0.018186309730780226,0.0005410305804567657,-0.01764527915032346,-0.018727340311236993,-0.017104248569866694,-0.019268370891693757,-0.021204319570394425,-0.018166505577478023,0.8535622388337557,0.06573869767311873,0.9193009365068744,0.787823541160637,0.9850396341799932,0.7220848434875182,1.6156418093141758,0.8485614795770529
1.3566409734286482,-0.017864847777396185,0.0005546848205289373,-0.01731016295686725,-0.01841953259792512,-0.01675547813633831,-0.01897421741845406,-0.021273144818581814,-0.017842482563003213,0.8385599091061293,0.06724739604241944,0.9058073051485488,0.7713125130637098,0.9730547011909683,0.7040651170212904,1.6208858798979462,0.8334262931534934
1.3825516422281035,-0.017536835221960975,0.0005705597217599335,-0.01696627550020104,-0.01810739494372091,-0.01639571577844111,-0.01867795466548084,-0.021335664254582935,-0.01751190734016834,0.8232503872665895,0.06877578277965489,0.8920261700462444,0.7544746044869346,0.9608019528258993,0.6856988217072797,1.625649485462502,0.8179850516332728
1.4089571823828324,-0.017204690235146515,0.0005876748189469722,-0.016617015416199542,-0.017792365054093488,-0.01602934059725257,-0.01838003987304046,-0.02138983987979662,-0.017177227320987858,0.8077462348745142,0.07027992496241856,0.8780261598369328,0.7374663099120957,0.9483060847993514,0.6671863849496771,1.6297773427535782,0.8023520741710165
1.4358670455075404,-0.016871972619291326,0.000605664668600897,-0.01626630795069043,-0.01747763728789222,-0.01566064328208953,-0.01808330195649312,-0.021451628058520453,-0.01684192096167269,0.7922167980700494,0.07181055342904363,0.864027351499093,0.7204062446410058,0.9358379049281367,0.6485956912119621,1.63448523090515,0.7866898402230184
1.4632908637345976,-0.016542240923165794,0.000625941085031121,-0.01591629983813467,-0.017168182008196916,-0.015290358753103552,-0.017794123093228035,-0.021535645830257723,-0.016509474245276944,0.7768311070059758,0.07347155888770762,0.8503026658936834,0.7033595481182682,0.923774224781391,0.6298879892305606,1.6408868805451449,0.7711611808260762
1.4912384531617662,-0.016218840230904245,0.0006486244881088057,-0.01557021574279544,-0.016867464719013053,-0.014921591254686634,-0.017516089207121856,-0.02164008970702054,-0.016183266040818697,0.7617450646493125,0.07525355989911188,0.8369986245484243,0.6864915047502006,0.9122521844475362,0.6112379448510887,1.6488448767196822,0.7559239236967559
1.5197198173657849,-0.01590477523502298,0.0006709131783072236,-0.015233862056715756,-0.0165756884133302,-0.014562948878408533,-0.017246601591637427,-0.02173701928824285,-0.015866504102235494,0.7470936503981842,0.07694435714300073,0.824038007541185,0.6701492932551835,0.9009823646841857,0.5932049361121827,1.656230328700925,0.7411279037284966
1.5487451509830508,-0.015603018011250481,0.0006909018536785967,-0.014912116157571884,-0.016293919864929077,-0.014221214303893288,-0.016984821718607674,-0.02179439284824698,-0.015562390265504314,0.7330095317936782,0.07835651148364378,0.811366043277322,0.6546530203100345,0.8897225547609657,0.5762965088263907,1.660601849417925,0.726922679385495
1.5783248433586956,-0.015315683314412262,0.0007076007728350158,-0.014608082541577246,-0.016023284087247278,-0.01390048176874223,-0.016730884860082295,-0.02179250018949116,-0.015273182500590942,0.7195877009835621,0.07938839343952703,0.798976094423089,0.6401993075440351,0.8783644878626161,0.560810914104508,1.660457640187041,0.7134137209425289
1.608469482265355,-0.015042433853391986,0.0007211074270824144,-0.014321326426309572,-0.0157635412804744,-0.013600218999227158,-0.016484648707556816,-0.02175165675910457,-0.014998407993297254,0.7068163078773043,0.08012784010379513,0.7869441479810995,0.6266884677735092,0.8670719880848946,0.546560627669714,1.657345616075665,0.7005789431441914
1.6391898576929596,-0.014782495791323737,0.0007330117285573542,-0.014049484062766383,-0.01551550751988109,-0.013316472334209028,-0.016248519248438446,-0.02169708949122931,-0.014737122289932873,0.6946640552778882,0.08073215934158796,0.7753962146194762,0.6139318959363003,0.8561283739610641,0.5331997365947123,1.6531879179657758,0.6883742303504397
1.670496965710913,-0.014534799860740718,0.0007451589266930957,-0.013789640934047621,-0.015279958787433814,-0.013044482007354526,-0.01602511771412691,-0.02164879728339064,-0.014488117873922662,0.6830848414738114,0.08134667537418327,0.7644315168479947,0.6017381660996282,0.845778192222178,0.5203914907254449,1.6495083417459768,0.6767431791959018
1.7024020124040296,-0.014297371607019164,0.000757489117409709,-0.013539882489609455,-0.015054860724428873,-0.012782393372199746,-0.01581234984183858,-0.02161561437957811,-0.0142493493640602,0.6719881372930416,0.08200263196578521,0.7539907692588268,0.5899855053272565,0.8359934012246121,0.5079828733614712,1.6469800037544655,0.6655902494736065
1.7349164178836476,-0.01406807029159801,0.0007707363475033183,-0.013297333944094691,-0.014838806639101329,-0.012526597596591374,-0.015609542986604646,-0.021603320381591358,-0.014018624048582534,0.6612750592684383,0.08275118187303729,0.7440262411414756,0.578523877395401,0.8267774230145128,0.49577269552236375,1.646043274939137,0.6548130191338136
1.768051820375352,-0.013844946715717298,0.0007851392448504272,-0.013059807470866871,-0.014630085960567725,-0.012274668226016444,-0.015415225205418152,-0.02160759267842095,-0.013794008303039439,0.6508537290430372,0.0835888411350036,0.7344425701780408,0.5672648879080335,0.8180314113130444,0.48367604677303,1.6463687983003923,0.6443211681522661
1.801820080384765,-0.013626433773062746,0.0007986238357893499,-0.012827809937273397,-0.014425057608852095,-0.012029186101484046,-0.015223681444641446,-0.021604422075702477,-0.013574082285895676,0.6406463319048906,0.08435384895484416,0.7250001808597348,0.5562924829500464,0.8093540298145789,0.4719386339952023,1.646127217414211,0.6340483754179076
1.8362332849429048,-0.013411029097161497,0.0008099228905151744,-0.012601106206646322,-0.014220951987676672,-0.01179118331613115,-0.015030874878191845,-0.02156709143647072,-0.01335750908977456,0.6305775566580324,0.08491038616180469,0.7154879428198371,0.5456671704962277,0.8003983289816418,0.460756784334423,1.643282846892864,0.6239321936925073
1.8713037519326252,-0.013197714781416497,0.0008189317482098717,-0.012378783033206626,-0.014016646529626368,-0.011559851284996753,-0.01483557827783624,-0.021494562578438303,-0.013143270941127936,0.6205996571109313,0.08525389664832202,0.7058535537592534,0.5353457604626093,0.7911074504075754,0.45009186381428734,1.637756583480828,0.613925082549305
1.907044034497683,-0.012985928124402576,0.0008268589845615273,-0.012159069139841048,-0.013812787108964103,-0.01133221015527952,-0.014639646093525631,-0.021409860400081346,-0.012930650356913176,0.6106907749941269,0.08550991714511796,0.696200692139245,0.5251808578490089,0.7817106092843629,0.439670940703891,1.6313027861665983,0.6039935281972401
1.9434669255360189,-0.012775144208997516,0.0008353471569915626,-0.011939797052005954,-0.013610491365989078,-0.011104449895014391,-0.01444583852298064,-0.021329830970774497,-0.012719008431751602,0.6008296293125255,0.08580131330333082,0.6866309426158563,0.5150283160091946,0.7724322559191872,0.42922700270586384,1.6252050242679223,0.5941076872252542
1.9805854622788575,-0.012564969368929702,0.0008433375659359291,-0.011721631802993772,-0.013408306934865631,-0.010878294237057844,-0.014251644500801559,-0.021244787001738395,-0.012508012484038537,0.590995969824613,0.0860534239357137,0.6770493937603267,0.5049425458888993,0.7631028176960404,0.4188891219531856,1.618725184556556,0.5842520200022672
2.018412930957258,-0.01235506868736107,0.000849857681949988,-0.011505211005411081,-0.013204926369311058,-0.010655353323461094,-0.014054784051261045,-0.02113691536312137,-0.01229744228881181,0.5811707286120487,0.08617082415497929,0.6673415527670279,0.4949999044570694,0.7535123769220072,0.4088290803020901,1.610506013514056,0.5744162397717565
2.056962871557797,-0.012145759992666406,0.0008551845864176222,-0.011290575406248783,-0.01300094457908403,-0.010435390819831162,-0.01385612916550165,-0.021010674742360798,-0.012087588502166445,0.5713696085169203,0.08617940938022774,0.657549017897148,0.4851901991366926,0.7437284272773758,0.39901078975646487,1.6008872363466282,0.5646139231439838
2.0962490826690803,-0.01193804318506866,0.000860937867179907,-0.011077105317888754,-0.012798981052248568,-0.010216167450708847,-0.013659918919428474,-0.020893948910272676,-0.011879274612609438,0.5616446746657405,0.08623287940327222,0.6478775540690127,0.4754117952624683,0.734110433472285,0.38917891585919606,1.5919934289352429,0.5548835354486148
2.1362856264208165,-0.01173307231721462,0.0008682826592846964,-0.010864789657929924,-0.012601354976499316,-0.009996506998645228,-0.013469637635784012,-0.020800204608575464,-0.01167357387703312,0.5520524215675294,0.08642117181707681,0.6384735933846062,0.4656312497504526,0.7248947652016831,0.3792100779333758,1.584850676124705,0.5452752087516453
2.1770868335172255,-0.011532339928835744,0.0008749854401831214,-0.010657354488652623,-0.012407325369018864,-0.0097823690484695,-0.013282310809201987,-0.02070336040999429,-0.011472159775291339,0.5426575529456049,0.08656785514469349,0.6292254080902984,0.4560896978009114,0.7157932632349919,0.3695218426562179,1.5774717297879537,0.5358671116658976
2.218667308366577,-0.011337617959751412,0.0008794547778048675,-0.010458163181946544,-0.012217072737556279,-0.009578708404141677,-0.013096527515361146,-0.02057742259825619,-0.011276986445187912,0.5335378402219908,0.08652616254367564,0.6200640027656664,0.4470116776783152,0.706590165309342,0.36048551513463956,1.567876024849527,0.526750522398897
2.261041934308703,-0.01115195303909987,0.0008823713792469447,-0.010269581659852926,-0.012034324418346815,-0.009387210280605981,-0.012916695797593759,-0.020439619254107876,-0.011091007457303749,0.5248389035413966,0.08637497890775,0.6112138824491467,0.4384639246336466,0.6975888613568966,0.3520889457258966,1.557376237599566,0.5180634028834696
2.3042258789423493,-0.010978868092030962,0.0008857461733781202,-0.010093121918652841,-0.011864614265409083,-0.00920737574527472,-0.012750360438787203,-0.020319462682583483,-0.010917575194712682,0.5167309721029125,0.08628738375015536,0.6030183558530678,0.43044358835275714,0.6893057396032233,0.34415620460260177,1.548221028446347,0.5099623436718883
2.3482345995542735,-0.010822132558032169,0.0008898620020969713,-0.009932270555935197,-0.01171199456012914,-0.009042408553838227,-0.012601856562226111,-0.02022721327579745,-0.0107604165033297,0.5093920894157647,0.0863029964816618,0.5956950858974266,0.42308909293410296,0.6819980823790883,0.3367860964524412,1.5411921776504913,0.5026214265582708
2.393083848652037,-0.010685648209354094,0.0008945189538071194,-0.009791129255546975,-0.011580167163161213,-0.008896610301739855,-0.012474686116968333,-0.02016195312673606,-0.010623464782097195,0.503004331689963,0.08640808256251045,0.5894124142524734,0.4165962491274525,0.6758204968149839,0.33018816656494204,1.5362197462100184,0.496224381474171
2.438789679602465,-0.010573164584830338,0.000898730050147305,-0.009674434534683033,-0.011471894634977643,-0.008775704484535728,-0.012370624685124948,-0.020114740471773664,-0.010510552850060851,0.49774112200577025,0.08653069291894316,0.5842718149247135,0.4112104290868271,0.6708025078436566,0.3246797361678839,1.532622425436167,0.4909502402419987
2.485368452377799,-0.010488157657060126,0.0009013187794169697,-0.009586838877643156,-0.011389476436477097,-0.008685520098226186,-0.012290795215894067,-0.02007087080463275,-0.010425275979958033,0.49376199744197546,0.08657481722539542,0.5803368146673709,0.40718718021658007,0.6669116318927664,0.3206123629911846,1.5292798202580917,0.48696693884374526
2.532836839411596,-0.010431957015315178,0.000900911596676702,-0.009531045418638476,-0.01133286861199188,-0.008630133821961775,-0.012233780208668582,-0.02001348527841275,-0.010369083113414305,0.4911258229511512,0.08643046698883153,0.5775562899399828,0.40469535596231965,0.6639867569288143,0.31826488897348815,1.5249073877873052,0.4843421576620998
2.5812118315664674,-0.010403971066802981,0.0008965323088385279,-0.009507438757964453,-0.01130050337564151,-0.008610906449125925,-0.012197035684480037,-0.019926499356527502,-0.010341484322194363,0.48980187347914383,0.08600889151624971,0.5758107649953935,0.40379298196289415,0.6618196565116432,0.3177840904466444,1.5182795829311775,0.4830530120412069
2.6305107442158007,-0.0103988857778422,0.0008890900383524315,-0.00950979573948977,-0.011287975816194631,-0.008620705701137337,-0.012177065854547064,-0.019819210631370862,-0.010337069691258572,0.4895437164407181,0.08537946835648037,0.5749231847971985,0.40416424808423773,0.6603026531536789,0.3187847797277573,1.5101048263936887,0.4828468036571737
2.6807512234416326,-0.010408542992539028,0.0008804776170070327,-0.009528065375531995,-0.011289020609546061,-0.008647587758524963,-0.012169498226553093,-0.01970845198867437,-0.010347517073723752,0.48997351804128736,0.08467907801014132,0.5746525960514287,0.405294440031146,0.65933167406157,0.3206153620210047,1.501665682978156,0.48333480319481464
2.7319512523508975,-0.010422797890885311,0.0008702521003942728,-0.009552545790491038,-0.011293049991279584,-0.008682293690096765,-0.012163302091673857,-0.019579606096655412,-0.01036271099816361,0.49061460189070494,0.08385107604012286,0.5744656779308278,0.40676352585058206,0.6583167539709507,0.3229124498104592,1.4918483997867231,0.4840445147542712
2.7841291575123153,-0.010432019913626302,0.0008581700828766299,-0.009573849830749673,-0.011290189996502931,-0.008715679747873042,-0.012148360079379562,-0.019417167776539287,-0.010373059454523612,0.4910141421780291,0.08284520022639719,0.5738593424044263,0.4081689419516319,0.6567045426308235,0.3253237417252347,1.4794715753126761,0.4845278934317351
2.8373036155162095,-0.0104303102858427,0.0008457452457201381,-0.009584565040122561,-0.011276055531562839,-0.008738819794402424,-0.012121800777282976,-0.019238596036442637,-0.010372510394323199,0.49089996163957234,0.08178196917420746,0.5726819308137798,0.40911799246536484,0.6544638999879873,0.3273360232911574,1.4658654811249168,0.4845022467087562
2.8914936596596204,-0.010414095318736296,0.0008342659389821007,-0.009579829379754195,-0.011248361257718397,-0.008745563440772094,-0.012082627196700498,-0.019058229334558894,-0.010357372589417421,0.4901078884928956,0.08076267527121583,0.5708705637641114,0.40934521322167977,0.6516332390353272,0.32858253795046394,1.452122621628574,0.4837951565051058
2.9467186867590924,-0.010382295148178091,0.0008238714944740414,-0.00955842365370405,-0.011206166642652133,-0.008734552159230009,-0.012030038137126173,-0.01887720493310921,-0.010326551626914203,0.48858770064079987,0.0797979585644989,0.5683856592052987,0.408789742076301,0.6481836177697977,0.3289917835118021,1.438329649375103,0.48235550255337695
3.0029984640935834,-0.010335478622541958,0.0008143155211959533,-0.009521163101346004,-0.011149794143737912,-0.008706847580150051,-0.011964109664933864,-0.018693482652562904,-0.010280633475604952,0.48636557697131566,0.0788708549042845,0.5652364318756001,0.4074947220670312,0.6441072867798847,0.32862386716274666,1.4243311149365072,0.480210655584969
3.0603531364799763,-0.010275072617478814,0.0008050066090939429,-0.009470066008384872,-0.011080079226572757,-0.00866505939929093,-0.011885085835666699,-0.018498500028908245,-0.010221110561097214,0.48350652136105615,0.07792945479811486,0.561435976159171,0.4055770665629413,0.6393654309572858,0.32764761176482643,1.4094746099767312,0.47743032712895356
3.118803233483727,-0.010202339024614263,0.0007942034461345065,-0.009408135578479757,-0.01099654247074877,-0.00861393213234525,-0.011790745916883276,-0.018268478175345507,-0.01014940909237839,0.4800649064830225,0.07682518839555016,0.5568900948785727,0.4032397180874724,0.6337152832741229,0.3264145296919222,1.3919483261250778,0.4740811357214809
3.178369676767228,-0.010118412727032417,0.0007837414337823478,-0.00933467129325007,-0.010902154160814765,-0.008550929859467721,-0.011685895594597113,-0.018031661421600374,-0.010066486060588643,0.4760991718463025,0.07572201791954498,0.5518211897658475,0.40037715392675755,0.6275432076853925,0.3246551360072125,1.3739043116861094,0.4702077826296371
3.239073787578522,-0.010024498484252504,0.0007780926708721486,-0.009246405813380355,-0.010802591155124653,-0.008468313142508207,-0.011580683825996802,-0.01785638811513285,-0.009973105695249632,0.4716787274138194,0.07502152489224212,0.5467002523060616,0.39665720252157727,0.6217217771983037,0.32163567762933515,1.3605495383322384,0.46584596518282145
3.30093729438304,-0.009922593359848823,0.000775619355803922,-0.0091469740040449,-0.010698212715652746,-0.00837135464824098,-0.011473832071456667,-0.017721362119010764,-0.009871417909706946,0.46689276311410327,0.07458719032599054,0.5414799534400938,0.39230557278811273,0.6160671437660843,0.3177183824621222,1.35026136832259,0.4610961063072658
3.3639823406411025,-0.009815843222405371,0.0007772360198183997,-0.009038607202586972,-0.01059307924222377,-0.008261371182768571,-0.011370315262042172,-0.017643523627762,-0.009764478054302358,0.46189147925335755,0.0745079421319216,0.5363994213852792,0.3873835371214359,0.6109073635172008,0.31287559498951434,1.3443305427463226,0.4561009220908596
3.428231492733967,-0.009707961158534327,0.0007853044528425619,-0.008922656705691765,-0.01049326561137689,-0.008137352252849204,-0.01127857006421945,-0.017661327301113833,-0.00965577124175913,0.45685570633318573,0.07499919222489863,0.5318548985580843,0.3818565141082871,0.606854090782983,0.30685732188338843,1.3456870757362684,0.4510232029170551
3.4937077480412437,-0.009600867369349224,0.0007891517714386739,-0.00881171559791055,-0.010390019140787897,-0.008022563826471877,-0.01117917091222657,-0.01761600069088002,-0.009548272136903766,0.4518446195641192,0.07511435755804205,0.5269589771221612,0.3767302620060772,0.6020733346802033,0.3016159044480351,1.3422334602441457,0.4460018960355398
3.5604345431725952,-0.009496429777887732,0.0007848149107416843,-0.008711614867146049,-0.010281244688629416,-0.007926799956404364,-0.011066059599371101,-0.017450542511349785,-0.009444234961989907,0.44693451377037974,0.07450925472580208,0.5214437684961818,0.3724252590445777,0.5959530232219838,0.2979160043187756,1.3296265406184251,0.4411422966646312
3.6284357623566525,-0.00939647795689636,0.0007770226450948511,-0.008619455311801508,-0.01017350060199121,-0.007842432666706657,-0.010950523247086062,-0.017237151681594298,-0.009345027526749212,0.4422247261226759,0.0736056937095324,0.5158304198322083,0.3686190324131435,0.5894361135417407,0.29501333870361107,1.3133674409037344,0.4365082954983719
3.6977357459901468,-0.0093018555057057,0.0007714203376203857,-0.008530435168085316,-0.010073275843326086,-0.007759014830464929,-0.010844696180946472,-0.017061596615147678,-0.009250936154648701,0.437771146961872,0.07290737263566256,0.5106785195975346,0.3648637743262095,0.5835858922331971,0.29195640169054693,1.299991199131558,0.4321132667690146
3.7683592993503265,-0.009211831771229908,0.000769438449512225,-0.008442393321717683,-0.009981270220742133,-0.007672954872205458,-0.010750708670254358,-0.01694541774717483,-0.009161084049922625,0.4335437876292824,0.07254263415207358,0.506086421781356,0.36100115347720885,0.5786290559334296,0.2884585193251352,1.2911390671009788,0.427916255153088
3.8403317014737737,-0.00912466356795322,0.0007696635620849638,-0.008355000005868257,-0.009894327130038185,-0.007585336443783293,-0.010663990692123149,-0.016865609930048178,-0.009073867547858517,0.4294568017034492,0.07238175652648453,0.5018385582299337,0.35707504517696464,0.5742203147564182,0.28469328865048016,1.2850581907195482,0.4238423531184112
3.913678714204797,-0.009038390312806949,0.0007715127586935574,-0.008266877554113391,-0.009809903071500507,-0.007495364795419834,-0.010581415830194063,-0.016811208415883978,-0.008987385150635857,0.4254165023722481,0.07236752385191134,0.4977840262241594,0.3530489785203368,0.5701515500760708,0.2806814546684254,1.2809131220470125,0.41980274128268147
3.9884265914166415,-0.008951059595936842,0.0007764350156995899,-0.008174624580237252,-0.009727494611636432,-0.007398189564537663,-0.010503929627336022,-0.016801888062456645,-0.0088995425304656,0.4213354738646106,0.07262338336775119,0.4939588572323618,0.3487120904968594,0.566582240600113,0.27608870712910827,1.2802029670889723,0.4156995931332647
4.064602088408812,-0.008859645710921777,0.0007819563554818829,-0.008077689355439895,-0.00964160206640366,-0.0072957329999580114,-0.010423558421885543,-0.016797089426670096,-0.008807560276967597,0.4170645887967032,0.07292105629505702,0.48998564509176024,0.3441435325016462,0.5629067013868172,0.2712224762065892,1.2798373398601108,0.4114030817986984
4.142232471483892,-0.008760524596838825,0.000784315763717925,-0.0079762088331209,-0.00954484036055675,-0.007191893069402975,-0.010329156124274675,-0.016736873450556033,-0.008708183867720772,0.41242304553940456,0.07291973463059477,0.4853427801699993,0.3395033109088098,0.5582625148005941,0.26658357627821505,1.2752492441055845,0.40676118781936943
4.221345527707245,-0.008652065514745079,0.0007835106706368247,-0.007868554844108254,-0.009435576185381904,-0.0070850441734714295,-0.010219086856018729,-0.01661984899561003,-0.0085997809915263,0.40733440452517744,0.07261702788901153,0.47995143241418897,0.3347173766361659,0.5525684603032005,0.2621003487471544,1.2663326834258,0.40169766557940545
4.301969574853144,-0.008535516886581562,0.0007859568192062915,-0.00774956006737527,-0.009321473705787854,-0.006963603248168979,-0.010107430524994144,-0.016543386076927416,-0.008482969321299312,0.40187569540336743,0.0725829831003242,0.4744586785036916,0.32929271230304324,0.5470416616040158,0.25670972920271906,1.2605066682181107,0.39624136671681265
4.38413347154085,-0.00841317994406626,0.0007913415903063218,-0.007621838353759939,-0.009204521534372583,-0.006830496763453617,-0.009995863124678905,-0.016504835403789598,-0.0083600825740413,0.39615389999198664,0.0727937114670153,0.46894761145900193,0.32336018852497134,0.5417413229260173,0.25056647705795604,1.2575693384400015,0.3905012996671018
4.4678666275642795,-0.008286674386210158,0.0007801821002371093,-0.007506492285973049,-0.009066856486447268,-0.00672631018573594,-0.009847038586684377,-0.016214850943706508,-0.008234649763264709,0.3901890593064697,0.07153669286635037,0.4617257521728201,0.3186523664401193,0.5332624450391704,0.24711567357376896,1.2354742640752585,0.3846423054292639
4.553199014418969,-0.008159960545662606,0.0007504407638168378,-0.0074095197818457685,-0.008910401309479444,-0.006659079018028931,-0.009660842073296282,-0.015641360931816894,-0.008110867663917231,0.38415999681263735,0.06861620356112816,0.45277620037376554,0.31554379325150916,0.5213924039348936,0.24692758969038103,1.1917777692475442,0.3788604162861109
4.640161176030086,-0.008041619980738261,0.0007434856018837624,-0.0072981343788544985,-0.008785105582622023,-0.006554648776970737,-0.009528591184505787,-0.015419946518642376,-0.007993203468653912,0.3785897246620142,0.06773848666511742,0.44632821132713163,0.31085123799689673,0.514066697992249,0.24311275133177934,1.1749073206617298,0.37336429579116726
4.72878423968534,-0.007935135947034915,0.0007509499851455321,-0.007184185961889383,-0.008686085932180447,-0.006433235976743851,-0.009437035917325979,-0.015431174221117892,-0.007885947011601193,0.37361799006535445,0.06818278075439951,0.441800770819754,0.3054352093109549,0.5099835515741535,0.23725242855655543,1.17576280416271,0.36835432304199517
4.819099927176707,-0.00784195779659008,0.0007530766351726435,-0.007088881161417437,-0.008595034431762724,-0.006335804526244793,-0.009348111066935368,-0.015373770698175818,-0.007792534108373882,0.36925458453383225,0.06817668266655465,0.4374312672003869,0.3010779018672776,0.5056079498669416,0.23290121920072296,1.1713890004497802,0.3639909857432454
4.911140566154939,-0.007764841900906821,0.00075238114270038,-0.007012460758206441,-0.008517223043607202,-0.006260079615506061,-0.009269604186307581,-0.015289346769267693,-0.007715466167938621,0.3656362568439667,0.06795419837411301,0.4335904552180797,0.29768205846985374,0.5015446535921928,0.2297278600957407,1.164956404072532,0.3603911252590818
5.004939101700948,-0.0077062338291709765,0.0007570283316226752,-0.006949205497548301,-0.008463262160793652,-0.006192177165925626,-0.009220290492416327,-0.015304662277265403,-0.007656373010340406,0.3629016047041559,0.06825025566338049,0.4311518603675364,0.2946513490407754,0.4994021160309169,0.22640109337739492,1.1661233538051012,0.3576308708430323
5.10052910811819,-0.007664388722198805,0.0007482551075359472,-0.0069161336146628585,-0.008412643829734752,-0.006167878507126911,-0.0091608989372707,-0.01513245654863064,-0.007615383328589879,0.36091391070385404,0.06738585079158163,0.4282997614954357,0.2935280599122724,0.4956856122870173,0.22614220912069077,1.1530023114598336,0.3557162337739891
5.19794480095026,-0.007636920586084473,0.0007233968173359161,-0.0069135237687485565,-0.008360317403420388,-0.00619012695141264,-0.009083714220756305,-0.01472526928390386,-0.007590406905967038,0.35955260215150053,0.06509667696351754,0.42464927911501804,0.294455925187983,0.4897459560785356,0.22935924822446546,1.1219770872394164,0.3545495795682592
5.297221049228036,-0.007624489842558692,0.0007292959803612759,-0.006895193862197416,-0.008353785822919967,-0.006165897881836141,-0.009083081803281243,-0.01480754072339565,-0.007577354727571855,0.35898777285498273,0.0656171169830238,0.42460488983800654,0.29337065587195893,0.49022200682103034,0.22775353888893513,1.1282456768498552,0.3539399094386086
5.3983933879507155,-0.00762039899829051,0.0007505899021453029,-0.0068698090961452065,-0.008370988900435812,-0.006119219193999904,-0.009121578802581116,-0.015133006738047718,-0.007571101334172726,0.3588592467568296,0.06753336737033985,0.42639261412716944,0.2913258793864898,0.4939259814975093,0.2237925120161499,1.1530442325892676,0.3536478120546339
5.501498030805234,-0.007614497933317577,0.0007363183277317908,-0.006878179605585786,-0.008350816261049368,-0.006141861277853995,-0.00908713458878116,-0.014910807439286753,-0.007566619616255826,0.3585408975679414,0.06624937895891476,0.42479027652685614,0.29229151860902663,0.4910396554857709,0.22604213965011186,1.1361139804353746,0.3534384700229266
5.606571883128613,-0.00760220738114012,0.0006798066242322367,-0.006922400756907883,-0.008282014005372356,-0.006242594132675647,-0.008961820629604593,-0.01400948771091863,-0.007560162865500853,0.3577935596250487,0.061039959426292124,0.41883351905134086,0.2967536001987566,0.47987347847763295,0.23571364077246448,1.0674388299842184,0.3531368737720388
5.713652555117879,-0.007586370744575391,0.0006296294299264913,-0.0069567413146489,-0.008216000174501883,-0.006327111884722409,-0.008845629604428374,-0.013156499945683636,-0.007549819607079456,0.35688987323248755,0.05617953395752297,0.4130694071900105,0.3007103392749646,0.46924894114753346,0.24453080531744162,1.0024462848675495,0.3526537378914328
5.822778375292286,-0.007573483376464839,0.0006476853537398911,-0.006925798022724948,-0.008221168730204731,-0.006278112668985057,-0.008868854083944621,-0.013446767745275557,-0.0075349429374972085,0.3563436940836728,0.05789786418470295,0.4142415582683757,0.29844582989896984,0.47213942245307866,0.2405479657142669,1.024562948001278,0.3519588453763009
5.933988404212633,-0.007556058557633447,0.0006709121908760175,-0.00688514636675743,-0.008226970748509465,-0.006214234175881413,-0.008897882939385482,-0.01380872455420063,-0.007515028619851894,0.3555993490258135,0.060056411334970805,0.41565576036078433,0.2955429376908427,0.47571217169575514,0.23548652635587192,1.052141883119846,0.3510286432098025
6.047322448462642,-0.007530186768145705,0.0006710421806075363,-0.006859144587538169,-0.008201228948753242,-0.006188102406930632,-0.008872271129360778,-0.013780781010265222,-0.00748917042519812,0.354385500980716,0.059993011834469714,0.4143785128151857,0.2943924891462463,0.4743715246496554,0.23439947731177654,1.0500127528861416,0.3498208012381577
6.1628210748973355,-0.007496227514441968,0.0006657587893088194,-0.006830468725133148,-0.008161986303750786,-0.006164709935824329,-0.008827745093059607,-0.013661382813860486,-0.007455771821064513,0.35277630711183017,0.059421687918493726,0.4121979950303239,0.29335461919333644,0.4716196829488176,0.23393293127484271,1.0409153273626397,0.3482607450777392
6.280525625163577,-0.0074556026046631,0.0006884994218843193,-0.006767103182778781,-0.008144102026547419,-0.006078603760894462,-0.008832601448431739,-0.013994705850458098,-0.007412693068239848,0.3509427769670837,0.06148900748630266,0.41243178445338635,0.28945376948078105,0.47392079193968906,0.22796476199447838,1.0663125409891765,0.3462485270383739
6.400478230497903,-0.007402817361995058,0.0007121875808254981,-0.00669062978116956,-0.008115004942820556,-0.005978442200344061,-0.008827192523646055,-0.014319951566167161,-0.0073574271898381475,0.3485396824431374,0.06356521462481887,0.4121048970679563,0.2849744678183185,0.4756701116927751,0.22140925319349963,1.0910943112721312,0.3436670456771586
6.522721826807022,-0.00733333616337909,0.000713933030908916,-0.006619403132470174,-0.008047269194288005,-0.005905470101561258,-0.008761202225196923,-0.014276640655090813,-0.007287774262031773,0.3452858755091874,0.0635635018202524,0.40884937732943977,0.281722373688935,0.4724128791496922,0.21815887186868257,1.0877942799505822,0.3404135420672224
6.647300170036307,-0.007249957290894721,0.0007119405193679739,-0.006538016771526748,-0.007961897810262695,-0.005826076252158773,-0.00867383832963067,-0.014159893298920402,-0.007204614353235895,0.3413687898751321,0.06318531112300504,0.40455410099813716,0.278183478752127,0.4677394121211422,0.214998167629122,1.0788988325333888,0.3365291243982125
6.774257851831833,-0.007161156054075813,0.0007286414771286599,-0.0064325145769471535,-0.007889797531204473,-0.005703873099818494,-0.008618439008333133,-0.014331492352555859,-0.007114104372063537,0.33725384775179035,0.0645035433609702,0.40175739111276054,0.27275030439082015,0.46626093447373074,0.20824676102984996,1.0919736498870791,0.3323013832284784
6.903640315501528,-0.007071548094099268,0.0007434248958081835,-0.006328123198291085,-0.007814972989907451,-0.005584698302482901,-0.008558397885715635,-0.014469613249131274,-0.007023002057387649,0.3330947885428126,0.06563178893410339,0.398726577476916,0.26746299960870923,0.46435836641101935,0.20183121067460583,1.102497632724933,0.3280459740302391
7.035493872281186,-0.006982114381405245,0.0007644555327411938,-0.006217658848664051,-0.007746569914146439,-0.0054532033159228575,-0.008511025446887633,-0.014700117857127883,-0.006931468912323645,0.3289616256258448,0.06730267317217963,0.39626429879802444,0.26165895245366516,0.463566971970204,0.19435627928148555,1.120060699565279,0.3237704406496122
7.169865717911131,-0.006885208252367931,0.0007764344854168283,-0.006108773766951102,-0.007661642737784759,-0.005332339281534274,-0.008438077223201588,-0.014784142232926576,-0.006833375518948161,0.3244512693865793,0.06814354117049799,0.3925948105570773,0.25630772821608133,0.46073835172757527,0.18816418704558333,1.1264628523950937,0.3191884766244213
7.306803949529495,-0.006790651395134692,0.0007775208158237918,-0.006013130579310901,-0.007568172210958484,-0.005235609763487109,-0.008345693026782276,-0.0147050642266017,-0.006738717089635101,0.3200192980835572,0.06802180851755997,0.3880411066011172,0.25199748956599727,0.45606291511867714,0.18397568104843728,1.1204375832139,0.3147669605276816
7.446357582888134,-0.006734493061020757,0.0007777685917120737,-0.005956724469308684,-0.007512261652732831,-0.00517895587759661,-0.008290030244444906,-0.014651783335381504,-0.006682539873766893,0.31738588874738866,0.0679130585147619,0.3852989472621505,0.24947283023262676,0.45321200577691245,0.18155977171786486,1.1163778992798274,0.3121429103925392
7.588576569897345,-0.00675066952852068,0.0007729218359373365,-0.005977747692583343,-0.007523591364458017,-0.005204825856646007,-0.008296513200395353,-0.014594747027819589,-0.006699196762835352,0.3181305321055836,0.06752182942616598,0.3856523615317496,0.25060870267941765,0.45317419095791556,0.18308687325325165,1.1120320751735642,0.3129209573522476
7.733511816505708,-0.006848068246128081,0.0007558193299659566,-0.006092248916162124,-0.007603887576094038,-0.005336429586196168,-0.008359706906059994,-0.01443479436353937,-0.006798284217885732,0.322649303015341,0.06623227322806054,0.3888815762434015,0.2564170297872805,0.45511384947146205,0.19018475655921993,1.0998446427466764,0.3175493542173726
7.881215200921364,-0.007022728518738485,0.0007285363957748789,-0.006294192122963606,-0.007751264914513364,-0.005565655727188727,-0.008479801310288243,-0.014192315928080873,-0.006975681750929965,0.3307611158296411,0.06418634536130781,0.39494746119094887,0.2665747704683333,0.45913380655225666,0.20238842510702545,1.0813692421622214,0.3258356320858008
8.03173959218135,-0.0072660076148668585,0.0007041521236895789,-0.0065618554911772795,-0.007970159738556437,-0.0058577033674877006,-0.008674311862246016,-0.01405534986537635,-0.007221456012355383,0.3420984096504438,0.0625162210214682,0.404614630671912,0.2795821886289756,0.4671308516933802,0.2170659676075074,1.070933250730007,0.3373158020077293
8.185138869075539,-0.007563739528914879,0.0006821223884428299,-0.0068816171404720485,-0.008245861917357709,-0.006199494752029219,-0.00892798430580054,-0.014001411862496822,-0.007521495581221221,0.3559951655022835,0.06114030082789142,0.4171354663301749,0.2948548646743921,0.4782757671580663,0.23371456384650066,1.066823498833759,0.3513307164007373
8.341467939432114,-0.007899168309297959,0.0006564526462654911,-0.007242715663032468,-0.00855562095556345,-0.006586263016766977,-0.00921207360182894,-0.013915726729360624,-0.007859687707300382,0.3716466481425568,0.05945306793731396,0.4310997160798708,0.31219358020524285,0.4905527840171847,0.25274051226792893,1.0602948062684583,0.3671277451503292
8.500782759771253,-0.008257918449522575,0.0006348715498758102,-0.007623046899646765,-0.008892789999398385,-0.0069881753497709545,-0.009527661549274195,-0.013910006378817934,-0.008220829499592708,0.3884028467499027,0.05814828955380476,0.44655113630370746,0.330254557196098,0.5046994258575123,0.2721062676422932,1.059858949910511,0.38399675786704063
8.663140355334237,-0.00862587539170105,0.0006164540975500359,-0.008009421294151014,-0.009242329489251086,-0.007392967196600978,-0.009858783586801121,-0.01395910378380163,-0.00859087879517361,0.40559963367988433,0.057128741524062186,0.4627283752039465,0.34847089215582217,0.5198571167280087,0.29134215063175994,1.0635998773171722,0.4012818420256512
8.828598840495143,-0.00899028393621467,0.0005964143601915877,-0.008393869576023082,-0.009586698296406258,-0.007797455215831495,-0.010183112656597845,-0.013965358694965225,-0.008957637540593638,0.42262243937543176,0.05587948650901543,0.4785019258844472,0.36674295286641634,0.5343814123934626,0.3108634663574009,1.0640764639841436,0.418413223860982
8.997217439562275,-0.009342081392995572,0.0005772228293807122,-0.00876485856361486,-0.009919304222376284,-0.008187635734234148,-0.010496527051756997,-0.013960272296602912,-0.009311776866007825,0.43905399845925613,0.05461280866907167,0.4936668071283278,0.3844411897901845,0.5482796157973995,0.3298283811211128,1.0636889109751588,0.434955149806412
9.169056507977023,-0.00967527195822463,0.0005560730872448002,-0.00911919887097983,-0.010231345045469431,-0.00856312578373503,-0.010787418132714232,-0.013879085892122204,-0.009647686569168548,0.45460179828137426,0.05298643515323429,0.5075882334346086,0.40161536312813995,0.5605746685878429,0.3486289279749057,1.057502994516417,0.4506455660784181
9.344177553917449,-0.009987512912097471,0.0005308304187597342,-0.009456682493337736,-0.010518343330857206,-0.008925852074578003,-0.011049173749616939,-0.01365647799561514,-0.009963437196365643,0.4691438543770213,0.050648330491203354,0.5197921848682246,0.4184955238858179,0.570440515359428,0.3678471933946146,1.0405416096680935,0.4653943474689306
9.522643260314638,-0.010281721971405335,0.0005097526140036729,-0.009771969357401662,-0.010791474585409008,-0.00926221674339799,-0.011301227199412681,-0.01345570328423531,-0.01026089433470497,0.48284783328090586,0.04851749673778036,0.5313653300186862,0.4343303365431255,0.5798828267564666,0.38581283980534514,1.025243782407881,0.4792886359628555
9.704517507289376,-0.01056107693123544,0.0004982668860939768,-0.010062810045141464,-0.011059343817329417,-0.009564543159047487,-0.011557610703423394,-0.013438741208411488,-0.010542193724246045,0.4958933047296964,0.04747183882761854,0.5433651435573149,0.4484214659020779,0.5908369823849334,0.4009496270744593,1.0239513740953792,0.4924281924491082
9.889865395017523,-0.010823969168618613,0.0004897069835774824,-0.01033426218504113,-0.011313676152196096,-0.00984455520146365,-0.011803383135773577,-0.013466118390544705,-0.010806631409294077,0.5081783212763686,0.046731125189211756,0.5549094464655804,0.4614471960871569,0.6016405716547921,0.41471607089794515,1.0260373509610263,0.504780135002027
10.078753267031942,-0.01106785797740454,0.0004786089977727363,-0.010589248979631804,-0.011546466975177276,-0.010110639981859067,-0.012025075972950012,-0.013382708348501079,-0.011052667950182258,0.5195543889646189,0.045443346396368836,0.5649977353609877,0.4741110425682501,0.6104410817573566,0.4286676961718813,1.0196820066739836,0.5162725560554698
10.271248733969596,-0.011293305389047173,0.00046912311790915656,-0.010824182271138016,-0.01176242850695633,-0.01035505915322886,-0.012231551624865486,-0.01329791115304224,-0.011280151184133875,0.5300687883015572,0.04421697514388452,0.5742857634454418,0.48585181315767273,0.6185027385893263,0.4416348380137882,1.0132209696272128,0.5268983480525984
10.467420697772113,-0.011498793909698901,0.0004613442047403679,-0.011037449704958534,-0.01196013811443927,-0.010576105500218166,-0.012421482319179637,-0.013217458805329643,-0.011487516046180559,0.5396517385686121,0.04308828386778667,0.5827400224363988,0.49656345470082547,0.6258283063041855,0.4534751708330388,1.0070909838858435,0.5365844064637865
10.667339376348565,-0.011674606501243925,0.0004549366229265769,-0.01121966987831735,-0.012129543124170502,-0.010764733255390771,-0.01258447974709708,-0.013124621971168635,-0.011665091512830031,0.5478461392120774,0.04199792173124851,0.5898440609433259,0.5058482174808289,0.6318419826745744,0.46385029574958037,1.0000173746517935,0.5448789956501334
10.871076328709355,-0.011806768940237753,0.0004502862769589743,-0.011356482663278778,-0.012257055217196727,-0.010906196386319804,-0.012707341494155701,-0.013032625598577957,-0.011798724879920374,0.5540017931549452,0.041063620933006244,0.5950654140879514,0.512938172221939,0.6361290350209577,0.47187455128893274,0.993007803542034,0.5511210396808593
11.078704480580058,-0.011886107441043814,0.0004467767538250491,-0.011439330687218766,-0.012332884194868863,-0.010992553933393715,-0.012779660948693913,-0.012913974817584552,-0.01187936258460493,0.5576849060324488,0.040168423703236464,0.5978533297356853,0.5175164823292123,0.6380217534389218,0.47734805862597585,0.9839673265842931,0.554887644639914
11.29029815050453,-0.011910120275003874,0.0004449116169036814,-0.011465208658100192,-0.012355031891907555,-0.011020297041196512,-0.012799943508811236,-0.012816875981973822,-0.011904170152246561,0.5587878873377119,0.03957494979329601,0.5983628371310079,0.5192129375444159,0.6379377869243039,0.4796379877511199,0.976568978435105,0.5560464115922545
11.505933076446473,-0.011879640574500564,0.00044463313019369344,-0.01143500744430687,-0.012324273704694258,-0.010990374314113177,-0.01276890683488795,-0.012766685322956287,-0.01187381979487495,0.5573545266138237,0.039408706549578516,0.5967632331634022,0.5179458200642452,0.6361719397129807,0.47853711351466666,0.972744751636572,0.5546287397099484
11.725686442899212,-0.011796167081549533,0.0004448660777406287,-0.011351301003808904,-0.012241033159290161,-0.010906434926068275,-0.01268589923703079,-0.012689088594052707,-0.011790307738651331,0.5534405464170657,0.03927458929428446,0.5927151357113503,0.5141659571227812,0.6319897250056347,0.47489136782849684,0.9668323468991109,0.5507278731569725
11.949636908513066,-0.01166293787684677,0.0004451789555299764,-0.011217758921316795,-0.012108116832376746,-0.010772579965786818,-0.012553295787906723,-0.012559808553694318,-0.01165705261956782,0.5471925318582314,0.039032366621518336,0.5862248984797497,0.508160165236713,0.625257265101268,0.4691277986151947,0.9569819842114788,0.5445034971740148
12.17786463425056,-0.011489098830655733,0.00044625878717403624,-0.011042840043481697,-0.011935357617829769,-0.01059658125630766,-0.012381616405003806,-0.01244842826482337,-0.011482803719575512,0.5390510631813686,0.03901434145566882,0.5780654046370375,0.5000367217256998,0.6170797460927063,0.461022380270031,0.9484954750907316,0.5363642926494276
12.410451312079191,-0.011291742691399482,0.0004475175062659663,-0.010844225185133515,-0.011739260197665448,-0.010396707678867549,-0.012186777703931414,-0.01233163681376989,-0.011284918915563113,0.5298100658193148,0.03903999551912375,0.5688500613384385,0.49077007030019104,0.6078900568575623,0.4517300747810673,0.9395966679082588,0.5271210498385068
12.647480194212422,-0.01109339099505209,0.000448503079101968,-0.010644887915950122,-0.011541894074154057,-0.010196384836848153,-0.011990397153256026,-0.01219217097944392,-0.011086180810721125,0.5205182075008393,0.0389495358168316,0.5594677433176709,0.48156867168400774,0.5984172791345025,0.4426191358671761,0.9289702088907988,0.5178379491577612
12.889036122908916,-0.010913984335230663,0.00045008972823733126,-0.010463894606993332,-0.011364074063467993,-0.010013804878756,-0.011814163791705325,-0.012106837305338116,-0.010906156844817307,0.5121216808093123,0.03907980200613713,0.5512014828154495,0.47304187880317516,0.5902812848215866,0.433962076797038,0.9224682953929368,0.5094289900315735
13.135205560841055,-0.010765580972198492,0.00045330247158516127,-0.010312278500613331,-0.011218883443783653,-0.009858976029028169,-0.011672185915368815,-0.012132814966696891,-0.010756609195078478,0.5051947202042696,0.039695033117956816,0.5448897533222264,0.4654996870863128,0.5845847864401832,0.425804653968356,0.9244476371803546,0.502443586350693
13.3860766220435,-0.010650043583727774,0.00045428395150963485,-0.01019575963221814,-0.011104327535237409,-0.009741475680708505,-0.011558611486747044,-0.012070365016428369,-0.010640723447317882,0.49978593975768604,0.039737931473532544,0.5395238712312186,0.4600480082841535,0.5792618027047511,0.42031007681062094,0.919689326011328,0.4970305375305865
13.641739103452684,-0.010565178498719009,0.000454381270863761,-0.010110797227855248,-0.011019559769582769,-0.009656415956991486,-0.011473941040446531,-0.011993796136467803,-0.010555803922686539,0.4958071555530377,0.0396074425058088,0.5354145980588465,0.45619971304722895,0.5750220405646553,0.4165922705414201,0.9138552371906064,0.4930639278180677
13.90228451704888,-0.010507132958730894,0.0004552280079392725,-0.010051904950791621,-0.010962360966670167,-0.009596676942852348,-0.01141758897460944,-0.01197824696596978,-0.010497479521905752,0.4930928468652731,0.039712383864097034,0.5328052307293701,0.45338046300117607,0.5725176145934672,0.41366807913707904,0.9126704837787668,0.4903395822024008
14.167806122611962,-0.010471126276311252,0.00045458754738533303,-0.01001653872892592,-0.010925713823696585,-0.009561951181540587,-0.011380301371081918,-0.011910736164059089,-0.010461679569233596,0.4913979904763654,0.039473972403295816,0.5308719628796612,0.4519240180730696,0.5703459352829571,0.4124500456697738,0.9075265661074104,0.4886673585224689
14.438398961102932,-0.010453038790513758,0.000451228181407816,-0.010001810609105943,-0.010904266971921574,-0.009550582427698125,-0.011355495153329391,-0.011720835042167265,-0.01044471952296395,0.4905166189487644,0.03853854033870262,0.529055159287467,0.4519780786100618,0.5675936996261697,0.41343953827135915,0.8930572410651454,0.48787515102307466
14.714159888682902,-0.010451492424705638,0.0004500540034743403,-0.010001438421231298,-0.010901546428179979,-0.009551384417756957,-0.01135160043165432,-0.011651559886807751,-0.01044361759286099,0.4904310724160364,0.03818430700490852,0.5286153794209449,0.45224676541112785,0.5667996864258534,0.41406245840621936,0.8877788902567642,0.4878236796250906
14.995187611381885,-0.010464570248637879,0.00045082499876149837,-0.010013745249876381,-0.010915395247399377,-0.009562920251114881,-0.011366220246160876,-0.011700210973022502,-0.01045646198536751,0.49105129172698175,0.03839903520182398,0.5294503269288058,0.4526522565251578,0.5678493621306298,0.4142532213233338,0.8914858108535866,0.488423644030084
15.281582720429615,-0.010490089133136428,0.0004510237516747174,-0.010039065381461711,-0.010941112884811146,-0.009588041629786994,-0.011392136636485863,-0.011730140917791006,-0.010481951924528417,0.49224903731028724,0.038476671195502944,0.5307257085057902,0.4537723661147843,0.5692023797012932,0.41529569491928137,0.8937662929014979,0.4896142847064904
15.573447728261328,-0.010526258895824073,0.00045097860053466485,-0.010075280295289408,-0.010977237496358738,-0.009624301694754743,-0.011428216096893403,-0.011762973446561478,-0.01051814358611488,0.4939448456698445,0.03853157057433029,0.5324764162441747,0.4554132750955142,0.5710079868185051,0.4168817045211839,0.8962679344189719,0.49130480519614544
15.870887105211049,-0.010569896828290994,0.0004515882877710766,-0.010118308540519916,-0.01102148511606207,-0.009666720252748841,-0.011473073403833146,-0.011841344646615926,-0.010561553599193679,0.495998246918145,0.03879975553564567,0.5347980024537906,0.4571984913824993,0.5735977579894364,0.4183987358468536,0.9022393492070644,0.493332496474994
16.174007316905787,-0.010617007433795912,0.00045204442797498566,-0.010164963005820926,-0.011069051861770898,-0.00971291857784594,-0.011521096289745883,-0.011913235794711576,-0.010608501595001988,0.4982126119523666,0.039024598581123573,0.5372372105334902,0.45918801337124304,0.5762618091146138,0.4201634147901194,0.9077170229516677,0.4955254477069395
16.482916862373937,-0.010666954324070848,0.0004522070453319438,-0.010214747278738903,-0.011119161369402792,-0.00976254023340696,-0.011571368414734735,-0.01197048410738462,-0.01065840057340911,0.500556645959697,0.03916378193874732,0.5397204278984443,0.46139286402094964,0.5788842098371916,0.42222908208220233,0.9120790005742084,0.4978562399864974
16.797726312881434,-0.010722683974966066,0.0004528314698157916,-0.010269852505150275,-0.011175515444781858,-0.009817021035334484,-0.011628346914597649,-0.012053480395561086,-0.010713951300876823,0.5031757430335883,0.039422490853603685,0.542598233887192,0.4637532521799846,0.5820207247407956,0.42433076132638087,0.9184028193013608,0.5004510267103692
17.118548351509737,-0.010788041249751305,0.00045282528022163335,-0.010335215969529672,-0.011240866529972937,-0.009882390689308037,-0.011693691810194572,-0.01211463588919963,-0.010779336147711984,0.5062403505010292,0.039534433734871866,0.5457747842359011,0.46670591676615736,0.585309217970773,0.4271714830312855,0.9230625006490062,0.5035051673174186
17.44549781348963,-0.010865199947335567,0.00045111518941170163,-0.010414084757923865,-0.011316315136747268,-0.009962969568512163,-0.01176743032615897,-0.012100117928668764,-0.010857096426698572,0.5098416597603106,0.03920914776776302,0.5490508075280736,0.4706325119925476,0.5882599552958366,0.43142336422478456,0.9219563192437614,0.507137367087912
17.778691727305514,-0.010953776462962892,0.0004494464612790008,-0.010504330001683892,-0.011403222924241892,-0.01005488354040489,-0.011852669385520894,-0.0120903810151944,-0.010946318074159477,0.5139772167866734,0.038874200146926004,0.5528514169335994,0.4751030166397474,0.5917256170805254,0.4362288164928214,0.9212144249117772,0.5113049299060244
18.118249356584492,-0.011050105836742435,0.0004479761885595375,-0.010602129648182898,-0.011498082025301972,-0.01015415345962336,-0.01194605821386151,-0.012090651989458112,-0.011043277782288832,0.5184768351519597,0.0385680907445009,0.5570449258964606,0.47990874440745884,0.5956130166409616,0.44134065366295794,0.9212350715233436,0.5158339392434946
18.464292242785852,-0.011149682909390154,0.00044727749487921106,-0.010702405414510943,-0.011596960404269366,-0.010255127919631733,-0.012044237899148576,-0.012139902902198437,-0.011143185094743208,0.5231375687288187,0.03850704724425283,0.5616446159730715,0.48463052148456587,0.6001516632173243,0.446123474240313,0.9249876952991734,0.5205006318286639
18.816944248705546,-0.011249933329539778,0.00044807130487033815,-0.010801862024669439,-0.011698004634410116,-0.0103537907197991,-0.012146075939280455,-0.01229110058898474,-0.01124310119938943,0.5278493498045103,0.03897563625667273,0.566824986061183,0.48887371354783754,0.6058006223178557,0.4498980772911648,0.936508051018798,0.5251677350990521
19.1763316028117,-0.011349298536952981,0.00044980441788708934,-0.010899494119065892,-0.01179910295484007,-0.010449689701178802,-0.01224890737272716,-0.01250095228671975,-0.011341741395451299,0.5325310563426748,0.03975559714912554,0.5722866534918004,0.4927754591935493,0.6120422506409259,0.45301986204442374,0.9524974901276868,0.5297752403982441
19.542582944427092,-0.011444228140277814,0.00045020178328587877,-0.010994026356991937,-0.011894429923563692,-0.010543824573706057,-0.012344631706849572,-0.012620118291273357,-0.011436511959730226,0.5369881440509264,0.04007584417869913,0.5770639882296256,0.4969122998722273,0.6171398324083247,0.45683645569352815,0.9615772240265544,0.5342019943439549
19.91582936977414,-0.01153242113733115,0.0004499448340415291,-0.01108247630328962,-0.011982365971372679,-0.01063253146924809,-0.012432310805414208,-0.012691822564557862,-0.01152481315563997,0.5411214407298958,0.04016926106638635,0.5812907017962821,0.5009521796635095,0.6214599628626685,0.46078291859712306,0.96704065903282,0.5383265626672371
20.296204478899778,-0.011611772465948219,0.00045060208444484677,-0.011161170381503372,-0.012062374550393065,-0.010710568297058526,-0.012512976634837912,-0.012811960329194641,-0.011603896844032352,0.5448510505759138,0.04054617469178416,0.5853972252676979,0.5043048758841296,0.6259433999594821,0.4637587011923454,0.9761944352141472,0.5420205791827659
20.683844423496158,-0.011681086499961866,0.00045210191024265566,-0.01122898458971921,-0.012133188410204521,-0.010776882679476555,-0.012585290320447176,-0.012971099062259055,-0.011672621449182321,0.5481193125927797,0.04116302253668836,0.589282335129468,0.5069562900560913,0.6304453576661564,0.465793267519403,0.9883198509704318,0.5452307206368112
21.078887955635004,-0.01174322839841446,0.000453041440113123,-0.011290186958301338,-0.012196269838527583,-0.010837145518188214,-0.012649311278640708,-0.013092050022589943,-0.011734377443102165,0.551045222467845,0.04160077033982286,0.5926459928076679,0.5094444521280221,0.6342467631474907,0.46784368178819935,0.997535587780026,0.5481153567243559
21.481476477432526,-0.011807050537970336,0.00045362662588693787,-0.011353423912083398,-0.012260677163857274,-0.01089979728619646,-0.012714303789744212,-0.013195566691701695,-0.011797939107513703,0.5540462657131099,0.04194054866623967,0.5959868143793495,0.5121057170468702,0.6379273630455893,0.47016516838063055,1.005422936299872,0.5510843360785528
21.891754091663046,-0.011885880394450488,0.0004542244637836368,-0.011431655930666852,-0.012340104858234124,-0.010977431466883214,-0.012794329322017762,-0.0133116510453582,-0.01187652450031995,0.5577507383706081,0.04230031846941512,0.6000510568400232,0.5154504199011929,0.6423513753094383,0.4731501014317778,1.0142678669071488,0.5547550770974246
22.309867653339158,-0.011995854529537518,0.00045556512653629225,-0.011540289403001227,-0.01245141965607381,-0.011084724276464933,-0.012906984782610103,-0.013488768283567211,-0.011986058042970878,0.5629216983364078,0.042889383754686455,0.6058110820910942,0.5200323145817214,0.6487004658457807,0.4771429308270349,1.0277631367860405,0.5598714130167781
22.73596682227714,-0.012150368897858697,0.0004541371494551493,-0.011696231748403547,-0.012604506047313847,-0.011242094598948399,-0.013058643196768995,-0.013573182005847855,-0.012141032411098072,0.5701553237806495,0.04283381165077373,0.6129891354314232,0.5273215121298758,0.6558229470821969,0.484487700479102,1.0341949554795702,0.5671102999096743
23.170204116666277,-0.012354305577256893,0.0004496388541128313,-0.011904666723144062,-0.012803944431369724,-0.01145502786903123,-0.013253583285482555,-0.013533479430629746,-0.012346567849083969,0.5796736197541228,0.041946969592692736,0.6216205893468155,0.5377266501614301,0.6635675589395083,0.49577968056873734,1.0311698576806587,0.5767109055197623
23.612734967661286,-0.012597035783026667,0.0004451176876124462,-0.012151918095414221,-0.013042153470639114,-0.011706800407801775,-0.01348727115825156,-0.0134685551423688,-0.012591316880864158,0.5909991220048391,0.04080562769430181,0.6318047496991409,0.5501934943105372,0.6726103773934426,0.5093878666162355,1.0262230168161772,0.5881431867389928
24.063717775017494,-0.01285361872474321,0.0004420373164864443,-0.012411581408256767,-0.013295656041229655,-0.011969544091770323,-0.013737693357716099,-0.013430883417398225,-0.012849830719045142,0.6029769268465902,0.03977258921969129,0.6427495160662815,0.5632043376268989,0.6825221052859728,0.5234317484072076,1.0233526576099132,0.6002184250990854
24.523313963788475,-0.013097838922094526,0.00044030979751294956,-0.012657529124581577,-0.013538148719607476,-0.012217219327068627,-0.013978458517120426,-0.013400915467696744,-0.013095850136540342,0.6143787459243251,0.03882928324822437,0.6532080291725494,0.5755494626761007,0.6920373124207738,0.5367201794278763,1.0210692798143466,0.611710046315068
24.991688042106663,-0.013315751417798897,0.00043973308090219666,-0.012876018336896701,-0.013755484498701093,-0.012436285255994503,-0.01419521757960329,-0.013354617002560795,-0.013315496382182811,0.6245485875554321,0.03789496842224689,0.662443555977679,0.5866536191331851,0.7003385243999258,0.5487586507109383,1.0175416148151286,0.621969770860937
25.469007660067444,-0.013505712900487285,0.00044009583304264137,-0.013065617067444643,-0.013945808733529927,-0.012625521234402002,-0.014385904566572568,-0.013300383497965425,-0.013507060270171647,0.6334113060062673,0.03701660931638628,0.6704279153226536,0.596394696689881,0.7074445246390398,0.5593780873734947,1.013409347462761,0.6309177622912132
25.955443669738056,-0.01367276074493827,0.00044093823377894774,-0.013231822511159322,-0.014113698978717218,-0.012790884277380375,-0.014554637212496165,-0.013277805366485535,-0.01367535243856357,0.6412098078747306,0.036377907262100426,0.677587715136831,0.6048319006126301,0.7139656223989315,0.5684539933505297,1.0116890294363323,0.6387787265698318
26.451170186312282,-0.01382568083115088,0.0004421781584954622,-0.013383502672655418,-0.014267858989646344,-0.012941324514159957,-0.014710037148141805,-0.01325056985533312,-0.013829454704178524,0.6483475038425235,0.0357627782545245,0.6841102820970479,0.612584725587999,0.7198730603515725,0.5768219473334745,1.0096138470486211,0.6459768773621625
26.956364650433603,-0.01397821935238824,0.00044444445881190655,-0.013533774893576333,-0.014422663811200147,-0.013089330434764427,-0.014867108270012053,-0.013176871171053126,-0.013983477791914611,0.6554584460945186,0.03492332809497004,0.6903817741894887,0.6205351179995486,0.7253051022844588,0.5856117899045785,1.0039984499018788,0.6531713297383197
27.4712078917081,-0.014145076485545175,0.0004476526847126165,-0.013697423800832558,-0.014592729170257791,-0.013249771116119942,-0.015040381854970407,-0.013106953831083125,-0.014151888637025134,0.6632389406810899,0.034070764439663455,0.6973097051207534,0.6291681762414264,0.7313804695604168,0.595097411801763,0.9986711684828002,0.6610378374326215
27.995884193430946,-0.014331801275691712,0.00045166312494066604,-0.013880138150751047,-0.014783464400632378,-0.01342847502581038,-0.015235127525573045,-0.013058514223757508,-0.014340156573823358,0.6719515861605305,0.03327628626760401,0.7052278724281346,0.6386752998929265,0.7385041586957386,0.6053990136253224,0.9949803613072992,0.6698318742563285
28.530581358548876,-0.014529204560153188,0.00045649090641965807,-0.01407271365373353,-0.014985695466572847,-0.013616222747313871,-0.015442186372992505,-0.013016831697288454,-0.014539128737216208,0.6811643252481377,0.03249340973300834,0.713657734981146,0.6486709155151295,0.7461511447141544,0.616177505782121,0.9918044031136076,0.6791259078635734
29.07549077688227,-0.014720048478732026,0.00046115356699650764,-0.014258894911735518,-0.015181202045728533,-0.01379774134473901,-0.01564235561272504,-0.013005653716530414,-0.014731298321673386,0.6900765382180309,0.0318849437767703,0.7219614819948013,0.6581915944412606,0.7538464257715716,0.6263066506644903,0.9909527081088967,0.6881021915093867
29.63080749363161,-0.014894486917499809,0.0004656499372299838,-0.014428836980269826,-0.015360136854729792,-0.013963187043039841,-0.015825786791959777,-0.01300389248967115,-0.014906892981055188,0.6982242576134685,0.03137525965075972,0.7295995172642282,0.6668489979627088,0.7609747769149879,0.6354737383119491,0.9908185131992197,0.696304256751674
30.196730279191847,-0.015051821199776784,0.0004711031580090974,-0.014580718041767686,-0.015522924357785881,-0.014109614883758588,-0.015994027515794977,-0.012966071323236416,-0.015065507871623534,0.7055661069732556,0.030754601657539148,0.7363207086307948,0.6748115053157164,0.7670753102883339,0.6440569036581774,0.9879367674508532,0.7037131932501985
30.773461700300555,-0.015197780852531427,0.0004779529874386538,-0.014719827865092773,-0.01567573383997008,-0.01424187487765412,-0.016153686827408736,-0.012887108102946916,-0.015212943466239092,0.712368736926797,0.029990872561044754,0.7423596094878417,0.6823778643657523,0.7723504820488866,0.6523869918047075,0.9819202442762108,0.7105999423707561
31.361208192544684,-0.015340394278618625,0.00048601237848502747,-0.014854381900133598,-0.015826406657103654,-0.01436836952164857,-0.01631241903558868,-0.012785541100369757,-0.015357159202093205,0.7190107192001838,0.029152647505550317,0.7481633667057341,0.6898580716946334,0.7773160142112844,0.6607054241890832,0.974181448637633,0.7173362911788822
31.960180134252344,-0.015486999355488855,0.0004958874047020145,-0.01499111195078684,-0.01598288676019087,-0.014495224546084826,-0.016478774164892886,-0.012656426500006566,-0.015505573548994532,0.7258338574108729,0.02821002252873201,0.754043879939605,0.6976238348821409,0.7822539024683369,0.6694138123534089,0.9643436914840898,0.7242687580344334
32.57059192179563,-0.015642457079163653,0.0005071859602547686,-0.015135271118908885,-0.01614964303941842,-0.014628085158654117,-0.01665682899967319,-0.012520620537535831,-0.015662942542346483,0.7330692185517829,0.027252533396426467,0.7603217519482093,0.7058166851553564,0.7875742853446358,0.6785641517589299,0.9539960927227404,0.7316194983993737
33.19266204633187,-0.015809094323102835,0.0005195497152020379,-0.015289544607900798,-0.016328644038304873,-0.01476999489269876,-0.01684819375350691,-0.012390858673223405,-0.015831524754556278,0.7408279392902901,0.02633485473444082,0.767162794024731,0.7144930845558493,0.7934976487591717,0.6881582298214085,0.9441090179433912,0.7394940106886533
33.82661317201038,-0.015985424079374772,0.0005292482370745408,-0.015456175842300232,-0.016514672316449312,-0.01492692760522569,-0.017043920553523852,-0.012346822959941162,-0.016009300547048598,0.7490558769230519,0.02575701637981873,0.7748128933028706,0.7232988605432331,0.8005699096826894,0.6975418441634144,0.9407537610465323,0.7477979571392732
34.47267221567318,-0.016165054619664623,0.0005355134357718089,-0.015629541183892814,-0.016700568055436432,-0.015094027748121006,-0.01723608149120824,-0.01238922772147022,-0.01618983156165895,0.7574546097125591,0.02550676454734686,0.782961374259906,0.7319478451652122,0.8084681388072528,0.7064410806178654,0.9439847492144336,0.756230600622301
35.13107042807759,-0.016342521697381585,0.000543074619217907,-0.015799447078163678,-0.016885596316599492,-0.015256372458945771,-0.0174286709358174,-0.012406567819940616,-0.016368349391167106,0.7657474689851731,0.025178472452835506,0.7909259414380087,0.7405689965323375,0.8161044138908441,0.7153905240795021,0.9453059605824,0.764569207785482
35.80204347667029,-0.016516350545140477,0.0005498737238773634,-0.015966476821263113,-0.01706622426901784,-0.01541660309738575,-0.017616097992895204,-0.012440145815234132,-0.01654309856375282,0.7738735068364924,0.024923276674031384,0.7987967835105237,0.748950230162461,0.8237200601845551,0.7240269534884296,0.9478644021720516,0.7727317801531715
36.485831529942324,-0.016684391154162113,0.0005515602242482174,-0.016132830929913897,-0.01723595137841033,-0.015581270705665678,-0.017787511602658547,-0.012573907045763359,-0.016711364113746435,0.7817484310977142,0.025030669269404063,0.8067791003671183,0.7567177618283101,0.8318097696365223,0.7316870925589061,0.9580562046390388,0.7805915010805382
37.18267934339502,-0.01684085707061413,0.0005465182556036372,-0.01629433881501049,-0.017387375326217768,-0.015747820559406857,-0.017933893581821403,-0.012833984613755506,-0.016867150131477097,0.7891069783039449,0.025618910648745934,0.8147258889526908,0.763488067655199,0.8403447996014368,0.7378691570064531,0.9778725534314583,0.7878683003053069
37.89283634714817,-0.016977947175556087,0.0005362380458133983,-0.016441709129742688,-0.017514185221369487,-0.01590547108392929,-0.018050423267182883,-0.013188534466644223,-0.017002813267517607,0.7955786356937234,0.02664555728361584,0.8222241929773393,0.7689330784101076,0.8488697502609551,0.7422875211264918,1.004887122982324,0.7942051552910734
38.616556735220826,-0.01709003391478889,0.0005370953522523757,-0.016552938562536517,-0.017627129267041266,-0.01601584321028414,-0.018164224619293644,-0.013282567957933008,-0.01711501847200032,0.8008323062569936,0.02674513612606396,0.8275774423830576,0.7740871701309296,0.8543225785091215,0.7473420340048658,1.0120519103030197,0.7994462851234467
39.35409955651814,-0.017182238246590764,0.0005400616445994966,-0.016642176601991267,-0.01772229989119026,-0.01610211495739177,-0.018262361535789758,-0.013311908836852933,-0.017207635313212084,0.8051448305569601,0.026638787680400917,0.831783618237361,0.7785060428765591,0.8584224059177619,0.7518672551961583,1.0142875090708878,0.8037724381899913
40.10572880755494,-0.0172616505954636,0.0005389540793339315,-0.016722696516129665,-0.01780060467479753,-0.016183742436795736,-0.01833955875413146,-0.013415399636060187,-0.017286889659511355,0.8088740909431559,0.026855366220494847,0.8357294571636508,0.782018724722661,0.8625848233841455,0.7551633585021662,1.0221728864593718,0.8074744261739655
40.87171352695123,-0.01733344966985172,0.0005358829194133639,-0.016797566750438357,-0.017869332589265083,-0.01626168383102499,-0.01840521550867845,-0.01355325063535458,-0.017358255301764967,0.8122543380076223,0.027230376535915774,0.839484714543538,0.7850239614717065,0.8667150910794538,0.7577935849357907,1.0326763047452725,0.810807931053229
41.652327891731815,-0.017401773361926054,0.0005347498629929094,-0.016867023498933143,-0.017936523224918965,-0.016332273635940236,-0.018471273087911872,-0.013645287455672344,-0.017426423388505998,0.8154634432103013,0.02743167504586903,0.8428951182561704,0.7880317681644322,0.8703267933020393,0.7606000931185632,1.039688957728928,0.8139920774097313
42.44785131546548,-0.017469739276775354,0.0005386115065968125,-0.016931127770178543,-0.018008350783372165,-0.01639251626358173,-0.01854696228996898,-0.013628754307426291,-0.01749494378544395,0.8186349682206737,0.027192614927963148,0.8458275831486368,0.7914423532927106,0.8730201980766,0.7642497383647474,1.0384292311219396,0.817192680253184
43.258568548278454,-0.01753842869769187,0.0005461396051805247,-0.016992289092511347,-0.018084568302872396,-0.01644614948733082,-0.01863070790805292,-0.01353750670971984,-0.017564682711631762,0.821825927421904,0.026659106853800192,0.8484850342757042,0.7951668205681037,0.8751441411295043,0.7685077137143036,1.0314767121616115,0.820450200866472
44.084769778777876,-0.017606446656457202,0.0005553831865039136,-0.01705106346995329,-0.018161829842961115,-0.016495680283449374,-0.01871721302946503,-0.013415613246597973,-0.017633946867431815,0.8249796320064542,0.026027652749423643,0.8510072847558778,0.7989519792570305,0.8770349375053015,0.7729243265076069,1.022189162299519,0.8236855448503042
44.9267507379223,-0.01767195670436281,0.000560064026930379,-0.01711189267743243,-0.01823202073129319,-0.016551828650502053,-0.018792084758223568,-0.013387360394089436,-0.01770007218664287,0.828034190274836,0.025771236016883654,0.8538054262917197,0.8022629542579524,0.8795766623086033,0.7764917182410688,1.0200364646100863,0.8267742730852379
45.784812804875656,-0.017732280856912808,0.0005609612388490549,-0.017171319618063754,-0.01829324209576186,-0.016610358379214697,-0.01885420333461092,-0.013430108778834327,-0.01776051167122242,0.8308601614450203,0.025792810383978428,0.8566529718289987,0.8050673510610419,0.8824457822129771,0.7792745406770635,1.0232936348034145,0.8295974147313276
46.659263114883224,-0.017783915550232482,0.0005639833241232917,-0.01721993222610919,-0.018347898874355773,-0.0166559489019859,-0.018911882198479064,-0.013422732171156863,-0.017812533596166115,0.8332706114857723,0.02565014823905916,0.8589207597248315,0.8076204632467131,0.8845709079638906,0.781970315007654,1.0227315815984035,0.8320273703115243
47.55041466920765,-0.01782603188044458,0.0005719519449955617,-0.01725407993544902,-0.018397983825440143,-0.016682127990453457,-0.018969935770435705,-0.013310134455314659,-0.017855665158550704,0.8352162320362883,0.02515076001599262,0.8603669920522808,0.8100654720202957,0.8855177520682735,0.784914712004303,1.0141523118536702,0.8340420550970734
48.45858644716491,-0.01785933748922211,0.0005824733052034197,-0.017276864184018692,-0.01844181079442553,-0.01669439087881527,-0.01902428409962895,-0.013143661991745872,-0.01789028170923413,0.8367399465289699,0.024507624288545235,0.8612475708175151,0.8122323222404246,0.8857551951060604,0.7877246979518794,1.0014681098754663,0.8356590018092798
49.38410352029985,-0.017884957253168972,0.0005854744474438991,-0.01729948280572507,-0.018470431700612872,-0.016714008358281175,-0.01905590614805677,-0.013113594535324298,-0.017916266892217963,0.8379308720546963,0.024356986062861137,0.8622878581175575,0.8135738859918351,0.8866448441804186,0.789216899928974,0.9991771502654134,0.836872775433811
50.327297168742724,-0.017905480975117176,0.0005875153338294669,-0.017317965641287708,-0.018492996308946644,-0.01673045030745824,-0.01908051164277611,-0.013096108312003899,-0.01793704003508363,0.8388861785865065,0.024258481946035235,0.8631446605325417,0.8146276966404713,0.887403142478577,0.790369214694436,0.9978448050614256,0.8378430935156443
51.28850499978739,-0.017927713533504478,0.0005842134801029546,-0.017343500053401524,-0.018511927013607432,-0.01675928657329857,-0.019096140493710386,-0.013179434186231812,-0.017958871699684312,0.8399406824363631,0.024486845025260183,0.8644275274616233,0.8154538374111029,0.8889143724868834,0.7909669923858428,1.0041937362663784,0.8388628553810278
52.26807106873521,-0.017957752647564117,0.0005762194606667679,-0.01738153318689735,-0.018533972108230885,-0.01680531372623058,-0.019110191568897653,-0.013360582789941653,-0.017987919234638022,0.8413786348242961,0.025044995598613614,0.8664236304229097,0.8163336392256825,0.8914686260215233,0.7912886436270689,1.0179961719861803,0.8402196721410404
53.26634600204592,-0.017999040404981334,0.0005760654981484148,-0.01742297490683292,-0.01857510590312975,-0.016846909408684503,-0.019151171401278165,-0.013404927184839668,-0.018029186934427704,0.8433157185527078,0.025112065221881124,0.868427783774589,0.8182036533308267,0.8935398489964701,0.7930915881089455,1.021374948568382,0.8421472954939702
54.28368712284122,-0.0180563555998642,0.0005830382428938922,-0.017473317356970306,-0.018639393842758093,-0.016890279114076416,-0.019222432085651983,-0.013330141206504194,-0.0180873689760158,0.8459785492528019,0.024729542519352804,0.8707080917721547,0.8212490067334491,0.8954376342915076,0.7965194642140963,1.0156767061443264,0.8448649914803692
55.320458578805464,-0.01813256131119063,0.0005853298283356315,-0.017547231482855,-0.018717891139526262,-0.016961901654519367,-0.019303220967861894,-0.013362930571661488,-0.018163859585013563,0.8495444373010219,0.024680208402001337,0.8742246457030233,0.8248642288990206,0.8989048541050246,0.8001840204970192,1.018175058853694,0.8484378846858385
56.37703147252848,-0.018222950401358688,0.0005870746530538365,-0.01763587574830485,-0.018810025054412524,-0.017048801095251014,-0.01939709970746636,-0.013420487055027228,-0.01825446412245084,0.8537775946129551,0.02468630329098566,0.8784638979039407,0.8290912913219695,0.9031502011949264,0.8044049880309838,1.0225605172323076,0.8526700425995479
57.45378399433868,-0.018322191716304323,0.0005546122693974547,-0.017767579446906868,-0.018876803985701778,-0.017212967177509413,-0.019431416255099233,-0.014149271615792396,-0.018349574380304833,0.8585532586970432,0.027180355781466457,0.8857336144785097,0.8313729029155768,0.9129139702599761,0.8041925471341104,1.0780895240672566,0.8571126637070214
58.551101557672354,-0.018413739986758073,0.0004886232034522775,-0.017925116783305797,-0.01890236319021035,-0.017436493579853517,-0.01939098639366263,-0.01578450799806429,-0.018430992983314843,0.8631438089636583,0.03433917237107399,0.8974829813347323,0.8288046365925843,0.9318221537058062,0.7944654642215103,1.202684716029881,0.8609157445989748
59.66937693702904,-0.01846959956589548,0.000467959444582035,-0.018001640121313445,-0.018937559010477514,-0.01753368067673141,-0.01940551845505955,-0.016496978287863076,-0.018482543888900846,0.8658899668245466,0.03776882797710867,0.9036587948016552,0.8281211388474379,0.9414276227787639,0.7903523108703292,1.2569706733920911,0.8633236987611571
60.80901040856134,-0.01849002867925749,0.0004621105536637081,-0.018027918125593782,-0.018952139232921196,-0.017565807571930072,-0.019414249786584906,-0.01676930961392133,-0.01850132002221888,0.866896560281527,0.03916905078041338,0.9060656110619403,0.8277275095011136,0.9452346618423537,0.7885584587207002,1.2777206849595455,0.8642007360868628
61.970409893350144,-0.018481059213639413,0.00046003633151732426,-0.01802102288212209,-0.018941095545156737,-0.017560986550604764,-0.019401131876674062,-0.016953111802473383,-0.018491085590747684,0.8665129233630136,0.040323909691817046,0.9068368330548306,0.8261890136711965,0.9471607427466476,0.7858651039793795,1.291725307908294,0.863722683537087
63.15399110341583,-0.018446181980399542,0.0004613023427751806,-0.017984879637624362,-0.018907484323174722,-0.017523577294849182,-0.019368786665949902,-0.017065630335949482,-0.018455241147818227,0.8649054274079099,0.04131416912801483,0.9062195965359248,0.823591258279895,0.9475337656639395,0.7822770891518802,1.3002985444322577,0.8620483817074306
64.36017769051885,-0.018388188005738167,0.0004652731037942406,-0.017922914901943927,-0.018853461109532406,-0.017457641798149685,-0.01931873421332665,-0.01712087490967061,-0.018396504102825388,0.8622071346823632,0.04218652544481895,0.9043936601271821,0.8200206092375443,0.9465801855720011,0.7778340837927253,1.3045078491800608,0.8593047613896685
65.58940139780175,-0.018308847730405142,0.00047123748082594167,-0.0178376102495792,-0.018780085211231083,-0.01736637276875326,-0.019251322692057024,-0.017130570482307768,-0.01831657957506235,0.8585029965297307,0.04297135256913544,0.9014743490988661,0.8155316439605953,0.9444457016680016,0.7725602913914599,1.3052465935885211,0.8555714690818081
66.84210221432734,-0.018211060920996693,0.00047852910861970513,-0.017732531812376988,-0.0186895900296164,-0.017254002703757283,-0.019168119138236104,-0.01710449809243393,-0.0182183221762808,0.8539303417097945,0.04368354028221804,0.8976138819920125,0.8102468014275765,0.9412974222742306,0.7665632611453584,1.303260034057145,0.8509818443279517
68.11872853256911,-0.018100578226549424,0.0004866025298168465,-0.01761397569673258,-0.01858718075636627,-0.017127373166915733,-0.019073783286183116,-0.017050787432888313,-0.018107466944253397,0.8487593469227147,0.04432228881803176,0.8930816357407465,0.8044370581046829,0.9374039245587782,0.7601147692866512,1.299167604357637,0.8458037720065112
69.41973730890844,-0.01798451968894568,0.000495046344260392,-0.017489473344685286,-0.018479566033206073,-0.016994427000424896,-0.018974612377466463,-0.016976167779454123,-0.0179911364850661,0.8433238843347782,0.044879683531077554,0.8882035678658557,0.7984442008037007,0.9330832513969334,0.7535645172726231,1.2934820348921996,0.8403699506176454
70.74559422719871,-0.017870410546210958,0.0005035221201904304,-0.01736688842602053,-0.018373932666401388,-0.0168633663058301,-0.018877454786591818,-0.016886182990228652,-0.017876869038541597,0.8379765250631405,0.045344399597519895,0.8833209246606604,0.7926321254656206,0.9286653242581803,0.7472877258681007,1.2866257343543612,0.8350324930049643
72.09677386545154,-0.01776592593035402,0.0005118278904891736,-0.017254098039864846,-0.018277753820843196,-0.016742270149375675,-0.018789581711332368,-0.01678537552722757,-0.01777236029324084,0.8330766493266377,0.0457051492741071,0.8787817986007448,0.7873715000525306,0.9244869478748519,0.7416663507784236,1.2789448110700865,0.8301508664773455
73.47375986570826,-0.017678364518098597,0.0005198716776215913,-0.017158492840477005,-0.01819823619572019,-0.016638621162855416,-0.01871810787334178,-0.016677443787345213,-0.01768493255089127,0.8289658907961909,0.04595238744449918,0.87491827824069,0.7830135033516917,0.9208706656851893,0.7370611159071925,1.270721060672105,0.8260670973623757
74.87704510715447,-0.017616989141494965,0.0005276680947866022,-0.017089321046708364,-0.018144657236281565,-0.01656165295192176,-0.01867232533106817,-0.016565376452785257,-0.017623889814457786,0.8260774928559894,0.046070939747940964,0.8721484326039304,0.7800065531080485,0.9182193723518713,0.7339356133601075,1.262182202795889,0.8232157776892269
76.30713188254192,-0.017591957302825843,0.0005353443045668245,-0.01705661299825902,-0.018127301607392666,-0.016521268693692193,-0.018662645911959493,-0.016451567070164323,-0.017599440533230037,0.8248863747423827,0.04604397941772612,0.8709303541601088,0.7788423953246566,0.916974333577835,0.7327984159069304,1.2535106113192476,0.8220737463742483
77.76453207797948,-0.017610317059118294,0.000543083348224936,-0.01706723371089336,-0.01815340040734323,-0.01652415036266842,-0.018696483755568167,-0.016337911632783433,-0.017618666572030723,0.8257221171832742,0.045864328991350775,0.8715864461746249,0.7798577881919234,0.9174507751659757,0.7339934592005726,1.2448507495453836,0.8229717988842116
79.24976735615734,-0.017677450626105148,0.0005511681550920639,-0.017126282471013082,-0.018228618781197213,-0.01657511431592102,-0.018779786936289275,-0.01622589156345352,-0.017686975743560575,0.8288364094075493,0.045530637504549616,0.874367046912099,0.7833057719029997,0.9198976844166485,0.7377751343984501,1.2363154929958469,0.826162535342296
80.76336934307214,-0.01780220567846111,0.0005600318339049679,-0.017242173844556143,-0.01836223751236608,-0.016682142010651175,-0.01892226934627105,-0.016116644168254944,-0.017813266317863362,0.8346427468520752,0.045032418421847145,0.8796751652739223,0.789610328430228,0.9247075836957694,0.7445779100083809,1.2279914975639008,0.8320615959035009
82.30587981831673,-0.01799216666080743,0.0005702482462188513,-0.01742191841458858,-0.01856241490702628,-0.016851670168369727,-0.019132663153245133,-0.016011022348143545,-0.01800516691188905,0.843495564533709,0.044365230020285557,0.8878607945539946,0.7991303345134234,0.9322260245742802,0.7547651044931378,1.2199437491803076,0.8410253149469714
83.87785090900583,-0.018234398604695043,0.0005820515422128421,-0.017652347062482202,-0.018816450146907884,-0.017070295520269358,-0.019398501689120728,-0.015909645109720844,-0.018249653616126748,0.8547907862050786,0.043580513342041285,0.8983712995471199,0.8112102728630374,0.9419518128891612,0.7676297595209961,1.212219412430676,0.852445342788873
85.47984528740396,-0.018475037188418746,0.0005943155182818055,-0.01788072167013694,-0.01906935270670055,-0.017286406151855133,-0.019663668224982358,-0.015812940203766716,-0.01849250584478208,0.8660124797455704,0.04282529532488001,0.9088377750704504,0.8231871844206904,0.9516630703953304,0.7803618890958104,1.2048510793555876,0.8637890239160698
87.11243637232926,-0.01866335378220089,0.0006053411519803106,-0.018058012630220582,-0.0192686949341812,-0.01745267147824027,-0.019874036086161513,-0.015721180035998646,-0.018682660299743248,0.8747911520366151,0.042220320846077006,0.917011472882692,0.8325708311905381,0.9592317937287691,0.790350510344461,1.1978595056347892,0.8726711804189725
88.77620853440293,-0.018780473054633116,0.000614091535756805,-0.018166381518876312,-0.01939456459038992,-0.017552289983119508,-0.020008656126146725,-0.015634511835188488,-0.01880111682373383,0.8802451604868294,0.04179837786069129,0.9220435383475207,0.8384467826261381,0.963841916208212,0.7966484047654468,1.1912559092165182,0.8782043107634028
90.47175730521981,-0.018831867309123427,0.0006204031861800519,-0.018211464122943374,-0.01945227049530348,-0.017591060936763322,-0.020072673681483532,-0.01555298292597404,-0.01885338331882351,0.8826301266908577,0.04153524230368806,0.9241653689945458,0.8410948843871696,0.9657006112982338,0.7995596420834816,1.1850438959539682,0.8806456902690238
92.19968959051238,-0.018834682981404165,0.0006246829985042931,-0.01820999998289987,-0.01945936597990846,-0.01758531698439558,-0.02008404897841275,-0.015476561834594055,-0.01885671894203155,0.8827469583913771,0.04138470011595992,0.924131658507337,0.8413622582754171,0.9655163586232969,0.7999775581594573,1.1792210677355466,0.8808014979642712
93.96062388738807,-0.018812621165994452,0.0006277008361830759,-0.018184920329811376,-0.01944032200217753,-0.0175572194936283,-0.020068022838360604,-0.015405155852873078,-0.018834980922595387,0.8817027211177706,0.04129096408563216,0.9229936852034027,0.8404117570321384,0.9642846492890349,0.7991207929465063,1.17378036075504,0.8797861102851627
95.75519050571354,-0.018787586336233154,0.0006302501771036003,-0.018157336159129553,-0.019417836513336756,-0.017527085982025955,-0.020048086690440354,-0.015338625596939133,-0.01881021838544576,0.8805205508565204,0.04120632589101807,0.9217268767475384,0.8393142249655023,0.9629332026385565,0.7981078990744842,1.1687111547984703,0.8786294467170288
97.58403179372853,-0.018769871525193996,0.0006327468266117936,-0.018137124698582203,-0.01940261835180579,-0.01750437787197041,-0.020035365178417582,-0.015276797020486498,-0.01879279304853671,0.8796812039975623,0.04111028305266736,0.9207914870502297,0.8385709209448949,0.961901770102897,0.7974606378922277,1.1640001885825713,0.8778155053893141
99.44780236796893,-0.01875463833709411,0.0006350523492406974,-0.018119585987853414,-0.019389690686334806,-0.017484533638612715,-0.020024743035575505,-0.015219471276284256,-0.018777836071409693,0.8789586397868355,0.04101438257164148,0.919973022358477,0.837944257215194,0.9609874049301185,0.7969298746435526,1.1596323111425186,0.8771168616910655
101.34716934757911,-0.018736996143587124,0.0006369992806178509,-0.018099996862969273,-0.019373995424204975,-0.01746299758235142,-0.020010994704822826,-0.015166432762650214,-0.018760426148235605,0.8781243744553358,0.04092896593478596,0.9190533403901218,0.8371954085205497,0.9599823063249077,0.7962664425857638,1.1555910949249193,0.876303640342308
103.28281259310275,-0.018718729533330675,0.0006386619604286943,-0.01808006757290198,-0.01935739149375937,-0.017441405612473287,-0.019996053454188062,-0.015117455642543702,-0.018742361060067346,0.8772617231242422,0.04085011781403863,0.9181118409382809,0.8364116053102035,0.9589619587523195,0.795561487496165,1.151859332503532,0.8754598160922689
105.25542494983108,-0.018705754288442757,0.0006402785262496839,-0.018065475762193074,-0.01934603281469244,-0.01742519723594339,-0.019986311340942125,-0.015072309080701446,-0.018729596923070635,0.8766469689111049,0.04076581377342596,0.9174127826845309,0.835881155137679,0.9581785964579569,0.795115341364253,1.1484194356175703,0.8748636004398277
107.26571249580142,-0.01870323734836809,0.0006420861388573113,-0.018061151209510778,-0.0193453234872254,-0.017419065070653467,-0.01998740962608271,-0.015030761407931591,-0.018727336102311302,0.8765214161668639,0.04066661268763102,0.9171880288544949,0.8358548034792328,0.9578546415421259,0.7951881907916019,1.1452537524658977,0.874757997003855
109.3143947945302,-0.01871131855542103,0.000644138560319778,-0.01806717999510125,-0.01935545711574081,-0.017423041434781475,-0.019999595676060584,-0.014992583390481108,-0.018735720861977518,0.8768915528956023,0.04055349626531701,0.9174450491609193,0.8363380566302853,0.9579985454262363,0.7957845603649683,1.14234481681319,0.8751496509759367
111.40220515257488,-0.018733420412433158,0.0006465927657194989,-0.018086827646713658,-0.019380013178152657,-0.01744023488099416,-0.020026605943872157,-0.01495755075561293,-0.0187581976350092,0.8779172018512511,0.04042009959292701,0.9183373014441781,0.8374971022583241,0.9587574010371052,0.797077002665397,1.1396755404237466,0.8761995459983193
113.52989088201322,-0.018776325246351366,0.0006497106195410075,-0.01812661462681036,-0.019426035865892373,-0.01747690400726935,-0.020075746485433383,-0.014925446101557596,-0.01880159468050984,0.8799151252333773,0.0402526034551831,0.9201677286885604,0.8396625217781942,0.9604203321437436,0.7994099183230111,1.1372293585883348,0.8782266315587339
115.69821356793743,-0.01884609287894801,0.0006537654725708046,-0.018192327406377204,-0.019499858351518816,-0.0175385619338064,-0.02015362382408962,-0.014896060300326173,-0.018872012957043494,0.8831683384559095,0.04004007345959298,0.9232084119155024,0.8431282649963165,0.9632484853750954,0.8030881915367235,1.1349903370101102,0.8815158847764106
117.90794934105602,-0.018942366812347722,0.0006588273141223227,-0.0182835394982254,-0.019601194126470045,-0.017624712184103077,-0.020260021440592368,-0.014869193485026263,-0.01896909493892369,0.8876601510079042,0.039785845426427636,0.9274459964343318,0.8478743055814766,0.9672318418607595,0.8080884601550489,1.1329432470321672,0.886050605547733
120.15988915550228,-0.01905566116175135,0.0006646012243726005,-0.01839105993737875,-0.01972026238612395,-0.017726458713006148,-0.020384863610496552,-0.014844655698922418,-0.019083293741555315,0.8929474386078543,0.039510773602929435,0.9324582122107837,0.8534366650049249,0.9719689858137132,0.8139258914019954,1.1310736150920444,0.891384856789048
122.45483907194907,-0.0191745836274258,0.000670659454769673,-0.018503924172656127,-0.019845243082195475,-0.017833264717886453,-0.02051590253696515,-0.014822267271185014,-0.0192031434880357,0.898498029889562,0.03923723686848177,0.9377352667580438,0.8592607930210802,0.9769725036265255,0.8200235561525984,1.1293677513515326,0.896983064863055
124.79362054613088,-0.01929155312060342,0.0006766717007260785,-0.01861488141987734,-0.019968224821329497,-0.017938209719151263,-0.020644896522055575,-0.014801858973785154,-0.019321014453033986,0.903957777998269,0.03897816615157027,0.9429359441498393,0.8649796118466988,0.9819141103014096,0.8260014456951285,1.1278127616511242,0.9024888436178928
127.17707072287604,-0.019407447902967664,0.0006826608190252883,-0.018724787083942377,-0.02009010872199295,-0.018042126264917087,-0.02077276954101824,-0.014783272005060376,-0.01943779170343394,0.9093676762073643,0.03873087728593962,0.9480985534933039,0.8706367989214246,0.9868294307792435,0.831905921635485,1.1263965462578185,0.9079435347227784
129.6060427357544,-0.019523955024419618,0.0006887055986710463,-0.018835249425748574,-0.020212660623090663,-0.018146543827077526,-0.02090136622176171,-0.014766357837883085,-0.019555174334176525,0.9148064984410239,0.03849209953150217,0.953298597972526,0.8763143989095218,0.9917906975040283,0.8378222993780196,1.1251077882964682,0.9134265032768993
132.0814060124492,-0.019634303089695982,0.0006944964448016267,-0.018939806644894357,-0.020328799534497607,-0.018245310200092728,-0.021023295979299236,-0.014750977963913725,-0.019666347425054364,0.919957924711203,0.03827254712576336,0.9582304718369663,0.8816853775854396,0.9965030189627297,0.8434128304596762,1.1239359342634072,0.9186194228553024
134.60404658595988,-0.019725286122410316,0.0006994003059756968,-0.01902588581643462,-0.02042468642838601,-0.01832648551045892,-0.02112408673436171,-0.014737003559957008,-0.01975801918751993,0.9242050761889494,0.03809210394773581,0.9622971801366852,0.8861129722412137,1.000389284084421,0.8480208682934778,1.1228711686047987,0.9229014310853086
137.17486741174991,-0.019784117350456397,0.0007027765110928199,-0.019081340839363577,-0.020486893861549216,-0.018378564328270758,-0.021189670372642036,-0.014724315097816677,-0.01981731972712689,0.9269506569562367,0.03796845344215993,0.9649191103983966,0.8889822035140768,1.0028875638405566,0.8510137500719168,1.121904383989911,0.9256713723606954
139.79478869095038,-0.019815232065866602,0.0007048052863714006,-0.0191104267794952,-0.020520037352238004,-0.018405621493123803,-0.021224842638609402,-0.014712801915142446,-0.01984871416641921,0.9284018192109552,0.03789231898236682,0.966294138193322,0.8905095002285884,1.0041864571756889,0.8526171812462215,1.121027148612232,0.9271378135396425
142.46474819973812,-0.019836264528608736,0.0007063194746134653,-0.01912994505399527,-0.020542584003222203,-0.018423625579381805,-0.021248903477835666,-0.014702361761475916,-0.01986995315218589,0.9293822434692831,0.03783523146428672,0.9672174749335698,0.8915470120049964,1.0050527063978565,0.8537117805407097,1.1202316716008942,0.928129891246058
145.18570162500367,-0.01987060182518461,0.0007084370865852031,-0.019162164738599406,-0.020579038911769813,-0.018453727652014203,-0.021287475998355017,-0.014692900330943068,-0.019904577855613365,0.9309843275698094,0.037760704452004086,0.9687450320218135,0.8932236231178053,1.0065057364738177,0.8554629186658013,1.1195107674146485,0.9297472187747358
147.95862290642975,-0.019936370352746893,0.0007120444920973354,-0.019224325860649556,-0.02064841484484423,-0.018512281368552222,-0.021360459336941563,-0.014684330790726606,-0.01997083418890483,0.9340547428285283,0.03764164328816417,0.9716963861166925,0.8964130995403641,1.0093380294048566,0.8587714562522,1.118857819914289,0.932842066706242
150.78450458510497,-0.020035441824353517,0.0007172680865311717,-0.019318173737822346,-0.020752709910884688,-0.018600905651291175,-0.02146997799741586,-0.014676573312522027,-0.020070606671114995,0.9386809020310406,0.03747707638953385,0.9761579784205745,0.9012038256415067,1.0136350548101083,0.8637267492519729,1.118266746662419,0.9375024613409865
153.6643581587933,-0.02015250705525003,0.0007234099349446022,-0.019429097120305428,-0.020875916990194632,-0.018705687185360826,-0.021599326925139235,-0.014669554612573058,-0.020188486139644714,0.9441476956972493,0.03729222707326601,0.9814399227705153,0.9068554686239834,1.0187321498437814,0.8695632415507173,1.1177319638769143,0.9430086372976518
156.59921444399157,-0.020270978442516834,0.0007296721862814778,-0.019541306256235357,-0.02100065062879831,-0.01881163406995388,-0.021730322815079788,-0.014663207504550862,-0.020307776584749967,0.9496803003247808,0.037112138949393914,0.9867924392741747,0.9125681613753869,1.0239045782235685,0.875456022425993,1.1172483523630032,0.9485807202811516
159.59012394489912,-0.020379213816785775,0.0007354598082571222,-0.019643754008528653,-0.021114673625042896,-0.01890829420027153,-0.021850133433300018,-0.014657470468442279,-0.020416759844946158,0.9547348957915933,0.036952318990652384,0.9916872147822458,0.9177825768009409,1.0286395337728982,0.8808302578102886,1.1168112246651396,0.9536713523857574
162.63815722943676,-0.020469663186588917,0.0007403695483676612,-0.019729293638221256,-0.02121003273495658,-0.018988924089853594,-0.02195040228332424,-0.01465228723771009,-0.02050783675501005,0.9589588095170911,0.0368214929089493,0.9957803024260404,0.9221373166081418,1.0326017953349897,0.8853158236991925,1.1164162936110944,0.9579255749289709
165.7444053124465,-0.020534780878315183,0.0007439809639314839,-0.0197907999143837,-0.02127876184224667,-0.019046818950452217,-0.02202274280617815,-0.014647606406252718,-0.02057341246401487,0.961999571542953,0.03672731221839391,0.9987268837613469,0.9252722593245591,1.0354541959797408,0.8885449471061652,1.1160596423646454,0.9609886307500327
168.9099800462099,-0.02056807437151723,0.0007459257144140923,-0.019822148657103137,-0.02131400008593132,-0.019076222942689045,-0.022059925800345413,-0.014643381056094284,-0.020606952155528095,0.9635539057899267,0.03667583710385886,1.0002297428937856,0.9268780686860678,1.0369055799976445,0.890202231582209,1.1157376960577954,0.96255527713305
172.1360145184246,-0.020571911522347074,0.0007463181348575224,-0.01982559338748955,-0.021318229657204597,-0.01907927525263203,-0.022064547792062118,-0.014639568406257174,-0.020610839504280803,0.9637324071177956,0.03666296573294668,1.0003953728507422,0.9270694413848489,1.037058338583689,0.8904064756519022,1.1154471950369698,0.962736856050094
175.4236634577833,-0.02055151463702459,0.0007454364733537562,-0.01980607816367083,-0.021296951110378347,-0.019060641690317078,-0.0220423875837321,-0.01463612948288856,-0.02059033134096518,0.9627790031099287,0.036682007354381034,0.9994610104643097,0.9260969957555477,1.0361430178186908,0.8894149884011666,1.11518516972864,0.9617789152214468
178.77410364729755,-0.020513337124038064,0.0007436203617868742,-0.01976971676225119,-0.02125695748582494,-0.019026096400464317,-0.02200057784761181,-0.01463302881041348,-0.020551923654068112,0.9609951270804056,0.0367248206871282,0.9977199477675338,0.9242703063932773,1.034444768454662,0.8875454857061492,1.1149489171070408,0.9599848837011024
182.18853434551633,-0.020464485682614098,0.000741243247545907,-0.019723242435068192,-0.021205728930160005,-0.018981999187522285,-0.02194697217770591,-0.014630234123256234,-0.02050276998863873,0.9587127283146798,0.036782493326547254,0.9954952216412271,0.9219302349881325,1.0322777149677742,0.8851477416615853,1.1147359787290745,0.957688905155008
185.668177715789,-0.02041177290175522,0.0007386620463740414,-0.01967311085538118,-0.021150434948129262,-0.01893444880900714,-0.021889096994503303,-0.014627716097497502,-0.02044972783025036,0.956250018710234,0.036846381636924566,0.9930964003471585,0.9194036370733094,1.0299427819840832,0.8825572554363849,1.1145441202881925,0.9552112942457422
189.21427926372732,-0.020359419518401946,0.0007360929668704855,-0.01962332655153146,-0.021095512485272434,-0.018887233584660976,-0.021831605452142917,-0.014625448101706394,-0.020397045787036383,0.9538041447009923,0.036910826412518354,0.9907149711135106,0.916893318288474,1.027625797526029,0.8799824918759556,1.1143713126292956,0.952750504395645
192.82810828302323,-0.0203104338089598,0.0007336940036027144,-0.019576739805357086,-0.021044127812562517,-0.018843045801754374,-0.02177782181616523,-0.014623405966096655,-0.020347752034286848,0.9515156188952087,0.03697188209054534,0.9884875009857541,0.9145437368046634,1.0254593830762995,0.877571854714118,1.114215714159822,0.9504479823399499
196.5109583097791,-0.020267662069734297,0.0007316153371272002,-0.019536046732607098,-0.020999277406861496,-0.018804431395479895,-0.0217308927439887,-0.014621567769097116,-0.02030471168952706,0.9495173882070954,0.037025793672477124,0.9865431818795726,0.9124915945346183,1.0235689755520496,0.8754658008621412,1.114075654587698,0.9484375583497605
200.26414758551854,-0.020228615874311715,0.0007297245789301897,-0.019498891295381526,-0.020958340453241905,-0.018769166716451336,-0.021688065032172094,-0.014619913640392262,-0.020265420127700485,0.9476932138711041,0.03707552727096293,0.984768741142067,0.9106176866001411,1.02184426841303,0.8735421593291782,1.1139496199142118,0.9466022408366452
204.08901952903676,-0.02018797138644236,0.000727753280135257,-0.019460218106307103,-0.020915724666577616,-0.018732464826171847,-0.021643477946712873,-0.014618425579474808,-0.020224518695711215,0.9457944148626976,0.03712830583896887,0.9829227207016664,0.9086661090237287,1.0200510265406353,0.8715378031847598,1.11383623860881,0.9446917259334013
207.9869432172665,-0.020144416670893252,0.0007256403231419744,-0.019418776347751278,-0.020870056994035227,-0.018693136024609303,-0.0215956973171772,-0.014617087288753687,-0.02018068695636378,0.9437597072654059,0.037186104160837036,0.9809458114262429,0.9065736031045689,1.01813191558708,0.8693874989437318,1.1137342688929284,0.9426443357275928
211.95931387532463,-0.02010513453528966,0.0007237415347911601,-0.0193813930004985,-0.02082887607008082,-0.018657651465707338,-0.021552617604871982,-0.01461588402027524,-0.02014115494757813,0.9419245987718392,0.03723866388955972,0.979163262661399,0.9046859348822794,1.0164019265509587,0.8674472709927198,1.113642587061066,0.9407977868840224
216.00755337592037,-0.020085579249288606,0.0007228256138965181,-0.01936275363539209,-0.020808404863185123,-0.01863992802149557,-0.021531230477081643,-0.014614802435138564,-0.020121478437318895,0.9410109591600465,0.03726398909437067,0.9782749482544172,0.9037469700656758,1.0155389373487878,0.8664829809713052,1.1135601767690806,0.9398786927529427
220.1331107483028,-0.020098212664850783,0.0007235072569690332,-0.019374705407881748,-0.020821719921819817,-0.018651198150912717,-0.02154522717878885,-0.014613830474717215,-0.02013420113123536,0.9416008819640105,0.03724408691659555,0.978844968880606,0.904356795047415,1.0160890557972015,0.8671127081308194,1.113486119222055,0.9404729725899712
224.3374626969243,-0.020144174954794234,0.0007258461571729524,-0.01941832879762128,-0.020870021111967188,-0.01869248264044833,-0.02159586726914014,-0.014612957242834804,-0.02018047075544991,0.9437476228130008,0.037177569466225385,0.9809251922792263,0.9065700533467754,1.0181027617454517,0.86939248388055,1.113419584196785,0.9426342369352534
228.6221141300157,-0.0202173097971938,0.0007295581618322581,-0.019487751635361542,-0.020946867959026057,-0.018758193473529285,-0.021676426120858315,-0.014612172898081803,-0.02025409065488777,0.9471636166613608,0.03707442860586464,0.9842380452672255,0.9100891880554962,1.02131247387309,0.8730147594496316,1.113359821836967,0.9460730386644507
232.98859869825205,-0.02030808035653275,0.0007341906364872028,-0.019573889720045548,-0.021042270993019953,-0.018839699083558346,-0.021776461629507155,-0.014611468555502313,-0.020345461471706707,0.9514033941123179,0.03694946561207692,0.9883528597243948,0.914453928500241,1.0253023253364717,0.8775044628881641,1.1133061551623196,0.950340989656972
237.43847934371007,-0.020406132290974283,0.0007392409072856119,-0.01966689138368867,-0.021145373198259897,-0.01892765047640306,-0.021884614105545507,-0.014610836196922704,-0.020444160971587508,0.9559833000353083,0.03681805150023392,0.9928013515355422,0.9191652485350744,1.0296194030357761,0.8823471970348404,1.1132579732361652,0.9549512650506173
241.97334885930778,-0.020510705160328553,0.000744681690215289,-0.019766023470113265,-0.02125538685054384,-0.019021341779897977,-0.02200006854075913,-0.014610268589236959,-0.020549423771802255,0.9608678127111747,0.03668197095617306,0.9975497836673478,0.9241858417550016,1.034231754623521,0.8875038707988286,1.1132147249392634,0.9598681136494687
246.59483045892932,-0.02062622075656766,0.0007507510864029883,-0.01987546967016467,-0.02137697184297065,-0.019124718583761684,-0.022127722929373636,-0.014609759210006817,-0.020665700722882197,0.9662634737638506,0.0365363204643255,1.0027997942281761,0.929727153299525,1.0393361146925015,0.8931908328351996,1.1131759133009895,0.9652994356628464
251.30457835843956,-0.0207499586986574,0.000757318489429568,-0.019992640209227832,-0.02150727718808697,-0.019235321719798266,-0.022264595677516538,-0.01460930217977688,-0.020790253631258297,0.972043212465537,0.03638552036795485,1.008428732833492,0.9356576920975822,1.0448142532014468,0.8992721717296274,1.1131410903421506,0.9711173294656192
256.10427836779564,-0.02087480547043092,0.0007640161084833586,-0.020110789361947563,-0.021638821578914277,-0.019346773253464202,-0.022402837687397637,-0.014608892200545795,-0.02091592233670031,0.9778747538898666,0.03623889761486959,1.0141136515047362,0.9416358562749969,1.0503525491196057,0.9053969586601274,1.1131098523868608,0.9769873423952722
260.9956484944659,-0.02099446286242622,0.0007705081657860665,-0.020223954696640154,-0.021764971028212284,-0.019453446530854086,-0.022535479193998353,-0.01460852449987434,-0.021036367332269358,0.9834639063673749,0.0361038791044718,1.0195677854718468,0.9473600272629031,1.0556716645763184,0.9112561481584314,1.1130818358039118,0.9826133546854086
265.98043955837534,-0.021092195384727504,0.0007758672782888393,-0.020316328106438665,-0.021868062663016344,-0.019540460828149826,-0.022643929941305183,-0.014608194780148836,-0.021134743338116907,0.9880289506494018,0.03599767096290434,1.0240266216123062,0.9520312796864975,1.0600242925752104,0.9160336087235931,1.1130567131409512,0.9872085196014598
271.06043581859376,-0.021148192580045237,0.0007789674787790592,-0.020369225101266177,-0.021927160058824297,-0.019590257622487117,-0.022706127537603357,-0.014607899172554591,-0.021191109926298787,0.9906445351659301,0.035938411127718214,1.0265829462936482,0.9547061240382119,1.0625213574213666,0.9187677129104936,1.1130341896175329,0.9898414153591132
276.2374556119961,-0.02115852086312145,0.000779555547703202,-0.020378965315418246,-0.021938076410824653,-0.019599409767715046,-0.022717631958527853,-0.014607634195348,-0.02120150772225327,0.991126920613335,0.03592739988683523,1.02705432050017,0.9551995207264997,1.0629817203870053,0.9192721208396645,1.1130139999457038,0.9903270986999101
281.5133520041179,-0.0211358902131027,0.0007783215917385167,-0.020357568621364182,-0.021914211804841217,-0.019579247029625668,-0.02269253339657973,-0.014607396716048299,-0.02117873012845057,0.9900697923168436,0.03595061005337335,1.0260204023702169,0.9541191822634703,1.0619710124235902,0.9181685722100968,1.112995905449242,0.9892631522730096
286.8900134524428,-0.02109666987851588,0.0007761739700954097,-0.02032049590842047,-0.02187284384861129,-0.01954432193832506,-0.0226490178187067,-0.014607183917200051,-0.021139253826766635,0.9882377609415227,0.035991439605899234,1.0242292005474218,0.9522463213356235,1.0602206401533212,0.9162548817297242,1.112979691454963,0.9874192055204388
292.36936448236014,-0.021055304573926088,0.0007739154285300636,-0.020281389145396025,-0.02182922000245615,-0.01950747371686596,-0.022603135430986215,-0.01460699326538582,-0.021097618334477312,0.9863055418014964,0.03603520196330917,1.0223407437648055,0.9502703398381873,1.0583759457281148,0.9142351378748781,1.1129651649316727,0.9854744024987864
297.9533663760268,-0.021027163044304045,0.0007723853276780795,-0.020254777716625965,-0.021799548371982124,-0.019482392388947885,-0.022571933699660204,-0.01460682248319496,-0.021069293261063316,0.984991011924006,0.03606524088310838,1.0210562528071143,0.9489257710408976,1.0571214936902227,0.9128605301577892,1.1129521523543568,0.9841513320765304
303.6440178743935,-0.02102773749891313,0.0007724237261304949,-0.020255313772782637,-0.021800161225043625,-0.01948289004665214,-0.022572584951174122,-0.014606669523878906,-0.02106987248895601,0.9850178154249524,0.036064286056179534,1.021082101481132,0.9489535293687729,1.0571463875373115,0.9128892433125932,1.1129404977730666,0.984178387939065
309.4433558926326,-0.021061590394952433,0.0007742786629640197,-0.020287311731988413,-0.021835869057916454,-0.019513033069024393,-0.022610147720880474,-0.014606532548446334,-0.02110394842622484,0.9865990653322345,0.03602736309376743,1.022626428426002,0.9505717022384671,1.0586537915197693,0.9145443391446997,1.1129300610677066,0.9857700824795197
315.3534562492346,-0.02111704080259491,0.0007773242908211642,-0.020339716511773746,-0.021894365093416076,-0.019562392220952584,-0.022671689384237238,-0.014606409904972584,-0.021159763503726683,0.9891891425215369,0.03596803911486549,1.0251571816364025,0.9532211034066714,1.0611252207512678,0.9172530642918059,1.1129207163715389,0.9883772170517507
321.37643440902724,-0.02117906040304091,0.0007807459391555531,-0.020398314463885354,-0.021959806342196464,-0.019617568524729803,-0.022740552281352015,-0.014606300109917418,-0.02122219079670467,0.992086070624205,0.03590308191650867,1.0279891525407137,0.9561829887076962,1.0638922344572224,0.9202799067911877,1.1129123506477063,0.9912932096662613
327.51444624038504,-0.02123719628545648,0.0007839703983664728,-0.020453225887090008,-0.022021166683822955,-0.019669255488723537,-0.022805137082189425,-0.014606201831263132,-0.021280708811159083,0.9948015916152458,0.03584357059042762,1.0306451622056734,0.9589580210248182,1.066488732796101,0.9231144504343906,1.1129048624044595,0.9940265990192974
333.76968878690457,-0.021292183823914092,0.0007870360277122153,-0.020505147796201877,-0.02207921985162631,-0.01971811176848966,-0.022866255879338524,-0.014606113873301733,-0.02133605775452663,0.9973700547498389,0.03578855604048379,1.0331586107903226,0.961581498709355,1.0689471668308064,0.9257929426688712,1.11289816053603,0.9966119603633755
340.1444010538126,-0.02134633889207299,0.0007900695958970602,-0.02055626929617593,-0.022136408487970053,-0.01976619970027887,-0.02292647808386711,-0.014606035162915122,-0.021390568704250386,0.9998996347907808,0.03573558088743404,1.035635215678215,0.9641640539033468,1.071370796565649,0.9284284730159127,1.1128921632772633,0.9991581788396513
346.6408648093997,-0.021397480570502118,0.0007929453438207304,-0.020604535226681386,-0.02219042591432285,-0.019811589882860657,-0.02298337125814358,-0.01460596473720639,-0.0214420464360442,1.002288460325674,0.035686548716753294,1.0379750090424273,0.9666019116089208,1.0736615577591806,0.9309153628921675,1.1128867972611975,1.0015627150378723
353.26140540175646,-0.021446812142048518,0.0007957294292183985,-0.02065108271283012,-0.022242541571266917,-0.01985535328361172,-0.023038271000485316,-0.014605901732353058,-0.021491702134354695,1.004592736795482,0.035640183576614776,1.0402329203720968,0.9689525532188673,1.0758731039487117,0.9333123696422525,1.1128819966697474,1.0038821436504957
360.0083925911092,-0.021499198307141296,0.0007986971316903798,-0.020700501175450917,-0.022297895438831674,-0.019901804043760535,-0.023096592570522056,-0.014605845373564968,-0.021544432426815405,1.007039695280547,0.03559199791980139,1.0426316932003483,0.9714476973607455,1.0782236911201497,0.9358556994409442,1.112877702468556,1.0063451872335425
366.88424139805477,-0.021552079674211577,0.0008017038357400699,-0.02075037583847151,-0.022353783509951645,-0.019948672002731437,-0.023155487345691717,-0.014605794966040411,-0.02159766113171238,1.0095097859030255,0.03554440666678091,1.0450541925698065,0.9739653792362446,1.0805985992365874,0.9384209725694637,1.112873861717906,1.0088315117713416
373.8914129679936,-0.02160190833046039,0.0008045441469176444,-0.020797364183542746,-0.022406452477378037,-0.019992820036625104,-0.02321099662429568,-0.01460574988682376,-0.021647817058962748,1.011837284754349,0.03550037914868092,1.04733766390303,0.9763369056056682,1.0828380430517108,0.9408365264569872,1.112870426952319,1.0111743061880012
381.0324154520728,-0.02165039216189923,0.0008073155869215903,-0.02084307657497764,-0.02245770774882082,-0.02003576098805605,-0.023265023335742412,-0.014605709577477026,-0.021696619305375045,1.014101967459209,0.035458366820720524,1.0495603342799296,0.9786436006384885,1.0850187011006502,0.9431852338177681,1.1128673556221746,1.0134538698743516
388.3098049049597,-0.021690530249816566,0.0008096217467238262,-0.02088090850309274,-0.02250015199654039,-0.020071286756368913,-0.02330977374326422,-0.014605673537485967,-0.021737021015556773,1.0159768194653238,0.03542448341719105,1.0514013028825149,0.9805523360481327,1.086825786299706,0.9451278526309417,1.112864609591293,1.0153410426618223
395.7261861997507,-0.021709112630014734,0.0008107070989491417,-0.020898405531065593,-0.022519819728963875,-0.02008769843211645,-0.023330526827913017,-0.014605641318328753,-0.021755725544587743,1.01684480034722,0.035409714995474365,1.0522545153426943,0.9814350853517455,1.0876642303381687,0.9460253703562712,1.1128621546850046,1.0162147353354969
403.2842139603653,-0.021706594012985105,0.0008105997052242899,-0.020895994307760814,-0.022517193718209396,-0.020085394602536527,-0.023327793423433683,-0.014605612518142146,-0.02175319058940248,1.0167271496549295,0.03541355596295306,1.0521407056178826,0.9813135936919765,1.0875542615808356,0.9459000377290234,1.112859960283744,1.0160963270200676
410.98659351174456,-0.021688990903042136,0.0008096500861432569,-0.020879340816898878,-0.022498640989185394,-0.020069690730755624,-0.023308291075328648,-0.01460558677692626,-0.021735472136924724,1.0159048995618734,0.035431227476673675,1.051336127038547,0.9804736720851996,1.0867673545152208,0.945042444608526,1.1128579989576814,1.0152686941995333
418.83608184819184,-0.0216620550293804,0.0008081907590397465,-0.020853864270340652,-0.02247024578842015,-0.020045673511300908,-0.023278436547459893,-0.01460556377223464,-0.021708359661259946,1.014646714544483,0.03545811684224223,1.0501048313867254,0.9791885977022409,1.0855629482289675,0.9437304808599987,1.112856246138334,1.01400226448541
426.83548862022064,-0.021638663254612077,0.0008069461600539953,-0.020831717094558083,-0.02244560941466607,-0.020024770934504086,-0.023252555574720068,-0.014605543215301517,-0.021684814524771327,1.0135540756380395,0.03548268241794435,1.0490367580559838,0.9780713932200951,1.0845194404739282,0.9425887108021508,1.1128546798234842,1.0129024659704775
434.9876771402346,-0.021632639009800364,0.0008066755981033482,-0.020825963411697016,-0.022439314607903712,-0.02001928781359367,-0.02324599020600706,-0.014605524847562746,-0.02167875086944852,1.0132726783046084,0.03549144419370687,1.0487641224983153,0.9777812341109016,1.0842555666920222,0.9422897899171947,1.1128532803120967,1.0126192312938678
443.2955654074292,-0.02165652826268796,0.0008080698736855598,-0.0208484583890024,-0.02246459813637352,-0.02004038851531684,-0.02327266801005908,-0.014605508437531127,-0.02170279699108022,1.014388547418195,0.035472307809446185,1.0498608552276412,0.9789162396087489,1.0853331630370875,0.9434439317993026,1.1128520299662374,1.0137424309352552
451.7621271522579,-0.021715112229741332,0.0008114359045669565,-0.020903676325174377,-0.022526548134308287,-0.020092240420607418,-0.023337984038875246,-0.01460549377799067,-0.021761765481791914,1.0171250146139408,0.03542329379866629,1.052548308412607,0.9817017208152745,1.0879716022112733,0.9462784270166082,1.112850912997292,1.0164968621335575
460.3903929008543,-0.021803372471998518,0.0008167043145463397,-0.02098666815745218,-0.022620076786544856,-0.020169963842905838,-0.023436781101091198,-0.014605480683477815,-0.021850604972887506,1.0212476674661763,0.03536062387371445,1.0566082913398909,0.9858870435924619,1.0919689152136052,0.9505264197187474,1.1128499152740512,1.0206465743436155
469.1834510597789,-0.021915319018998704,0.0008241427459599696,-0.021091176273038734,-0.022739461764958675,-0.020267033527078766,-0.023563604510918643,-0.014605468988020703,-0.02196328618886324,1.0264767131025352,0.03532196245773505,1.0617986755602702,0.9911547506448002,1.0971206380180052,0.9558327881870651,1.112849024150456,1.0259099387777448
478.1444490214842,-0.02204520220390082,0.0008347081583549069,-0.021210494045545914,-0.022879910362255725,-0.020375785887191005,-0.023714618520610634,-0.014605458543110558,-0.022094021734590696,1.0325435832890506,0.0353809907597641,1.0679245740488148,0.9971625925292865,1.1033055648085788,0.9617816017695224,1.1128482283110297,1.0320166249339058
487.2765942908973,-0.022179110413718936,0.0008497686146351979,-0.02132934179908374,-0.023028879028354134,-0.02047957318444854,-0.02387864764298933,-0.014605449215881633,-0.022228808710077076,1.0387984634913727,0.03566572529571239,1.0744641887870852,1.0031327381956603,1.1101299140827976,0.967467012899948,1.1128475176322,1.0383125542670757
496.58315563351056,-0.02230434161194496,0.0008714945234858661,-0.021432847088459092,-0.023175836135430825,-0.020561352564973226,-0.02404733065891669,-0.014605440887478699,-0.022354861728945394,1.0446480387617259,0.03634268122175647,1.0809907199834823,1.0083053575399694,1.1173334012052387,0.9719626763182129,1.1128468830579124,1.0442005185615773
506.06746424541336,-0.022419352078809792,0.0009025073562064604,-0.02151684472260333,-0.023321859435016253,-0.02061433736639687,-0.024224366791222713,-0.014605433451592913,-0.02247062694224898,1.0500202015890128,0.03755880296598497,1.0875790045549978,1.0124613986230278,1.1251378075209828,0.9749025956570428,1.1128463164880715,1.04960793719063
515.732914945656,-0.022524684801356106,0.0009441255122252308,-0.021580559289130875,-0.023468810313581338,-0.020636433776905643,-0.02441293582580657,-0.014605426813149068,-0.022576650900730456,1.0549403149994017,0.03937917439661119,1.0943194893960129,1.0155611406027905,1.133698663792624,0.9761819662061793,1.1128458106785175,1.054560339659886
525.5829673913952,-0.022620744550262747,0.000996642782054939,-0.021624101768207806,-0.023617387332317687,-0.02062745898615287,-0.024614030114372625,-0.014605420887128705,-0.02267334103172809,1.059427285904174,0.041807977154899,1.101235263059073,1.017619308749275,1.143043240213972,0.975811331594376,1.1128453591513543,1.0590767569901165
535.6211473162454,-0.022707922081411397,0.0010596680756270408,-0.021648254005784358,-0.023767590157038436,-0.020588585930157315,-0.02482725823266548,-0.01460541559751525,-0.022761090655758955,1.0634993665820787,0.044808574683697214,1.108307941265776,1.0186907918983814,1.1531165159494732,0.9738822172146843,1.1128449561145757,1.0631755612693652
545.8510477922849,-0.022786594579404993,0.0011323491935453676,-0.021654245385859625,-0.02391894377295036,-0.02052189619231426,-0.025051292966495727,-0.014605410876348632,-0.022840279432953893,1.06717417539599,0.04831958209740035,1.1154937574933903,1.0188545932985897,1.1638133395907908,0.9705350112011893,1.1128445963900322,1.0668744865060238
556.2763305161558,-0.02285712608776919,0.0012135866714933082,-0.02164353941627588,-0.024070712759262498,-0.020429952744782574,-0.025284299430755806,-0.01460540666287829,-0.022911273796087532,1.0704687168875537,0.05226944210293183,1.1227381589904857,1.0181992747846218,1.1750076010934174,0.9659298326816901,1.112844275348896,1.0701906488557604
566.9007271197428,-0.02291986792622738,0.0013021998872126685,-0.02161766803901471,-0.024222067813440048,-0.020315468151802043,-0.025524267700652716,-0.014605402902804286,-0.022974427370596434,1.0733994012680457,0.056586585507386794,1.1299859867754325,1.0168128157606589,1.1865725722828193,0.960226230253272,1.112843988853838,1.0731405662406586
577.7280405058667,-0.022975159095424844,0.0013970357520975499,-0.021578123343327295,-0.024372194847522392,-0.020181087591229743,-0.025769230599619945,-0.014605399547597596,-0.023030081381963493,1.0759820633229975,0.061205049663903104,1.1371871129869007,1.0147770136590943,1.1983921626508036,0.9535719639951913,1.1128437332072378,1.0757401773782336
588.7621462095041,-0.023023326669460765,0.0014970284799718095,-0.021526298189488955,-0.024520355149432575,-0.020029269709517145,-0.026017383629404384,-0.014605396553891344,-0.023078565050829756,1.0782319807473373,0.066066774988361,1.1442987557356983,1.0121652057589763,1.2103655307240593,0.9460984307706153,1.1128435051048,1.0780048602371917
600.0069937849962,-0.0230646861765902,0.0016012250656654151,-0.021463461110924786,-0.024665911242255617,-0.01986223604525937,-0.026267136307921032,-0.01460539388293571,-0.023120195976198115,1.080163891927955,0.07112194023417955,1.1512858321621346,1.0090419516937754,1.222407772396314,0.9379200114595959,1.1128433015940211,1.0799494499369593
611.4666082197532,-0.023099541968434917,0.0017087899498243189,-0.021390752018610598,-0.024808331918259235,-0.01968196206878628,-0.026517121868083554,-0.014605391500109859,-0.023155280507070098,1.0817920131895309,0.07632833956124034,1.1581203527507713,1.0054636736282905,1.2344486923120115,0.9291353340670502,1.1128431200370013,1.08158825610692
623.1450913749646,-0.023128187578034618,0.0018189986561398142,-0.021309188921894803,-0.024947186234174433,-0.01949019026575499,-0.026766184890314248,-0.014605389374485056,-0.023184114102849537,1.0831300555191015,0.08165040234121312,1.1647804578603145,1.0014796531778885,1.2464308602015277,0.9198292508366752,1.1128429580771566,1.0829350797209485
635.0466234538172,-0.023150906067076156,0.0019312265706243734,-0.021219679496451784,-0.025082132637700528,-0.01928845292582741,-0.027013359208324903,-0.014605387478433606,-0.02320698168285279,1.0841912407851388,0.0870581656986869,1.1712494064838257,0.997133075086452,1.2583075721825128,0.910074909387765,1.1128428136094228,1.0840032294231106
647.175464497765,-0.023167970362597098,0.002044936358393848,-0.02112303400420325,-0.025212906720990944,-0.0190780976458094,-0.027257843079384794,-0.014605385787278893,-0.02322415796522412,1.0849883174649801,0.09252633645786237,1.1775146539228425,0.9924619810071178,1.2700409903807048,0.8999356445492555,1.11284268475359,1.0848055373584748
659.5359559113624,-0.023179643583490082,0.0021596658001252827,-0.0210199777833648,-0.025339309383615366,-0.018860311983239515,-0.02749897518374065,-0.014605384278982203,-0.023235907795584577,1.0855335758958582,0.09803348804904964,1.1835670639449078,0.9875000878468085,1.2816005519939575,0.8894665997977589,1.11284256983044,1.0853543745243748
672.1325220162414,-0.023186179357090223,0.002275016831625088,-0.020911162525465134,-0.025461196188715313,-0.018636145693840048,-0.0277362130203404,-0.014605382933862548,-0.0232424864656987,1.0858388630627143,0.10356139507433074,1.189400258137045,0.9822774679883836,1.2929616532113757,0.8787160729140528,1.1128424673404005,1.0856616656554006
684.9696716347432,-0.023187822126145223,0.002390646031365657,-0.020797176094779567,-0.02557846815751088,-0.01840653006341391,-0.027969114188876536,-0.014605381734346027,-0.023244140022460613,1.0859155969367933,0.10909449086494677,1.19501008780174,0.9768211060718466,1.3041045786666867,0.8677266152068998,1.1128423759444452,1.0857389036562075
698.0519997038188,-0.02318480744644311,0.002506256533970513,-0.020678550912472598,-0.025691063980413622,-0.018172294378502082,-0.028197320514384137,-0.014605380664741601,-0.023241105567476265,1.0857747803778566,0.11461942835992912,1.2003942087377857,0.9711553520179275,1.3150136370977148,0.8565359236579984,1.1128422944470115,1.0855971635950687
711.3841889197356,-0.02317736227537825,0.0026215912312398913,-0.02055577104413836,-0.025798953506618143,-0.01793417981289847,-0.028420544737858034,-0.014605379711040591,-0.02323361154752432,1.0854270146131262,0.12012472507578303,1.2055517396889093,0.9653022895373431,1.3256764647646921,0.8451775644615601,1.112842221780722,1.0852471162713673
724.9710114142107,-0.023165705251709596,0.002736427084495067,-0.02042927816721453,-0.025902132336204663,-0.017692851082719462,-0.02863855942069973,-0.014605378860737359,-0.023221878036151344,1.0848825123048178,0.1256004754096687,1.2104829877144865,0.9592820368951491,1.3360834631241552,0.8336815614854804,1.112842156992722,1.0846990413689694
738.8173304625478,-0.02315004696678176,0.0028505703723916294,-0.02029947659439013,-0.026000617339173387,-0.0174489062219985,-0.02885118771156502,-0.014605378102668976,-0.02320611700667371,1.0841511102189099,0.1310381164540709,1.2151892266729807,0.9531129937648389,1.3462273431270517,0.822074877310768,1.112842099232464,1.0839628402082035
752.9281022243991,-0.023130590227450856,0.002963852715244158,-0.020166737512206698,-0.026094442942695015,-0.01720288479696254,-0.029058295657939173,-0.014605377426871869,-0.023186532596829665,1.0832422815064362,0.13643023624630202,1.219672517752738,0.9468120452601342,1.3561027539990402,0.8103818090138322,1.1128420477407828,1.083048048107817
767.3083775177806,-0.023107530310962122,0.003076127739229986,-0.020031402571732138,-0.026183658050192106,-0.01695527483250215,-0.029259785789422094,-0.014605376824453682,-0.023163321365330322,1.0821651476088532,0.14177041571012686,1.2239355633189801,0.9403947318987264,1.3657059790291068,0.7986243161885995,1.1128420018401348,1.081963846368529
781.9633036269593,-0.023081055212014524,0.0031872682662863992,-0.019893786945728124,-0.026268323478300923,-0.016706518679441725,-0.029455591744587322,-0.014605376287478739,-0.02313667254054624,1.0809284897984606,0.147053097439582,1.2279815872380426,0.9338753923588785,1.3750346846776247,0.7868222949192966,1.1128419609258688,1.0807190738892358
796.8981261448811,-0.02305134588224379,0.0032971639357988105,-0.01975418194644498,-0.026348509818042598,-0.01645701801064617,-0.02964567375384141,-0.014605375808865659,-0.023106768261562605,1.0795407603646847,0.15227347597150728,1.231814236336192,0.9272672843931774,1.3840877123076993,0.7749938084216701,1.1128419244584264,1.0793222384267516
812.1181908507757,-0.023018576462343402,0.003405719181547738,-0.019612857280795665,-0.02642429564389114,-0.016207138099247925,-0.02983001482543888,-0.014605375382295872,-0.02307378381182402,1.078010093456486,0.15742740536039326,1.2354374988168793,0.9205826880960928,1.3928649041772725,0.7631552827356995,1.1128418919563705,1.0777815275094078
827.6289456236327,-0.02298291450704524,0.003512851501817424,-0.019470063005227814,-0.026495766008862665,-0.015957211503410392,-0.030008617510680086,-0.014605375002131887,-0.023037887845592003,1.0763443155912373,0.16251132077320501,1.2388556363644423,0.9138329948180324,1.4013669571376473,0.7513216740448273,1.112841862990158,1.0761048190149325
843.435942392217,-0.022944521203167468,0.0036184899723566677,-0.0193260312308108,-0.026563011175524134,-0.01570754125845413,-0.030181501147880804,-0.014605374663344235,-0.02299924260742416,1.0745509558397757,0.16752217152046223,1.242073127360238,0.9070287843193134,1.4095952988807001,0.7395066127988512,1.1128418371765734,1.074299691422372
859.5448391223285,-0.022903551580932692,0.0037225739614092966,-0.019180977619523396,-0.026626125542341988,-0.015458403658114099,-0.030348699503751284,-0.014605374361446218,-0.02295800414487946,1.0726372556971067,0.17245736347977086,1.2450946191768775,0.9001798922173359,1.4175519826566485,0.7277225287375649,1.1128418141737575,1.0723734337475994
875.9614018420135,-0.022860154718760236,0.0038250520136924337,-0.0190351027050678,-0.02668520673245267,-0.01521005069137537,-0.030510258746145102,-0.014605374092435624,-0.02291432251465473,1.0706101786482853,0.17731470928632184,1.2479248879346072,0.8932954693619635,1.425239597220929,0.7159807600756416,1.1128417936767658,1.0703330551719978
892.6915067054762,-0.022814473941718746,0.003925880876342205,-0.01888859306537654,-0.026740354818060953,-0.014962712189034336,-0.030666235694403157,-0.014605373852742666,-0.022868341982339845,1.0684764194381717,0.1820923849899299,1.2505688044281016,0.8863840344482419,1.4326611894180314,0.7042916494583119,1.112841775413602,1.0681852943730674
909.7411420963725,-0.022766647013834136,0.004025024644771459,-0.018741622369062676,-0.026791671658605597,-0.014716597724291219,-0.030816696303377054,-0.014605373639183468,-0.02282020121598791,1.06624241305417,0.18678889213195513,1.253031305186125,0.8794535209222147,1.4398201973180802,0.6926646287902596,1.1128417591416735,1.0659366285661322
927.1164107713079,-0.02271680632442804,0.004122454010336075,-0.018594352314091962,-0.026839260334764116,-0.014471898303755889,-0.03096171434510019,-0.014605373448918543,-0.02277003347367672,1.0639143434301264,0.19140302439447926,1.2553173678246057,0.872511319035647,1.4467203922190848,0.6811082946411678,1.1128417446446288,1.0635932822653775
944.8235320442564,-0.022665079068667143,0.004218145594885394,-0.01844693347378175,-0.026883224663552537,-0.014228787878896355,-0.03110137025843793,-0.014605373279415716,-0.02271796678524311,1.0614981518798252,0.19593383813101845,1.2574319900108437,0.8655643137488067,1.453365828141862,0.6696304756177883,1.1128417317295314,1.0611612357727005
962.8688440127136,-0.02261158742249679,0.004312081359836451,-0.01829950606266034,-0.02692366878233324,-0.013987424702823888,-0.031235750142169692,-0.014605373128417004,-0.022664124128364698,1.0589995452681686,0.20038062621244174,1.2593801714806103,0.858618919055727,1.4597607976930522,0.6582382928432852,1.1128417202243364,1.0586462334025282
981.2588058263477,-0.022556448712119686,0.00440424807948635,-0.018152200632633335,-0.026960696791606037,-0.013747952553146986,-0.031364944871092384,-0.014605372993909066,-0.022608623599150873,1.0564240039275572,0.20474289472088408,1.2611668986484412,0.8516811092066732,1.4659097933693253,0.646938214485789,1.1128417099756394,1.0560537914501595
999.999999999,-0.02249977557819014,0.0044946368699643685,-0.018005138708225774,-0.02699441244815451,-0.013510501838261404,-0.03148904931811888,-0.014605372874096802,-0.022551578577414685,1.0537767893274361,0.20902034210396422,1.2627971314314004,0.8447564472234719,1.4718174735353646,0.6357361051195076,1.1128417008466642,1.053389205911652
