x_transformed,x_real,y_real,y_normalised,Std_real,Upper_CI_real,Lower_CI_real,Std_normalised,Upper_CI_normalised,Lower_CI_normalised
-1.1,0.07943282247242814,-0.03344499625964187,1.9678147221896438,0.0034589853876146257,-0.026665509476866883,-0.04022448304241685,0.12902135894760813,-0.029127930014687334,-0.0377620625045964
-1.0917835671342686,0.08094992067275816,-0.033512461751191255,1.9718520003340032,0.003430477524845363,-0.026788849352720235,-0.04023607414966227,0.12656591236250195,-0.029277554969253657,-0.03774736853312885
-1.0835671342685371,0.08249599413606928,-0.03357572897470465,1.9756382811228286,0.0034059576658957203,-0.02690017461668093,-0.04025128333272837,0.12446942901078925,-0.029410970713791878,-0.03774048723561742
-1.0753507014028056,0.08407159626481406,-0.03363456930549491,1.979159561837204,0.0033856040020750025,-0.026998907395513236,-0.040270231215476585,0.12275393021092347,-0.029527211788323862,-0.03774192682266596
-1.0671342685370742,0.08567729103095306,-0.03368874526199893,1.982401278708616,0.003369568115344489,-0.027084513112469222,-0.04029297741152863,0.1214370630962857,-0.029625450236620436,-0.03775204028737742
-1.058917835671343,0.08731365317782327,-0.0337380101868801,1.9853482858567313,0.0033579701227069024,-0.027156509685213027,-0.040319510688547174,0.12053097872877942,-0.02970503282572363,-0.03777098754803657
-1.0507014028056114,0.0889812684258623,-0.033782107916675734,1.9879848334360108,0.0033508940595701024,-0.02721447624390912,-0.04034973958944235,0.12004136581978804,-0.029765513047377522,-0.03779870278597395
-1.04248496993988,0.09068073368226119,-0.03382077243957503,1.9902945449612361,0.0033483836719141783,-0.027258061036201257,-0.0403834838429488,0.11996674017006766,-0.029806674551211162,-0.03783487032793889
-1.0342685370741485,0.09241265725462187,-0.03385379204001067,1.9922643670387394,0.003350358050915355,-0.02728721092490276,-0.04042037315511858,0.12029157691594884,-0.02982882508498836,-0.03787875899503298
-1.026052104208417,0.09417765906869519,-0.03388133053857929,1.9939043570369446,0.00335622526598414,-0.027303249893247016,-0.040459411183911574,0.12095622672630722,-0.02983412434127634,-0.03792853673588224
-1.0178356713426857,0.09597637089027737,-0.033903684416543754,1.9952327221755386,0.003365232110594399,-0.02730795068016102,-0.040499418152926486,0.12188748881920555,-0.02982531810606846,-0.03798205072701905
-1.009619238476954,0.09780943655134493,-0.03392114043954724,1.996267050377089,0.0033766606281442884,-0.02730300722037004,-0.040539273658724444,0.1230158296303676,-0.029805019744306473,-0.03803726113478801
-1.0014028056112223,0.09967751218050783,-0.03393397576695193,1.9970243184076373,0.0033898364749755613,-0.027290018362519618,-0.040577933171384244,0.12427680694545905,-0.029775662657625327,-0.03809228887627854
-0.993186372745491,0.10158126643786476,-0.03394245828155897,1.9975209135003325,0.00340413464066928,-0.027270476987321986,-0.04061443957579596,0.1256119031583719,-0.029739472733176186,-0.038145443829941755
-0.9849699398797596,0.10352138075434403,-0.033946846907641916,1.99777265417022,0.0034189831292137695,-0.027245763110632874,-0.04064793070465096,0.12696889766692604,-0.029698456201266286,-0.038195237614017545
-0.9767535070140282,0.10549854957561482,-0.033947391917667574,1.9977948102468794,0.003433864953789077,-0.027217140280466685,-0.04067764355486846,0.12830189837496386,-0.029654398888016867,-0.03824038494731828
-0.9685370741482968,0.10751348061065784,-0.03394433522806761,1.9976021221507403,0.003448318802134461,-0.02718575456867177,-0.040702915887463456,0.1295711440785185,-0.029608873123311334,-0.03827979733282389
-0.9603206412825652,0.10956689508508306,-0.033937910684405354,1.9972088194375417,0.003461938705190588,-0.02715263550554657,-0.040723185863264136,0.1307426702711662,-0.029563249208144907,-0.038312572160665796
-0.952104208416834,0.11165952799928533,-0.03392834433626956,1.9966286386344732,0.003474373000905712,-0.027118698385636016,-0.0407379902869031,0.13178790866655796,-0.029518709089530474,-0.03833797958300865
-0.9438877755511024,0.11379212839153145,-0.03391585470221466,1.9958748403905529,0.0034853228370456354,-0.027084747467110246,-0.04074696193731907,0.13268327016069417,-0.029476260579558464,-0.038355448824870846
-0.9356713426853708,0.11596545960607073,-0.033900653025050714,1.994960225962661,0.0034945404079616466,-0.02705147968292598,-0.040749826367175446,0.13340974408583553,-0.02943675101968697,-0.03836455503041446
-0.9274549098196394,0.11818029956636722,-0.03388294351777572,1.9938971530578118,0.003501827074464068,-0.02701948857173888,-0.040746398463812554,0.13395253385273814,-0.029400879718117483,-0.03836500731743395
-0.919238476953908,0.12043744105355014,-0.033862923600430805,1.9926975510513447,0.0035070314751892468,-0.026989268216411504,-0.04073657898445011,0.13430074001189993,-0.02936920879144928,-0.038356638409412336
-0.9110220440881764,0.12273769199018238,-0.033840784128144286,1.99137293559966,0.003510047702751592,-0.026961217046733613,-0.04072035120955496,0.1344470956431227,-0.02934217224661241,-0.03833939600967616
-0.902805611222445,0.12508187572944854,-0.03381670961062046,1.9899344226653601,0.0035108135882683756,-0.026935641421180608,-0.04069777780006031,0.13438775502669245,-0.029320083271437813,-0.0383133359498031
-0.8945891783567136,0.12747083134986675,-0.033790878423317856,1.9883927419718013,0.0035093091127961227,-0.026912758951619247,-0.04066899789501647,0.13412213407068627,-0.029303139785152164,-0.03827861706148355
-0.8863727454909821,0.12990541395562896,-0.033763463010548916,1.9867582499031644,0.00350555494283813,-0.02689270157675981,-0.04063422444433802,0.13365279940619373,-0.02929142835236138,-0.038235497668736455
-0.8781563126252506,0.13238649498267718,-0.03373463008072462,1.9850409418654704,0.0034996110683620115,-0.026875518426837337,-0.04059374173461191,0.13298540197053463,-0.029284926600606782,-0.038184333560842464
-0.8699398797595191,0.1349149625106259,-0.03370454079395281,1.9832504641229227,0.003491575504753279,-0.026861178555334125,-0.0405479030325715,0.13212864992258716,-0.029283504314218927,-0.03812557727368669
-0.8617234468937878,0.1374917215806419,-0.0336733509421943,1.9813961251235603,0.00348158300401277,-0.0268495736451425,-0.0404971282392461,0.13109431457762927,-0.029286923415893423,-0.038059778468495176
-0.8535070140280563,0.14011769451939524,-0.03364121112216595,1.9794869063271303,0.0034698037046891846,-0.026840520827551492,-0.040441901416780404,0.12989726144893693,-0.029294837100939324,-0.03798758514339257
-0.8452905811623248,0.14279382126919726,-0.033608266901172,1.977531472547492,0.0034564416341655692,-0.02683376578354272,-0.040382768018801286,0.12855549619527687,-0.029306788465703244,-0.037909745336640766
-0.8370741482965933,0.14552105972444415,-0.03357465897603509,1.975538181821143,0.003441732960949892,-0.026828986328168904,-0.04032033162390128,0.1270902120712597,-0.029322209078807285,-0.037827108873262905
-0.8288577154308618,0.14830038607448637,-0.03354052332529027,1.9735150948128155,0.003425943878899259,-0.02682579670959227,-0.040255249940988266,0.1255258211737587,-0.029340418087835097,-0.037740628562745446
-0.8206412825651304,0.15113279515304626,-0.03350599135479192,1.9714699837681615,0.0034093679906035033,-0.026823752883165356,-0.040188229826418474,0.12388994627737282,-0.02936062263812493,-0.0376513600714589
-0.8124248496993989,0.1540193007943095,-0.03347119003688055,1.9694103410232453,0.003392323044748288,-0.02682235904524865,-0.040120021028512455,0.122213343445912,-0.029381920601363083,-0.03756045947239802
-0.8042084168336675,0.15696093619581752,-0.03343624204324163,1.967343387079528,0.0033751468739684743,-0.026821075727730473,-0.04005140835875279,0.12052971831384145,-0.029403306855682057,-0.037469177230801204
-0.795991983967936,0.1599587542882909,-0.033401265871584575,1.9652760782526872,0.003358192377752813,-0.026819329758032133,-0.03998320198513702,0.1188753918824241,-0.029423684594830638,-0.037378847148338515
-0.7877755511022045,0.16301382811251586,-0.033366375966255996,1.9632151139025997,0.003341821401955381,-0.026816526375658296,-0.039916225556853695,0.11728876649643229,-0.029441883317254263,-0.037290868615257725
-0.7795591182364732,0.16612725120342922,-0.033331682832900625,1.9611669432517063,0.0033263973849667586,-0.026812063760097562,-0.03985130190570369,0.11580954177753774,-0.02945668517569506,-0.03720668049010619
-0.7713426853707417,0.169300137981539,-0.03329729314726629,1.9591377717977865,0.0033122766726588924,-0.026805350162022692,-0.039789236132509884,0.11447763674407017,-0.02946686115196638,-0.037127725142566195
-0.7631262525050102,0.1725336241518206,-0.033263309858246964,1.957133567326935,0.0032997984506541495,-0.02679582373872376,-0.03973079597777017,0.11333179122859266,-0.02947121795668928,-0.037055401759804645
-0.7549098196392787,0.17582886711023185,-0.033229832285248076,1.9551600655317956,0.0032892733021020132,-0.026782975077818995,-0.03967668949267716,0.11240784891797985,-0.029468655576290803,-0.03699100899420535
-0.7466933867735472,0.17918704635799193,-0.03319695620994928,1.9532227752394649,0.003280970467918998,-0.026766372258488515,-0.03962754016141005,0.11173676489492122,-0.029458234032606816,-0.03693567838729175
-0.7384769539078158,0.1826093639237728,-0.03316477373155892,1.9513269699215927,0.003275102566157928,-0.02674569065621467,-0.03958385680690317,0.11134227444293751,-0.029439251240129756,-0.03689029622298808
-0.7302605210420843,0.18609704479395398,-0.033133338987764334,1.9494757089864438,0.003271609678422201,-0.02672110184658415,-0.039545576128944514,0.11121663592601086,-0.02941202037238263,-0.03685465760314604
-0.7220440881763528,0.18965133735109493,-0.033102631711941694,1.9476677342874162,0.003269971727854705,-0.02669360489488226,-0.039511658529001126,0.11130000802658964,-0.02937852345859527,-0.03682673996528812
-0.7138276553106214,0.19327351382078184,-0.03307261958739298,1.9459010692102896,0.0032696251193240194,-0.026664272110570424,-0.039480967064215534,0.11152689153762448,-0.029340919791413504,-0.036804319383372454
-0.7056112224448899,0.19696487072700897,-0.03304326698352031,1.9441735230371513,0.003270036630251352,-0.026634112960100938,-0.03945242100693968,0.11183500341664349,-0.029301257736427992,-0.036785276230612625
-0.6973947895791585,0.20072672935625688,-0.03301453494645718,1.942482690469724,0.0032707198879171496,-0.026604041762620687,-0.03942502813029368,0.11216752710009235,-0.029261399427085808,-0.03676767046582855
-0.6891783567134271,0.20456043623043474,-0.03298638118439302,1.9408259507801255,0.003271248377380663,-0.026574852180241824,-0.03939791018854421,0.11247467669019241,-0.02922296841218236,-0.036749793956603674
-0.6809619238476956,0.20846736358885526,-0.032958760047594515,1.9392004665894724,0.0032712652959159807,-0.02654719788372343,-0.0393703222114656,0.1127146879046742,-0.029187316478615777,-0.036730203616573254
-0.6727454909819641,0.21244890987941453,-0.03293162250312383,1.9376031822744113,0.0032704906129420066,-0.02652157868998117,-0.03934166631626649,0.11285436828374201,-0.029155505216130688,-0.03670773979011697
-0.6645290581162326,0.21650650025915358,-0.03290491610424906,1.936030822001292,0.0032687256811333313,-0.026498331493886574,-0.03931150071461155,0.11286933127176763,-0.029128298154334247,-0.036681534054163877
-0.6563126252505012,0.22064158710437978,-0.03287858495452988,1.9344798873867823,0.003265855688743753,-0.026477625425886872,-0.03927954448317289,0.11274401547397885,-0.02910616008245122,-0.036651009826608544
-0.6480961923847697,0.22485565053053136,-0.03285256966655224,1.932946654783091,0.003261850158821454,-0.026459460832295938,-0.039245678500808547,0.1124715605894612,-0.0290892611593516,-0.036615878173752885
-0.6398797595190382,0.22915019892197075,-0.03282680731528873,1.9314271721860163,0.003256761599837931,-0.02644367187337334,-0.03920994275720412,0.11205358051303003,-0.02907748445894267,-0.036576130171634795
-0.6316633266533067,0.23352676947189663,-0.03280123138603761,1.929917255762462,0.0032507223043039568,-0.026429932745860803,-0.039172530026214424,0.11149984422113618,-0.029070436595694263,-0.03653202617638096
-0.6234468937875753,0.2379869287325676,-0.03277577171690141,1.9284124859944503,0.0032439391858237396,-0.02641776774464869,-0.039133775689154125,0.1108278469162059,-0.029067462016666223,-0.03648408141713659
-0.6152304609218439,0.24253227317603523,-0.032750354435746254,1.9269082034353477,0.0032366864490310245,-0.02640656556639661,-0.0390941433050959,0.11006222752479432,-0.02906766242903178,-0.036433046442460724
-0.6070140280561124,0.24716442976558578,-0.032724901891579714,1.9253995040736585,0.0032292958096635832,-0.026395598409212975,-0.03905420537394645,0.10923396448466925,-0.0290699236404917,-0.03637988014266773
-0.5987975951903809,0.2518850565380965,-0.032699332580282646,1.9238812342995377,0.0032221439333050992,-0.02638404651800042,-0.03901461864256487,0.108379261532192,-0.029072952766660328,-0.03632571239390497
-0.5905811623246495,0.2566958431975146,-0.032673561064607115,1.9223479854675718,0.003215636751269685,-0.02637102884475515,-0.038976093284459085,0.10753802246890345,-0.02907532918551039,-0.03627179294370384
-0.582364729458918,0.2615985117196706,-0.032647497888364976,1.9207940880500638,0.0032101903499832593,-0.026355640418879757,-0.038939355357850196,0.10675181407043259,-0.029075572612812215,-0.03621942316391774
-0.5741482965931866,0.2665948169686434,-0.03262104948470135,1.919213605373034,0.003206208221686995,-0.026336996843258624,-0.03890510212614407,0.10606123569019621,-0.02907223102370341,-0.036169867945699284
-0.5659318637274551,0.27168654732489755,-0.0325941180783596,1.9176003269278412,0.0032040548072930887,-0.026314286051572724,-0.03887395010514648,0.10550265728107831,-0.029063989701041085,-0.03612424645567812
-0.5577154308617236,0.2768755253254171,-0.032566610509192614,1.9159483829847188,0.0032039612582703833,-0.02628696183512103,-0.0388462591832642,0.10509846214222276,-0.029050006537480744,-0.036083214480904485
-0.5494989979959922,0.28216360831606535,-0.032538495635754575,1.9142562426012235,0.0032056038846432653,-0.026255627473152084,-0.038821363798357066,0.10481756474636557,-0.029031290516107523,-0.03604570075540162
-0.5412825651302607,0.28755268911640497,-0.03250976783450056,1.9125241722490287,0.003208423550609906,-0.026221373228155022,-0.0387981624408461,0.10460567966705552,-0.029009652408615534,-0.03600988326038559
-0.5330661322645293,0.29304469669721417,-0.03248041721008851,1.9107521620773906,0.003211887163075966,-0.026185234048053084,-0.03877560037212393,0.10441068224764999,-0.028986826415350102,-0.03597400800482691
-0.5248496993987978,0.2986415968709442,-0.03245042945737104,1.908939917233848,0.003215520193065644,-0.026148125687401096,-0.038752733227340984,0.10418659368679915,-0.028964336685981796,-0.03593652222876029
-0.5166332665330663,0.30434539299536323,-0.03241978586215482,1.907086858844777,0.003218930248543941,-0.02611079850626213,-0.03872877321804751,0.10389644740181322,-0.028943401411490367,-0.035896170312819276
-0.5084168336673349,0.3101581266906392,-0.03238846329571294,1.9051921245577046,0.0032218232632605934,-0.02607380573516887,-0.03870312085625701,0.10351425496138437,-0.0289248670383919,-0.03585205955303398
-0.5002004008016034,0.3160818785701192,-0.03235643420307102,1.903254568647938,0.00322401284245809,-0.026037485146158557,-0.03867538325998349,0.10302620994943917,-0.02890916797563242,-0.03580370043050962
-0.4919839679358719,0.3221187689850648,-0.03232366658507993,1.90127276169149,0.0032254232237013745,-0.026001953231726157,-0.0386453799384337,0.10243124093709703,-0.02889630807416925,-0.03575102509599061
-0.4837675350701405,0.32827095878361184,-0.03229012397427389,1.8992449898052741,0.0032260861443304733,-0.025967111320362474,-0.0386131366281853,0.10174096737782151,-0.028885862078581338,-0.03569438586996644
-0.475551102204409,0.33454065008422634,-0.03225576540450966,1.8971692534552593,0.0032261317004406596,-0.025932663462263007,-0.038578867346756314,0.10097903870960923,-0.028876997710408477,-0.035634533098610845
-0.4673346693386775,0.3409300870639314,-0.03222054537437297,1.8950432658325198,0.0032257730777842334,-0.025898146319616955,-0.03854294442912899,0.10017975972969506,-0.028868521626643415,-0.035572569122102535
-0.4591182364729461,0.34744155676158955,-0.032184413804327676,1.892864450796417,0.0032252848697952594,-0.02586297161964701,-0.03850585598900834,0.09938583793179939,-0.02885895475117881,-0.035509872857476546
-0.4509018036072146,0.35407738989652693,-0.03214731598757445,1.8906299403834175,0.003224974602629473,-0.02582648191536431,-0.03846815005978459,0.09864504836262437,-0.028846643819866763,-0.035447988155282134
-0.4426853707414832,0.3608399617027919,-0.03210919253458058,1.8883365718796725,0.0032251470817449444,-0.025788020409516034,-0.03843036465964513,0.09800561997451379,-0.028829915698102504,-0.03538846937105866
-0.4344689378757517,0.3677316927793485,-0.03206998771967119,1.8859813263155263,0.003226047375965944,-0.025747051050357996,-0.03839292438898439,0.09750718077045276,-0.02880738870367621,-0.03533258673566617
-0.4262525050100202,0.37475504995650594,-0.032029770941828045,1.8835677110316191,0.0032276275954368702,-0.025703737099264164,-0.03835580478439193,0.09713164418199886,-0.0287797374137723,-0.03527980446988379
-0.4180360721442888,0.38191254717889844,-0.031988709047340774,1.8811043053734307,0.0032296366515774974,-0.025658737527098345,-0.0383186805675832,0.09681804832356246,-0.028749168464841143,-0.035228249629840405
-0.4098196392785573,0.38920674640532754,-0.03194696713702001,1.8785995484989702,0.0032318479094362207,-0.025612661631013955,-0.038281272643026075,0.09650706338513705,-0.028717832138458705,-0.035176102135581325
-0.4016032064128259,0.39664025852579093,-0.031904706019286536,1.8760616058254618,0.003234107772289217,-0.025565971263478603,-0.038243440775094464,0.09614814560252412,-0.028687580441930143,-0.03512183159664293
-0.3933867735470944,0.40421574429602647,-0.0318620824115077,1.873498379793889,0.003236366689600462,-0.025518920259125676,-0.038205244563889726,0.09570376338093384,-0.02865982590315146,-0.03506433891986395
-0.3851703406813629,0.41193591528990436,-0.03181924913554646,1.8709175202287058,0.0032386976749326094,-0.02547151833586493,-0.03816697993522798,0.09515189840189325,-0.028635458078896982,-0.03500304019219593
-0.3769539078156314,0.41980353487000965,-0.031776355307717274,1.8683264343036623,0.0032413025648166407,-0.025423519017679357,-0.03812919159775519,0.09448701277827383,-0.02861481138368131,-0.034937899231753236
-0.3687374749499,0.4278214191767614,-0.03173354652332918,1.865732296123708,0.0032445060165522226,-0.02537443158326331,-0.03809266146339505,0.09371958042748342,-0.028597680954597384,-0.03486941209206097
-0.3605210420841686,0.4359924381364247,-0.031690965035989796,1.8631420559324372,0.003248737007346475,-0.02532355750634827,-0.03805837256563133,0.09287413696955926,-0.02858338808120528,-0.03479854199077431
-0.3523046092184371,0.4443195164883728,-0.031648749931834745,1.8605624489538606,0.0032544974552881274,-0.025270052131692762,-0.03802744773197673,0.09198565129456054,-0.02857090178744216,-0.034726598076227334
-0.3440881763527056,0.45280563483197034,-0.031607037298846355,1.8580000038771187,0.003262317622259496,-0.025213012253087398,-0.03800106234460531,0.09109390698418066,-0.028559026999077884,-0.034655047598614826
-0.3358717434869741,0.46145383069345103,-0.0315659016724418,1.855458144069246,0.0032725795425109245,-0.025151763632577817,-0.03798003971230578,0.09023187283972252,-0.02854673511248039,-0.034585068232403204
-0.3276553106212427,0.47026719961317126,-0.03152497705708783,1.8529184258858173,0.0032847085060738286,-0.02508706668547076,-0.0379628874287049,0.08939492000559028,-0.028533815014039926,-0.034516139100135734
-0.3194388777555113,0.47924889625363026,-0.03148369663469874,1.8503524054571012,0.00329770743525971,-0.02502030883003976,-0.03794708443935773,0.08856074552627337,-0.028520446144562974,-0.034446947124834516
-0.3112224448897798,0.4884021355286512,-0.031441488915666234,1.8477313490670768,0.0033106217943320174,-0.02495278943234211,-0.03793018839899036,0.0877112299133056,-0.028506663294150816,-0.03437631453718165
-0.3030060120240483,0.4977301937541296,-0.031397778104228696,1.8450262509185984,0.00332258506633656,-0.024885631038638414,-0.03790992516981898,0.08683973476919167,-0.028492112788417574,-0.03430344342003982
-0.2947895791583168,0.50723640982076,-0.031351983493071646,1.8422078027264719,0.0033328419768906847,-0.02481973325220263,-0.03788423373394066,0.0859558547165546,-0.02847589288311506,-0.03422807410302823
-0.2865731462925854,0.5169241863891598,-0.031303518851678876,1.8392463628874296,0.0033407530736474338,-0.02475576314608842,-0.03785127455726933,0.08508758582349112,-0.02845648059677701,-0.03415055710658074
-0.278356713426854,0.5267969911078207,-0.03125179180793872,1.836111925201985,0.0033457820702918945,-0.024694179450046743,-0.03780940416583069,0.0842806656857837,-0.028431753173233733,-0.034071830442643704
-0.2701402805611225,0.5368583578543202,-0.03119620322251115,1.8327740871231413,0.0033474667980285546,-0.02463528885893157,-0.03775711758609073,0.0835946628433305,-0.02839911830445629,-0.03399328814056601
-0.261923847695391,0.5471118880002395,-0.03113614756918714,1.8292020696132418,0.003345374571262836,-0.02457933389471586,-0.037692961243658424,0.08309521960231182,-0.02835577406678206,-0.03391652107159222
-0.2537074148296595,0.5575612517002411,-0.031071391303576317,1.8253841659338033,0.0033393174632575327,-0.024526449342645897,-0.03761633326450674,0.08280978415807509,-0.028300568496741944,-0.03384221411041069
-0.2454909819639281,0.568210189205766,-0.031002641051454345,1.8213569472403135,0.003329754965686991,-0.024476441241364437,-0.03752884086154425,0.0826751578322892,-0.02823632285355816,-0.03376895924935053
-0.2372745490981966,0.579062512203822,-0.03093074137559767,1.8171640267455489,0.0033172842214711615,-0.0244289837750312,-0.03743249897616414,0.08262035647805409,-0.028166256835930447,-0.033695225915264894
-0.2290581162324652,0.59012210518134,-0.030856530129305112,1.812848624472521,0.0033025920933629793,-0.02438356857068693,-0.037329491687923294,0.0825900116703792,-0.02809306092962494,-0.03361999932898529
-0.2208416833667337,0.601392926815591,-0.030780839313112658,1.8084536109362896,0.0032864882167581663,-0.024339440772651384,-0.03722223785357393,0.08254986000262107,-0.028018713591837698,-0.03354296503438762
-0.2126252505010022,0.6128790113911561,-0.0307044959243669,1.8040215503552015,0.003269914379758432,-0.024295581507510745,-0.037113410341223056,0.08248748334210991,-0.027944457331748482,-0.03346453451698532
-0.2044088176352707,0.6245844702439616,-0.03062832280029643,1.7995947434233395,0.0032539285737333986,-0.024250739987513183,-0.037005905613079676,0.08240857453698776,-0.027870924503376346,-0.03338572109721651
-0.1961923847695393,0.6365134932328925,-0.030553139455071963,1.7952152696687982,0.0032396614070552975,-0.024203519775139223,-0.0369027591350047,0.08232878200965328,-0.027798411023274718,-0.03330786788686921
-0.1879759519038079,0.6486703502395137,-0.03047968047361639,1.790921079809587,0.003228042347913695,-0.024152833731135435,-0.03680652721609735,0.08225193345373412,-0.02772752340139432,-0.033231837545838465
-0.1797595190380764,0.6610593926964333,-0.030408361031092998,1.7867347644853244,0.003219181551375824,-0.024098881130700606,-0.03671784093148539,0.08213703946877417,-0.027660048321914883,-0.03315667374027111
-0.1715430861723449,0.6736850551448572,-0.030339518569595332,1.7826751378668422,0.0032130319346251515,-0.024042091696552984,-0.03663694544263768,0.08193878678491917,-0.027597839413004345,-0.03308119772618632
-0.1633266533066134,0.6865518568218915,-0.03027348974039861,1.7787609293881637,0.0032096549509211467,-0.02398268163379249,-0.03656429784700473,0.08162923438142473,-0.027542168234998644,-0.03300481124579858
-0.155110220440882,0.6996644032781603,-0.03021061083795684,1.7750108098420703,0.0032092610874564055,-0.02392057468955644,-0.036500646986357244,0.08120428637822373,-0.027493508130866266,-0.032927713545047414
-0.1468937875751506,0.7130273880263206,-0.030151218231385647,1.771443417259408,0.00321221145688672,-0.02385539946516074,-0.03644703699761055,0.08068404126480568,-0.02745152297246148,-0.032850913490309816
-0.1386773547094191,0.7266455942210599,-0.03009564879390805,1.7680773826040541,0.0032189798515374875,-0.023786564217934486,-0.03640473336988161,0.08010689182902009,-0.027415265006881614,-0.032776032580934485
-0.1304609218436876,0.7405238963711813,-0.030044037949814754,1.7649205933567902,0.0032298288331040507,-0.023713689760701786,-0.036374386138927725,0.07951107485664682,-0.027383590252134955,-0.032704485647494556
-0.1222444889779561,0.7546672620843887,-0.029995593846108316,1.7619315981096761,0.003243858657704293,-0.02363774770606946,-0.03635343998614717,0.07890201941132531,-0.02735552519826763,-0.032635662493949
-0.1140280561122246,0.7690807538453952,-0.029949258836258475,1.759054780744739,0.003259866998429635,-0.023560036924945703,-0.03633848074757125,0.07827938421201026,-0.02733002361804377,-0.03256849405447318
-0.1058116232464932,0.783769530827991,-0.029903974284986548,1.7562344392890576,0.0032767405125004256,-0.023481680893802395,-0.0363262676761707,0.07765726040229493,-0.02730555538525594,-0.032502393184717156
-0.0975951903807617,0.7987388507417227,-0.029858679386883927,1.7534147204081583,0.003293477119473148,-0.023403582848809834,-0.03631377592495802,0.07706939943829882,-0.027279930367745914,-0.032437428406021936
-0.0893787575150304,0.8139940717138392,-0.02981230995899889,1.7505395524314888,0.003309164888998017,-0.02332646595765829,-0.03629815396033949,0.0765661780298228,-0.02725039877333272,-0.03237422114466506
-0.0811623246492989,0.829540654207185,-0.029763852016717933,1.7475557844359413,0.003322910762469443,-0.023251066598437294,-0.03627663743499857,0.07619807977185403,-0.02721425743178567,-0.0323134466016502
-0.0729458917835674,0.8453841629747193,-0.029712798086566662,1.7444398956320821,0.0033337042385287036,-0.02317885784394188,-0.036246738329191446,0.07596434692286996,-0.02717102422372969,-0.032254571949403635
-0.0647294589178359,0.8615302690513682,-0.02965891395185642,1.7411843521614636,0.0033405265874258184,-0.023111602151103323,-0.03620622575260951,0.07584408399283121,-0.027121164097447387,-0.03219666380626545
-0.0565130260521045,0.8779847517839182,-0.029601961770260442,1.7377814127917037,0.0033424847094900598,-0.0230508121207841,-0.03615311141973678,0.07583818288106126,-0.027064409367580623,-0.03213951417294026
-0.048296593186373,0.8947535008996794,-0.029541697059827413,1.734222962498552,0.003338840380981449,-0.02299769016297578,-0.036085703956679045,0.07597725545068887,-0.026999491276491587,-0.03208390284316324
-0.0400801603206415,0.9118425186146568,-0.029477869390226695,1.730500546669251,0.0033289885405426004,-0.02295317174581664,-0.03600256703463675,0.07631729382551894,-0.02692428589236405,-0.03203145288808934
-0.03186372745491,0.9292579217819882,-0.029410557701908837,1.726618889499584,0.003313123366877198,-0.022916955226491446,-0.03590416017732623,0.07688509201000251,-0.02683797562585593,-0.031983139777961744
-0.0236472945891785,0.9470059440814136,-0.029340675148170018,1.722616241586023,0.003293291999824767,-0.022885941437939584,-0.03579540885840045,0.07760924737420968,-0.026743862768666415,-0.03193748752767362
-0.015430861723447,0.9650929382505626,-0.029269258315890556,1.7185357380459019,0.003271873464064908,-0.02285650416435103,-0.03568201246743008,0.07841415103457648,-0.026645513787702788,-0.031893002844078325
-0.0072144288577156,0.9835253783588568,-0.029197339101875674,1.714420234673078,0.00325133956933343,-0.02282483064447218,-0.035569847559279166,0.07924282521019758,-0.026545867061430868,-0.03184881114232048
0.0010020040080156,1.0023098621248416,-0.02912594514004646,1.7103123154537037,0.0032342418890001527,-0.02278694752031537,-0.03546494275977755,0.08005306874176392,-0.026447362278348114,-0.03180452800174481
0.0092184368737471,1.0214531132777804,-0.029055532916029973,1.7062247433110058,0.0032225188486975738,-0.02273951203308125,-0.035371553798978696,0.0807966767208899,-0.026352068864640643,-0.0317589969674193
0.0174348697394786,1.0409619839643451,-0.028984971882482488,1.7020875225314565,0.003216341723970869,-0.02268105794152612,-0.03528888582343886,0.08140118527391801,-0.026261280920678087,-0.03170866284428689
0.02565130260521,1.0608434572012815,-0.028912855320349734,1.6978161935439902,0.003215637166599941,-0.022610322286465423,-0.035215388354234045,0.08180391235018795,-0.026175689074444505,-0.03165002156625497
0.0338677354709415,1.0811046493749135,-0.028837773675962856,1.693326075574654,0.0032204643111215098,-0.0225257796126681,-0.03514976773925761,0.08196709469328402,-0.026095147334218464,-0.03158040001770725
0.042084168336673,1.101752812788386,-0.028758358433645777,1.688535240515689,0.0032309661974344508,-0.022425781051407925,-0.03509093581588363,0.08187779498066704,-0.026018720068296673,-0.031497996798994884
0.0503006012024045,1.1227953382575593,-0.02867416002627493,1.6834237822741625,0.003246279591438353,-0.02231156894330836,-0.0350367511092415,0.08157744558903302,-0.025944571378514386,-0.031403748674035475
0.058517034068136,1.1442397577564816,-0.028585593909591707,1.6780301888074867,0.0032645931615738737,-0.022187108888731166,-0.03498407893045225,0.0811574459251421,-0.025870058488263323,-0.031301129330920094
0.0667334669338675,1.1660937471133888,-0.028493104137637185,1.6723948967992737,0.0032841617456000447,-0.0220562653968569,-0.03492994287841747,0.08072701241020351,-0.02579197106033304,-0.03119423721494133
0.0749498997995989,1.188365128758194,-0.028397134296823355,1.6665582939693004,0.0033033179400969817,-0.021922750104748232,-0.03487151848889848,0.08040751469563452,-0.025706691641710983,-0.031087576951935727
0.0831663326653302,1.2110618745224544,-0.02829856005910677,1.660586082480608,0.0033203346572129705,-0.0217908237143492,-0.03480629640386434,0.08028155005277816,-0.025612332192244718,-0.03098478792596882
0.0913827655310617,1.2341921084928127,-0.02819901024968699,1.654588110272675,0.0033333936564701873,-0.02166567873671114,-0.034732341762662836,0.08036527605485115,-0.025509980903284477,-0.030888039596089503
0.0995991983967932,1.257764109918936,-0.02810018450349054,1.6486783874049955,0.0033407963276665667,-0.021552344021580398,-0.034648024985400684,0.08068437150350033,-0.025400478194750022,-0.03079989081223106
0.1078156312625246,1.2817863161769967,-0.028003785417454085,1.6429709998322137,0.0033410277615982336,-0.021455491333373072,-0.0345520795015351,0.08128883828767092,-0.025283853595888216,-0.030723717239019954
0.1160320641282561,1.306267325789753,-0.02791180250552122,1.6375912234791898,0.00333337739792243,-0.02137850285871342,-0.03444510215232902,0.0822288866025529,-0.025160416583007217,-0.030663188428035226
0.1242484969939876,1.3312159015043068,-0.027826625749290068,1.6326799858892527,0.003318231137249846,-0.021323012227900985,-0.03433023927067915,0.08355516314586865,-0.02503086249465582,-0.030622389003924316
0.1324649298597191,1.3566409734286482,-0.02775067568156757,1.6283794667669413,0.0032963440935034486,-0.021289959977649476,-0.03421139138548566,0.08536232415666928,-0.024894444657390657,-0.03060690670574448
0.1406813627254506,1.3825516422281035,-0.027686042360385188,1.6248113161199442,0.0032689320217975846,-0.021279053329752218,-0.03409303139101816,0.08777629405513476,-0.024749039686847232,-0.030623045033923144
0.1488977955911821,1.4089571823828324,-0.027631699664454168,1.6219033929710218,0.003238282740872876,-0.02128478212058568,-0.03397861720832265,0.0908072673001844,-0.024593280354226796,-0.03067011897468154
0.1571142284569135,1.4358670455075404,-0.02758491970533374,1.6194777255850767,0.0032070940727566394,-0.021299130827698846,-0.03387070858296863,0.09437780310818236,-0.024427029946656287,-0.03074280946401119
0.165330661322645,1.4632908637345976,-0.027542963388239798,1.6173556491852366,0.0031778754842268163,-0.021314441891802455,-0.03377148488467714,0.09838532218011298,-0.024250981681899104,-0.030834945094580492
0.1735470941883763,1.4912384531617662,-0.02750334760396505,1.6153742961423396,0.0031525215438697844,-0.021324518917493665,-0.03368217629043643,0.10268522614457257,-0.024067490725227104,-0.030939204482702994
0.1817635270541078,1.5197198173657849,-0.02746400194204785,1.6133962574098173,0.0031321626628088564,-0.02132507592922142,-0.03360292795487428,0.10710436152010773,-0.02388028039720176,-0.03104772348689394
0.1899799599198393,1.5487451509830508,-0.02742289249455087,1.611286366599606,0.0031176912042538314,-0.02131233001929605,-0.03353345496980569,0.11148002519251049,-0.02369276085068331,-0.03115302413841843
0.1981963927855707,1.5783248433586956,-0.027378320629736858,1.608932482290069,0.003109438864453594,-0.02128393244327869,-0.033472708816195025,0.11567383770168263,-0.02350786364308348,-0.031248777616390236
0.2064128256513022,1.608469482265355,-0.027329552711138884,1.606288740314504,0.0031066068968480386,-0.02124071507919299,-0.033418390343084775,0.11959990123995595,-0.02332772928628585,-0.03133137613599192
0.2146292585170337,1.6391898576929596,-0.02727602307202585,1.6033208043161378,0.0031083286822420272,-0.021183810802718632,-0.03336823534133307,0.12320400096010882,-0.023153606147211,-0.0313984399968407
0.2228456913827652,1.670496965710913,-0.027217318915754605,1.600005563017329,0.003113850185018425,-0.021114284699865107,-0.0333203531316441,0.12647471714866143,-0.02298546353385328,-0.03144917429765593
0.2310621242484967,1.7024020124040296,-0.027153503641494943,1.596354851390028,0.0031225043645843023,-0.021033507545340585,-0.0332734997376493,0.1294829118097374,-0.02282099379636744,-0.03148601348662245
0.2392785571142281,1.7349164178836476,-0.02708472669123431,1.5923868284643539,0.003133859363714606,-0.020942475205740073,-0.033226978176728546,0.13232556183185018,-0.022657101521351423,-0.0315123518611172
0.2474949899799596,1.768051820375352,-0.027011144953959197,1.588117106041634,0.0031475215525105615,-0.0208421160704749,-0.0331801738374435,0.13505912236524223,-0.022492054603399994,-0.0315302353045184
0.2557114228456911,1.801820080384765,-0.026932936203527193,1.5835564928923123,0.003162865059480776,-0.020733834598984736,-0.03313203780806965,0.13764711800482338,-0.022327251286697283,-0.0315386211203571
0.2639278557114224,1.8362332849429048,-0.026850252125889148,1.5787134884776515,0.003179358776785586,-0.020618823429458078,-0.033081680822320214,0.1400567397059281,-0.022163941050771963,-0.03153656320100633
0.2721442885771539,1.8713037519326252,-0.02676273952402751,1.5735662910460375,0.0031968072419156736,-0.020497112464355965,-0.03302836658369905,0.14227986427227324,-0.022002042501482855,-0.031523436546572164
0.2803607214428854,1.907044034497683,-0.026669568025126086,1.568064455403835,0.003215359787216952,-0.02036757864484249,-0.032971557405409684,0.14433313894553965,-0.021840168247813686,-0.031498967802438486
0.2885771543086168,1.9434669255360189,-0.026570042357236225,1.562165683795762,0.003235118757111734,-0.020229326107587244,-0.03291075860688521,0.14623001343323677,-0.02167717298939597,-0.03146291172507648
0.2967935871743483,1.9805854622788575,-0.02646421876810875,1.5558730473289106,0.0032553420736696997,-0.020083865546358205,-0.032844571989859295,0.14791190192424106,-0.021515073260476473,-0.03141336427574103
0.3050100200400798,2.018412930957258,-0.02635238267477435,1.5492036716890816,0.003275116590571212,-0.019933272112085162,-0.03277149323746354,0.14930933364157278,-0.021356478976515887,-0.031348286373032816
0.3132264529058113,2.056962871557797,-0.026235093401743972,1.542197131437631,0.0032933854840090705,-0.01978017646587918,-0.032690010337608766,0.15039689465168724,-0.021202799814521466,-0.03126738698896648
0.3214428857715428,2.0962490826690803,-0.026113196270369097,1.5349164297854343,0.0033089594472180553,-0.019627754927518143,-0.03259863761322005,0.15119225479897758,-0.021054289861266114,-0.03117210267947208
0.3296593186372742,2.1362856264208165,-0.025987269840453842,1.5274024844973089,0.0033213841214871425,-0.019477476583515833,-0.03249706309739185,0.1517187435207661,-0.020910747071488264,-0.03106379260941942
0.3378757515030057,2.1770868335172255,-0.02585714701736038,1.5196343492806839,0.0033319279228111185,-0.019326688289567236,-0.03238760574515353,0.15199936879923825,-0.020771234501402096,-0.030943059533318665
0.3460921843687372,2.218667308366577,-0.025722482477253873,1.5115800053963615,0.0033419979111549017,-0.019172286934982175,-0.032272678019525575,0.15206716583679852,-0.020634301466336716,-0.03081066348817103
0.3543086172344685,2.261041934308703,-0.025582638262392272,1.5032038282544957,0.003351784872447972,-0.019013260628468066,-0.03215201589631648,0.15195129537428284,-0.020498334287545685,-0.03066694223723886
0.3625250501002,2.3042258789423493,-0.025436940052080276,1.49447161124827,0.003361226915747415,-0.018849056353348694,-0.03202482375081186,0.15168384365966642,-0.020361585035597974,-0.030512295068562578
0.3707414829659314,2.3482345995542735,-0.02528536645334383,1.4853761799011571,0.003370992852693132,-0.018678341869923357,-0.031892391036764306,0.15127699325829289,-0.020223624687790234,-0.03034710821889743
0.3789579158316629,2.393083848652037,-0.025128263836388096,1.4759268396373821,0.003382090161007571,-0.018499488928345985,-0.031757038744430206,0.15073917979953247,-0.02008451735741212,-0.03017201031536407
0.3871743486973944,2.438789679602465,-0.02496613537696439,1.4661553112740828,0.0033944890804126293,-0.01831305903344115,-0.03161921172048763,0.15009128081431247,-0.019944067656157204,-0.029988203097771577
0.3953907815631259,2.485368452377799,-0.02479957067789232,1.4561071445886222,0.0034074766533146246,-0.01812103915923458,-0.03147810219655006,0.14935908083603064,-0.019802002434044452,-0.029797138921740185
0.4036072144288574,2.532836839411596,-0.024628989786253584,1.44581717128032,0.0034198630965907133,-0.017926181284878162,-0.031331798287629005,0.148510103914314,-0.01965982838636848,-0.029598151186138687
0.4118236472945888,2.5812118315664674,-0.024454694794849616,1.4353113638591306,0.0034303120696613744,-0.017731406682580268,-0.031177982907118963,0.14747530148455212,-0.019520157977096962,-0.02938923161260227
0.4200400801603203,2.6305107442158007,-0.024276941009051284,1.424600745738166,0.0034385214058281345,-0.017537562893558106,-0.031016319124544462,0.14618287447796052,-0.019385648914883428,-0.02916823310321914
0.4282565130260518,2.6807512234416326,-0.024095927872369544,1.4136885621878357,0.003444834276208404,-0.017344176758291967,-0.030847678986447122,0.14458808598183537,-0.01925799754435127,-0.028933858200387817
0.4364729458917831,2.7319512523508975,-0.02391167491992779,1.4025788349411246,0.003449898664791148,-0.01714999778662432,-0.03067335205323126,0.14277422972198817,-0.019134436385085912,-0.02868891345476967
0.4446893787575146,2.7841291575123153,-0.023724114527721874,1.3912705345812388,0.003454483079428815,-0.01695345210683838,-0.03049477694860537,0.1408456101970617,-0.01901140777520141,-0.028436821280242337
0.452905811623246,2.8373036155162095,-0.023533113979318468,1.3797468104534625,0.0034593327045923483,-0.016752946467775927,-0.03031328149086101,0.1388212354989653,-0.01888814298580393,-0.028178084972833004
0.4611222444889775,2.8914936596596204,-0.023338758962827826,1.368007795444624,0.0034645219495688844,-0.01654842071802432,-0.030129097207631333,0.13668949719852796,-0.018765116124085178,-0.027912401801570473
0.469338677354709,2.9467186867590924,-0.02314145738832419,1.3560819465492062,0.0034691871531329576,-0.016341975512554553,-0.029940939264093826,0.13441513804005426,-0.018643914811057916,-0.027638999965590463
0.4775551102204405,3.0029984640935834,-0.02294147265968625,1.3439900401196763,0.003472620351640796,-0.016135261838489474,-0.02974768348088303,0.13197727353199337,-0.018525501247561683,-0.02735744407181082
0.485771543086172,3.0603531364799763,-0.02273892354151473,1.3317443243424525,0.003474395682864726,-0.01592923313505842,-0.02954861394797104,0.12937660036444498,-0.01840997088688396,-0.0270678761961455
0.4939879759519034,3.118803233483727,-0.02253380732299308,1.3193495837424134,0.003474487968258896,-0.0157239360404879,-0.02934367860549826,0.12664497339370334,-0.01829625515185888,-0.02677135949412728
0.502204408817635,3.178369676767228,-0.02232631952029393,1.3068203622722687,0.0034730856738112393,-0.015519196684401874,-0.029133442356185986,0.12381865996740209,-0.018183336049953695,-0.026469302990634165
0.5104208416833664,3.239073787578522,-0.022116951829777003,1.2941874422746737,0.0034704212879636833,-0.015315051094187076,-0.02891885256536693,0.12093006973405562,-0.018070620847781348,-0.02616328281177266
0.5186372745490979,3.30093729438304,-0.021906461281711073,1.2815007821371442,0.0034663070200509315,-0.015112624363052888,-0.02870029820036926,0.11800451739828789,-0.0179580195433229,-0.025854903020099247
0.5268537074148292,3.3639823406411025,-0.021695454106289903,1.2688002320347094,0.003460799772168914,-0.014912411195134407,-0.028478497017445398,0.11508935255542063,-0.017844554045064895,-0.025546354167514912
0.5350701402805607,3.428231492733967,-0.02148435300054017,1.2561118132765152,0.0034543302632337076,-0.014713990093895339,-0.028254715907185,0.11225441582158298,-0.017728310176752894,-0.025240395824327445
0.5432865731462921,3.4937077480412437,-0.021273852961762485,1.2434762200156604,0.003447216576198914,-0.014517432625503139,-0.02803027329802183,0.10954691288400935,-0.0176084034291578,-0.02493930249436717
0.5515030060120236,3.5604345431725952,-0.021064640782363902,1.2309378844662486,0.0034391343882625566,-0.0143240612433761,-0.027805220321351704,0.10697214400119531,-0.017485343247561916,-0.024643938317165888
0.5597194388777551,3.6284357623566525,-0.02085750680695822,1.2185496762745105,0.003429336807078299,-0.014136130174227171,-0.02757888343968927,0.10450496771345104,-0.01736076121207572,-0.02435425240184072
0.5679358717434866,3.6977357459901468,-0.02065355369750904,1.2063787645445965,0.003417224657619051,-0.013955916441493483,-0.0273511909535246,0.10211048256978111,-0.01723692779034414,-0.024070179604673943
0.5761523046092181,3.7683592993503265,-0.020453736429195846,1.1944746804614104,0.0034025963746972987,-0.013784770080862586,-0.027122702777529106,0.09972030200755791,-0.01711708617806717,-0.023790386680324523
0.5843687374749496,3.8403317014737737,-0.02025900697845097,1.1828895299521882,0.003384854588987799,-0.013624813891129756,-0.026893200065772182,0.09723318276653614,-0.01700557596024753,-0.02351243799665441
0.592585170340681,3.913678714204797,-0.020070262997883257,1.1716783841559786,0.003362998566430079,-0.013478906927620469,-0.026661619068146045,0.09453755043154104,-0.016907028079435216,-0.023233497916331298
0.6008016032064125,3.9884265914166415,-0.0198878548925553,1.1608642913175102,0.0033365134090926362,-0.013348408776798777,-0.026427301008311824,0.09156801993574902,-0.016823980730894455,-0.022951729054216146
0.6090180360721438,4.064602088408812,-0.019710918326311604,1.1503924782491015,0.003306239495614989,-0.01323080799064235,-0.026191028661980857,0.0883703348105458,-0.016754038995805912,-0.022667797656817295
0.6172344689378753,4.142232471483892,-0.019538443770072376,1.1402042504135732,0.003272973683870709,-0.013123533227338401,-0.02595335431280635,0.08504891983127887,-0.016692699282738678,-0.022384188257406075
0.6254509018036067,4.221345527707245,-0.019369035555119547,1.1302218014596115,0.003237294824264199,-0.013024054292223794,-0.0257140168180153,0.08173610372678781,-0.01663413819183643,-0.022103932918402666
0.6336673346693382,4.301969574853144,-0.01920146187449165,1.1203803625287447,0.0031992604073014783,-0.012931026699015807,-0.02547189704996749,0.07854881248923343,-0.016573211561950518,-0.02182971218703278
0.6418837675350697,4.38413347154085,-0.019035166380421124,1.1106552991764036,0.00315847444142061,-0.012844670229146465,-0.025225662531695784,0.07555314250102842,-0.016507151454428312,-0.021563181306413937
0.6501002004008012,4.4678666275642795,-0.018870265878389827,1.101058446859925,0.0031143810779348463,-0.012766191131504498,-0.024974340625275156,0.0727512186408921,-0.0164360035761191,-0.021304528180660552
0.6583166332665327,4.553199014418969,-0.01870763723085328,1.0916434694552952,0.0030663232409134616,-0.01269775411370476,-0.0247175203480018,0.07009343328903864,-0.01636230466488676,-0.0210529697968198
0.6665330661322642,4.640161176030086,-0.018548350762158747,1.08246726243286,0.003014410086255659,-0.01264021555846338,-0.024456485965854115,0.06754000467012736,-0.016288456146850296,-0.0208082453774672
0.6747494989979956,4.72878423968534,-0.018393578104993365,1.0735902611036034,0.0029593466512921555,-0.012593365250691525,-0.024193790959295206,0.06507334563332294,-0.016216218122341548,-0.020570938087645183
0.6829659318637271,4.819099927176707,-0.01824478493614993,1.0650938418889773,0.0029017687250206215,-0.012557422743644799,-0.02393214712865506,0.06268556068160386,-0.016147320452191957,-0.0203422494201079
0.6911823647294586,4.911140566154939,-0.01810281513140581,1.0570202249882836,0.002842622720919493,-0.01253137697676835,-0.02367425328604327,0.06038557156782597,-0.016082308489527967,-0.020123321773283655
0.6993987975951899,5.004939101700948,-0.017968084126170458,1.0493832480506515,0.00278320784968669,-0.012513096979295377,-0.02342307127304554,0.05820298253863235,-0.016020607109010532,-0.019915561143330384
0.7076152304609213,5.10052910811819,-0.017840797552921773,1.0421902620693668,0.002724345592957857,-0.012501178309283954,-0.02318041679655959,0.0561713819409026,-0.015961298074017742,-0.019720297031825804
0.7158316633266528,5.19794480095026,-0.017721120018954158,1.03544866399228,0.0026664999051028665,-0.012494876240173067,-0.022947363797735248,0.054315950110471856,-0.015903703455548014,-0.0195385365823603
0.7240480961923843,5.297221049228036,-0.0176093567307729,1.0291701337323564,0.002610265822289944,-0.012493329729008781,-0.02272538373253702,0.05264995534357376,-0.01584768450172435,-0.01937102895982145
0.7322645290581158,5.3983933879507155,-0.017505627521610122,1.023356841594659,0.00255609246111511,-0.012495778356670158,-0.022515476686550087,0.05117013949505886,-0.015793470063607866,-0.01921778497961238
0.7404809619238473,5.501498030805234,-0.01740924577122288,1.0179660294002917,0.002504251081129886,-0.012501003843962811,-0.02231748769848295,0.04984987630053531,-0.015741264438150823,-0.01907722710429494
0.7486973947895788,5.606571883128613,-0.01731858357491601,1.0128915197308144,0.002455784248718548,-0.012505334893626902,-0.022131832256205117,0.04867039938496901,-0.015690067645250234,-0.018947099504581785
0.7569138276553102,5.713652555117879,-0.017232312165324497,1.008045074108802,0.002411842499126841,-0.012505187730652812,-0.021959436599996184,0.0476334802888554,-0.01563849164163719,-0.018826132689011805
0.7651302605210417,5.822778375292286,-0.017149828724521025,1.003389224806787,0.0023727360623992458,-0.01249935149739912,-0.02180030595164293,0.04672554151997872,-0.015586387913491952,-0.0187132695355501
0.7733466933867732,5.933988404212633,-0.017071311331250887,0.9989390314512647,0.0023380316229699946,-0.012488853555513966,-0.021653769106987807,0.04593696549146155,-0.01553425634487953,-0.018608366317622246
0.7815631262525047,6.047322448462642,-0.016996266199787807,0.9946739922800479,0.002306688648901191,-0.012475239524394116,-0.021517292875181497,0.04526298273764177,-0.015481762736822573,-0.01851076966275304
0.7897795591182359,6.1628210748973355,-0.016922901699409368,0.9904939605788787,0.002277676426031249,-0.01245873793595221,-0.021387065462866527,0.044698441154465224,-0.015427287848462515,-0.01841851555035622
0.7979959919839674,6.280525625163577,-0.016849428721942932,0.9863041914936599,0.0022495133817563968,-0.012440463510959492,-0.021258393932926372,0.04424869615209199,-0.015368863379122327,-0.018329994064763537
0.8062124248496989,6.400478230497903,-0.01677479810545965,0.982055469080731,0.0022206172415260863,-0.012422468288619837,-0.02112712792229946,0.04389669539945823,-0.015306010739400324,-0.018243585471518973
0.8144288577154304,6.522721826807022,-0.01669831448168742,0.977711337093056,0.0021902739215308785,-0.012405456479209591,-0.020991172484165252,0.043602511158512665,-0.015239370546721543,-0.018157258416653298
0.8226452905811619,6.647300170036307,-0.01662030666685369,0.9732888368794026,0.0021585867262232765,-0.012389554425949849,-0.020851058907757535,0.043335231240729494,-0.015170305941914647,-0.018070307391792738
0.8308617234468934,6.774257851831833,-0.01654218214508456,0.9688660543949936,0.002126072278582847,-0.012375157050533173,-0.02070920723963595,0.04306044278876349,-0.015101375866399702,-0.01798298842376942
0.8390781563126248,6.903640315501528,-0.016465230676434652,0.9645106789302771,0.0020936728968468468,-0.012361707203207188,-0.020568754149662118,0.042754556377152614,-0.015034659384523509,-0.017895801968345795
0.8472945891783563,7.035493872281186,-0.016390221205126763,0.960256807303449,0.002062567768147048,-0.012347662663885388,-0.02043277974636814,0.04240036068797992,-0.014971501332750402,-0.017808941077503124
0.8555110220440878,7.169865717911131,-0.016317127757509237,0.9560974848528345,0.0020336696265362826,-0.0123312085330451,-0.020303046981973372,0.04200254471491797,-0.014911718843279789,-0.017722536671738683
0.8637274549098193,7.306803949529495,-0.016245809781562058,0.9520207717393546,0.002007996301026325,-0.012310209350460812,-0.020181410212663304,0.04161508782502418,-0.014853365209627399,-0.017638254353496717
0.8719438877755508,7.446357582888134,-0.01617617954964503,0.9480155847195735,0.001986696049528447,-0.01228232684434127,-0.02007003225494879,0.04127426715448658,-0.014795138867921743,-0.017557220231368315
0.880160320641282,7.588576569897345,-0.01610839564306943,0.9440839972139388,0.001970807056464125,-0.012245684791922347,-0.01997110649421651,0.040979904864925525,-0.014737204349962237,-0.01747958693617662
0.8883767535070135,7.733511816505708,-0.01604248920940805,0.940220426609985,0.0019609956303160577,-0.012199008400148155,-0.019885970018667945,0.04071249199806549,-0.01468024557481573,-0.01740473284400037
0.896593186372745,7.881215200921364,-0.01597858488649975,0.9364313401854667,0.001957090873247681,-0.01214275726046225,-0.01981441251253725,0.04045807302050251,-0.014624854133720734,-0.017332315639278763
0.9048096192384768,8.03173959218135,-0.015916228642918653,0.932698945337691,0.0019578290021329036,-0.01207895431085017,-0.01975350297498714,0.04018134521429298,-0.014571757227360793,-0.017260700058476516
0.913026052104208,8.185138869075539,-0.015854653237580278,0.928987252707643,0.001961899496333215,-0.012009400883479905,-0.019699905591680653,0.03983500105623442,-0.014521770528621756,-0.0171875359465388
0.9212424849699392,8.341467939432114,-0.015793688255156018,0.9252948595836541,0.001968133784113333,-0.011936216921537356,-0.01965115958877468,0.03936118267772513,-0.014476659551648889,-0.017110716958663147
0.9294589178356708,8.500782759771253,-0.015733780723562685,0.9216539947030405,0.001975470401694868,-0.01186192988371587,-0.019605631563409498,0.03870444230808525,-0.014438726611740197,-0.01702883483538517
0.9376753507014022,8.663140355334237,-0.015676244705850648,0.9181532952092416,0.001981880108427313,-0.011791831071656777,-0.01956065834004452,0.037762014367483054,-0.01441272431746637,-0.016939765094234924
0.945891783567134,8.828598840495143,-0.015622336335768726,0.9148866731378025,0.001984509603195297,-0.01173276898653207,-0.019511903685005383,0.03641608738445804,-0.014403850784980216,-0.016840821886557236
0.9541082164328653,8.997217439562275,-0.015572804330166515,0.9119196368759772,0.0019808098831533903,-0.011690488298964876,-0.019455120361368154,0.03462622276839817,-0.014414207810000974,-0.016731400850332055
0.9623246492985968,9.169056507977023,-0.01552775406987728,0.9092723732157946,0.0019696302340864815,-0.01166734974820658,-0.01938815839154798,0.03251625019514223,-0.01443975742129953,-0.016615750718455034
0.970541082164328,9.344177553917449,-0.015486789946910311,0.9069198720989955,0.0019523484446881437,-0.01166025731004876,-0.01931332258377186,0.030464473941155628,-0.014467445915856776,-0.016506133977963848
0.9787575150300598,9.522643260314638,-0.015448988934886911,0.9047880040736909,0.0019324798361189015,-0.011661398055243999,-0.019236579814529822,0.028991382027955717,-0.014478934691400823,-0.016419043178373
0.9869739478957912,9.704517507289376,-0.015414091681733865,0.9028432862959568,0.0019124157729048874,-0.011665825643373954,-0.019162357720093774,0.02833965728540699,-0.014465844206599994,-0.016362339156867738
0.9951903807615228,9.889865395017523,-0.015383029239554674,0.9011412000925669,0.0018915126874208658,-0.011675732495909207,-0.01909032598320014,0.028346551259492744,-0.014434551091429432,-0.016331507387679918
1.003406813627254,10.078753267031942,-0.015356708206043127,0.8997395063454741,0.0018685567719598371,-0.011694404229933423,-0.01901901218215283,0.028767198445020712,-0.01439415516535366,-0.016319261246732594
1.0116232464929853,10.271248733969596,-0.015335694086939269,0.8986694833214006,0.0018434295949176895,-0.011722638472865336,-0.0189487497010132,0.02945576600933184,-0.014350101513776227,-0.01632128666010231
1.019839679358717,10.467420697772113,-0.01532078642466361,0.8979739948808191,0.0018167239671701483,-0.011760072879159391,-0.018881499970167828,0.030330356004845512,-0.014305929991790794,-0.016335642857536425
1.0280561122244485,10.667339376348565,-0.01531229302098033,0.8976566301064395,0.0017904736132019344,-0.011803029223835238,-0.01882155681812542,0.031376961597307684,-0.014262417071092244,-0.016362168970868413
1.03627254509018,10.871076328709355,-0.015308730796272721,0.8976041279115383,0.0017680827851917155,-0.01184335221561169,-0.018774109376933752,0.032500320385591835,-0.014221267160551596,-0.016396194431993846
1.0444889779559112,11.078704480580058,-0.01530778024631632,0.8976524995118341,0.0017528558202692915,-0.011872245968497095,-0.018743314524135544,0.03350750211785679,-0.014186616219478858,-0.01642894427315378
1.052705410821643,11.29029815050453,-0.015307768115650239,0.8976877875310565,0.0017464262517498629,-0.011884835560565226,-0.01873070067073525,0.03421973653319298,-0.014162772661380739,-0.01645276356991974
1.0609218436873742,11.505933076446473,-0.015308046346455205,0.8976683847701855,0.0017489522467409454,-0.011880162932162541,-0.01873592976074787,0.0345426412918978,-0.0141522464699915,-0.01646384622291891
1.069138276553106,11.725686442899212,-0.015309051016021388,0.8976258198855613,0.001759735286967073,-0.011860033231241667,-0.01875806880080111,0.034501152441037665,-0.014154639360229449,-0.016463462671813325
1.0773547094188372,11.949636908513066,-0.015312208582536416,0.8976636009108974,0.0017767281272429518,-0.011829885442820931,-0.0187945317222519,0.034143456090003216,-0.0141697654787392,-0.016454651686333633
1.0855711422845689,12.17786463425056,-0.015319725322764904,0.8979503265092086,0.0017960596846068675,-0.011799513026851075,-0.018839937618678734,0.033412338211327844,-0.014201745488777099,-0.01643770515675271
1.0937875751503,12.410451312079191,-0.015333830362684783,0.8986439379843864,0.0018152834603287521,-0.011775940158709185,-0.018891720566660383,0.03237073172076066,-0.01425070277531437,-0.016416957950055197
1.1020040080160314,12.647480194212422,-0.015356784624808075,0.899875293435401,0.0018349496628494509,-0.011760349372179237,-0.018953219877436915,0.031361799625668776,-0.014307415995851216,-0.016406153253764936
1.110220440881763,12.889036122908916,-0.015391293336790074,0.9018017319893956,0.0018552361613678383,-0.01175509727769277,-0.019027489395887377,0.030637275247666157,-0.014366167358518608,-0.016416419315061537
1.1184368737474943,13.135205560841055,-0.015439194335498636,0.904510712627447,0.001878110777029633,-0.011758164853544018,-0.019120223817453253,0.030518250186293297,-0.014418050946458502,-0.01646033772453877
1.126653306613226,13.3860766220435,-0.01550032231336749,0.9079760698081123,0.0019049025677445827,-0.011766781886530239,-0.019233862740204742,0.03102061812364014,-0.014462369648076064,-0.016538274978658916
1.1348697394789573,13.641739103452684,-0.015571979745270616,0.9120386272488223,0.0019351180960319797,-0.011779217971216213,-0.01936474151932502,0.031739837535934075,-0.014509961933922318,-0.016633997556618912
1.143086172344689,13.90228451704888,-0.015649268908331793,0.9164091451307208,0.0019684630587480183,-0.011791152208288124,-0.01950738560837546,0.03226694665441019,-0.014569613978592074,-0.01672892383807151
1.1513026052104205,14.167806122611962,-0.015726693296987712,0.9207424989464406,0.0020067948653054485,-0.011793447636629123,-0.0196599389573463,0.03262378833215635,-0.01463509841269817,-0.016818288181277254
1.159519038076152,14.438398961102932,-0.01580133986983093,0.9248762116224587,0.0020491801620182333,-0.01178502055444124,-0.01981765918522062,0.03286423408255136,-0.014701699649162668,-0.01690098009049919
1.1677354709418832,14.714159888682902,-0.01587210542956239,0.9287728158722208,0.002092866484500378,-0.011770162495490694,-0.019974048363634086,0.03306017073293171,-0.014765909150994832,-0.016978301708129948
1.175951903807615,14.995187611381885,-0.015939593657068207,0.9324874399558931,0.0021353571451274136,-0.011754370558488207,-0.020124816755648207,0.03341923024843199,-0.01482138321490061,-0.017057804099235806
1.1841683366733462,15.281582720429615,-0.016006789744529463,0.9362196605653716,0.0021732013044275305,-0.011747393456696037,-0.02026618603236289,0.03402905694120211,-0.014868174446513933,-0.01714540504254499
1.1923847695390777,15.573447728261328,-0.016078178896243727,0.9402604052899461,0.0022026662002040576,-0.011761032473880082,-0.020395325318607372,0.0349017242193283,-0.014910364072814698,-0.017245993719672757
1.2006012024048092,15.870887105211049,-0.016158144518870605,0.9449147749634264,0.002218462837774882,-0.011810037255791312,-0.020506251781949897,0.03574046691354525,-0.014962265289649071,-0.01735402374809214
1.2088176352705404,16.174007316905787,-0.01624823105990856,0.950294118940122,0.002218354879394386,-0.011900335391366867,-0.02059612672845025,0.0364356532829743,-0.015029090832400428,-0.01746737128741669
1.217034068136272,16.482916862373937,-0.016347451838810766,0.956332434726828,0.0022033871685915554,-0.012028892344373633,-0.0206660113332479,0.037094934667769114,-0.015106251997022955,-0.017588651680598578
1.2252505010020034,16.797726312881434,-0.016454254006182726,0.9629520960784186,0.0021730865963102675,-0.01219508254212787,-0.020713425470237582,0.03749409099143204,-0.015199698357996649,-0.017708809654368805
1.233466933867735,17.118548351509737,-0.016564566659104198,0.969889895878979,0.0021309093138061033,-0.012388061149723274,-0.02074107216848512,0.037705636742960326,-0.015302932671094113,-0.017826200647114283
1.2416833667334664,17.44549781348963,-0.01667142016831975,0.9766311156082234,0.0020881531459297597,-0.012578715208093408,-0.020764125128546092,0.03841315395657339,-0.015386112590870466,-0.017956727745769032
1.249899799599198,17.778691727305514,-0.016766509523023415,0.9825770367224222,0.002056231874150287,-0.012736369105825556,-0.020796649940221276,0.03990781914246754,-0.015431190314366988,-0.018101828731679842
1.258116232464929,18.118249356584492,-0.016842490903876288,0.9872685099655932,0.0020376166086110066,-0.012848835736698067,-0.02083614607105451,0.04165877841911628,-0.015448584440743804,-0.018236397367008772
1.2663326653306606,18.464292242785852,-0.01689566866341395,0.9905251437299989,0.0020276311230758405,-0.012921584688252802,-0.0208697526385751,0.04297648393604219,-0.015457671655473137,-0.018333665671354766
1.2745490981963925,18.816944248705546,-0.016926043645690926,0.9923960313531583,0.0020206797349089853,-0.012965584140979371,-0.020886503150402483,0.043460180602521964,-0.01547186210389704,-0.018380225187484812
1.2827655310621235,19.1763316028117,-0.016935757032506275,0.9930349841566158,0.002014204625226464,-0.012987988509568407,-0.020883525555444142,0.04312459919435507,-0.01549280407473482,-0.018378709990277728
1.2909819639278552,19.542582944427092,-0.01692738353712464,0.9925847946925825,0.002009707495247376,-0.012988429226979582,-0.020866337847269698,0.04233682902151169,-0.015510789440007763,-0.018343977634241518
1.2991983967935865,19.91582936977414,-0.016905110450178985,0.9912846273111832,0.0020081422829936815,-0.01296922389967933,-0.02084099700067864,0.04150499469500961,-0.01551634960425112,-0.01829387129610685
1.3074148296593182,20.296204478899778,-0.016874459583326167,0.9894709757441624,0.0020081376989443435,-0.012938582017398115,-0.02081033714925422,0.04087200390008236,-0.015506878666182474,-0.01824204050046986
1.3156312625250497,20.683844423496158,-0.01684081657210957,0.9874771063920719,0.002007941273845006,-0.01290532399230188,-0.02077630915191726,0.04052357490962677,-0.015484894120244251,-0.018196739023974888
1.3238476953907812,21.078887955635004,-0.016808091167588392,0.9855433457942021,0.0020065344765564604,-0.012875355859799799,-0.020740826475376985,0.04040099902075818,-0.015456270115960957,-0.018159912219215826
1.3320641282565124,21.481476477432526,-0.016779268315227282,0.9838722056329723,0.002001202918115811,-0.012856982669963834,-0.02070155396049073,0.04019520727697332,-0.015434333073808565,-0.018124203556646
1.340280561122244,21.891754091663046,-0.016757211071027824,0.9826652845989601,0.001988907685418554,-0.012859023639032538,-0.020655398503023108,0.03954573484383739,-0.015434007235486316,-0.01808041490656933
1.3484969939879754,22.309867653339158,-0.016742379213860452,0.9819041888174848,0.0019748768497678615,-0.012871691714413524,-0.020613066713307378,0.038630017521148,-0.015449815362085569,-0.018034943065635335
1.3567134268537069,22.73596682227714,-0.01673350172420956,0.9814371526315719,0.001967738473764789,-0.012876805184636762,-0.02059019826378236,0.03777009570493464,-0.015469710933549173,-0.01799729251486995
1.3649298597194384,23.170204116666277,-0.016729113282911892,0.9811369537199589,0.0019724478423954056,-0.01286318655043316,-0.020595040015390625,0.03706313773419102,-0.01548897736937412,-0.01796924919644966
1.3731462925851696,23.612734967661286,-0.01672863519617991,0.9809707064057979,0.0019892539597406206,-0.012829769078984605,-0.020627501313375218,0.036529862496230046,-0.01550634271994469,-0.017950927672415132
1.381362725450901,24.063717775017494,-0.016734069167810624,0.9811115444742191,0.0020125868524672533,-0.012789471421215979,-0.02067866691440527,0.03611634030320044,-0.015525613181251447,-0.017942525154369802
1.3895791583166326,24.523313963788475,-0.016748612099640434,0.9818373240929057,0.0020331278508716804,-0.01276375473596662,-0.02073346946331425,0.03569370314504766,-0.01555429759030803,-0.01794292660897284
1.3977955911823643,24.991688042106663,-0.016773805289930138,0.9833006832792676,0.0020442633952578687,-0.012767122660311147,-0.02078048791954913,0.03528400157345149,-0.015593199431937864,-0.017954411147922414
1.4060120240480956,25.469007660067444,-0.016808018701543477,0.985360402375918,0.0020492497346848697,-0.012791563026232872,-0.02082447437685408,0.03515732925760587,-0.01563165131060323,-0.017984386092483724
1.4142284569138273,25.955443669738056,-0.016848355167617325,0.9877734054685683,0.002053751376537111,-0.01282307643640503,-0.02087363389882962,0.03528850425876112,-0.015667598649370652,-0.018029111685863998
1.4224448897795583,26.451170186312282,-0.016890994954442833,0.9903014806697266,0.0020592444943092984,-0.012854949910234212,-0.020927039998651455,0.03550478527598132,-0.0157030016539573,-0.018078988254928367
1.4306613226452902,26.956364650433603,-0.016932241878325944,0.992735708398718,0.002065589996590971,-0.012883759878181428,-0.02098072387847046,0.03570136071697708,-0.015737671145949816,-0.01812681261070207
1.4388777555110217,27.4712078917081,-0.016969269496041287,0.9948859795023537,0.0020749485246350325,-0.012902445117982102,-0.02103609387410047,0.03573786201141532,-0.015773477427078707,-0.018165061565003866
1.4470941883767527,27.995884193430946,-0.017000664556810343,0.9966392695690149,0.0020897479016597042,-0.012904833932789173,-0.021096495180831513,0.03548126045046593,-0.015813458399096977,-0.01818787071452371
1.4553106212424844,28.530581358548876,-0.017027195974113195,0.9980563739834512,0.002108874219825025,-0.012893878455331142,-0.021160513492895248,0.034987786539177015,-0.015856501497741336,-0.018197890450485053
1.4635270541082157,29.07549077688227,-0.017049870365084718,0.9992416062629338,0.0021288373830328127,-0.012877425765397904,-0.021222314964771533,0.034417366674215556,-0.015898262188567106,-0.01820147854160233
1.4717434869739474,29.63080749363161,-0.017067836651065392,1.000174944727365,0.00214698169319933,-0.012859829856927883,-0.0212758434452029,0.03390860516201649,-0.0159332516803872,-0.018202421621743584
1.479959919839679,30.196730279191847,-0.017078852258131452,1.0007070331324601,0.0021645302222617875,-0.01283645097904987,-0.021321253537213036,0.03352542944375291,-0.015957088381361235,-0.01820061613490167
1.4881763527054104,30.773461700300555,-0.017082545493735682,1.0007890692987909,0.002184419424805371,-0.012801162093987455,-0.02136392889348391,0.03328743636592928,-0.01596874488669992,-0.018196346100771445
1.4963927855711416,31.361208192544684,-0.017082208574886862,1.0006248053592455,0.002206964394668025,-0.01275663784617529,-0.021407779303598433,0.03324836642697528,-0.01596971525151348,-0.018194701898260245
1.5046092184368731,31.960180134252344,-0.017082172637185186,1.0004561684834687,0.0022335610261713236,-0.012704473468617066,-0.021459871805753306,0.03339549204625868,-0.015964756477391873,-0.0181995887969785
1.5128256513026046,32.57059192179563,-0.017086064507756963,1.0004681421062678,0.002265921534238997,-0.012644939908854786,-0.021527189106659142,0.03362207475274936,-0.01596106687027763,-0.018211062145236295
1.5210420841683363,33.19266204633187,-0.017095846143407784,1.0007850741825823,0.0023019732068408584,-0.012584061564623529,-0.021607630722192038,0.03385644414225963,-0.015963006485130046,-0.01822868580168552
1.5292585170340676,33.82661317201038,-0.017110577686324055,1.0014047488404336,0.0023354082130549562,-0.012533261699537297,-0.021687893673110813,0.03405168775260813,-0.01597120515932866,-0.01824995021331945
1.5374749498997988,34.47267221567318,-0.017126649069298693,1.0021623857139639,0.0023602122458771524,-0.012500718071509079,-0.021752580067088308,0.03407995245447977,-0.01598633080284303,-0.018266967335754353
1.5456913827655303,35.13107042807759,-0.01714101819394515,1.0028968497054047,0.002374249990817682,-0.012487573721647938,-0.02179446266624236,0.03386768445686784,-0.016007802433732246,-0.018274233954158052
1.5539078156312618,35.80204347667029,-0.01715145770716834,1.0034555244315542,0.0023798799170134713,-0.012486978782291764,-0.021815936632044917,0.03343559397312242,-0.016032699733304602,-0.018270215681032077
1.5621242484969935,36.485831529942324,-0.017158296904948737,1.0038455118406326,0.002379716595890601,-0.012494138083590902,-0.021822455726306575,0.032894732816062255,-0.016057636193921147,-0.018258957615976328
1.5703406813627248,37.18267934339502,-0.0171641751567437,1.0041936415178805,0.0023778497655285854,-0.012503675255660662,-0.02182467505782674,0.03235329075849012,-0.0160816311455355,-0.018246719167951904
1.5785571142284565,37.89283634714817,-0.017171163601907312,1.0045815095929032,0.002379067445646639,-0.012508277091648198,-0.021834050112166426,0.03188759181572635,-0.016104201919102057,-0.018238125284712567
1.5867735470941875,38.616556735220826,-0.017181151895903475,1.005141757111051,0.0023827872754361205,-0.012510974653228358,-0.021851329138578592,0.03161113189934524,-0.016123440586701683,-0.018238863205105267
1.5949899799599194,39.35409955651814,-0.017192604607724364,1.0057799954455875,0.002388872302132368,-0.012510500931879637,-0.02187470828356909,0.03150578742772431,-0.016138418133993512,-0.018246791081455216
1.603206412825651,40.10572880755494,-0.01720127434282632,1.0062468158208036,0.0023955740679573487,-0.012506035447331807,-0.021896513238320828,0.03145048115773755,-0.016148938421850775,-0.018253610263801862
1.6114228456913824,40.87171352695123,-0.0172030260583027,1.006299807380285,0.002400184790561662,-0.012498750312561029,-0.02190730180404437,0.031223575327108125,-0.016158282426775847,-0.01824776968982955
1.6196392785571136,41.652327891731815,-0.017196534949613082,1.0058899754577009,0.0023984410705231254,-0.012495676832346064,-0.0218973930668801,0.030715917065845706,-0.016168777609050333,-0.01822429229017583
1.627855711422845,42.44785131546548,-0.017183252418218657,1.0051606522819743,0.0023848609412648212,-0.012509010865203314,-0.021857493971234,0.02994624792090732,-0.016181248276292935,-0.01818525656014438
1.6360721442885766,43.258568548278454,-0.01716536563361494,1.0042809994212898,0.002355763208115826,-0.012548154589603386,-0.021782576677626495,0.028923794498264918,-0.016197572874935614,-0.018133158392294266
1.644288577154308,44.084769778777876,-0.017143879998801896,1.0033249151473995,0.0023112623319524713,-0.012613889069350993,-0.0216738709282528,0.027837104543031073,-0.01621244798351217,-0.018075312014091623
1.6525050100200396,44.9267507379223,-0.01711771113858085,1.0021622609787912,0.002259218107533772,-0.012689725014593915,-0.021545697262567783,0.026966245548902645,-0.016215418143359833,-0.018020004133801865
1.6607214428857708,45.784812804875656,-0.01708738896034278,1.0007267660646164,0.00220960830751683,-0.012756636257669287,-0.021418141663016272,0.026293739187556796,-0.016207598088303264,-0.017967179832382295
1.6689378757515023,46.659263114883224,-0.017056333915805588,0.9991814409117666,0.0021672776942432605,-0.012808547690591785,-0.02130412014101939,0.025689342038280587,-0.01619676622660161,-0.017915901605009565
1.6771543086172338,47.55041466920765,-0.0170270791757227,0.997597502500114,0.002139073320726503,-0.012834572506808258,-0.021219585844637144,0.024612852825943263,-0.01620353091213589,-0.017850627439309513
1.6853707414829655,48.45858644716491,-0.01700298046737301,0.9961511933329371,0.0021274661787970763,-0.012833223378603688,-0.02117273755614233,0.02302824973786337,-0.016232453165268848,-0.01777350776947717
1.6935871743486968,49.38410352029985,-0.01698593444468998,0.9949860749805706,0.002131423657825861,-0.01280842083955467,-0.02116344804982529,0.021773952814412013,-0.016257376030168077,-0.017714492859211884
1.7018036072144285,50.327297168742724,-0.01697298741072476,0.9939503133390086,0.0021507647555177867,-0.012757565950691805,-0.021188408870757718,0.02185358499490947,-0.016241764496299573,-0.01770421032514995
1.7100200400801595,51.28850499978739,-0.016961945662747842,0.9930344663944657,0.002175976353660654,-0.012697110378362169,-0.021226780947133515,0.02313105328452263,-0.016187978544749907,-0.017735912780745777
1.718236472945891,52.26807106873521,-0.016954580088702785,0.9925281174463845,0.002190067825890869,-0.012662126026256744,-0.021247034151148828,0.023734197869335373,-0.016160431698788627,-0.017748728478616943
1.7264529058116227,53.26634600204592,-0.016947113430929788,0.9921077141679238,0.00220170297383334,-0.012631854897561709,-0.021262371964297866,0.024361909409429953,-0.016131961756571764,-0.017762265105287812
1.734669338677354,54.28368712284122,-0.01693389598893788,0.9912229334488218,0.002229140257614847,-0.012564861367524442,-0.02130293061035132,0.02601101444746874,-0.01606356511206508,-0.01780422686581068
1.7428857715430857,55.320458578805464,-0.016915087972965717,0.9898821303344658,0.00227154900037265,-0.012462933743117362,-0.021367242202814073,0.028124948868627198,-0.015974024660718893,-0.017856151285212542
1.751102204408817,56.37703147252848,-0.016893201977456487,0.988265573838162,0.002325114416670383,-0.01233606146084768,-0.021450342494065293,0.030402584033411947,-0.01587592878826823,-0.017910475166644745
1.7593186372745486,57.45378399433868,-0.01687346190297902,0.9867068197068731,0.0023863646403167213,-0.012196273153978367,-0.021550650651979676,0.0327591095766703,-0.01577733915770831,-0.017969584648249732
1.76753507014028,58.551101557672354,-0.016863681044381476,0.9857922988927184,0.002443854895806139,-0.012073813465159558,-0.021653548623603393,0.03503278788586492,-0.01569148081891235,-0.018035881269850604
1.7757515030060116,59.66937693702904,-0.016867935644205252,0.9858382635071263,0.0024888119270078616,-0.011989953902976113,-0.02174591738543439,0.037187987118629355,-0.015623622259063876,-0.018112249029346626
1.7839679358717428,60.80901040856134,-0.01688268577210797,0.9865333047471516,0.002522679242977451,-0.011938325311325397,-0.021827046232890543,0.03884694471715057,-0.015582863516894198,-0.018182508027321742
1.7921843687374746,61.970409893350144,-0.01690423205485167,0.9877109761467178,0.002535187773018957,-0.011935355325688209,-0.021873108784015133,0.039259577924241125,-0.015590603055511127,-0.018217861054192215
1.8004008016032058,63.15399110341583,-0.016930154269468915,0.9893341558917239,0.002516144094057294,-0.011998602465203456,-0.021861706073734374,0.03803713582724093,-0.01565742829235986,-0.01820288024657797
1.808617234468937,64.36017769051885,-0.01695690817836335,0.9912368399446543,0.002463689503389895,-0.012128165482629787,-0.021785650874096917,0.03519461810133426,-0.015779293099366754,-0.01813452325735995
1.8168336673346688,65.58940139780175,-0.016974412489566153,0.9927581932858964,0.002388284129116644,-0.012293461611648921,-0.021655363367483384,0.031500847590407256,-0.015920391303235085,-0.01802843367589722
1.8250501002004,66.84210221432734,-0.01697236989511446,0.9931635051360339,0.002306669274125935,-0.012451381193582477,-0.02149335859664644,0.028014132437118828,-0.0160350145106073,-0.01790972527962162
1.833266533066132,68.11872853256911,-0.016950595659772395,0.992379105056011,0.00222891720838428,-0.012581998206817649,-0.02131919311272714,0.025385770395778034,-0.01610118550496011,-0.01780000581458468
1.841482965931863,69.41973730890844,-0.016915103740167838,0.9907302114390374,0.0021600116901913033,-0.012681558621207394,-0.02114864885912828,0.02386736026749828,-0.016116499724465088,-0.017713707755870587
1.8496993987975947,70.74559422719871,-0.016872181515221362,0.9885296233344131,0.002105585127332594,-0.012745310499266294,-0.02099905253117643,0.023123632744096595,-0.016098462689171783,-0.01764590034127094
1.857915831663326,72.09677386545154,-0.016828325017409378,0.9861982387861159,0.0020638068810073782,-0.012783337859588975,-0.02087331217522978,0.02316269817140971,-0.016053299058657322,-0.017603350976161433
1.8661322645290577,73.47375986570826,-0.01678622306917396,0.9838938807337405,0.002035484704887354,-0.012796746356512607,-0.020775699781835313,0.023819063953527692,-0.015989235052469353,-0.01758321108587857
1.874348697394789,74.87704510715447,-0.0167461694674819,0.9816375063869237,0.002020344709161458,-0.01278636660116939,-0.020705972333794405,0.02502648943462374,-0.0159087808858611,-0.017583558049102697
1.88256513026052,76.30713188254192,-0.01670626362776797,0.979326438031138,0.0020169517116076265,-0.012753110914460603,-0.020659416341075335,0.026714450385377404,-0.015812395721307174,-0.017600131534228763
1.890781563126252,77.76453207797948,-0.01666340927457762,0.9767872203630081,0.0020227503301388544,-0.012698891477788962,-0.02062792707136628,0.028607155322887226,-0.015706211291112285,-0.01762060725804296
1.8989979959919832,79.24976735615734,-0.01661657378277035,0.9739765423619241,0.0020333840506514536,-0.012631214276755332,-0.02060193328878537,0.030352649250248737,-0.015600971415906406,-0.017632176149634294
1.9072144288577149,80.76336934307214,-0.016565983329882777,0.9709136023690266,0.002045857935962886,-0.012556175457910067,-0.020575791201855487,0.03154712539331081,-0.015510413684114951,-0.0176215529756506
1.915430861723446,82.30587981831673,-0.016515638200584944,0.9678432650807319,0.002058594183806325,-0.012480867741540919,-0.02055040865962897,0.03218080221974222,-0.015438865671357273,-0.017592410729812612
1.9236472945891776,83.87785090900583,-0.016474481887254595,0.9653093463626862,0.0020709121894068416,-0.012415568580872196,-0.020533395193636995,0.032586161888871,-0.015384145987132867,-0.017564817787376324
1.931863727454909,85.47984528740396,-0.016452684682030025,0.9639195085488221,0.0020834389094692156,-0.012369219455480956,-0.020536149908579094,0.033042648423278885,-0.015347074701515384,-0.017558294662544664
1.9400801603206408,87.11243637232926,-0.01645730153351102,0.9640877882656875,0.0020977450564616234,-0.012345796774099298,-0.020568806292922744,0.033690401668682424,-0.015330017671294925,-0.017584585395727114
1.948296593186372,88.77620853440293,-0.016489172880960835,0.9658445784719539,0.0021166354672424196,-0.012340643596765583,-0.020637702165156088,0.03444166424894019,-0.015336751705413192,-0.01764159405650848
1.956513026052104,90.47175730521981,-0.016543706491083138,0.9688856573319112,0.002144661463190899,-0.012340247264198002,-0.020747165717968273,0.035263047035137766,-0.015363801773822683,-0.017723611208343593
1.964729458917835,92.19968959051238,-0.016612587290262843,0.9726895891135048,0.002186550921275707,-0.012327026234199581,-0.020898148346326105,0.036336886681157005,-0.015396751802111919,-0.017828422778413767
1.9729458917835665,93.96062388738807,-0.016689005046223934,0.9768474916575014,0.0022435527664995927,-0.012291722426469531,-0.021086287665978337,0.037871517525756085,-0.01542182067234026,-0.01795618942010761
1.981162324649298,95.75519050571354,-0.016766936315878098,0.9810105323370053,0.002315142546215438,-0.012229340306219482,-0.021304532325536713,0.04009774766264486,-0.01542526208189796,-0.018108610549858236
1.9893787575150288,97.58403179372853,-0.01684464675331488,0.9850875759100053,0.0023994245120931537,-0.012141861125989709,-0.021547432380640053,0.04304448887148967,-0.015404374294133237,-0.018284919212496524
1.997595190380761,99.44780236796893,-0.01692846587183363,0.989504510218151,0.0024878825223619014,-0.012052305730237637,-0.021804626013429623,0.046408102705900504,-0.015375646592001201,-0.018481285151666058
2.005811623246492,101.34716934757911,-0.01702606356219126,0.9947932182025818,0.00256747499543744,-0.011993905039926738,-0.02205822208445578,0.04959513668408865,-0.01536660583953832,-0.0186855212848442
2.014028056112224,103.28281259310275,-0.01713756484909636,1.0010494898574394,0.002622820840891783,-0.011996930463047405,-0.022278199235145315,0.05183844137168967,-0.015403045950348358,-0.018872083747844364
2.022244488977955,105.25542494983108,-0.017252099831428405,1.0077252533010483,0.0026387355517172827,-0.012080273185337102,-0.022423926477519708,0.052589696601992204,-0.015492443865279015,-0.019011755797577794
2.030460921843687,107.26571249580142,-0.017356222126128307,1.0139977065262473,0.0026200162496569507,-0.01222108463789098,-0.022491359614365634,0.0521794712265475,-0.01561029233784281,-0.019102151914413803
2.038677354709418,109.3143947945302,-0.017435227012701088,1.0188873042848383,0.0025846302280549955,-0.012369444852359749,-0.022501009173042427,0.05142965148807112,-0.015714386260131698,-0.019156067765270478
2.04689378757515,111.40220515257488,-0.017477611546399985,1.0216234464803844,0.0025478746524815856,-0.012483868990413571,-0.022471354102386397,0.050982497606194103,-0.015771732602832586,-0.019183490489967384
2.055110220440881,113.52989088201322,-0.01747790341375233,1.0218362098888556,0.002517795952141389,-0.012543114027134475,-0.022412692800370185,0.051086916872980566,-0.015768530592150755,-0.019187276235353906
2.0633266533066124,115.69821356793743,-0.017439181798009552,1.0196900379275669,0.002497199998832455,-0.012544759738104476,-0.02233360385791463,0.05172281903453326,-0.015708531633035337,-0.019169831962983767
2.071543086172344,117.90794934105602,-0.017373143197669992,1.0158899806465609,0.002483728649706925,-0.01250512449687412,-0.022241161898465867,0.05272029944866206,-0.015609117248554585,-0.0191371691467854
2.0797595190380758,120.15988915550228,-0.01729721289708959,1.0114917155819918,0.0024737827026176805,-0.012448687894380778,-0.0221457378997984,0.05395888958665024,-0.015491743610842587,-0.019102682183336592
2.087975951903807,122.45483907194907,-0.017229116562992933,1.007548087738956,0.0024671035622030094,-0.012393682434944561,-0.022064550691041303,0.0554230321732183,-0.015374656934450434,-0.01908357619153543
2.0961923847695383,124.79362054613088,-0.0171814336257763,1.0047918111475735,0.0024655371588720144,-0.012349069591841944,-0.02201379765971066,0.05711687790851192,-0.01527029776697517,-0.019092569484577434
2.10440881763527,127.17707072287604,-0.017157035151023202,1.00336620522749,0.00247182247269113,-0.012312352128371847,-0.022001718173674557,0.058922476156742426,-0.0151854838128552,-0.019128586489191204
2.1126252505010013,129.6060427357544,-0.017152272650802606,1.003033537119275,0.002488130375391011,-0.0122756267261961,-0.02202891857540911,0.06074932867509516,-0.015119594663482712,-0.019184950638122502
2.120841683366733,132.0814060124492,-0.017158651098790764,1.0032585968056031,0.002517163282516441,-0.012225101721851919,-0.022092200475729608,0.06244266405062504,-0.015069313957895717,-0.019247988239685813
2.129058116232464,134.60404658595988,-0.017164468918362673,1.0033251108112378,0.002559975459759096,-0.012147009215928477,-0.02218192862079687,0.0638369650043255,-0.015028478342473405,-0.01930045949425194
2.137274549098196,137.17486741174991,-0.017162580757741498,1.00283364431872,0.0026142621017537257,-0.01203872119215621,-0.022286440323326787,0.0651421790350598,-0.014982917603292489,-0.01934224391219051
2.145490981963927,139.79478869095038,-0.01714963176312412,1.0016272987782613,0.00267705235655331,-0.011902705559551554,-0.02239655796669669,0.06674981598019153,-0.014916176932269128,-0.019383086593979117
2.1537074148296584,142.46474819973812,-0.017129044518626853,0.9999874788620656,0.0027396361212830103,-0.011759456390167145,-0.022498632647086562,0.06876674364934966,-0.014828103107022286,-0.01942998593023142
2.16192384769539,145.18570162500367,-0.01711014140993461,0.9985352216092411,0.002791571300372518,-0.01163876220092883,-0.02258152061894039,0.07081696441809827,-0.014740599427481432,-0.019479683392387787
2.1701402805611214,147.95862290642975,-0.01710419793106077,0.9979874777609479,0.0028244318056136193,-0.011568413315268644,-0.0226399825468529,0.07244554393104394,-0.01468016353200379,-0.019528232330117756
2.178356713426853,150.78450458510497,-0.017116893379780198,0.9987192276934755,0.00283168074984418,-0.011566901094370231,-0.022666885665190165,0.07331396861010855,-0.01466380141305492,-0.019569985346505475
2.1865731462925844,153.6643581587933,-0.01714043622922628,1.000261210330727,0.0028132534554594444,-0.01162656077714291,-0.022654311681309647,0.0733700515913588,-0.01468546772091714,-0.01959540473753542
2.194789579158316,156.59921444399157,-0.017158099097002014,1.0015265885536613,0.0027819460233467676,-0.011705585084307924,-0.0226106131096961,0.07298622572897917,-0.014715973436481296,-0.01960022475752273
2.2030060120240478,159.59012394489912,-0.01716364921241195,1.0020691385459393,0.0027495354897435834,-0.011774658678299826,-0.02255263974652407,0.0725362740637989,-0.014736578974973543,-0.019590719449850354
2.211222444889779,162.63815722943676,-0.01715716622890074,1.001835544484536,0.002724569696362589,-0.011817107750660836,-0.022497224707140644,0.07220405155901519,-0.014741212186276234,-0.019573120271525246
2.2194388777555103,165.7444053124465,-0.017140882133079165,1.000925736940545,0.0027118772071551356,-0.011825700476560033,-0.0224560637895983,0.07205880576998584,-0.014729788027585651,-0.01955197623857268
2.227655310621242,168.9099800462099,-0.017119773541470713,0.9996387932703998,0.0027122537821675104,-0.011803853811489847,-0.02243569327145158,0.07218793143832439,-0.014704358879530666,-0.01953518820341076
2.2358717434869733,172.1360145184246,-0.01709953742813057,0.9983398978740996,0.002722811834629574,-0.011762924295577175,-0.022436150560683966,0.07260276909816342,-0.014670242260877025,-0.019528832595384116
2.2440881763527045,175.4236634577833,-0.01708344027207307,0.9972806049527246,0.0027358685714304943,-0.011721236405634255,-0.022445644138511887,0.07319057894587577,-0.014634476934582369,-0.01953240360956377
2.252304609218436,178.77410364729755,-0.017069695197622844,0.9964111717723958,0.002744186784189061,-0.011691187933761494,-0.022448202461484195,0.07382777066355312,-0.014599411368095887,-0.019539979027149802
2.2605210420841675,182.18853434551633,-0.017059508124494593,0.9958554609687633,0.002740171530683731,-0.011688870612892487,-0.022430145636096698,0.07426969591075325,-0.014574437436550994,-0.019544578812438193
2.268737474949899,185.668177715789,-0.01706282349000736,0.9962567631191264,0.0027157763261477213,-0.011739999700691322,-0.022385647279323396,0.07423794070036618,-0.014578815334252086,-0.01954683164576263
2.2769539078156305,189.21427926372732,-0.017089217895131917,0.9981902048187332,0.0026696835392890834,-0.01185673430800589,-0.02232170148225794,0.07378264421356737,-0.014620444000669797,-0.019557991789594036
2.285170340681362,192.82810828302323,-0.01713788157119684,1.0015431903489647,0.002610341519382173,-0.012021706205858218,-0.02225405693653546,0.07330906728132087,-0.0146849536033725,-0.01959080953902118
2.2933867735470934,196.5109583097791,-0.0171997053784969,1.0056751939654602,0.0025497941818838,-0.01220220061401488,-0.02219721014297892,0.0730577327930539,-0.014755187085197309,-0.01964422367179649
2.301603206412825,200.26414758551854,-0.017268217195623853,1.0101520169651685,0.0024928297282458007,-0.012382360708671313,-0.022154073682576395,0.07284534174366256,-0.0148308055258906,-0.019705628865357108
2.3098196392785564,204.08901952903676,-0.017337137948953342,1.0146077409297394,0.0024375637534730923,-0.01255960078212581,-0.022114675115780875,0.07240485402313251,-0.014914465037865386,-0.019759810860041298
2.318036072144288,207.9869432172665,-0.017399757643914215,1.0186783696090194,0.0023806991309961814,-0.012733673089135896,-0.022065842198692537,0.07176552288774989,-0.014998476809970863,-0.019801038477857566
2.32625250501002,211.95931387532463,-0.01744527589741633,1.0217115033501711,0.0023250866333184086,-0.01288818983517676,-0.022002361959655894,0.07108128104589888,-0.015066889856884973,-0.019823661937947684
2.3344689378757506,216.00755337592037,-0.01746562705096899,1.0232247755641657,0.0022733135414268486,-0.013010014384205163,-0.02192123971773282,0.07059533287111426,-0.01510350087996057,-0.019827753221977412
2.3426853707414823,220.1331107483028,-0.017457490441481222,1.0230132003501988,0.002228844922726962,-0.013089034665811416,-0.02182594621715103,0.0705119660073094,-0.015098153733214595,-0.01981682714974785
2.3509018036072136,224.3374626969243,-0.017426355643454235,1.0213922423820474,0.002194141809001675,-0.013125916720837391,-0.02172679456607108,0.07082931891698241,-0.015056400278360067,-0.019796311008548402
2.3591182364729453,228.6221141300157,-0.017385737505313758,1.0191603871322163,0.0021690858384760736,-0.013134407382524789,-0.021637067628102725,0.07136997679854316,-0.014997691678999892,-0.019773783331627624
2.3673346693386765,232.98859869825205,-0.017350826250072296,1.0172092080057848,0.0021529938286427874,-0.013131035886995431,-0.02157061661314916,0.07187034519996034,-0.014946038052158724,-0.01975561444798587
2.375551102204408,237.43847934371007,-0.017330196869188658,1.0160220976244614,0.0021476561358294887,-0.013120868191786397,-0.02153952554659092,0.0721471327146124,-0.014916147336204087,-0.01974424640217323
2.3837675350701395,241.97334885930778,-0.01732426583764233,1.0155983642477762,0.0021565959868289917,-0.01309741537425389,-0.02155111630103077,0.07223101211152648,-0.014907409692512152,-0.019741121982772506
2.391983967935871,246.59483045892932,-0.01732872381457066,1.0157125231716706,0.002176123775972044,-0.013063599587764147,-0.02159384804137718,0.0721705905729781,-0.01491388937954076,-0.019743558249600564
2.4002004008016025,251.30457835843956,-0.017338100928976405,1.0160925594126413,0.0021990141553889704,-0.013028112382920256,-0.021648089475032554,0.07195406454891116,-0.014930511474136435,-0.019745690383816374
2.4084168336673337,256.10427836779564,-0.017342245045098355,1.0161401767379403,0.0022254191139608895,-0.012980503731227973,-0.021703986358968738,0.07173652434165106,-0.014941934505108943,-0.01974255558508777
2.416633266533065,260.9956484944659,-0.017331160840359884,1.015271347913508,0.002254684003520062,-0.012912061396941982,-0.021750260283777786,0.07166651661938905,-0.014933192765037785,-0.019729128915681984
2.4248496993987967,265.98043955837534,-0.017298288734343525,1.0131166310504314,0.0022836748272006074,-0.012822368320629603,-0.021774209148057447,0.07176901472787774,-0.01489689106311624,-0.01969968640557081
2.4330661322645284,271.06043581859376,-0.01724065142257681,1.0094856867812894,0.002314061746830848,-0.012705173740786502,-0.021776129104367117,0.0720450777100234,-0.01483001665920119,-0.01965128618595243
2.44128256513026,276.2374556119961,-0.01716187633787463,1.0045599149265414,0.0023506655253963606,-0.01255465656839784,-0.02176909610735142,0.07256749275555319,-0.014733761520209481,-0.01958999115553978
2.449498997995992,281.5133520041179,-0.01707720733377864,0.9992422086426551,0.0023939651274569105,-0.012385121903718255,-0.021769292763839026,0.07338329740499168,-0.014621795619357055,-0.019532619048200226
2.4577154308617226,286.8900134524428,-0.017006039106906443,0.9947178879898422,0.0024387197258669566,-0.012226236275819813,-0.021785841937993072,0.07437847435759108,-0.014517328682373083,-0.0194947495314398
2.4659318637274543,292.36936448236014,-0.016966235515797665,0.9920996052147308,0.002476851504069094,-0.012111695772768376,-0.021820775258826954,0.07529205466882112,-0.014446956612092823,-0.019485514419502505
2.4741482965931856,297.9533663760268,-0.016965989780981346,0.9919160680888641,0.0025017612782504426,-0.01206262777769359,-0.021869351784269103,0.07588975276982379,-0.014426711845197174,-0.019505267716765518
2.4823647294589173,303.6440178743935,-0.01700197914908223,0.9940095596794991,0.002507661509932569,-0.012087052904197064,-0.021916905393967394,0.07594536321226145,-0.014460840482905255,-0.019543117815259206
2.4905811623246485,309.4433558926326,-0.017061052613171052,0.9976016897888587,0.0024948255506734686,-0.012171284386140745,-0.02195082084020136,0.07546355369857702,-0.014536035336545319,-0.019586069889796786
2.49879759519038,315.3534562492346,-0.01712636250643871,1.0016462162291648,0.0024710618810116773,-0.012283170216086022,-0.0219695547967914,0.07480927004251996,-0.014623237619640744,-0.019629487393236673
2.5070140280561115,321.37643440902724,-0.017180263533602504,1.0050196908723286,0.002447470179683029,-0.012383310128187993,-0.021977216939017014,0.07437624967742451,-0.014691627547067095,-0.019668899520137912
2.5152304609218428,327.51444624038504,-0.017210177907450674,1.0069308390382365,0.002429491078663416,-0.012448462892509012,-0.021971892922392336,0.07419668636046729,-0.014727550125609364,-0.019692805689291982
2.5234468937875745,333.76968878690457,-0.01721167286448598,1.0071157783770808,0.0024167945217135976,-0.012474842643893622,-0.021948503085078338,0.07415975611918767,-0.014730280771830917,-0.019693064957141043
2.5316633266533057,340.1444010538126,-0.017186886098746808,1.0057244620993189,0.0024055532789906704,-0.012472088309032861,-0.021901683888460755,0.07416724510451661,-0.014705243423970797,-0.01966852877352282
2.539879759519037,346.6408648093997,-0.017148680485361285,1.0035784005000878,0.0023880165031954226,-0.012468254144610978,-0.021829106826111593,0.07413566395825126,-0.014668094518572473,-0.019629266452150098
2.5480961923847687,353.26140540175646,-0.017112919057507135,1.0016893033084624,0.0023555868750920624,-0.012496053619871442,-0.021729784495142828,0.07400778730342696,-0.01463661185506062,-0.01958922625995365
2.5563126252505004,360.0083925911092,-0.017085797096281496,1.000435307328214,0.002307724790764229,-0.012562739620153376,-0.021608854572409616,0.07388790574246781,-0.014613501141619306,-0.019558093050943685
2.564529058116232,366.88424139805477,-0.01706817190088923,0.9998178379761493,0.0022512120925741665,-0.012655877277882815,-0.021480466523895646,0.07396289932969173,-0.014593366654070818,-0.019542977147707644
2.572745490981964,373.8914129679936,-0.0170528471361533,0.9993376952864008,0.002194395521761164,-0.012751910945665438,-0.02135378332664116,0.07422261995666768,-0.01456935161385661,-0.01953634265844999
2.580961923847694,381.0324154520728,-0.01703122471953974,0.9984521184548706,0.00214005352579467,-0.01283679688399423,-0.021225652555085253,0.07449390020004455,-0.014538652135962981,-0.0195237973031165
2.589178356713426,388.3098049049597,-0.01699701023970871,0.9968185059773258,0.002084937506639971,-0.012910607816677628,-0.021083412662739796,0.07481105563190651,-0.014493825606929685,-0.019500194872487737
2.5973947895791576,395.7261861997507,-0.016948600806929323,0.99438215388642,0.0020258419615750037,-0.01297802352387234,-0.020919178089986307,0.07536058125839577,-0.01442702899738976,-0.019470172616468884
2.605611222444889,403.2842139603653,-0.016889218269466322,0.9913584232363499,0.0019603941617788523,-0.013046916316877183,-0.02073152022205546,0.07624063612259523,-0.014338199745220504,-0.019440236793712137
2.613827655310621,410.98659351174456,-0.016829740206619204,0.9883999390922831,0.0018876199806666894,-0.013130073028014298,-0.02052940738522411,0.07749399619028847,-0.014236784142068842,-0.019422696271169566
2.622044088176352,418.83608184819184,-0.016782128021019103,0.986165418581538,0.0018135798587834398,-0.013227576814716323,-0.020336679227321883,0.079053432450066,-0.014136993079318816,-0.01942726296271939
2.6302605210420835,426.83548862022064,-0.016757130826965443,0.9852225724374015,0.0017469054384981334,-0.013333259083111951,-0.020181002570818934,0.08075320183093948,-0.014055121449294009,-0.019459140204636877
2.638476953907815,434.9876771402346,-0.016753012330988318,0.9854273792214716,0.0016927821095202324,-0.013435220362654925,-0.02007080429932171,0.08242411325017593,-0.013995094107330972,-0.019510930554645662
2.6466933867735465,443.2955654074292,-0.016759865602837706,0.9861876807509985,0.0016517015266733972,-0.013522590097348023,-0.019997141108327388,0.08393732650590496,-0.013951315127892584,-0.019568416077782827
2.6549098196392777,451.7621271522579,-0.01677235297242914,0.9871532948495305,0.0016263021211074288,-0.013584859387077484,-0.0199598465577808,0.08502015747647763,-0.013927570876067377,-0.019617135068790904
2.663126252505009,460.3903929008543,-0.016796052764887368,0.9885880306821675,0.0016226216549223855,-0.013615772760704713,-0.019976332769070022,0.08529928603996088,-0.013941931001750698,-0.019650174528024037
2.6713426853707407,469.1834510597789,-0.01683455841651894,0.9906456207474489,0.0016470700854715108,-0.013606360368981472,-0.02006275646405641,0.08452670074076708,-0.01400628742680229,-0.01966282940623559
2.679559118236472,478.1444490214842,-0.01688436419728892,0.9931584273986496,0.0016981515434658697,-0.013556048331804712,-0.02021268006277313,0.08310652913687697,-0.014103612276842703,-0.019665116117735137
2.687775551102204,487.2765942908973,-0.01694149166456129,0.9959977378957166,0.001768052921634223,-0.013476171615397395,-0.020406811713725187,0.08182605212055243,-0.014203584619953497,-0.019679398709169085
2.695991983967935,496.58315563351056,-0.017003557470697785,0.9991178649855668,0.0018470898941531713,-0.013383327801949669,-0.0206237871394459,0.0811946925177053,-0.014286775775040826,-0.019720339166354742
2.704208416833666,506.06746424541336,-0.017064842231784214,1.0022144751756101,0.0019306919503137778,-0.013280755543927814,-0.020848928919640613,0.08136492672200585,-0.014342364484379568,-0.01978731997918886
2.712424849699398,515.732914945656,-0.01712420079569133,1.0052223785984935,0.002017657917838185,-0.013169663943606413,-0.02107873764777625,0.08232378733892397,-0.014369639486024762,-0.0198787621053579
2.7206412825651296,525.5829673913952,-0.017181679349328363,1.0081433255666878,0.0021073007240089234,-0.013051445825675693,-0.021311912872981034,0.08401885705114644,-0.014370400855025318,-0.019992957843631406
2.728857715430861,535.6211473162454,-0.01723732332398778,1.0109790571015558,0.0021990279899541357,-0.012927307662682165,-0.021547338985293395,0.08638127776147997,-0.014346998020783088,-0.020127648627192473
2.737074148296593,545.8510477922849,-0.017291177393084587,1.0137313035596034,0.002292331526635235,-0.012798290160253807,-0.021784064625915367,0.08933285135648317,-0.014302092172604015,-0.020280262613565157
2.745290581162324,556.2763305161558,-0.017343285470852413,1.0164017833584023,0.0023867766258304124,-0.012665289245082771,-0.022021281696622055,0.09279265064458497,-0.014238435055811712,-0.02044813588589311
2.7535070140280555,566.9007271197428,-0.01739369071194101,1.01899220179742,0.0024819919552937133,-0.012529075869647185,-0.022258305554234834,0.09668215939453412,-0.014158696985197328,-0.02062868443868469
2.761723446893787,577.7280405058667,-0.017442435511855425,1.0215042499687583,0.0025776604441864353,-0.012390313876876495,-0.022494557146834356,0.10092863717011759,-0.014065354257787177,-0.020819516765923675
2.769939879759518,588.7621462095041,-0.017489561508183902,1.0239396037533028,0.002673511288569118,-0.012249575670327159,-0.022729547346040643,0.10546688871480321,-0.013960629950301765,-0.021018493066066037
2.7781563126252498,600.0069937849962,-0.017535109582571217,1.0262999228983607,0.0027693130630059236,-0.012107355717163305,-0.02296286344797913,0.11023983684912318,-0.013846474751931284,-0.021223744413211152
2.786372745490981,611.4666082197532,-0.01757911986337024,1.0285868501714817,0.002864867851733751,-0.011964082053505454,-0.023194157673235027,0.11519831941852805,-0.013724573761130187,-0.021433665965610294
2.7945891783567127,623.1450913749646,-0.017621631728947623,1.0308020105878555,0.0029600062827103662,-0.01182012602082302,-0.023423137437072226,0.12030045380564774,-0.013596367752399639,-0.021646895705495606
2.802805611222444,635.0466234538172,-0.017662683811582522,1.0329470107063716,0.0030545833416358997,-0.01167581047420015,-0.023649557148964894,0.12551081012529333,-0.013463080845155649,-0.021862286778009395
2.811022044088176,647.175464497765,-0.017702314001917616,1.0350234379908283,0.003148474849237099,-0.011531416691182725,-0.023873211312652506,0.13079954373527386,-0.013325749534445982,-0.02207887846938925
2.819238476953907,659.5359559113624,-0.01774055945394007,1.0370328602338237,0.0032415744969768712,-0.011387190186661858,-0.02409392872121828,0.13614157096210155,-0.013185250276222974,-0.022295868631657164
2.8274549098196387,672.1325220162414,-0.017777456590431354,1.0389768250386044,0.003333791350062698,-0.0112433456123373,-0.024311567568525407,0.1415158280207361,-0.013042324289405188,-0.02251258889145752
2.83567134268537,684.9696716347432,-0.017813041108856772,1.040856859356126,0.003425047740175133,-0.011100070892783212,-0.024526011324930333,0.14690462667789755,-0.012897599121330289,-0.022728483096383256
2.8438877755511016,698.0519997038188,-0.017847347987675517,1.0426744690751724,0.0035152774827302627,-0.01095753072585958,-0.024737165249491454,0.15229310565289014,-0.012751607010242767,-0.022943088965108268
2.852104208416833,711.3841889197356,-0.01788041149301433,1.0444311386611589,0.0036044243643784143,-0.01081586955383396,-0.0249449534321947,0.15766876962352674,-0.012604800316870703,-0.023156022669157957
2.860320641282564,724.9710114142107,-0.017912265185699633,1.046128330842433,0.0036924408557224625,-0.010675214093439349,-0.025149316277959917,0.16302110491648178,-0.012457564390493184,-0.023366965980906082
2.868537074148296,738.8173304625478,-0.017942941928590493,1.047767486339673,0.003779287012067606,-0.010535675497697992,-0.025350208359482995,0.16834126053775345,-0.012310228249022597,-0.02357565560815839
2.876753507014027,752.9281022243991,-0.017972473894210143,1.0493500236374378,0.0038649295314857313,-0.010397351209712843,-0.025547596578707442,0.1736217839473632,-0.012163073427638435,-0.02378187436078185
2.884969939879759,767.3083775177806,-0.018000892572636547,1.0508773387946289,0.003949340944863515,-0.01026032655803467,-0.025741458587238423,0.17885640222409085,-0.012016341308925434,-0.02398544383634766
2.89318637274549,781.9633036269593,-0.018028228779629348,1.0523508052917772,0.0040324989169806345,-0.010124676134650531,-0.025931781424608162,0.1840398406289794,-0.011870239201881934,-0.024186218357376763
2.9014028056112218,796.8981261448811,-0.01805451266497178,1.0537717739129897,0.00411438564131097,-0.009990464989493545,-0.026118560340450014,0.18916767188133937,-0.011724945393500219,-0.024384079936443342
2.909619238476953,812.1181908507757,-0.018079773720999597,1.0551415726602558,0.004194987314168482,-0.00985774966962696,-0.026301797772372234,0.1942361906223602,-0.011580613357754248,-0.024578934084244948
2.9178356713426843,827.6289456236327,-0.01810404079130576,1.0564615066986107,0.0042742936762744065,-0.009726579126460617,-0.0264815024561509,0.19924230853890576,-0.011437375273471571,-0.024770706309139946
2.926052104208416,843.435942392217,-0.018127342079590533,1.0577328583297345,0.004352297611790476,-0.009596995510481512,-0.026657688648699555,0.20418346645354338,-0.011295344974658943,-0.024959339184522124
2.934268537074148,859.5448391223285,-0.01814970515864516,1.0589568869925245,0.004428994796514051,-0.009469034869762315,-0.026830375447528008,0.2090575603748022,-0.011154620433850963,-0.02514478988343936
2.9424849699398785,875.9614018420135,-0.01817115697944731,1.0601348292887502,0.004504383388265166,-0.009342727765887083,-0.026999586193007533,0.2138628790627899,-0.011015285860265615,-0.025327028098629002
2.95070140280561,892.6915067054762,-0.0181917238803539,1.061267899032272,0.004578463753610576,-0.009218099818755104,-0.027165347941952696,0.21859805112106379,-0.010877413479307822,-0.02550603428139998
2.958917835671342,909.7411420963725,-0.018211431596374884,1.0623572873202227,0.004651238225987798,-0.009095172189922826,-0.02732769100282694,0.22326199999426136,-0.01074106504762654,-0.025681798145123228
2.9671342685370736,927.1164107713079,-0.018230305268512458,1.0634041626246664,0.004722710891045536,-0.008973962012668141,-0.027486648524356776,0.2278539055484876,-0.010606293147977668,-0.025854317389047247
2.9753507014028044,944.8235320442564,-0.01824836945315404,1.0644096709034674,0.004792887395656358,-0.0088544827757116,-0.02764225613059648,0.23237317115234177,-0.01047314230008882,-0.02602359660621926
2.983567134268536,962.8688440127136,-0.01826564813149698,1.0653749357284732,0.0048617747775832896,-0.0087367446664885,-0.027794551596505457,0.23681939537044994,-0.010341649917220967,-0.02618964634577299
2.991783567134268,981.2588058263477,-0.018282164719009307,1.0663010584307753,0.004929381313214962,-0.008620754879043227,-0.027943574558975386,0.24119234753854607,-0.010211847132889177,-0.02635248230512944
3.0,999.999999999,-0.018297942074898488,1.0671891182608773,0.004995716381160955,-0.008506517890846242,-0.028089366258950733,0.24549194661713314,-0.010083759517889753,-0.026512124631907222
