x_transformed,x_real,y_real,y_normalised,Std_real,Upper_CI_real,Lower_CI_real,Std_normalised,Upper_CI_normalised,Lower_CI_normalised
-1.1,0.07943282247242814,-0.031208961018229217,1.8405834728489114,0.002649550980274216,-0.02601593652168896,-0.036401985514769475,0.10092632664208946,-0.027846902121113664,-0.03457101991534477
-1.0917835671342686,0.08094992067275816,-0.03129874606614249,1.846059317088302,0.002588358203831665,-0.02622565720754364,-0.03637183492474134,0.09631523151350599,-0.02809029202039022,-0.03450720011189476
-1.0835671342685371,0.08249599413606928,-0.03138342831631973,1.851244559122724,0.002531147969708115,-0.026422469456150146,-0.036344387176489315,0.09228267877728433,-0.028309306711427822,-0.034457549921211646
-1.0753507014028056,0.08407159626481406,-0.03146258100069256,1.8561091200248718,0.002479121344475105,-0.026603592452216836,-0.036321569549168285,0.08898211066292847,-0.02849840795693037,-0.03442675404445475
-1.0671342685370742,0.08567729103095306,-0.03153569992517449,1.8606150384928655,0.0024338189087186606,-0.02676550251919334,-0.03630589733115565,0.08653615596210483,-0.028653006551161982,-0.034418393299187
-1.058917835671343,0.08731365317782327,-0.03160217548115267,1.8647133848889108,0.0023971860561328956,-0.02690377714689058,-0.03630057381541476,0.08498398748309653,-0.028771187960491766,-0.03443316300181357
-1.0507014028056114,0.0889812684258623,-0.03166125444508216,1.8683400403694088,0.002371670658739661,-0.027012865370762036,-0.03630964351940228,0.08422654863181916,-0.028855498735720488,-0.034467010154443825
-1.04248496993988,0.09068073368226119,-0.0317119880712577,1.8714099523915995,0.002360435476799178,-0.02708561954890068,-0.036338356593614715,0.08400775170191217,-0.028913520927618466,-0.03451045521489693
-1.0342685370741485,0.09241265725462187,-0.031753473058001344,1.8738390838856491,0.0023665584228267727,-0.027115103781950957,-0.03639184233405173,0.08405256180416161,-0.02895351319974581,-0.03455343291625688
-1.026052104208417,0.09417765906869519,-0.03178634166677255,1.8756858384342847,0.002387093709437962,-0.027107723968552024,-0.036464959364993076,0.08447097640413892,-0.028972443576785613,-0.034600239756759486
-1.0178356713426857,0.09597637089027737,-0.03181162916270473,1.877043474171257,0.0024176614901185505,-0.027073099715262935,-0.03655015861014653,0.08546310224611288,-0.028964681365817282,-0.03465857695959219
-1.009619238476954,0.09780943655134493,-0.03183015979035374,1.877982583232832,0.0024548009643748296,-0.02701883831096488,-0.03664148126974259,0.08709293966340129,-0.028928918831593087,-0.03473140074911439
-1.0014028056112223,0.09967751218050783,-0.03184260196127331,1.878557219145883,0.0024957318452846927,-0.026951057429445622,-0.036734146493101,0.08929558922825916,-0.02886798631611374,-0.03481721760643288
-0.993186372745491,0.10158126643786476,-0.03184950974883073,1.8788094845696228,0.0025382386168310003,-0.026874653475673208,-0.036824366021988256,0.09192839069044435,-0.028787190192563126,-0.03491182930509834
-0.9849699398797596,0.10352138075434403,-0.03185135334160537,1.878772891877978,0.002580588559777244,-0.026793492705525883,-0.03690921397768485,0.09482208846091598,-0.02869263889355419,-0.03501006778965655
-0.9767535070140282,0.10549854957561482,-0.03184854129312864,1.8784748122022679,0.0026214552260899735,-0.026710583462907986,-0.036986499123349295,0.09781543337078812,-0.028590112506696158,-0.03510697007956112
-0.9685370741482968,0.10751348061065784,-0.03184143669942954,1.8779382499917852,0.002659844250622794,-0.026628237763722938,-0.03705463563513615,0.10077223167056072,-0.02848451101569117,-0.03519836238316791
-0.9603206412825652,0.10956689508508306,-0.03183036890147941,1.877183120711451,0.0026950250209443823,-0.026548216922994115,-0.0371125208799647,0.10358604606888276,-0.028379709401724344,-0.035281028401234475
-0.952104208416834,0.11165952799928533,-0.03181564190601964,1.8762271644021262,0.0027264714819312157,-0.026471855996558907,-0.03715942781548037,0.10617820987908498,-0.02827863221706392,-0.03535265159497536
-0.9438877755511024,0.11379212839153145,-0.031797540413940756,1.8750865939804662,0.0027538134791816344,-0.02640016517460381,-0.037194915653277705,0.10849315504807948,-0.02818341524619274,-0.035411665581688775
-0.9356713426853708,0.11596545960607073,-0.03177633411632904,1.8737765516781644,0.0027767984242252674,-0.02633390921251994,-0.03721875902013814,0.11049329469510182,-0.02809558027478026,-0.03545708795787782
-0.9274549098196394,0.11818029956636722,-0.031752280746152835,1.8723114278734834,0.0027952621091239154,-0.02627366768492049,-0.03723089380738518,0.11215448022717765,-0.028016189473988148,-0.035488372018317525
-0.919238476953908,0.12043744105355014,-0.03172562824430972,1.8707050821920728,0.002809107112680546,-0.026219879474740547,-0.03723137701387889,0.11346236569734845,-0.027945968677055982,-0.03550528781156345
-0.9110220440881764,0.12273769199018238,-0.03169661630167936,1.8689709959571026,0.00281828722277469,-0.026172874846951556,-0.03722035775640716,0.11440968352511957,-0.027885399672584382,-0.035507832930774336
-0.902805611222445,0.12508187572944854,-0.03166547746570697,1.8671223769364114,0.0028227964774246174,-0.026132898034268187,-0.037198056897145754,0.11499430936467428,-0.027834785774249634,-0.03549616915716431
-0.8945891783567136,0.12747083134986675,-0.031632437944537614,1.8651722311614471,0.0028226616875218916,-0.026100122696453655,-0.03716475319262157,0.115217968487951,-0.027794295717919117,-0.03547058017115611
-0.8863727454909821,0.12990541395562896,-0.031597718198886286,1.8631334118291125,0.0028179375833574994,-0.026074662024823753,-0.03712077437294882,0.11508545545339256,-0.027763990247924534,-0.035431446149848035
-0.8781563126252506,0.13238649498267718,-0.03156153337772685,1.8610186515053047,0.0028087039961295977,-0.026056574702079113,-0.03706649205337459,0.11460427518036631,-0.027743834509283694,-0.03537923224617001
-0.8699398797595191,0.1349149625106259,-0.03152409362528249,1.8588405806686163,0.0027950647366724313,-0.026045867406946595,-0.03700231984361838,0.11378465438824922,-0.027733697973632013,-0.03531448927693297
-0.8617234468937878,0.1374917215806419,-0.03148560426091185,1.8566117327539162,0.002777148070121346,-0.026042494063739093,-0.0369287144580846,0.11263991271673793,-0.02773334225634487,-0.035237866265478826
-0.8535070140280563,0.14011769451939524,-0.03144626580774323,1.8543445329931063,0.0027551089153148357,-0.026046351560240936,-0.03684618005524552,0.1111872204592263,-0.027742395903549207,-0.035150135711937244
-0.8452905811623248,0.14279382126919726,-0.031406273817757714,1.8520512652198584,0.002729133129360896,-0.026057271175195264,-0.03675527646032016,0.10944880182193965,-0.027760314134225226,-0.035052233501290206
-0.8370741482965933,0.14552105972444415,-0.031365818407712506,1.8497440071008864,0.0026994444738440873,-0.02607500446071242,-0.036656632354712594,0.10745366213551744,-0.027786320839238574,-0.034945315976186435
-0.8288577154308618,0.14830038607448637,-0.031325083378663625,1.8474345196262305,0.0026663150915906186,-0.026099201827710396,-0.036550964929616854,0.10523990925475034,-0.027819330370369637,-0.03483083638695761
-0.8206412825651304,0.15113279515304626,-0.03128424473805522,1.8451340707085158,0.0026300805248883974,-0.026129381632833758,-0.036439107843276676,0.10285767331812928,-0.027857848799340786,-0.03471064067676965
-0.8124248496993989,0.1540193007943095,-0.03124346837259448,1.8428531648722926,0.002591160421979838,-0.026164887267348388,-0.03632204947784057,0.10037245170275258,-0.02789986016351685,-0.03458707658167211
-0.8042084168336675,0.15696093619581752,-0.03120290652627432,1.8406011405754943,0.0025500860151063836,-0.02620482977918654,-0.036200983273362096,0.09786833511584998,-0.027942715476331655,-0.03446309757621698
-0.795991983967936,0.1599587542882909,-0.031162692612992985,1.8383855828112639,0.0025075350814345214,-0.02624801416341061,-0.03607737106257536,0.09544990747781608,-0.027983064250983236,-0.034342320975002734
-0.7877755511022045,0.16301382811251586,-0.031122933726877286,1.8362114801364167,0.002464374294813706,-0.02629284886461613,-0.03595301858913844,0.09324060785340418,-0.028016901578123064,-0.03422896587563151
-0.7795591182364732,0.16612725120342922,-0.031083699992093275,1.834080030655123,0.00242170766986523,-0.02633724017807301,-0.03583015980611354,0.09137417592292238,-0.028039842444223813,-0.03412755753996274
-0.7713426853707417,0.169300137981539,-0.0310450095998818,1.8319869687794061,0.00238092875134748,-0.026378474997484816,-0.03571154420227878,0.08997518524027681,-0.028047755244935923,-0.03404226395482767
-0.7631262525050102,0.1725336241518206,-0.03100680799055195,1.8299202412073128,0.002343775253133814,-0.026413092906553425,-0.03560052307455047,0.08912609173075786,-0.028037838647883246,-0.03397577733322066
-0.7549098196392787,0.17582886711023185,-0.030968939121787168,1.82785680312199,0.002312392962967973,-0.026436732196266077,-0.03550114604730826,0.08882365616884709,-0.02801004451586512,-0.03392783372770922
-0.7466933867735472,0.17918704635799193,-0.030931106082076828,1.8257582296942059,0.0022894415547686296,-0.02644388309002093,-0.035418329074132726,0.08893856810840374,-0.02796838352836727,-0.03389382863578638
-0.7384769539078158,0.1826093639237728,-0.030892820857692974,1.8235651372624475,0.002278315192382702,-0.026427405135192435,-0.03535823658019351,0.0892113394550822,-0.02792101174189907,-0.03386462997348688
-0.7302605210420843,0.18609704479395398,-0.030853849531767473,1.8212490319251478,0.002280280709812551,-0.026384581465893443,-0.03532311759764151,0.08946385817099842,-0.02787362850974671,-0.03383407055378824
-0.7220440881763528,0.18965133735109493,-0.030814731597662393,1.8188725503354317,0.002291254812404908,-0.026323954685944694,-0.03530550850938009,0.08981861279163027,-0.02782269298583855,-0.03380677020948624
-0.7138276553106214,0.19327351382078184,-0.030775906771100973,1.8164880988702141,0.002307544037798186,-0.026253203564276396,-0.035298609977925555,0.09038538406545372,-0.027764987868403715,-0.03378682567379823
-0.7056112224448899,0.19696487072700897,-0.03073764766458357,1.8141297742750448,0.0023262772602570558,-0.02617822801642523,-0.03529706731274191,0.09118127814613856,-0.0277002159295644,-0.03377507939960274
-0.6973947895791585,0.20072672935625688,-0.030700106676490698,1.8118185829677695,0.0023452017505998382,-0.026103595708834727,-0.03529661764414667,0.09214861554039215,-0.02763045098761263,-0.033769762365368765
-0.6891783567134271,0.20456043623043474,-0.030663350317268127,1.8095662633971912,0.0023625728679140504,-0.02603279258530508,-0.035293908049231174,0.09318977592557247,-0.027559011482249873,-0.03376768915228638
-0.6809619238476956,0.20846736358885526,-0.030627384133529813,1.807378063050315,0.002377076058887252,-0.025968400669598386,-0.03528636759746124,0.09419768287684278,-0.027489469891125537,-0.03376529837593409
-0.6727454909819641,0.21244890987941453,-0.0305921705827137,1.8052547318037537,0.0023877616971676343,-0.0259122436526009,-0.0352720975128265,0.09507591859368207,-0.027425000542503217,-0.03375934062292418
-0.6645290581162326,0.21650650025915358,-0.030557641589234283,1.8031939241628478,0.0023939894033155875,-0.025865508579365197,-0.03524977459910337,0.09574941445126428,-0.027368036047648776,-0.03374724713081979
-0.6563126252505012,0.22064158710437978,-0.030523707029990438,1.801191149197666,0.0023953831135573554,-0.025828842398242603,-0.03521857166173827,0.09616885074394169,-0.027320129222035125,-0.03372728483794575
-0.6480961923847697,0.22485565053053136,-0.030490260014868254,1.799240364470387,0.0023917985770737266,-0.025802420945529602,-0.03517809908420691,0.09631175715159972,-0.02728192170709781,-0.0336985983226387
-0.6398797595190382,0.22915019892197075,-0.030457179516214947,1.7973342755819963,0.0023833042974582674,-0.02578598892899721,-0.035128370103432685,0.09618236828094799,-0.027253151411919016,-0.03366120762051088
-0.6316633266533067,0.23352676947189663,-0.030424330635061114,1.7954643733568283,0.002370176266000403,-0.025778870516688698,-0.03506979075343353,0.09581126925402408,-0.027232664585609453,-0.033615996684512775
-0.6234468937875753,0.2379869287325676,-0.030391562549419812,1.7936207137159825,0.0023529063251069614,-0.025779950893213676,-0.035003174205625945,0.09525494491088574,-0.027218428782572305,-0.033564696316267316
-0.6152304609218439,0.24253227317603523,-0.030358703951348036,1.7917914187463762,0.0023322234689628516,-0.02578762994828178,-0.03492977795441429,0.09459446323758909,-0.027207572157226273,-0.0335098357454698
-0.6070140280561124,0.24716442976558578,-0.030325555524956832,1.7899618491643103,0.002309126587558886,-0.02579975057759754,-0.03485136047231612,0.09393159514125472,-0.02719650520011115,-0.03345460584980251
-0.5987975951903809,0.2518850565380965,-0.030291878726365306,1.788113365983077,0.002284925999036401,-0.02581350606091476,-0.03477025139181585,0.09337977508270931,-0.027181210637346145,-0.033402546815384467
-0.5905811623246495,0.2566958431975146,-0.030257379775145365,1.7862215601023466,0.0022612900576383568,-0.025825332703575683,-0.03468942684671505,0.09304688445174704,-0.02715780094246625,-0.033356958607824484
-0.582364729458918,0.2615985117196706,-0.030221687327080228,1.7842537796259739,0.0022402940204056263,-0.02583079173230476,-0.0346125829218557,0.09300787855603054,-0.027123407859225897,-0.033319966794934555
-0.5741482965931866,0.2665948169686434,-0.030184321735526026,1.78216572214331,0.0022244760030151627,-0.025824428885142692,-0.03454421458590936,0.09326927037267768,-0.02707733478061623,-0.033291308690435825
-0.5659318637274551,0.27168654732489755,-0.030144653079775624,1.7798967781332655,0.002216929414967385,-0.025799551270172097,-0.03448975488937915,0.09373625215652777,-0.027022110022573986,-0.03326719613697726
-0.5577154308617236,0.2768755253254171,-0.030102013635914124,1.7773810722873429,0.002220636508473526,-0.025749646056551237,-0.03445438121527701,0.0942360078124606,-0.02696282271283532,-0.03324120455899293
-0.5494989979959922,0.28216360831606535,-0.030056735757327167,1.7746533765246553,0.002233209868381942,-0.025679724845379125,-0.034433746669275206,0.094746718730687,-0.026900532026553833,-0.0332129394881005
-0.5412825651302607,0.28755268911640497,-0.03000948627962738,1.7717811243594328,0.0022506005161927775,-0.025598390324302278,-0.03442058223495248,0.09531410554944651,-0.026834381752940988,-0.033184590806313766
-0.5330661322645293,0.29304469669721417,-0.02996076229529894,1.7688132593782635,0.0022697196275029132,-0.025512193570389564,-0.034409331020208316,0.09593486020455846,-0.026764979182751142,-0.03315654540784674
-0.5248496993987978,0.2986415968709442,-0.029910934962651833,1.7657851210393352,0.002288236609308836,-0.025426073620300464,-0.0343957963050032,0.0965644037899786,-0.02669418048730006,-0.03312768943800361
-0.5166332665330663,0.30434539299536323,-0.029860283045526705,1.7627221647170301,0.0023044551933910223,-0.025343633862494018,-0.03437693222855939,0.09714075194102934,-0.026624329254262565,-0.033096236836790846
-0.5084168336673349,0.3101581266906392,-0.029809016422007575,1.7596425665507813,0.002317229663056934,-0.0252673297385081,-0.03435070310550705,0.09760653285876211,-0.026557546531716828,-0.03306048631229832
-0.5002004008016034,0.3160818785701192,-0.02975729168054892,1.756558948717538,0.0023259038779233866,-0.025198603848317035,-0.03431597951278081,0.09792420924327713,-0.026495239351062207,-0.03301934401003563
-0.4919839679358719,0.3221187689850648,-0.02970522122201924,1.7534793828954152,0.002330269115476697,-0.025137977681398905,-0.03427246476263957,0.09808462155306391,-0.02643782523591419,-0.03297261720812429
-0.4837675350701405,0.32827095878361184,-0.02965287669771496,1.7504077642319165,0.002330540378078337,-0.025085101492165057,-0.03422065190326486,0.09811018479548836,-0.026384629148598633,-0.03292112424683129
-0.475551102204409,0.33454065008422634,-0.029600287090487648,1.7473435899657537,0.0023273506412906215,-0.02503876365416183,-0.03416181052681346,0.09805349085583275,-0.026333928130509294,-0.032866646050466
-0.4673346693386775,0.3409300870639314,-0.029547431247598628,1.7442811213990685,0.002321761028038158,-0.024996863251935147,-0.03409799924326211,0.09799084750225823,-0.026283159063699792,-0.03281170343149746
-0.4591182364729461,0.34744155676158955,-0.029494224160397896,1.7412078507973838,0.0023152831403674703,-0.024956352591264858,-0.034032095729530934,0.09800914484156692,-0.026229342455331858,-0.03275910586546393
-0.4509018036072146,0.35407738989652693,-0.029440495716962382,1.7381021315077567,0.0023099088907557242,-0.024913157483512298,-0.03396783395041247,0.09818410242536241,-0.02616978582295112,-0.03271120561097365
-0.4426853707414832,0.3608399617027919,-0.029385959984940466,1.7349297551836864,0.002308145800486311,-0.024862077344919922,-0.03390984262496101,0.09854943418477756,-0.02610308015536327,-0.03266883981451766
-0.4344689378757517,0.3677316927793485,-0.029330214518922405,1.7316440731945983,0.00231278406119722,-0.024797241054957574,-0.03386318798288724,0.09906567685254887,-0.02603013760794933,-0.03263029142989548
-0.4262525050100202,0.37475504995650594,-0.029273303223227326,1.7282515494525927,0.0023229478316225856,-0.024720409135281646,-0.033826197311173006,0.09967203353473529,-0.025953027351824434,-0.03259357909463022
-0.4180360721442888,0.38191254717889844,-0.029215582772358167,1.7247962298550592,0.002335266873275361,-0.024638543806448997,-0.03379262173826734,0.10031591397382227,-0.025873857948725123,-0.032557307595991215
-0.4098196392785573,0.38920674640532754,-0.02915727121567683,1.7213071271862668,0.0023471689292467813,-0.024556904648721695,-0.033757637782631966,0.10092811938911886,-0.025795152598552622,-0.03251938983280103
-0.4016032064128259,0.39664025852579093,-0.029098472602422404,1.7178009009215303,0.0023568498845660314,-0.0244791317117056,-0.03371781349313921,0.10144026764803676,-0.02571929329689483,-0.032477651907949975
-0.3933867735470944,0.40421574429602647,-0.02903920327268885,1.7142847896265052,0.0023631879306276003,-0.024407440039959014,-0.03367096650541869,0.1018019301251032,-0.02564797626276908,-0.03243043028260862
-0.3851703406813629,0.41193591528990436,-0.02897940833161438,1.710758451880375,0.00236568574134538,-0.024342749479837496,-0.03361606718339126,0.1019925968205151,-0.02558182983065138,-0.03237698683257738
-0.3769539078156314,0.41980353487000965,-0.028918969798075025,1.7072148816205026,0.00236443800351281,-0.024284756467512127,-0.03355318312863792,0.10202847486693514,-0.02552019612723722,-0.03231774346891283
-0.3687374749499,0.4278214191767614,-0.028857707182819797,1.7036404818996496,0.0023601221572026286,-0.024231952755587666,-0.03348346161005193,0.10196450074131025,-0.02546106461875461,-0.032254349746884986
-0.3605210420841686,0.4359924381364247,-0.02879537057347363,1.7000143056857964,0.002354006728848979,-0.024181602165564687,-0.03340913898138258,0.10189056621410317,-0.02540119091718752,-0.03218955022975974
-0.3523046092184371,0.4443195164883728,-0.028731625632607873,1.696306397672644,0.002347964375842718,-0.024129700018973077,-0.03333355124624267,0.10191850536920288,-0.02533651526688146,-0.03212673599833429
-0.3440881763527056,0.45280563483197034,-0.028666029198038026,1.6924750913109867,0.002344464350145924,-0.024070963508713912,-0.03326109488736214,0.10215314499392093,-0.025263102514566326,-0.03206895588150972
-0.3358717434869741,0.46145383069345103,-0.028598105859336982,1.6884745036240156,0.0023459033179423134,-0.02400021984495703,-0.03319599187371693,0.1026343162475726,-0.025179150393800195,-0.032017061324873766
-0.3276553106212427,0.47026719961317126,-0.02852803915476311,1.6843247495002132,0.0023507121974282903,-0.023920727909784653,-0.03313535039974157,0.10327347677489813,-0.025087791966748398,-0.031968286342777825
-0.3194388777555113,0.47924889625363026,-0.02845622816281525,1.6800668481439374,0.002356036933760063,-0.023838480626399348,-0.03307397569923116,0.10393119350348197,-0.024994071107943314,-0.03191838521768719
-0.3112224448897798,0.4884021355286512,-0.028382948570153575,1.6757284812740392,0.002359837840855905,-0.023757751392721238,-0.03300814574758591,0.10448729061960849,-0.024902266802066187,-0.03186363033824096
-0.3030060120240483,0.4977301937541296,-0.02830837733609288,1.6713267459116123,0.0023608836890873187,-0.023681130333793675,-0.03293562433839208,0.10486634037031846,-0.024815068658563484,-0.03180168601362227
-0.2947895791583168,0.50723640982076,-0.028232608527187553,1.6668699085715866,0.0023587191605418073,-0.023609603922881063,-0.032855613131494044,0.10504828349455389,-0.024733238958313388,-0.031731978096061715
-0.2865731462925854,0.5169241863891598,-0.02815565985879703,1.662358126334694,0.0023536412813777875,-0.02354260771476986,-0.0327687120028242,0.1050715795881068,-0.0246555142501996,-0.03165580546739446
-0.278356713426854,0.5267969911078207,-0.028077470512643702,1.657783198079185,0.002346687970327645,-0.023478046607848118,-0.03267689441743928,0.10503017214667076,-0.024578704269188338,-0.031576236756099066
-0.2701402805611225,0.5368583578543202,-0.02799789003158126,1.6531273237482624,0.0023396187232969526,-0.02341232159636365,-0.032583458466798866,0.10505901447333481,-0.02449816299222456,-0.031497617070937955
-0.261923847695391,0.5471118880002395,-0.02791665805781434,1.6483608394066178,0.0023348302771914074,-0.02334047480450551,-0.03249284131112317,0.10529413263008361,-0.024409098759848112,-0.03142421735578057
-0.2537074148296595,0.5575612517002411,-0.027833652978280873,1.6434675401693843,0.002333553463049218,-0.023259972234705686,-0.03240733372185606,0.10576014233212866,-0.024310569960022527,-0.03135673599653922
-0.2454909819639281,0.568210189205766,-0.027749295786719884,1.638486100936143,0.0023334485077095555,-0.02317582075183042,-0.03232277082160935,0.10630376990671944,-0.02420810344075013,-0.03129048813268964
-0.2372745490981966,0.579062512203822,-0.0276639827069579,1.6334518876176705,0.0023322949803947154,-0.023092768544060706,-0.03223519686985509,0.1067591322962898,-0.02410762132408565,-0.031220344089830147
-0.2290581162324652,0.59012210518134,-0.0275780052230586,1.628388941172343,0.0023287501446454277,-0.023013738810561117,-0.03214227163555608,0.1070205218815466,-0.024012936427462984,-0.031143074018654213
-0.2208416833667337,0.601392926815591,-0.027491566506959594,1.6233117900541405,0.0023223798998520304,-0.022939785544829876,-0.03204334746908931,0.10706425837432196,-0.023925040760838224,-0.031058092253080965
-0.2126252505010022,0.6128790113911561,-0.027404787954339475,1.618226162798262,0.002313653917345314,-0.02287010960365265,-0.0319394663050263,0.10695341855665322,-0.02384195450543674,-0.03096762140324221
-0.2044088176352707,0.6245844702439616,-0.027317706383738496,1.6131286624594097,0.0023039156715363982,-0.022802114644109743,-0.03183329812336725,0.10682892939407014,-0.023759019919181494,-0.0308763928482955
-0.1961923847695393,0.6365134932328925,-0.027230261639808954,1.6080053740666094,0.0022952740013596758,-0.02273160726249285,-0.03172891601712506,0.10687300800838116,-0.023670106827969856,-0.030790416451648053
-0.1879759519038079,0.6486703502395137,-0.027142315538717918,1.6028384801840838,0.002289336889852146,-0.02265529768612877,-0.031629333391307066,0.10717784192850596,-0.0235720060959971,-0.030712624981438737
-0.1797595190380764,0.6610593926964333,-0.027053753282804453,1.5976304377253774,0.002284268194247634,-0.022576669891048746,-0.03153083667456016,0.10757801197478209,-0.023470113371124698,-0.03063739319448421
-0.1715430861723449,0.6736850551448572,-0.02696437831759688,1.5923790725113904,0.0022780029161923007,-0.022499574645182756,-0.031429181990011004,0.10787465837690292,-0.023370856517724716,-0.030557900117469044
-0.1633266533066134,0.6865518568218915,-0.026873894693027874,1.5870714455099981,0.0022694420136334693,-0.022425870081304214,-0.03132191930475153,0.10795872913653366,-0.023277572327091257,-0.03047021705896449
-0.155110220440882,0.6996644032781603,-0.026781917554056643,1.5816850444333976,0.002258545635304956,-0.022355249451418792,-0.031208585656694494,0.10783812370969409,-0.023189612797418185,-0.0303742223106951
-0.1468937875751506,0.7130273880263206,-0.026687973746189843,1.5761878761926704,0.002246324188917153,-0.022285259238311074,-0.03109068825406861,0.10763362207197148,-0.023102481350344206,-0.03027346614203548
-0.1386773547094191,0.7266455942210599,-0.02659149263966787,1.5705374717802278,0.002234708947124382,-0.022211543587374656,-0.03097144169196108,0.10753986487997953,-0.02300912348442746,-0.030173861794908278
-0.1304609218436876,0.7405238963711813,-0.026491969427655172,1.5646946376334063,0.0022254070178623405,-0.0221302518217023,-0.030853687033608045,0.10768207882819975,-0.022904862839816,-0.030079076015494345
-0.1222444889779561,0.7546672620843887,-0.026389603505001278,1.558678561553505,0.002216842598460287,-0.022044671852624927,-0.03073453515737763,0.10789936740118099,-0.022795258597842077,-0.02998394841216048
-0.1140280561122246,0.7690807538453952,-0.02628471331948244,1.5525162484171104,0.002207110428388569,-0.021958856369938076,-0.030610570269026808,0.10798726685123597,-0.02268744030488149,-0.029881986334083392
-0.1058116232464932,0.783769530827991,-0.026177514127086868,1.5462236223983914,0.002195407198336876,-0.021874595086946606,-0.03048043316722713,0.10785700342761446,-0.022584580449078524,-0.02977044780509521
-0.0975951903807617,0.7987388507417227,-0.026068125467034582,1.5398063483513356,0.002182162727490219,-0.021791165112748062,-0.030345085821321102,0.10756625878581003,-0.022484877077714432,-0.029651373856354732
-0.0893787575150304,0.8139940717138392,-0.025956568389919058,1.5332595134255134,0.0021689675329829364,-0.02170547014163581,-0.030207666638202305,0.10729685748933991,-0.02238229429953385,-0.029530842480304267
-0.0811623246492989,0.829540654207185,-0.025842792204049215,1.5265705960680007,0.002157869708632179,-0.021613445291800204,-0.030072139116298226,0.1072388751048212,-0.022270449623491353,-0.029415134784607076
-0.0729458917835674,0.8453841629747193,-0.025726991316716737,1.5197547292106557,0.002148037468942323,-0.02151691524014721,-0.029937067393286266,0.10729698389806956,-0.022152713015402545,-0.02930126961803093
-0.0647294589178359,0.8615302690513682,-0.025609443913322764,1.5128367324383032,0.002137496891147271,-0.02142002698960778,-0.029798860837037748,0.1072567116516675,-0.022036507161521245,-0.029182380665124283
-0.0565130260521045,0.8779847517839182,-0.025490330830608393,1.5058309386411077,0.002125433855471255,-0.021324557022362623,-0.029656104638854163,0.10703653203992841,-0.02192472870444163,-0.029055932956775155
-0.048296593186373,0.8947535008996794,-0.025369745346507877,1.49874227478924,0.0021124143571281465,-0.02122948928611138,-0.029510001406904376,0.10674219939636356,-0.0218139480325832,-0.028925542660432554
-0.0400801603206415,0.9118425186146568,-0.02524769562415609,1.491566542102548,0.002100211778229236,-0.021131356178919963,-0.029364035069392214,0.10663010338900054,-0.021695632453654884,-0.028799758794657293
-0.03186372745491,0.9292579217819882,-0.02512409552908787,1.4842953665779115,0.0020898825051936278,-0.02102800108698802,-0.02922018997118772,0.10683550572321544,-0.02156518999378244,-0.0286830010643933
-0.0236472945891785,0.9470059440814136,-0.024998757752949265,1.4769244278023232,0.0020794900719422783,-0.020923032105733794,-0.029074483400164736,0.10711565018400171,-0.021430520042301678,-0.028566995463596853
-0.015430861723447,0.9650929382505626,-0.02487141478048159,1.4694431237690515,0.002067555834971286,-0.02081907980791223,-0.02892374975305095,0.10729393781015288,-0.0212972379504814,-0.028445591610481782
-0.0072144288577156,0.9835253783588568,-0.02474173299981339,1.4618338565663167,0.0020540552922956546,-0.020715858604660013,-0.028767607394966768,0.1074263697205107,-0.02116314459656671,-0.02832032140306007
0.0010020040080156,1.0023098621248416,-0.024609318721255997,1.4540727123897632,0.002040319665514413,-0.02061036565989894,-0.028608271782613055,0.10777926103033922,-0.021018974798836097,-0.028199662643675898
0.0092184368737471,1.0214531132777804,-0.024473906875931466,1.4461426676040312,0.002027328178470388,-0.020500416661286314,-0.02844739709057662,0.10851697074621643,-0.020858988359386595,-0.028088825392476337
0.0174348697394786,1.0409619839643451,-0.024335697485793475,1.4380570588784323,0.002013525402739459,-0.020389260214467627,-0.028282134757119323,0.10935395428446311,-0.020692897364466924,-0.027978497607120026
0.02565130260521,1.0608434572012815,-0.024194919504335517,1.429829069584958,0.0019979214880467247,-0.020279065343825266,-0.028110773664845767,0.11008965739086639,-0.020527611633080742,-0.02786222737559029
0.0338677354709415,1.0811046493749135,-0.024051736644917894,1.4214649995435087,0.0019811190981131447,-0.020168814563531656,-0.027934658726304133,0.11077811467836175,-0.020361494876971167,-0.02774197841286462
0.042084168336673,1.101752812788386,-0.023906236523511988,1.4129635104723521,0.0019649153329104143,-0.020055073238337044,-0.027757399808686932,0.1116258746651913,-0.020187754165610507,-0.02762471888141347
0.0503006012024045,1.1227953382575593,-0.023758395380818306,1.4043210061700961,0.0019493231674676615,-0.01993779217835215,-0.027578998583284463,0.11257085194167711,-0.0200084339295456,-0.027508356832091012
0.058517034068136,1.1442397577564816,-0.02360807463271022,1.395530676675871,0.0019329113985627217,-0.01981963790622034,-0.027396511359200102,0.11335515472238074,-0.019831986478627373,-0.02738416278679307
0.0667334669338675,1.1660937471133888,-0.023455044541558088,1.3865762668407704,0.001915772584051339,-0.01970019927424823,-0.027209889808867946,0.11393058575873882,-0.019659787622497545,-0.02725030146061863
0.0749498997995989,1.188365128758194,-0.023298988040273243,1.3774319533436785,0.001899668404445601,-0.019575706384991197,-0.02702226969555529,0.11445931338529117,-0.01948611814073334,-0.027111857939813147
0.0831663326653302,1.2110618745224544,-0.023139951795076427,1.3680965737127087,0.0018854652453809586,-0.019444507820027775,-0.02683539577012508,0.11499288338713731,-0.0193093076057984,-0.026970595984354456
0.0913827655310617,1.2341921084928127,-0.022978685034208836,1.3586194821663597,0.0018716781386443648,-0.019310263291814914,-0.026647106776602758,0.11534492967109145,-0.01913631347526876,-0.02682105659314891
0.0995991983967932,1.257764109918936,-0.02281592260684092,1.3490459370620898,0.0018581509423417307,-0.019174013682011964,-0.026457831531669876,0.11550364046281514,-0.018968264072270837,-0.026663581141411003
0.1078156312625246,1.2817863161769967,-0.02265230874697456,1.33941168547674,0.0018465088527563215,-0.019033217898437798,-0.026271399595511325,0.11568313053998397,-0.01879867103699042,-0.026505946456958702
0.1160320641282561,1.306267325789753,-0.022488240776716607,1.3297401153933177,0.0018371291750572223,-0.01888753375865667,-0.026088947794776544,0.11593384143775677,-0.01862625138256338,-0.026350230170869834
0.1242484969939876,1.3312159015043068,-0.02232380767183558,1.3200411788427668,0.0018281827162170306,-0.018740635390891592,-0.02590697995277957,0.11604860486425536,-0.018457995277163457,-0.026189620066507706
0.1324649298597191,1.3566409734286482,-0.022158999018682204,1.3103154549961382,0.0018193776301381193,-0.018593084389333655,-0.025724913648030753,0.11602927341685909,-0.018293830593397207,-0.0260241674439672
0.1406813627254506,1.3825516422281035,-0.021993687866436858,1.3005533215367764,0.001811739948489612,-0.018442742818044765,-0.02554463291482895,0.11604530727788633,-0.01812798532099793,-0.025859390411875786
0.1488977955911821,1.4089571823828324,-0.021827365749890307,1.2907272841325614,0.0018040144315298343,-0.018291562436501332,-0.025363169063279283,0.11597566053848012,-0.01796398327739633,-0.025690748222384284
0.1571142284569135,1.4358670455075404,-0.021659268876739444,1.2807949785930446,0.0017945860473326442,-0.018141944856809367,-0.02517659289666952,0.11565233664540157,-0.01780665697330848,-0.025511880780170408
0.165330661322645,1.4632908637345976,-0.021488539372568727,1.2707035371911979,0.0017838815123171422,-0.017992195855740283,-0.02498488288939717,0.11516787801512804,-0.01765206576032884,-0.025325012984808614
0.1735470941883763,1.4912384531617662,-0.02131491258257912,1.2604382820948037,0.0017722350158977881,-0.017841395779278683,-0.024788429385879555,0.11462209501406308,-0.017496620099640925,-0.025133205065517313
0.1817635270541078,1.5197198173657849,-0.02113916123502811,1.2500547349542326,0.0017586146648125652,-0.017692339829311506,-0.024585982640744717,0.1139877266898098,-0.01734200083664668,-0.024936321633409544
0.1899799599198393,1.5487451509830508,-0.02096208847549714,1.2396078935827906,0.0017435727709995208,-0.017544748639913375,-0.024379428311080902,0.11345620365216147,-0.01718263417836008,-0.024741542772634198
0.1981963927855707,1.5783248433586956,-0.02078472362783595,1.229163160067913,0.0017282666045790407,-0.017397383327177704,-0.0241720639284942,0.11324258065041673,-0.017012385542469796,-0.024557061713202107
0.2064128256513022,1.608469482265355,-0.02060884843877188,1.218826885234323,0.001712471607436695,-0.017252465763648542,-0.023965231113895216,0.11320435638803251,-0.016837783680452394,-0.024379913197091364
0.2146292585170337,1.6391898576929596,-0.020436400423885462,1.2087151442981205,0.0016974659806994637,-0.01710942823673255,-0.023763372611038374,0.11345651332442476,-0.01665693581094258,-0.024215865036828342
0.2228456913827652,1.670496965710913,-0.020268921227127815,1.1989162287431308,0.0016856796572544542,-0.016965049809437263,-0.023572792644818368,0.11423262278564782,-0.016463602847322956,-0.024074239606932675
0.2310621242484967,1.7024020124040296,-0.020106651788526414,1.1894234134537318,0.0016782872744764358,-0.01681726917484071,-0.023396034402212117,0.11525947873244699,-0.016267126772189194,-0.023946176804863634
0.2392785571142281,1.7349164178836476,-0.019949586685863753,1.180212033487037,0.0016774943003315097,-0.016661758272942778,-0.023237415098784728,0.11638169644203529,-0.016072678340908995,-0.02382649503081851
0.2474949899799596,1.768051820375352,-0.019797253684590895,1.1712426770279398,0.0016839234606336182,-0.016496824349026953,-0.023097683020154837,0.117500779647539,-0.015883066427652956,-0.023711440941528834
0.2557114228456911,1.801820080384765,-0.019648237292289355,1.1624469322538253,0.0016938545525994075,-0.01632834337414531,-0.0229681312104334,0.11848114795221586,-0.015701391995661954,-0.023595082588916756
0.2639278557114224,1.8362332849429048,-0.0195009665877229,1.1537462639444898,0.001704777568111968,-0.016159663952571665,-0.022842269222874134,0.11941193278906699,-0.015523114976428633,-0.023478818199017166
0.2721442885771539,1.8713037519326252,-0.019354590358688892,1.1451024938605547,0.0017137462880184298,-0.015995709355533565,-0.02271347136184422,0.12025992044299494,-0.015348490573390999,-0.023360690143986784
0.2803607214428854,1.907044034497683,-0.019208927533839747,1.1365145922986166,0.0017176981348284712,-0.01584230105326432,-0.022575554014415175,0.12091233961900318,-0.015181094353813977,-0.023236760713865517
0.2885771543086168,1.9434669255360189,-0.019063946793728137,1.1279854451060412,0.001715167139285118,-0.015702280973262712,-0.02242561261419356,0.1214057585050631,-0.01501967683837252,-0.023108216749083754
0.2967935871743483,1.9805854622788575,-0.01892056068132225,1.1195692389045258,0.00170497304205922,-0.015578874924274486,-0.022262246438370017,0.12160656400991363,-0.01486960149079248,-0.022971519871852024
0.3050100200400798,2.018412930957258,-0.018779875015173385,1.111326611623342,0.0016875773711008545,-0.015472284146690924,-0.022087465883655844,0.1215107923389962,-0.014732106171592842,-0.022827643858753927
0.3132264529058113,2.056962871557797,-0.018642643787616226,1.1033005231674782,0.001663411717219678,-0.015382416730403732,-0.02190287084482872,0.1211377380795683,-0.014607302131606518,-0.022677985443625932
0.3214428857715428,2.0962490826690803,-0.018509262653662102,1.0955163855523034,0.0016328506233719425,-0.015308934239719319,-0.021709591067604887,0.12053430323392386,-0.014494022625831363,-0.022524502681492843
0.3296593186372742,2.1362856264208165,-0.018379914955031468,1.087983859374786,0.0015974151024307067,-0.01524903888590692,-0.021510791024156015,0.11984577470238345,-0.014387611197175087,-0.02237221871288785
0.3378757515030057,2.1770868335172255,-0.018254415485501344,1.0806901670282734,0.0015580051834790836,-0.015200781438155621,-0.021308049532847068,0.11906549206610353,-0.014288104511360086,-0.0222207264596426
0.3460921843687372,2.218667308366577,-0.018132421409478367,1.0736105693964129,0.001516729570463135,-0.015159686077083716,-0.021105156741873018,0.11831823997884489,-0.014191002905041921,-0.022073839913914813
0.3543086172344685,2.261041934308703,-0.01801334994412862,1.0667083842518443,0.0014743477203172169,-0.015123681511618144,-0.020903018376639097,0.1175797106699774,-0.014096533336107803,-0.021930166552149438
0.3625250501002,2.3042258789423493,-0.01789650042752643,1.0599385121218163,0.0014324141449740015,-0.015089020292431652,-0.02070398056262121,0.11692202589632827,-0.014001592621879702,-0.021791408233173156
0.3707414829659314,2.3482345995542735,-0.01778125057038838,1.053260646895816,0.0013919465026729647,-0.015053085556742883,-0.020509415584033876,0.11632765487368842,-0.013906142458749547,-0.021656358682027217
0.3789579158316629,2.393083848652037,-0.017667029925958963,1.0466363990716903,0.0013544860533688033,-0.015012286043794312,-0.020321773808123614,0.11583605832760206,-0.01380829788384084,-0.021525761968077088
0.3871743486973944,2.438789679602465,-0.017553727357417555,1.0400579519276212,0.001320309751665421,-0.014965967795716307,-0.020141486919118802,0.11542358334274064,-0.013708735686507123,-0.02139871902832799
0.3953907815631259,2.485368452377799,-0.01744157029249755,1.033538596019918,0.001289617072862216,-0.01491396727583964,-0.01996917330915546,0.11510588478773974,-0.013607161799326552,-0.02127597878566855
0.4036072144288574,2.532836839411596,-0.017331408565701832,1.0271262344371874,0.001262296924890365,-0.014857352055121054,-0.01980546507628261,0.1148285504855954,-0.013506238635837576,-0.02115657849556609
0.4118236472945888,2.5812118315664674,-0.017224490655251994,1.0208904252561366,0.0012386667564767396,-0.014796748423710537,-0.01965223288679345,0.11456778341953135,-0.013408007400744945,-0.021040973909759043
0.4200400801603203,2.6305107442158007,-0.01712215915447704,1.014910535103497,0.0012181177262885865,-0.01473469228202159,-0.01950962602693249,0.11426530047365434,-0.013315752215171851,-0.020928566093782228
0.4282565130260518,2.6807512234416326,-0.01702563345161545,1.0092599048582558,0.0012003626152708566,-0.014672965957296263,-0.01937830094593464,0.11393120703928959,-0.013230355836450406,-0.020820911066780495
0.4364729458917831,2.7319512523508975,-0.01693527396561888,1.0039617019054545,0.0011842452676838384,-0.014614195892096562,-0.019256352039141198,0.11349988904677451,-0.013154364420138606,-0.020716183511099155
0.4446893787575146,2.7841291575123153,-0.016851175114864603,0.9990226138297198,0.0011692569731583133,-0.014559473558801992,-0.019142876670927213,0.11297544996848535,-0.013087735689697039,-0.020614614540032168
0.452905811623246,2.8373036155162095,-0.016773600990165522,0.9944601671961145,0.0011545603661838337,-0.014510704254467831,-0.019036497725863213,0.11233028111683963,-0.01303165343684136,-0.020515548543489685
0.4611222444889775,2.8914936596596204,-0.01670236541358064,0.9902667874539024,0.0011398606780620494,-0.014468279537185616,-0.01893645128997566,0.11161804673745798,-0.012984143819693438,-0.02042058700746784
0.469338677354709,2.9467186867590924,-0.01663656923820829,0.9863951131091097,0.0011248773919949086,-0.014431850062874925,-0.018841288413541657,0.11092287530722843,-0.012941505202609246,-0.020331633273807333
0.4775551102204405,3.0029984640935834,-0.016574944309188773,0.9827674075835642,0.0011094532964793622,-0.014400455805559985,-0.01874943281281756,0.11017990555050397,-0.012904630090252943,-0.020245258528124605
0.485771543086172,3.0603531364799763,-0.01651607743805042,0.9792929780925728,0.0010940521306817082,-0.014371774664704963,-0.018660380211395877,0.10929888879884908,-0.012875111658782995,-0.020157043217317844
0.4939879759519034,3.118803233483727,-0.01645878536493189,0.975899828221765,0.0010793719967937174,-0.01434325512529512,-0.01857431560456866,0.10826543772155428,-0.012852245919256038,-0.020065324810607743
0.502204408817635,3.178369676767228,-0.01640269986776851,0.9725627864970581,0.0010667458415304244,-0.014311916437711006,-0.018493483297826012,0.10711000696044566,-0.01283465014424575,-0.01997074959129127
0.5104208416833664,3.239073787578522,-0.016348272914848357,0.9693021805861238,0.0010578696368185167,-0.014274886526345598,-0.01842165930335112,0.10585952900881777,-0.012821879126528971,-0.019874666703167745
0.5186372745490979,3.30093729438304,-0.016295976957068904,0.9661366993947071,0.0010537871063326836,-0.014230592181284163,-0.018361361732853645,0.1044410754253489,-0.012816834710038232,-0.019775119204099575
0.5268537074148292,3.3639823406411025,-0.01624691564250442,0.9631267402327749,0.001055668409307844,-0.014177843580644356,-0.018315987704364482,0.10285716171659429,-0.012820536746265916,-0.01967329453874292
0.5350701402805607,3.428231492733967,-0.016202816737798272,0.9603754339580035,0.0010646922307280854,-0.014116058310951616,-0.01828957516464493,0.1012013890449609,-0.01283159495890941,-0.019574038516687133
0.5432865731462921,3.4937077480412437,-0.016165007539770834,0.9579613338953222,0.0010813441999633368,-0.014045611852951416,-0.01828440322659025,0.09951263951892636,-0.012850041403566152,-0.019479973675975516
0.5515030060120236,3.5604345431725952,-0.016134398768973685,0.9559373720561397,0.0011055025444630434,-0.01396765359700873,-0.01830114394093864,0.09776560656618372,-0.012877629813601231,-0.019391167724346136
0.5597194388777551,3.6284357623566525,-0.016111254201716118,0.9543240716993217,0.0011361547486736306,-0.013884431813451645,-0.01833807658998059,0.09596958595683767,-0.012914314304528536,-0.019308194098903702
0.5679358717434866,3.6977357459901468,-0.01609497262397331,0.9531042412051158,0.001170802515101387,-0.013800241861365678,-0.01838970338658094,0.0942632418150244,-0.012954874481503191,-0.01923507076644343
0.5761523046092181,3.7683592993503265,-0.016084741958847047,0.9522494979162641,0.0012053246791236365,-0.013722348998087422,-0.018447134919606673,0.09269118035446869,-0.012997012344947448,-0.019172471572746645
0.5843687374749496,3.8403317014737737,-0.01607918017805511,0.9516997122651022,0.001234337567586137,-0.013659923000821507,-0.018498437355288715,0.0912428637786617,-0.013039696901771659,-0.019118663454338564
0.592585170340681,3.913678714204797,-0.016076663560685076,0.951376580600404,0.0012528826366857097,-0.013621058715925505,-0.018532268405444648,0.08985674646779884,-0.013083354639423566,-0.019069972481946584
0.6008016032064125,3.9884265914166415,-0.016076224477096186,0.9512303185595158,0.001258617381323204,-0.01360937973938659,-0.01854306921480578,0.08846493318230843,-0.013129279655225718,-0.019023169298966653
0.6090180360721438,4.064602088408812,-0.01607774537576077,0.9512554837889724,0.0012523253265984435,-0.01362323283870046,-0.01853225791282108,0.08713750361672185,-0.013175019902099629,-0.018980470849421914
0.6172344689378753,4.142232471483892,-0.016079595851496507,0.9513412704827803,0.0012374304390676458,-0.013654276757550335,-0.01850491494544268,0.08586923255553196,-0.013219119037299103,-0.018940072665693912
0.6254509018036067,4.221345527707245,-0.016080031027584728,0.951368808250677,0.0012180606359017722,-0.0136926760502313,-0.018467386004938156,0.08468827462384577,-0.013258894296925932,-0.018901167758243523
0.6336673346693382,4.301969574853144,-0.016077354491877846,0.9512247021005261,0.0011979305425657593,-0.013729453772468432,-0.01842525521128726,0.08364339003702269,-0.013291024968005098,-0.018863684015750594
0.6418837675350697,4.38413347154085,-0.016069792197883702,0.9507927291577349,0.0011797579335596563,-0.013757509137631378,-0.018382075258136028,0.08274034214658782,-0.013313545015215394,-0.01882603938055201
0.6501002004008012,4.4678666275642795,-0.016055764941998497,0.9499730973712601,0.0011648276276251957,-0.01377274474365588,-0.018338785140341114,0.08196321178042283,-0.01332540553458876,-0.018786124349408233
0.6583166332665327,4.553199014418969,-0.01603399817799577,0.9486878823808264,0.0011532957331167174,-0.013773580077563288,-0.018294416278428257,0.08128466508060299,-0.01332624252567293,-0.018741753830318612
0.6665330661322642,4.640161176030086,-0.016004657193451486,0.9469463540180344,0.0011447713884410197,-0.013760946501575175,-0.0182483678853278,0.08067163058231594,-0.013317322953041453,-0.01869199143386152
0.6747494989979956,4.72878423968534,-0.015967759648116094,0.9447517805489635,0.0011384439727047816,-0.013736450463198022,-0.018199068833034165,0.08011368267322762,-0.013299011774556899,-0.01863650752167529
0.6829659318637271,4.819099927176707,-0.01592323019595606,0.9421068757780606,0.0011327985349181351,-0.013702985865776778,-0.018143474526135343,0.07962673904679687,-0.013270703393807112,-0.018575756998105007
0.6911823647294586,4.911140566154939,-0.015871829901320036,0.939066874643467,0.0011261661133892412,-0.013664584878467672,-0.0180790749241724,0.07925744658696358,-0.013231604973632675,-0.018512054829007397
0.6993987975951899,5.004939101700948,-0.015814846739202512,0.9357125556594634,0.001117698340467415,-0.013624198246306191,-0.018005495232098833,0.07901404603098736,-0.013182729973498345,-0.01844696350490668
0.7076152304609213,5.10052910811819,-0.0157542381806026,0.9321631306812277,0.0011070329850958436,-0.01358449340011688,-0.017923982961088318,0.07892116626488642,-0.01312521542668278,-0.018383260934522416
0.7158316633266528,5.19794480095026,-0.015691715941209744,0.9285195522734246,0.0010942446006154032,-0.013547035933726139,-0.01783639594869335,0.07897698788134919,-0.013060833656991696,-0.018322598225427793
0.7240480961923843,5.297221049228036,-0.01562889066803917,0.9248756072477425,0.001079515676627913,-0.013513078821102071,-0.017744702514976264,0.0791695220711177,-0.012991594682785455,-0.018266186653292882
0.7322645290581158,5.3983933879507155,-0.015566903100385204,0.9212974945393254,0.001063009121691342,-0.013483443506632617,-0.017650362694137788,0.07948813399453067,-0.012918993511253522,-0.018214812689516885
0.7404809619238473,5.501498030805234,-0.015506936603987657,0.9178517964524335,0.0010452448049509332,-0.013458294431256235,-0.01755557877671908,0.079911929215588,-0.012844909543816297,-0.01816896366415902
0.7486973947895788,5.606571883128613,-0.01545007997205854,0.9145955222675692,0.0010273195809959198,-0.013436570592693757,-0.017463589351423323,0.08039632385270706,-0.012771916752436767,-0.018128243191680313
0.7569138276553102,5.713652555117879,-0.015396510417949266,0.9115328723799949,0.0010101410881374483,-0.013416670265895766,-0.017376350570002766,0.08090142501935561,-0.012701521262738888,-0.018091499573159642
0.7651302605210417,5.822778375292286,-0.01534634583035632,0.9086671439965117,0.000994236931281635,-0.01339767725294469,-0.01729501440776795,0.08140291293005299,-0.012634651104379108,-0.01805804055633353
0.7733466933867732,5.933988404212633,-0.0152997980178379,0.9060113435351738,0.000979649610244094,-0.013379720064290774,-0.017219875971385024,0.08190548410733642,-0.01257136163530549,-0.01802823440037031
0.7815631262525047,6.047322448462642,-0.015257365324985653,0.9035981262480116,0.0009661490606773586,-0.013363747962360827,-0.017150982687610478,0.08243438601573763,-0.012511310156295023,-0.018003420493676283
0.7897795591182359,6.1628210748973355,-0.015220173521496669,0.9014942237725365,0.0009539418704860192,-0.013350481811999299,-0.01708986523099404,0.0829979330598696,-0.01245534546750738,-0.017985001575485958
0.7979959919839674,6.280525625163577,-0.015189089758722445,0.8997503086451797,0.0009436470961861769,-0.013339575436081734,-0.017038604081363155,0.08361753650459086,-0.012403621468004875,-0.017974558049440016
0.8062124248496989,6.400478230497903,-0.015164353829743245,0.8983819199760467,0.0009357684625497599,-0.013330281345277297,-0.016998426314209194,0.08433316401844701,-0.012355046547455981,-0.01797366111203051
0.8144288577154304,6.522721826807022,-0.015145368245107687,0.8973559215523198,0.0009304335473364572,-0.013321752002320388,-0.016968984487894988,0.08517267217016636,-0.012308095258087126,-0.017982641232128248
0.8226452905811619,6.647300170036307,-0.01513097943828005,0.8966049721561253,0.000927586647603884,-0.01331294301643619,-0.01694901586012391,0.08613733754690793,-0.01226157150767718,-0.01800038736888292
0.8308617234468934,6.774257851831833,-0.015118954348305895,0.8959969356781666,0.0009270341960277441,-0.013302000711654473,-0.016935907984957317,0.08719741673614365,-0.012214233048155195,-0.018023675648456593
0.8390781563126248,6.903640315501528,-0.015106605540999525,0.895367733768307,0.0009289239386956812,-0.013285948076778896,-0.016927263005220152,0.0882683998554159,-0.012166207639464343,-0.018047003442534706
0.8472945891783563,7.035493872281186,-0.015091957772523769,0.8945972218079591,0.0009330134419012491,-0.013263285029305566,-0.016920630515741972,0.08929988119097584,-0.012117199153455232,-0.018066716391592304
0.8555110220440878,7.169865717911131,-0.015073933862096957,0.8936249853371604,0.0009385345454695937,-0.013234439954729884,-0.016913427769464032,0.09031155046384158,-0.012065474505144256,-0.01808239321904966
0.8637274549098193,7.306803949529495,-0.015051602396449443,0.8923998433451243,0.0009446836219579469,-0.013200056520627015,-0.01690314827227187,0.09132994076010592,-0.012009218410807602,-0.018093986382091285
0.8719438877755508,7.446357582888134,-0.015024397903296252,0.890889106154889,0.0009507617514795117,-0.013160939112518187,-0.016887856694074315,0.09234914451851026,-0.011948062190905566,-0.01810073361568694
0.880160320641282,7.588576569897345,-0.014993167477667272,0.8891403418569044,0.0009565456287717859,-0.013118372495705351,-0.016867962459629193,0.09332755932151722,-0.011884238800656121,-0.018102096154678424
0.8883767535070135,7.733511816505708,-0.014959974678471936,0.8872760799178437,0.0009621987419739638,-0.013074099798233218,-0.016845849558710654,0.0942657429342268,-0.011819793218691588,-0.018100156138252284
0.896593186372745,7.881215200921364,-0.014927381140900945,0.8854484407720574,0.0009685581010227077,-0.013029042145961931,-0.01682572013583996,0.09524201949142216,-0.011754677945767998,-0.018100084336033894
0.9048096192384768,8.03173959218135,-0.014898360201416435,0.8838297717303844,0.0009762230258896782,-0.012984998229793952,-0.016811722173038918,0.0962436056123388,-0.011692292158467349,-0.01810442824436552
0.913026052104208,8.185138869075539,-0.014876501547515679,0.8826324765249125,0.0009858497528172148,-0.012944271537826223,-0.016808731557205133,0.09731581981928711,-0.01163471589317598,-0.01811828720185538
0.9212424849699392,8.341467939432114,-0.014865880596722154,0.88209983344775,0.0009980626983881373,-0.012909713653568543,-0.016822047539875765,0.0985015303225037,-0.011584596541129037,-0.01814716465231527
0.9294589178356708,8.500782759771253,-0.014869185553541088,0.8823857674429098,0.0010139472776258913,-0.012881885407171906,-0.01685648569991027,0.09977313668696794,-0.011545541732825074,-0.0181928293742571
0.9376753507014022,8.663140355334237,-0.014885852862636917,0.8834538910946445,0.001034057955452324,-0.012859136512023238,-0.016912569213250597,0.10113481499746557,-0.01151684879914646,-0.018254856926127373
0.945891783567134,8.828598840495143,-0.014912503434611476,0.8850968732643529,0.0010578256115877833,-0.012839203333975365,-0.016985803535247587,0.10245038143313716,-0.011499675207625192,-0.01832533166159776
0.9541082164328653,8.997217439562275,-0.014943015875784435,0.8869353757887336,0.0010847149547079475,-0.012817013631064862,-0.017069018120504008,0.10350046215828258,-0.01149520734819547,-0.0183908244033734
0.9623246492985968,9.169056507977023,-0.01496841257142615,0.8884273139122468,0.0011132058909138186,-0.01278656911785724,-0.017150256024995057,0.1041298747855861,-0.011499637043511422,-0.018437188099340876
0.970541082164328,9.344177553917449,-0.014980119868177471,0.8891331308824818,0.0011367359055489774,-0.01275215843336795,-0.01720808130298699,0.1048055551458544,-0.011488836068710344,-0.018471403667644597
0.9787575150300598,9.522643260314638,-0.014972659889805662,0.8887810724561969,0.0011498884988795925,-0.012718919845764835,-0.01722639993384649,0.1058284354412252,-0.011447301890750047,-0.018498017888861278
0.9869739478957912,9.704517507289376,-0.014944211886924255,0.88722691456576,0.0011537738822546017,-0.012682856631402279,-0.017205567142446233,0.10685560735432015,-0.011384636725863578,-0.018503787047984933
0.9951903807615228,9.889865395017523,-0.014897953742441903,0.8846381786082501,0.001150679807247898,-0.012642662762498532,-0.017153244722385275,0.10781466952178495,-0.011306430291967637,-0.01848947719291617
1.003406813627254,10.078753267031942,-0.014840095019384053,0.8813817865267257,0.0011427911047224512,-0.012600265612275306,-0.0170799244264928,0.10883263794243307,-0.011214660993745788,-0.018465529045022317
1.0116232464929853,10.271248733969596,-0.014777027175876416,0.8777949203164012,0.0011339987860063815,-0.012554430396791764,-0.016999623954961067,0.10960289579368378,-0.01112593431227158,-0.01842812003948125
1.019839679358717,10.467420697772113,-0.01471302063740253,0.8740161892556741,0.001129740701318181,-0.012498769550949872,-0.01692727172385519,0.10891191480722567,-0.011084945739977101,-0.01834109553482796
1.0280561122244485,10.667339376348565,-0.014647971022157667,0.8697964713964935,0.0011504479787504678,-0.012393134417719848,-0.016902807626595486,0.1055577790855904,-0.011131629130581617,-0.018164312913733716
1.03627254509018,10.871076328709355,-0.014583782869203893,0.8652444624838982,0.0012396733389006486,-0.012154067772364104,-0.01701349796604368,0.10579620282260897,-0.011059498603492207,-0.018108067134915577
1.0444889779559112,11.078704480580058,-0.014532279204365454,0.8616677373940911,0.0013358012632636673,-0.011914156837865559,-0.01715040157086535,0.11126405456226299,-0.010825849801690603,-0.018238708607040306
1.052705410821643,11.29029815050453,-0.014495515260462733,0.8593439801438603,0.0013743410498574798,-0.011801856300267106,-0.01718917422065836,0.11422136031906642,-0.01069057205606783,-0.018300458464857637
1.0609218436873742,11.505933076446473,-0.01446589257873868,0.8575383858065726,0.0013924360302524984,-0.011736768108667858,-0.0171950170488095,0.11574820639678329,-0.010610087061100986,-0.018321698096376373
1.069138276553106,11.725686442899212,-0.014439115149942661,0.8559295577638142,0.0014020012009225572,-0.011691243289852545,-0.017186987010032777,0.1166037339864544,-0.010554810287879388,-0.018323420012005934
1.0773547094188372,11.949636908513066,-0.014414772174027065,0.8546327433825724,0.001379602981670977,-0.011710800016987877,-0.017118744331066253,0.11502401980421594,-0.010583090768082719,-0.01824645357997141
1.0855711422845689,12.17786463425056,-0.014397134443382868,0.8541820456864928,0.0012847811578319862,-0.011879009646016504,-0.01691525924074923,0.10905815748722632,-0.010764187908201535,-0.0180300809785642
1.0937875751503,12.410451312079191,-0.0143846382930175,0.8543502034685175,0.0011782019703890625,-0.012075404864540812,-0.01669387172149419,0.10665759706828061,-0.01083165925277137,-0.01793761733326363
1.1020040080160314,12.647480194212422,-0.014363066144072296,0.8534616789898575,0.0011543053173725503,-0.01210066929485902,-0.016625462993285572,0.1083860181049666,-0.010752509923345206,-0.017973622364799387
1.110220440881763,12.889036122908916,-0.014336660653360948,0.8518831567784368,0.001157770028834071,-0.012067473094466269,-0.016605848212255626,0.10830978574903168,-0.010728643885708655,-0.01794467742101324
1.1184368737474943,13.135205560841055,-0.014311364632757059,0.8501899271757439,0.0011641957638757804,-0.012029582864606432,-0.016593146400907685,0.1071297284738912,-0.010742657945962672,-0.017880071319551445
1.126653306613226,13.3860766220435,-0.014292634120244212,0.8489159677080924,0.0011534717336616305,-0.012031871065082439,-0.016553397175405986,0.10565215604470315,-0.010773148342373827,-0.017812119898114598
1.1348697394789573,13.641739103452684,-0.014281819641416236,0.8481822119596933,0.0011198761111344752,-0.012086902796445888,-0.016476736486386583,0.10373445426845945,-0.01082621636609346,-0.01773742291673901
1.143086172344689,13.90228451704888,-0.014276121395879977,0.8477483676076105,0.0010765000530482997,-0.012166220062549853,-0.016386022729210102,0.10152454076070232,-0.01089413478350144,-0.017658108008258514
1.1513026052104205,14.167806122611962,-0.01427033046521471,0.847199951329678,0.00104151543907453,-0.01222899771528621,-0.01631166321514321,0.0988381824516797,-0.010977831850211908,-0.017562829080217512
1.159519038076152,14.438398961102932,-0.014262534502675697,0.846485239912819,0.0010177062949130802,-0.01226786681780636,-0.016257202187545033,0.09609418288727291,-0.011061444031178513,-0.017463624974172882
1.1677354709418832,14.714159888682902,-0.014252706978999028,0.8456624060099117,0.0010045364043378027,-0.01228385180533757,-0.016221562152660487,0.09376552580472025,-0.011129188757708585,-0.01737622520028947
1.175951903807615,14.995187611381885,-0.014242315266445194,0.8448291368134423,0.0010014354530474775,-0.012279537845630586,-0.016205092687259802,0.09195934947632867,-0.011178964410763556,-0.01730566612212683
1.1841683366733462,15.281582720429615,-0.01423452629323105,0.8441530605139853,0.0010086880472576789,-0.012257534048969964,-0.016211518537492135,0.09061550523000403,-0.01121594159178304,-0.01725311099467906
1.1923847695390777,15.573447728261328,-0.014232843184483143,0.8437953334504191,0.001028989538699624,-0.012216060748163395,-0.01624962562080289,0.08961818012501763,-0.011247481387841993,-0.01721820498112429
1.2006012024048092,15.870887105211049,-0.014244958009202254,0.8443872929382634,0.001040171868306432,-0.012206258609589907,-0.0162836574088146,0.08922066013577118,-0.01127283840279128,-0.017217077615613228
1.2088176352705404,16.174007316905787,-0.014272331875637532,0.8459650300260692,0.0010470559213715724,-0.012220139979949848,-0.016324523771325216,0.08931384055235561,-0.011297108242170013,-0.01724755550910505
1.217034068136272,16.482916862373937,-0.014309894855517718,0.8479896345169579,0.001073987549250391,-0.012204917939142513,-0.016414871771892922,0.08923112505011173,-0.011337426641765756,-0.01728236306926968
1.2252505010020034,16.797726312881434,-0.01435917413381628,0.8507200462473657,0.0011017269972093868,-0.01219982889849042,-0.01651851936914214,0.08936261229876742,-0.011382325815398785,-0.017336022452233774
1.233466933867735,17.118548351509737,-0.014418654159198022,0.854141349449079,0.0011204740962790893,-0.012222565284880943,-0.0166147430335151,0.08983565019870604,-0.0114260479970833,-0.017411260321312745
1.2416833667334664,17.44549781348963,-0.014480452399457586,0.8576579978063966,0.001139648874510223,-0.012246781650395942,-0.016714123148519233,0.09001176890465482,-0.011481979369083769,-0.017478925429831402
1.249899799599198,17.778691727305514,-0.014535547571557523,0.8606934691602606,0.0011604545486426276,-0.012261098450522288,-0.016809996692592758,0.0893970696885785,-0.01155755140819372,-0.017513543734921325
1.258116232464929,18.118249356584492,-0.014576185385092469,0.8626969545226495,0.0011901790164552002,-0.012243477377684973,-0.016908893392499964,0.08755820177830806,-0.011659445609670627,-0.01749292516051431
1.2663326653306606,18.464292242785852,-0.014597969138101867,0.8632154687192297,0.0012595316139519812,-0.012129332537366377,-0.017066605738837358,0.08639919134689768,-0.011719838330849369,-0.017476099945354366
1.2745490981963925,18.816944248705546,-0.014608444377510695,0.8630181900072533,0.0013509452720750976,-0.011960640299158838,-0.01725624845586255,0.08950901326680386,-0.011626719148444518,-0.01759016960657687
1.2827655310621235,19.1763316028117,-0.01461804073294486,0.8631944903085267,0.0013817855458216415,-0.011909790828776422,-0.017326290637113297,0.08958896523728395,-0.011633652142963472,-0.017602429322926248
1.2909819639278552,19.542582944427092,-0.014629696407921042,0.863984286206741,0.0013363549879439297,-0.012010488760990482,-0.0172489040548516,0.0836928768960845,-0.0118417183772579,-0.017417674438584184
1.2991983967935865,19.91582936977414,-0.01464688989818082,0.8655786394901804,0.001247245041353853,-0.012202334537231097,-0.01709144525913054,0.0781697770683077,-0.012042897429396737,-0.0172508823669649
1.3074148296593182,20.296204478899778,-0.014661279302302467,0.8667230944890794,0.001223139073036116,-0.012263970771067972,-0.01705858783353696,0.07920912836354344,-0.012022663951802223,-0.01729989465280271
1.3156312625250497,20.683844423496158,-0.014677794882237458,0.8675822450354382,0.00124234676215449,-0.012242839972104708,-0.017112749792370208,0.0792714006763607,-0.01203710511577146,-0.017318484648703458
1.3238476953907812,21.078887955635004,-0.014708202005979217,0.8691420279522828,0.0012771088051447882,-0.01220511474355645,-0.017211289268401982,0.07915177613999656,-0.01207149717337713,-0.017344906838581302
1.3320641282565124,21.481476477432526,-0.014761268162518361,0.8722461608152025,0.0013020849010801363,-0.012209228651587894,-0.017313307673448828,0.08073095848990507,-0.012071957590201741,-0.01745057873483498
1.340280561122244,21.891754091663046,-0.014834620883408065,0.876777729327177,0.0013191373215954705,-0.012249159242418312,-0.017420082524397817,0.08486149277547543,-0.012007713907787381,-0.017661527859028747
1.3484969939879754,22.309867653339158,-0.01491834511578731,0.8819793119235609,0.0013457140962392258,-0.012280793953670559,-0.017555896277904062,0.09146675503900177,-0.011871403571390306,-0.017965286660184314
1.3567134268537069,22.73596682227714,-0.014998381830450238,0.8867012360732289,0.001382640577681569,-0.012288456094630707,-0.017708307566269767,0.09508642143328216,-0.011830861919532108,-0.018165901741368368
1.3649298597194384,23.170204116666277,-0.015069352235220514,0.8906477538906605,0.0014193548843443448,-0.012287467780624586,-0.017851236689816443,0.09477604726539401,-0.0119121715119782,-0.01822653295846283
1.3731462925851696,23.612734967661286,-0.015133188319005649,0.8941032659887866,0.0014546534933856715,-0.01228211986198436,-0.017984256776026938,0.09341410304863504,-0.012021376696410064,-0.018244999941601232
1.381362725450901,24.063717775017494,-0.015192808599990962,0.8972988912042674,0.001488282750961158,-0.012275828009294897,-0.018109789190687026,0.09194927701389352,-0.012129793278288144,-0.018255823921693778
1.3895791583166326,24.523313963788475,-0.01525217114582354,0.9005419407845834,0.0015183306272036471,-0.012276297799880279,-0.0182280444917668,0.09115328383765692,-0.012215671957514737,-0.01828867033413234
1.3977955911823643,24.991688042106663,-0.015313636120364658,0.9039860147659904,0.001544953888237768,-0.012285582141643513,-0.018341690099085803,0.0910223720698913,-0.012281497866295683,-0.018345774374433632
1.4060120240480956,25.469007660067444,-0.015377695010397175,0.9076291855409185,0.001572400388371949,-0.012295846879911362,-0.018459543140882988,0.09144783639424714,-0.012331383684101183,-0.018424006336693166
1.4142284569138273,25.955443669738056,-0.015443989090912748,0.9114392918240277,0.00160414735243946,-0.012299918054236126,-0.01858806012758937,0.09259271450748664,-0.012359539572384913,-0.018528438609440583
1.4224448897795583,26.451170186312282,-0.0155102949641209,0.9152981682045374,0.001639569163693196,-0.012296798453119779,-0.01872379147512202,0.09454757919489865,-0.012360724971742097,-0.018659864956499704
1.4306613226452902,26.956364650433603,-0.015573157089920336,0.9190051021830578,0.0016741765375929737,-0.01229183137247614,-0.01885448280736453,0.09691934050738261,-0.012344578958755813,-0.01880173522108486
1.4388777555110217,27.4712078917081,-0.01562618652233362,0.9221294713940116,0.0017029092810327588,-0.012288545662570417,-0.018963827382096825,0.09876260636205396,-0.012336205498855144,-0.018916167545812098
1.4470941883767527,27.995884193430946,-0.01566119475502866,0.9241651082836285,0.0017167699746056986,-0.01229638743506175,-0.019026002074995572,0.09923433195959135,-0.0123554996032849,-0.01896688990677242
1.4553106212424844,28.530581358548876,-0.01567680272016743,0.9250472526892215,0.001708002478275445,-0.012329179377242401,-0.01902442606309246,0.09785712299056991,-0.012416985168664744,-0.018936620271670115
1.4635270541082157,29.07549077688227,-0.015676116937930352,0.9249822727276692,0.001673991771811733,-0.012395153354762963,-0.018957080521097742,0.0945026711636873,-0.012528042922378503,-0.0188241909534822
1.4717434869739474,29.63080749363161,-0.015662437477092634,0.9241463738201945,0.0016199698199420404,-0.012487354973964398,-0.01883751998022087,0.08931613744554229,-0.012687137329494155,-0.018637737624691113
1.479959919839679,30.196730279191847,-0.015639218262354388,0.9227513924305532,0.0015517181440387543,-0.012597906585881093,-0.018680529938827684,0.08272873801372017,-0.012883357636687102,-0.018395078888021672
1.4881763527054104,30.773461700300555,-0.015610760514773761,0.9210778847445429,0.001472987939075382,-0.012723757204524132,-0.01849776382502339,0.07517591146744032,-0.013106499729635112,-0.018115021299912413
1.4963927855711416,31.361208192544684,-0.015580971157697552,0.9193669976847542,0.0013890542588401674,-0.012858474837798846,-0.018303467477596258,0.06708057738258137,-0.013346382230147074,-0.017815560085248032
1.5046092184368731,31.960180134252344,-0.015551834338317083,0.9177360153636507,0.0013075512291550327,-0.01298908102123214,-0.018114587655402026,0.05913373323883881,-0.013581970769812003,-0.017521697906822162
1.5128256513026046,32.57059192179563,-0.015521962973822643,0.9160762943506606,0.0012399972995230225,-0.013091612925830592,-0.017952313021814693,0.05242936444911376,-0.013775435411778723,-0.01726849053586656
1.5210420841683363,33.19266204633187,-0.015487822314673987,0.9141105182978695,0.0011995564048262505,-0.013136734963790187,-0.017838909665557786,0.04773403284454165,-0.01389770569040293,-0.017077938938945044
1.5292585170340676,33.82661317201038,-0.015448254264428633,0.9117472161588274,0.001187790607831097,-0.013120227451904744,-0.017776281076952522,0.04498136694667147,-0.013949834476658327,-0.016946674052198938
1.5374749498997988,34.47267221567318,-0.015403959457399898,0.909048695797146,0.00119722560726873,-0.013057440385784092,-0.017750478529015703,0.04376000831033805,-0.013946225581883345,-0.01686169333291645
1.5456913827655303,35.13107042807759,-0.015355976382414586,0.9061323199172262,0.0012152060910158623,-0.012974216210229794,-0.01773773655459938,0.043647750952103916,-0.013901982025243492,-0.01680997073958568
1.5539078156312618,35.80204347667029,-0.015307508008966249,0.9032425676573932,0.0012307965959533582,-0.01289519100860317,-0.017719825009329327,0.04433732583300492,-0.013830542525819448,-0.01678447349211305
1.5621242484969935,36.485831529942324,-0.015262299997418838,0.9005718107769135,0.0012438444692178662,-0.012824409635382481,-0.017700190359455196,0.04533536119839469,-0.013752087949262852,-0.016772512045574825
1.5703406813627248,37.18267934339502,-0.015222754096794334,0.8981691328898352,0.0012611261178528937,-0.012750992325839847,-0.01769451586774882,0.045710080608375316,-0.013700059391554088,-0.01674544880203458
1.5785571142284565,37.89283634714817,-0.015190109124758818,0.8960911985126921,0.0012845016386949567,-0.012672532174834023,-0.017707686074683614,0.045592500594360666,-0.013671331246231613,-0.016708887003286023
1.5867735470941875,38.616556735220826,-0.015164788591750238,0.8944741126669039,0.0013049289757608208,-0.012607174796876288,-0.01772240238662419,0.04589608541930081,-0.013635897692213768,-0.016693679491286705
1.5949899799599194,39.35409955651814,-0.015146291819284095,0.8933479094280279,0.001315503608987703,-0.012567952124135735,-0.017724631514432453,0.04634186895141998,-0.013602550973849329,-0.01669003266471886
1.603206412825651,40.10572880755494,-0.015136204069103942,0.8927625854232115,0.0013196006910908202,-0.012549834240591768,-0.017722573897616115,0.046682288167613994,-0.013581123175015539,-0.016691284963192346
1.6114228456913824,40.87171352695123,-0.015138661486906558,0.8929281629119863,0.0013202156122146872,-0.012551086435138272,-0.017726236538674844,0.04686645381523947,-0.013577445664749901,-0.016699877309063214
1.6196392785571136,41.652327891731815,-0.01515849946018402,0.8941477539298796,0.0013152943847545132,-0.012580569836997405,-0.017736429083370635,0.046754938682344656,-0.013600998431354198,-0.01671600048901384
1.627855711422845,42.44785131546548,-0.01519652427885601,0.8964375310705044,0.0013081661794797507,-0.01263256568128234,-0.017760482876429683,0.04630776471795567,-0.013653919514019468,-0.016739129043692555
1.6360721442885766,43.258568548278454,-0.015248830111380486,0.8995301707589192,0.0013024126565516828,-0.012696148211530053,-0.017801512011230917,0.045484529079236245,-0.013733648981146186,-0.016764011241614786
1.644288577154308,44.084769778777876,-0.015308839289681346,0.9030139866701351,0.0013006819714033583,-0.012759549470390208,-0.017858129108972484,0.044212496847991084,-0.013836032111048807,-0.016781646468313885
1.6525050100200396,44.9267507379223,-0.01537030518054433,0.9065277410378685,0.0013036709218175442,-0.012815157126089811,-0.017925453234998848,0.042750618816944023,-0.013946196098873244,-0.016794414262215417
1.6607214428857708,45.784812804875656,-0.015427459046132762,0.9098002866097915,0.001306265194430909,-0.012867226310789969,-0.017987691781475555,0.041729764581371,-0.014037356671924017,-0.016817561420341506
1.6689378757515023,46.659263114883224,-0.015474939671560384,0.9126541532800094,0.0012938172396747623,-0.012939104479220823,-0.018010774863899945,0.04119200578467268,-0.014102751124269697,-0.016847128218851072
1.6771543086172338,47.55041466920765,-0.015507364784221267,0.9148032814371516,0.0012638253861277486,-0.013030312544663452,-0.017984417023779082,0.04182723166437485,-0.014114015585477323,-0.01690071398296521
1.6853707414829655,48.45858644716491,-0.015517155489588697,0.9156015616721973,0.0012363878542802204,-0.013093879824276709,-0.017940431154900686,0.04340118610665401,-0.014071374703246356,-0.016962936275931036
1.6935871743486968,49.38410352029985,-0.015500732108435106,0.9147322547447005,0.0012172502755924434,-0.01311496540810246,-0.01788649880876775,0.043738619112787126,-0.014043710750101343,-0.01695775346676887
1.7018036072144285,50.327297168742724,-0.015461006014134306,0.9123721848992146,0.0012065187889356381,-0.013096272641149572,-0.01782573938711904,0.042618365632921255,-0.014041302551976078,-0.016880709476292534
1.7100200400801595,51.28850499978739,-0.015405865175855227,0.9090254662304526,0.0012052181183474311,-0.01304368107037913,-0.017768049281331324,0.04124462149531229,-0.01403192389343616,-0.016779806458274295
1.718236472945891,52.26807106873521,-0.01534631409259126,0.9054337921420312,0.0012082224052540308,-0.012978241692979002,-0.01771438649220352,0.040910300733842775,-0.013983509707035338,-0.016709118478147184
1.7264529058116227,53.26634600204592,-0.015292256428688828,0.9022953593826182,0.0012036184342663371,-0.012933207646398317,-0.01765130521097934,0.04159703809372507,-0.013906575440688415,-0.016677937416689242
1.734669338677354,54.28368712284122,-0.015245699475170418,0.8996975579298029,0.0011941023985796275,-0.012905301780101457,-0.01758609717023938,0.04313396337997661,-0.013808820415222255,-0.01668257853511858
1.7428857715430857,55.320458578805464,-0.015204648612249924,0.8974106309293886,0.001190885659321144,-0.012870555610275246,-0.017538741614224602,0.045140975450472035,-0.013700911944255087,-0.01670838528024476
1.751102204408817,56.37703147252848,-0.015167617978178899,0.89531681015619,0.00119433727384094,-0.012826759936056904,-0.01750847602030089,0.04702430528149465,-0.013601143806251641,-0.016734092150106156
1.7593186372745486,57.45378399433868,-0.015134089272913234,0.8933501875145788,0.0012032565463437996,-0.012775749777917336,-0.01749242876790913,0.04812861160357327,-0.013530828436705092,-0.016737350109121373
1.76753507014028,58.551101557672354,-0.01510740446260718,0.8917102953841397,0.0012148547844677683,-0.012726332838604184,-0.017488476086610177,0.04835926628447323,-0.01349646005514581,-0.01671834887006855
1.7757515030060116,59.66937693702904,-0.01509267659945605,0.8907564754785358,0.0012234289954275092,-0.012694799830776114,-0.017490553368135986,0.048269000987821435,-0.01348473911054414,-0.016700614088367958
1.7839679358717428,60.80901040856134,-0.01509755235554647,0.8910100540714926,0.0012239513766538355,-0.012698651738476733,-0.017496452972616205,0.04855464142395069,-0.013480099609301655,-0.016715005101791282
1.7921843687374746,61.970409893350144,-0.015128109910144613,0.8928351296563369,0.0012170231331374965,-0.012742788400843025,-0.017513431419446203,0.04937027630054707,-0.013483486725968542,-0.016772733094320685
1.8004008016032058,63.15399110341583,-0.01518828656848802,0.896442638191857,0.0012046422600210977,-0.012827231124591732,-0.017549342012384304,0.05039108323618096,-0.013509658252505696,-0.016866914884470344
1.808617234468937,64.36017769051885,-0.015280146655888116,0.9019327686187313,0.0011892667052983308,-0.012949226745490778,-0.017611066566285454,0.05133579233425168,-0.013570048180096864,-0.01699024513167937
1.8168336673346688,65.58940139780175,-0.015402065998046593,0.9092003505791681,0.0011733620363739618,-0.013102318665927051,-0.017701813330166134,0.05219672087022703,-0.013663288261447392,-0.01714084373464579
1.8250501002004,66.84210221432734,-0.01554829852387506,0.9179074228613522,0.0011605091903987808,-0.013273742306965713,-0.017822854740784405,0.05324107871073891,-0.013774731127468694,-0.017321865920281426
1.833266533066132,68.11872853256911,-0.015703692203546622,0.9271493655440354,0.001156004161085787,-0.01343796568184004,-0.017969418725253206,0.05464732928292698,-0.013883279772696813,-0.01752410463439643
1.841482965931863,69.41973730890844,-0.015843687281413818,0.9354492419495637,0.0011620050040777505,-0.013566199323566109,-0.018121175239261527,0.05609157268980866,-0.013975164198395658,-0.01771221036443198
1.8496993987975947,70.74559422719871,-0.015947786243556566,0.9415728144755562,0.001175808116376372,-0.013643244682728995,-0.018252327804384134,0.05702689957991688,-0.014048105540943753,-0.01784746694616938
1.857915831663326,72.09677386545154,-0.016008476246519448,0.9450808507682078,0.0011928078081661002,-0.01367061590203573,-0.018346336591003168,0.057270244112163325,-0.014100689248186542,-0.017916263244852355
1.8661322645290577,73.47375986570826,-0.016027078946905856,0.9460656911458627,0.001211470991095996,-0.01365263943604266,-0.018401518457769054,0.05701113043935419,-0.014127923546075963,-0.01792623434773575
1.874348697394789,74.87704510715447,-0.016012678092283718,0.9450776076278946,0.0012319048013498227,-0.013598189049256096,-0.01842716713531134,0.056502226933871205,-0.014130475290595275,-0.01789488089397216
1.88256513026052,76.30713188254192,-0.015976510562235927,0.942803563621304,0.0012524343267661983,-0.01352178438877251,-0.018431236735699345,0.05599214073785388,-0.01411129975748895,-0.017841721366982904
1.890781563126252,77.76453207797948,-0.015928685521625324,0.9398693293130552,0.0012695811733078421,-0.013440352146491849,-0.0184170188967588,0.05567786397360858,-0.014073943907886704,-0.017783427135363947
1.8989979959919832,79.24976735615734,-0.01587609446040357,0.9367029683244367,0.0012797916780044878,-0.013367748863800693,-0.018384440057006447,0.055648358533391534,-0.014022335732212213,-0.017729853188594925
1.9072144288577149,80.76336934307214,-0.01582468588191503,0.9336601574693566,0.0012810382571252616,-0.013313897035131556,-0.018335474728698502,0.0558584843084779,-0.013963927441605468,-0.01768544432222459
1.915430861723446,82.30587981831673,-0.01578029865644798,0.9310622705910696,0.0012755535095852566,-0.013280259717307211,-0.01828033759558875,0.05614934986662554,-0.013909850899483683,-0.01765074641341228
1.9236472945891776,83.87785090900583,-0.015745075224732372,0.928991296183235,0.0012694098248997453,-0.013257077686307576,-0.01823307276315717,0.05635711719330314,-0.013867706320309061,-0.017622444129155684
1.931863727454909,85.47984528740396,-0.015721276272701534,0.9275601917648585,0.001268004300728706,-0.013236033511031375,-0.018206519034371694,0.056609174580752354,-0.013835510829830307,-0.01760704171557276
1.9400801603206408,87.11243637232926,-0.01571065427045046,0.92688288526547,0.00127407277556259,-0.013213517516664802,-0.01820779102423612,0.057256733349871504,-0.013803317342778811,-0.017617991198122112
1.948296593186372,88.77620853440293,-0.01571093303582837,0.926852939994883,0.0012856008904209145,-0.013191201592110754,-0.018230664479545987,0.05847294784703385,-0.013763081557523305,-0.017658784514133437
1.956513026052104,90.47175730521981,-0.015723513056809482,0.9275698022116752,0.0012982457933493766,-0.013178998058764074,-0.01826802805485489,0.05997009400654304,-0.013725788629261845,-0.01772123748435712
1.964729458917835,92.19968959051238,-0.015747149730989098,0.9289658956136384,0.0013067752131902873,-0.013185917377246482,-0.018308382084731713,0.061261524560488625,-0.013706405154701706,-0.017787894307276488
1.9729458917835665,93.96062388738807,-0.015778545858957868,0.930817537200331,0.0013132746029254092,-0.013204574935412926,-0.018352516782502812,0.062088845992999346,-0.013710241542060766,-0.01784685017585497
1.981162324649298,95.75519050571354,-0.015813307979275517,0.9328194521422262,0.001326277902519722,-0.013213851056845537,-0.018412764901705497,0.06257723955679217,-0.013728734290638901,-0.017897881667912133
1.9893787575150288,97.58403179372853,-0.015847071408305873,0.934696862574643,0.0013510027363772335,-0.013199154701991433,-0.01849498811462031,0.06295462806051508,-0.013749926149705056,-0.01794421666690669
1.997595190380761,99.44780236796893,-0.01587715857125293,0.936279900992663,0.0013909482382127847,-0.013150950119996431,-0.018603367022509427,0.06339797434501729,-0.013765244556373093,-0.017989072586132766
2.005811623246492,101.34716934757911,-0.015902600694079436,0.9375082070402563,0.0014448476564407192,-0.013070751324308525,-0.01873445006385035,0.06385823263309279,-0.013775354550072548,-0.01802984683808632
2.014028056112224,103.28281259310275,-0.015922920378280768,0.9383897593852478,0.0015038329397425252,-0.012975461977620426,-0.01887037877894111,0.06428744701769407,-0.013781376239998947,-0.018064464516562587
2.022244488977955,105.25542494983108,-0.015942536656465035,0.9392090156115989,0.0015628170348125144,-0.012879471553806827,-0.019005601759123244,0.06468285058790091,-0.013787820830127239,-0.018097252482802834
2.030460921843687,107.26571249580142,-0.01597072355129395,0.9405288243015502,0.0016205598007650362,-0.012794484707001074,-0.019146962395586827,0.06512192902271378,-0.01380138113933267,-0.01814006596325523
2.038677354709418,109.3143947945302,-0.016014363998209644,0.9427723907203672,0.0016764287612045141,-0.012728624003601698,-0.01930010399281759,0.06573065020349338,-0.013824743859615546,-0.01820398413680374
2.04689378757515,111.40220515257488,-0.016071950004187163,0.9458712629710624,0.0017275879441015203,-0.012685939853622586,-0.01945796015475174,0.06651602836830159,-0.013856167339575868,-0.018287732668798455
2.055110220440881,113.52989088201322,-0.016133125354139428,0.9492254868595621,0.0017709990489115294,-0.01266203100161814,-0.019604219706660715,0.06737971778622741,-0.013888571458190451,-0.018377679250088402
2.0633266533066124,115.69821356793743,-0.01618227542908541,0.9519345559008197,0.001802613324315558,-0.012649218235374895,-0.01971533262279592,0.06824853126795632,-0.01390877960892929,-0.018455771249241526
2.071543086172344,117.90794934105602,-0.016209333666905898,0.9534332656746054,0.0018183061219837126,-0.012645519154949127,-0.01977314817886267,0.06908810507096519,-0.013907869955040007,-0.018510797378771787
2.0797595190380758,120.15988915550228,-0.016218901165124006,0.9540238215557135,0.0018144488441575878,-0.012662646778784804,-0.019775155551463208,0.06991447627606392,-0.013889909366634345,-0.018547892963613668
2.087975951903807,122.45483907194907,-0.016221991725890325,0.954380860497912,0.0017894021668035415,-0.01271482792509745,-0.019729155526683202,0.07085160635850828,-0.013861782239843187,-0.018582201211937464
2.0961923847695383,124.79362054613088,-0.01622707204828037,0.9550013604448444,0.001746256518649588,-0.012804472163958882,-0.01964967193260186,0.07213456286799298,-0.013824124700955256,-0.018630019395605487
2.10440881763527,127.17707072287604,-0.016234022199216054,0.9558358862508537,0.001693816709321579,-0.01291420245253361,-0.019553841945898497,0.07400153577353306,-0.01376888223003912,-0.01869916216839299
2.1126252505010013,129.6060427357544,-0.016231856414637404,0.9561798018200449,0.0016418944615793588,-0.013013802403526077,-0.01944991042574873,0.07652545992842083,-0.013682639456404112,-0.018781073372870695
2.120841683366733,132.0814060124492,-0.016211639495373825,0.9554797911343685,0.0015956119918099359,-0.01308429745812613,-0.019338981532621518,0.07965470316601823,-0.01355818115217948,-0.01886509783856817
2.129058116232464,134.60404658595988,-0.016172690909809384,0.9536745147145764,0.0015580104456568544,-0.01311904654878475,-0.01922633527083402,0.08319230817228711,-0.01340138782994901,-0.01894399398966976
2.137274549098196,137.17486741174991,-0.01612392129699701,0.9512541945771179,0.001531117770533068,-0.013122985610662934,-0.019124856983331086,0.0867725917207863,-0.013233351772404976,-0.019014490821589045
2.145490981963927,139.79478869095038,-0.016077885784615317,0.9488891305861835,0.001515485210856878,-0.013107589352232746,-0.01904818221699789,0.08970625033808453,-0.0130895901920731,-0.019066181377157536
2.1537074148296584,142.46474819973812,-0.01604501179519252,0.947110672531223,0.001506799131412179,-0.013091739765688414,-0.018998283824696628,0.09101935500083486,-0.013012974045760958,-0.019077049544624084
2.16192384769539,145.18570162500367,-0.01602576867521313,0.9459236992115441,0.0015017080448226623,-0.013082474992066651,-0.01896906235835961,0.09039792998959445,-0.01301443184255366,-0.019037105507872604
2.1701402805611214,147.95862290642975,-0.01601198672307419,0.9449125044205615,0.0015024257521396342,-0.013067286359435005,-0.018956687086713376,0.08858350716599667,-0.013061091963362042,-0.01896288148278634
2.178356713426853,150.78450458510497,-0.015993999418458492,0.9436081119787836,0.0015109941184138673,-0.013032505365515461,-0.018955493471401522,0.08665359247481862,-0.013107393998049844,-0.01888060483886714
2.1865731462925844,153.6643581587933,-0.015973214710141088,0.9421519437622109,0.0015289935209533657,-0.012976442476477402,-0.01896998694380477,0.08535255954922333,-0.013129949312781625,-0.01881648010750055
2.194789579158316,156.59921444399157,-0.015960400536479926,0.9412021686099764,0.0015535468771230808,-0.012915504609024015,-0.01900529646393584,0.08484316426385859,-0.013134104120438715,-0.018786696952521137
2.2030060120240478,159.59012394489912,-0.015971838818875636,0.9417085929523459,0.0015803495811751965,-0.012874410556789293,-0.01906926708096198,0.08479029628704111,-0.013147303541456481,-0.01879637409629479
2.211222444889779,162.63815722943676,-0.016016466296916387,0.9442080284886276,0.001603239740914784,-0.012874174146140083,-0.01915875844769269,0.08492513806109933,-0.013187439168844796,-0.018845493424987977
2.2194388777555103,165.7444053124465,-0.01609773759801498,0.9489130832778413,0.0016203956722664972,-0.012921820439668075,-0.01927365475636188,0.08522041201277757,-0.013258874300835135,-0.018936600895194822
2.227655310621242,168.9099800462099,-0.016215320683020413,0.9557784189570762,0.001636918258532595,-0.013007019850660502,-0.019423621515380324,0.08571366382254758,-0.013360026176157922,-0.019070615189882904
2.2358717434869733,172.1360145184246,-0.016359959067060423,0.9641924411463391,0.0016624706525979135,-0.013101576462613713,-0.019618341671507132,0.08632690130990459,-0.013484236386311006,-0.019235681747809843
2.2440881763527045,175.4236634577833,-0.016510826512613312,0.9728703487805017,0.0017032892109614414,-0.01317244100387324,-0.019849212021353382,0.0869108013617171,-0.013615652946950742,-0.019406000078275882
2.252304609218436,178.77410364729755,-0.016635136343540316,0.9798904646485762,0.0017545871183139296,-0.013196208783907096,-0.020074063903173536,0.08734452618361783,-0.013725514531866153,-0.01954475815521448
2.2605210420841675,182.18853434551633,-0.016710799325672113,0.9840114313894704,0.001805792824753019,-0.013171510425615346,-0.02025008822572888,0.08757706614393573,-0.013793431140296129,-0.019628167511048095
2.268737474949899,185.668177715789,-0.016736073623487606,0.9851912853769716,0.0018488072928316169,-0.013112477915182639,-0.020359669331792573,0.08764104307276006,-0.013816574237958793,-0.01965557300901642
2.2769539078156305,189.21427926372732,-0.01672178352531439,0.9841264858376463,0.0018772046664834836,-0.013042529987396238,-0.02040103706323254,0.08759171923599379,-0.013803927215975481,-0.0196396398346533
2.285170340681362,192.82810828302323,-0.016684424093416743,0.9818326667621657,0.0018867756120437688,-0.012986411846902439,-0.020382436339931045,0.08746769514041224,-0.013770699276106522,-0.019598148910726962
2.2933867735470934,196.5109583097791,-0.016642513542964164,0.9794143680738142,0.0018774943928829171,-0.012962692151737752,-0.020322334934190577,0.08736431832422577,-0.013732232415285567,-0.019552794670642762
2.301603206412825,200.26414758551854,-0.01661252732313187,0.9778093485351795,0.0018552409730614478,-0.012976321833288389,-0.020248732812975352,0.0873835762321772,-0.013701604675812936,-0.019523449970450805
2.3098196392785564,204.08901952903676,-0.016605086967999824,0.9775697352776307,0.0018307163373835118,-0.013016948880819062,-0.020193225055180584,0.08759398198009691,-0.0136871552821046,-0.01952301865389505
2.318036072144288,207.9869432172665,-0.016619037238722656,0.978530996135401,0.0018159515464496996,-0.01305983761001143,-0.020178236867433884,0.08787514624821682,-0.013691739405652218,-0.019546335071793094
2.32625250501002,211.95931387532463,-0.016637845053991466,0.9796399073949805,0.0018192007692288369,-0.013072277065655384,-0.020203413042327548,0.08795399729328013,-0.013707920534045341,-0.01956776957393759
2.3344689378757506,216.00755337592037,-0.016649530437235875,0.9801752528412151,0.001842277326529502,-0.013038733227703315,-0.020260327646768436,0.08776277144963336,-0.013725976034685096,-0.019573084839786654
2.3426853707414823,220.1331107483028,-0.01665778198844757,0.9804187683196355,0.0018791970590374472,-0.012974623432880583,-0.020340940544014557,0.08756082809896318,-0.013740954725003337,-0.019574609251891802
2.3509018036072136,224.3374626969243,-0.016671865634651888,0.9809857527274359,0.0019224831292859955,-0.012903867940365476,-0.0204398633289383,0.08758330443523352,-0.013754289639247953,-0.019589441630055823
2.3591182364729453,228.6221141300157,-0.016693855245174992,0.9820387820418321,0.001965374326136469,-0.012841792349807833,-0.02054591814054215,0.08784448455996013,-0.013767578814599163,-0.019620131675750822
2.3673346693386765,232.98859869825205,-0.016718790782681656,0.9833064318879645,0.0020017282666066347,-0.01279547547329686,-0.020642106092066452,0.08819221509164353,-0.01378093074883063,-0.019656650816532683
2.375551102204408,237.43847934371007,-0.016741693359485603,0.9845205138005501,0.0020252159276872407,-0.012772343080301736,-0.02071104363866947,0.08845864184385276,-0.01379495811475059,-0.019688428604220615
2.3837675350701395,241.97334885930778,-0.01675996256363713,0.9855445249101871,0.0020333164021420947,-0.012774735646264062,-0.020745189481010198,0.08858951649367262,-0.013808867621135704,-0.019711057506138555
2.391983967935871,246.59483045892932,-0.016769698280197233,0.9861567909741423,0.0020265972607615428,-0.01279764063793708,-0.020741755922457385,0.0886298741841522,-0.013817258941869087,-0.019722137618525377
2.4002004008016025,251.30457835843956,-0.016764481210199512,0.9859768606924852,0.002006918643974403,-0.012830992948107718,-0.020697969472291307,0.08863672022916647,-0.013811813816344963,-0.01971714860405406
2.4084168336673337,256.10427836779564,-0.016746794738964666,0.985125081540403,0.0019786415943145387,-0.012868728475795257,-0.020624861002134075,0.08866010054865947,-0.013793348499651414,-0.019700240978277918
2.416633266533065,260.9956484944659,-0.01672848507534366,0.9842491188006379,0.0019496020365608116,-0.012907335299498527,-0.02054963485118879,0.08874613182837392,-0.01377217296109948,-0.01968479718958784
2.4248496993987967,265.98043955837534,-0.016721500681433493,0.9840007795421738,0.0019278065815312338,-0.012943069212472996,-0.02049993215039399,0.08889808038183325,-0.013760126855314338,-0.01968287450755265
2.4330661322645284,271.06043581859376,-0.016732060853211994,0.9847024833124297,0.001919384878712177,-0.012970135618465347,-0.02049398608795864,0.08906851265972957,-0.01376500958518723,-0.019699112121236758
2.44128256513026,276.2374556119961,-0.016765676663824933,0.9866812879244862,0.0019228628149181109,-0.012996934799374128,-0.020534418528275738,0.08920412960019498,-0.013794107722795896,-0.01973724560485397
2.449498997995992,281.5133520041179,-0.016824910488579477,0.9901206435078577,0.0019328444275666368,-0.013036605022829932,-0.020613215954329023,0.08930184996356307,-0.01385008628573698,-0.019799734691421975
2.4577154308617226,286.8900134524428,-0.01690323244504745,0.9946815553958418,0.001943382973104384,-0.013094271809594486,-0.020712193080500416,0.08942118179880833,-0.013924433058803913,-0.01988203183129099
2.4659318637274543,292.36936448236014,-0.016983013452855557,0.9993786917179559,0.0019472614663635025,-0.013166451110300438,-0.020799575795410676,0.08959890348201141,-0.013998293799957094,-0.019967733105754018
2.4741482965931856,297.9533663760268,-0.017044614496107967,1.003056044230879,0.0019437239552750948,-0.013234985547881039,-0.020854243444334897,0.08979396943311574,-0.014053396804112526,-0.020035832188103408
2.4823647294589173,303.6440178743935,-0.017083318663790873,1.00539042399447,0.0019386395312369097,-0.013283655003560917,-0.02088298232402083,0.08994444850290674,-0.014087088211376494,-0.020079549116205252
2.4905811623246485,309.4433558926326,-0.017101508199697434,1.0064753951053969,0.0019380493570819732,-0.013303001259555759,-0.020900015139839107,0.09000464132778271,-0.014103272603242347,-0.020099743796152522
2.49879759519038,315.3534562492346,-0.017096849137369835,1.0061684775444109,0.0019423864691946798,-0.013289841613690343,-0.020903856661049325,0.08996690480818947,-0.014099870620268231,-0.020093827654471437
2.5070140280561115,321.37643440902724,-0.017070885767643148,1.0045912053316215,0.0019476118405072438,-0.013253636704385181,-0.020888134830901114,0.08987860764590717,-0.014076848606577357,-0.02006492292870894
2.5152304609218428,327.51444624038504,-0.01703960943110661,1.0027238608632085,0.0019493128420290794,-0.013219026466128199,-0.020860192396085022,0.0898111984601757,-0.014047817805573282,-0.020031401056639937
2.5234468937875745,333.76968878690457,-0.017026212664088807,1.0019235459973945,0.0019500056168143918,-0.013204271885481785,-0.02084815344269583,0.08979766063232494,-0.014034872010824933,-0.020017553317352683
2.5316633266533057,340.1444010538126,-0.01704287314252648,1.002865698609007,0.0019563752934614194,-0.01320844802709812,-0.02087729825795484,0.08983105255404107,-0.01405042013720113,-0.02003532614785183
2.539879759519037,346.6408648093997,-0.017077833611192125,1.0048417186509695,0.0019704343629419895,-0.013215853225925701,-0.02093981399645855,0.08988406128412235,-0.014083614778470456,-0.020072052443913795
2.5480961923847687,353.26140540175646,-0.017112420992851773,1.0067829842437657,0.0019867036503859667,-0.013218553390141023,-0.02100628859556252,0.0899520579815945,-0.014115937053400108,-0.02010890493230344
2.5563126252505004,360.0083925911092,-0.017133963300500023,1.007978370654759,0.0019993229772454664,-0.013215362271635514,-0.02105256432936453,0.09003187481582829,-0.014134820501793259,-0.020133106099206786
2.564529058116232,366.88424139805477,-0.017135618461665492,1.008025649732033,0.0020079990929682194,-0.013200012558458686,-0.0210712243648723,0.09011095597929199,-0.014133841310376372,-0.020137395612954613
2.572745490981964,373.8914129679936,-0.01711864642232757,1.0069786466940016,0.002016149104154729,-0.013167066790721608,-0.021070226053933532,0.09019972863536758,-0.014113912075348192,-0.020123380769306948
2.580961923847694,381.0324154520728,-0.01708820177712938,1.0051406468922166,0.002024208772774739,-0.013120825485300868,-0.02105557806895789,0.09032816209741476,-0.014079189053257377,-0.02009721450100138
2.589178356713426,388.3098049049597,-0.01705228639408066,1.0029992659628566,0.002029762675526974,-0.013074024652884132,-0.02103054813527719,0.09050987123990353,-0.014037220573266389,-0.020067352214894932
2.5973947895791576,395.7261861997507,-0.01701546465261569,1.0008496816460362,0.002028281760852455,-0.013040105450845395,-0.020990823854385988,0.09071777381835504,-0.013993473178833836,-0.020037456126397547
2.605611222444889,403.2842139603653,-0.016978440024768175,0.9987467577660396,0.0020173146281413073,-0.0130245760081254,-0.02093230404141095,0.09092816232289523,-0.013949440086821675,-0.020007439962714674
2.613827655310621,410.98659351174456,-0.01694562554536666,0.9969112818344916,0.0020035641230321736,-0.013018712023507023,-0.020872539067226296,0.091175463057178,-0.013908387522654556,-0.019982863568078765
2.622044088176352,418.83608184819184,-0.01692793256392609,0.9959202183977152,0.001998140581103781,-0.013011648988914744,-0.020844216138937437,0.09149700892173669,-0.013879983201856478,-0.0199758819259957
2.6302605210420835,426.83548862022064,-0.016933302005533446,0.9961976596796819,0.0020082736832250534,-0.012997157915312741,-0.02086944609575415,0.09190488389906558,-0.013871765507757386,-0.019994838503309506
2.638476953907815,434.9876771402346,-0.016964675771063524,0.997907929517577,0.0020355946579422224,-0.012974983554374637,-0.02095436798775241,0.09242374315513674,-0.013885855028073517,-0.020043496514053533
2.6466933867735465,443.2955654074292,-0.017023589665046,1.0011765860047055,0.0020744128334048506,-0.012957815222504806,-0.021089364107587195,0.09306770860148357,-0.013923317138063069,-0.02012386219202893
2.6549098196392777,451.7621271522579,-0.017093321060990256,1.0050741044585583,0.0021152410287712193,-0.012947524825977214,-0.0212391172960033,0.0938038415341688,-0.013968526465701294,-0.02021811565627922
2.663126252505009,460.3903929008543,-0.017145990129788402,1.0080106317923843,0.002148978097091315,-0.012934070455924006,-0.0213579098036528,0.09456562857929106,-0.01399581887611928,-0.020296161383457523
2.6713426853707407,469.1834510597789,-0.017170640660905113,1.0093664202748769,0.0021711016695235255,-0.012915359581864221,-0.021425921739946004,0.09529290814500886,-0.013996242262387224,-0.020345039059423004
2.679559118236472,478.1444490214842,-0.017169639891298518,1.0092671379821605,0.002184210167515523,-0.012888666628301895,-0.02145061315429514,0.09600549441545025,-0.013971503811144837,-0.020367775971452198
2.687775551102204,487.2765942908973,-0.01714876260326727,1.0080296981184433,0.002192942069269655,-0.012850675127316007,-0.021446850079218534,0.09677676049971606,-0.013924934098877791,-0.02037259110765675
2.695991983967935,496.58315563351056,-0.017119156330895335,1.0062929133772995,0.0022011555790401507,-0.012804970671607232,-0.021433341990183437,0.09768511058888303,-0.013865068858399254,-0.020373243803391415
2.704208416833666,506.06746424541336,-0.01708932366621514,1.0045467606345553,0.0022115015968987893,-0.012754860184540695,-0.021423787147889582,0.09879863670077926,-0.013798142399698916,-0.02038050493273136
2.712424849699398,515.732914945656,-0.017060526996099064,1.0028638527979152,0.002224879990875947,-0.012699842344058403,-0.021421211648139725,0.10015830902811199,-0.013724052310141531,-0.020397001682056597
2.7206412825651296,525.5829673913952,-0.01703273312143229,1.00124211698081,0.00224175285421881,-0.01263897826492355,-0.021426487977941028,0.10178967371749098,-0.013641914397096968,-0.02042355184576761
2.728857715430861,535.6211473162454,-0.017005909853563934,0.9996795443843569,0.0022624552371426692,-0.012571579072130275,-0.021440240634997595,0.10370766480124953,-0.013551198989265902,-0.020460620717861967
2.737074148296593,545.8510477922849,-0.01698002598448947,0.9981741883799415,0.0022872048767996907,-0.012497186800697703,-0.021462865168281234,0.10591776815737738,-0.013451692133016196,-0.02050835983596274
2.745290581162324,556.2763305161558,-0.01695505125789444,0.9967241626480725,0.0023161131154878,-0.012415552967417493,-0.021494549548371388,0.10841736821064948,-0.01334345070210391,-0.020566651813684972
2.7535070140280555,566.9007271197428,-0.01693095634104868,0.9953276393726669,0.0023491969892834082,-0.012326614849463272,-0.02153529783263409,0.11119720417577439,-0.013226753859179801,-0.020635158822917558
2.761723446893787,577.7280405058667,-0.01690771279751565,0.9939828474884891,0.002386392201616013,-0.012230470029361016,-0.021584955565670284,0.1142428439646675,-0.013102053929683477,-0.02071337166534782
2.769939879759518,588.7621462095041,-0.016885293060658505,0.9926880709805028,0.002427566528553265,-0.01212735009461918,-0.021643236026697828,0.11753608757307869,-0.012969929625718761,-0.02080065649559825
2.7781563126252498,600.0069937849962,-0.016863670407915695,0.9914416472333318,0.0024725331361075565,-0.012017594510563012,-0.02170974630526838,0.12105623081054417,-0.01283104392294331,-0.020896296892888078
2.786372745490981,611.4666082197532,-0.016842818935828025,0.9902419654296324,0.0025210633110628704,-0.0119016256433995,-0.02178401222825655,0.12478114622481754,-0.012686108027829213,-0.020999529843826838
2.7945891783567127,623.1450913749646,-0.01682271353579082,0.9890874649956276,0.0025728981913906127,-0.011779925744776976,-0.021865501326804666,0.1286881638076854,-0.012535852015333377,-0.021109575056248265
2.802805611222444,635.0466234538172,-0.016803329870512456,0.9879766340925777,0.002627759201858756,-0.011653016474825577,-0.021953643266199335,0.132754754984701,-0.012381002020282585,-0.02122565772074233
2.811022044088176,647.175464497765,-0.016784644351160595,0.9869080081529193,0.0026853570288489607,-0.011521441288985145,-0.022047847413336045,0.13695903764640818,-0.012222263390914069,-0.02134702531140712
2.819238476953907,659.5359559113624,-0.01676663411516803,0.9858801684592821,0.0027453990859115443,-0.011385750783592219,-0.022147517446743842,0.14128012776206028,-0.012060308953721306,-0.021472959276614755
2.8274549098196387,672.1325220162414,-0.016749277004691004,0.9848917407658191,0.002807595516368902,-0.01124649090945182,-0.022252063099930188,0.14569836572621966,-0.01189577145185192,-0.02160278255753009
2.83567134268537,684.9696716347432,-0.016732551545688354,0.9839413939598642,0.002871663846729361,-0.011104193830393056,-0.02236090926098365,0.15019544466050305,-0.011729239250197712,-0.021735863841178996
2.8438877755511016,698.0519997038188,-0.016716436927616443,0.9830278387634739,0.0029373324456065933,-0.010959371123606563,-0.02247350273162632,0.15475446492356873,-0.011561254499252285,-0.0218716193559806
2.852104208416833,711.3841889197356,-0.016700912983707458,0.9821498264728359,0.003004342961316867,-0.010812508982319986,-0.022589316985094927,0.15935993521903502,-0.011392313078482347,-0.02200951288893257
2.860320641282564,724.9710114142107,-0.01668596017182772,0.9813061477352238,0.00307245191277937,-0.010664065078548954,-0.022707855265106484,0.1639977366978191,-0.011222865773009306,-0.02214905457064613
2.868537074148296,738.8173304625478,-0.01667155955588971,0.9804956313618203,0.003141431598230048,-0.010514466763462717,-0.022828652348316707,0.16865506277058606,-0.011053320259989665,-0.022289798851789756
2.876753507014027,752.9281022243991,-0.016657692787807703,0.9797171431757203,0.003211070469295751,-0.0103641103161679,-0.022951275259447505,0.17332034418538037,-0.010884043586385384,-0.02243134198923002
2.884969939879759,767.3083775177806,-0.016644342089976734,0.978969584893809,0.003281173097839569,-0.01021336099116946,-0.023075323188784008,0.17798316634236003,-0.010715364905855368,-0.0225733192740981
2.89318637274549,781.9633036269593,-0.016631490238262894,0.9782518930416888,0.003351559842259394,-0.010062553655403737,-0.023200426821122052,0.18263418378285595,-0.010547578310287114,-0.022715402166238675
2.9014028056112218,796.8981261448811,-0.016619120545487743,0.9775630379005584,0.003422066300264389,-0.009911993844261311,-0.023326247246714175,0.18726503523416246,-0.01038094564331002,-0.022857295447665467
2.909619238476953,812.1181908507757,-0.016607216845396983,0.9769020224853657,0.0034925426174930094,-0.009761959100639435,-0.02345247459015453,0.1918682614309158,-0.010215699221799181,-0.022998734468994784
2.9178356713426843,827.6289456236327,-0.016595763477090394,0.9762678815527787,0.0035628527060931766,-0.009612700490926697,-0.023578826463254092,0.1964372270879072,-0.01005204441954783,-0.02313948253463296
2.926052104208416,843.435942392217,-0.01658474526991285,0.9756596806388683,0.0036328734146035923,-0.009464444216896762,-0.02370504632292894,0.20096604779548793,-0.009890162087419434,-0.023279328452406267
2.934268537074148,859.5448391223285,-0.016574147528778747,0.9750765151248191,0.003702493680028245,-0.009317393262936222,-0.023830901794621273,0.20544952218825183,-0.009730210798269688,-0.023418084259287805
2.9424849699398785,875.9614018420135,-0.01656395601992957,0.9745175093305201,0.0037716136846318634,-0.009171729034452708,-0.02395618300540643,0.20988306945238447,-0.009572328914459978,-0.02355558312539916
2.95070140280561,892.6915067054762,-0.016554156957103022,0.9739818156347282,0.0038401440333924795,-0.009027612956207385,-0.02408070095799866,0.2142626720502247,-0.00941663648198652,-0.023691677432219525
2.958917835671342,909.7411420963725,-0.01654473698810745,0.9734686136213266,0.003908004962955834,-0.008885188009310228,-0.024204285966904673,0.21858482342407898,-0.009263236959145906,-0.023826237017068996
2.9671342685370736,927.1164107713079,-0.016535683181789045,0.972977109250883,0.003975125589048257,-0.008744580193230895,-0.024326786170347194,0.2228464803741827,-0.009112218789888174,-0.023959147573689915
2.9753507014028044,944.8235320442564,-0.016526983015376896,0.9725065340565509,0.004041443196397017,-0.008605899904874306,-0.024448066125879485,0.22704501977271585,-0.00896365683310505,-0.024090309197648742
2.983567134268536,962.8688440127136,-0.016518624362198864,0.972056144363822,0.0041069025730606674,-0.008469243230985078,-0.024568005493412648,0.2311781992657002,-0.008817613659444643,-0.024219635064953084
2.991783567134268,981.2588058263477,-0.016510595479756404,0.9716252205333753,0.004171455389523939,-0.008334693153173981,-0.024686497806338827,0.23524412161949843,-0.00867414072707609,-0.024347050232436718
3.0,999.999999999,-0.016502884998147557,0.9712130662263221,0.004235059621822375,-0.00820232066699588,-0.024803449329299232,0.23924120238300647,-0.008533279447349941,-0.024472490548945174
