x_transformed,x_real,y_real,y_normalised,Std_real,Upper_CI_real,Lower_CI_real,Std_normalised,Upper_CI_normalised,Lower_CI_normalised
-1.1,0.07943282247242814,-0.03051461216239186,1.4284306307793073,0.0017326612639992727,-0.02711865848754564,-0.03391056583723808,0.06341277347753065,-0.02786052021415976,-0.03316870411062396
-1.0917835671342686,0.08094992067275816,-0.03059631721139272,1.4322645936495488,0.0016367707477297198,-0.027388305494893777,-0.03380432892789167,0.05725088448067075,-0.028200126299112952,-0.03299250812367249
-1.0835671342685371,0.08249599413606928,-0.03067267038766301,1.4358483841975458,0.0015486493327863306,-0.027637373470719817,-0.0337079673046062,0.05126141152281032,-0.02852716417311601,-0.03281817660221001
-1.0753507014028056,0.08407159626481406,-0.03074334071927159,1.4391661961592574,0.0014703453703207214,-0.02786151674860777,-0.03362516468993541,0.04556926818301526,-0.02883607470425925,-0.03265060673428393
-1.0671342685370742,0.08567729103095306,-0.030807981622235758,1.4422014067342497,0.001404190046565623,-0.028055819703517514,-0.033560143540954,0.040369058432092396,-0.029118366311839464,-0.03249759693263205
-1.058917835671343,0.08731365317782327,-0.030866229894008092,1.4449365126866542,0.0013526863660487036,-0.02821501333417427,-0.033517446453841915,0.03595724773643317,-0.029361267463502354,-0.032371192324513826
-1.0507014028056114,0.0889812684258623,-0.03091770459410571,1.447353058254063,0.0013182918171374576,-0.02833390011140243,-0.03350150907680899,0.03274997576645722,-0.029546980018916612,-0.03228842916929481
-1.04248496993988,0.09068073368226119,-0.030962005795360598,1.4494315536179252,0.0013031000525436985,-0.028407976624122696,-0.033516034966598496,0.031224908062890463,-0.029655111733971368,-0.03226889985674983
-1.0342685370741485,0.09241265725462187,-0.030998810580566555,1.4511561851497206,0.0013080189396970905,-0.02843514056766399,-0.03356248059346912,0.03167681729381627,-0.029673002212400365,-0.032324618948732745
-1.026052104208417,0.09417765906869519,-0.031028357437419427,1.4525386832084202,0.0013303265827461603,-0.028420965247560707,-0.033635749627278146,0.03379506981454581,-0.029613891269707808,-0.032442823605131045
-1.0178356713426857,0.09597637089027737,-0.031051079973926626,1.4536002724039725,0.0013659035538472813,-0.02837395820203069,-0.03372820174582256,0.03700412728688679,-0.029502301220095867,-0.032599858727757385
-1.009619238476954,0.09780943655134493,-0.031067392836394578,1.4543611394118565,0.0014107763557032465,-0.028302321988975546,-0.03383246368381361,0.04080102047288265,-0.02935969809323527,-0.032775087579553885
-1.0014028056112223,0.09967751218050783,-0.03107769265980762,1.454840501070784,0.001461422170749577,-0.028213357838930104,-0.03394202748068514,0.04482953168827235,-0.029201387736178645,-0.03295399758343659
-0.993186372745491,0.10158126643786476,-0.031082359233653146,1.4550566798835762,0.0015148880788031318,-0.02811323315858993,-0.03405148530871636,0.04885891700983153,-0.02903740754452567,-0.03312731092278062
-0.9849699398797596,0.10352138075434403,-0.031081756548827368,1.4550271708683178,0.0015687869985507939,-0.028006990532253122,-0.034156522565401616,0.052743744013838,-0.028874208469317098,-0.03328930462833764
-0.9767535070140282,0.10549854957561482,-0.031076233739885578,1.454768700834778,0.0016212321331178212,-0.0278986771483956,-0.03425379033137555,0.05639230455030708,-0.028715978017869948,-0.033436489461901205
-0.9685370741482968,0.10751348061065784,-0.03106612593483382,1.4542972810038954,0.0016707519322889768,-0.027791512320446722,-0.03434073954922092,0.05974617981385635,-0.028565496391516794,-0.03356675547815085
-0.9603206412825652,0.10956689508508306,-0.031051755022827896,1.4536282537490037,0.0017162077828162094,-0.027688049578520786,-0.034415460467135006,0.06276778212426307,-0.028424658682318162,-0.033678851363337634
-0.952104208416834,0.11165952799928533,-0.031033430348519388,1.452776334113846,0.0017567234667759503,-0.027590315622842178,-0.0344765450741966,0.06543284206768317,-0.028294790012226317,-0.03377207068481246
-0.9438877755511024,0.11379212839153145,-0.031011449340327967,1.4517556466515156,0.0017916284010969948,-0.027499922200498773,-0.03452297648015716,0.0677258429480172,-0.028176837248818417,-0.033846061431837514
-0.9356713426853708,0.11596545960607073,-0.03098609807860046,1.4505797580282471,0.0018204135756511662,-0.027418153033356395,-0.034554043123844524,0.0696372092494367,-0.0280714872481536,-0.03390070890904732
-0.9274549098196394,0.11818029956636722,-0.0309576518084077,1.4492617057441777,0.0018426980938255468,-0.02734602991012902,-0.03456927370668638,0.07116155457506758,-0.02797924069872348,-0.033936062918091925
-0.919238476953908,0.12043744105355014,-0.03092637540060954,1.4478140232380667,0.0018582041579470272,-0.02728436217511079,-0.034568388626108296,0.07229658438573174,-0.027900458507527363,-0.03395229229369172
-0.9110220440881764,0.12273769199018238,-0.030892523763759217,1.4462487615625785,0.001866738643042992,-0.02723378325484578,-0.034551264272672653,0.07304241527577543,-0.02783539070315349,-0.033949656824364946
-0.902805611222445,0.12508187572944854,-0.030856342208401,1.4445775077394791,0.0018681797938957666,-0.027194777095719835,-0.03451790732108216,0.07340116907190801,-0.02778419378875171,-0.03392849062805029
-0.8945891783567136,0.12747083134986675,-0.030818066764316136,1.4428113998282746,0.0018624679529773496,-0.027167696654120492,-0.03446843687451178,0.07337675741578363,-0.02774694007540672,-0.03388919345322555
-0.8863727454909821,0.12990541395562896,-0.030777924450271197,1.4409611386658199,0.0018495995480436122,-0.027152775950284154,-0.03440307295025824,0.07297480789062011,-0.027723621043798878,-0.033832227856743516
-0.8781563126252506,0.13238649498267718,-0.030736133494797882,1.4390369961565792,0.0018296238384213346,-0.027150136666236134,-0.03432213032335963,0.07220270591298637,-0.02771414581163607,-0.03375812117795969
-0.8699398797595191,0.1349149625106259,-0.03069290350546341,1.4370488199119489,0.0018026421518812792,-0.027159789810762322,-0.0342260172001645,0.07106974325210964,-0.02771833508676487,-0.03366747192416195
-0.8617234468937878,0.1374917215806419,-0.03064843558295031,1.4350060339504094,0.001768809557833331,-0.027181632554086763,-0.034115238611813856,0.06958737778272739,-0.027735910409498233,-0.033560960756402386
-0.8535070140280563,0.14011769451939524,-0.03060292237503141,1.4329176350765869,0.0017283391380988,-0.027215439911286762,-0.03399040483877606,0.06776962254688383,-0.02776647792271383,-0.03343936682734899
-0.8452905811623248,0.14279382126919726,-0.030556548064173322,1.4307921844544442,0.0016815092567807025,-0.02726085048121243,-0.03385224564713421,0.06563359769058144,-0.027809505258581453,-0.03330359086976519
-0.8370741482965933,0.14552105972444415,-0.030509488280999215,1.4286377937756114,0.0016286745221817047,-0.02731734487498509,-0.03370163168701334,0.06320029876156523,-0.027864289295524,-0.03315468726647443
-0.8288577154308618,0.14830038607448637,-0.03046190993415986,1.4264621052959057,0.0015702815063493593,-0.02738421473612581,-0.03353960513219391,0.060495661965769484,-0.0279299114026146,-0.03299390846570512
-0.8206412825651304,0.15113279515304626,-0.030413970945262773,1.4242722648686228,0.001506890772026359,-0.027460519303455354,-0.03336742258707019,0.05755204421147912,-0.028005175228417035,-0.03282276666210851
-0.8124248496993989,0.1540193007943095,-0.03036581987535445,1.4220748869392015,0.0014392073694555127,-0.027545025264937014,-0.033186614485771884,0.05441028480757959,-0.028088520036703143,-0.03264311971400576
-0.8042084168336675,0.15696093619581752,-0.030317595426995112,1.419876010278967,0.001368122669293956,-0.027636124268746155,-0.03299906658524407,0.051122572066544615,-0.028177900229105542,-0.032457290624884685
-0.795991983967936,0.1599587542882909,-0.030269425803157363,1.4176810430219007,0.0012947709962060682,-0.027731721282366423,-0.0328071303239483,0.04775637709227335,-0.02827062005840862,-0.032268231547906104
-0.7877755511022045,0.16301382811251586,-0.030221427900962827,1.4154946953234382,0.001220604419608968,-0.027829087199158834,-0.03261376860276682,0.04439965787160673,-0.028363115009112313,-0.03207974079281334
-0.7795591182364732,0.16612725120342922,-0.030173706314577,1.4133208976790463,0.0011474867308058198,-0.027924673649459986,-0.03242273897969401,0.04116716455823359,-0.028450686897609396,-0.03189672573154461
-0.7713426853707417,0.169300137981539,-0.030126352117338856,1.4111627026171625,0.001077799819528185,-0.028013903288519843,-0.03223880094615787,0.03820652411479472,-0.028527247986387335,-0.03172545624829038
-0.7631262525050102,0.1725336241518206,-0.03007944138832061,1.4090221671093464,0.0010145366460157356,-0.028090986101133707,-0.032067896675507516,0.03570015022772831,-0.028585239572598672,-0.031573643204042545
-0.7549098196392787,0.17582886711023185,-0.03003303344289647,1.4069002126127255,0.0009613188155261603,-0.02814888318680449,-0.031917183698988445,0.03385490556725168,-0.02861606289663832,-0.03145000398915462
-0.7466933867735472,0.17918704635799193,-0.02998716872043565,1.4047964591675084,0.0009222293861854685,-0.02817963233802765,-0.03179470510284365,0.03286953916204266,-0.02861143991300557,-0.03136289752786573
-0.7384769539078158,0.1826093639237728,-0.029941866412257965,1.4027090504639264,0.0009013237203688541,-0.02817530438192336,-0.03170842844259257,0.032879245519809815,-0.02856573135282874,-0.03131800147168719
-0.7302605210420843,0.18609704479395398,-0.02989714210309902,1.4006375680344063,0.0008996897447812761,-0.028133782606067685,-0.031660501600130356,0.03382746904778616,-0.028481319890865824,-0.03131296431533222
-0.7220440881763528,0.18965133735109493,-0.029853028452688515,1.398586277209525,0.0009128977664560114,-0.028063781708867676,-0.031642275196509355,0.03542214038433903,-0.028370462521133198,-0.03133559438424383
-0.7138276553106214,0.19327351382078184,-0.029809540296373227,1.3965586123737455,0.0009357321973284684,-0.0279755388904349,-0.03164354170231155,0.0373701587598933,-0.02824544158203561,-0.031373639010710844
-0.7056112224448899,0.19696487072700897,-0.029766672080261316,1.3945565833424614,0.0009634656116013813,-0.027878314181179753,-0.03165502997934288,0.039436041563746804,-0.02811610745984499,-0.03141723670067764
-0.6973947895791585,0.20072672935625688,-0.029724400067587267,1.392580945976123,0.0009921995305734413,-0.027779724722185775,-0.03166907541298876,0.04144607482687987,-0.027989707079859417,-0.03145909305531512
-0.6891783567134271,0.20456043623043474,-0.029682684151307374,1.3906313429610686,0.0010189133466225549,-0.02768565068855999,-0.031679717614054755,0.04327834798086642,-0.02787130280635634,-0.031494065496258404
-0.6809619238476956,0.20846736358885526,-0.029641469315847133,1.3887064180296687,0.001041367444230757,-0.027600426630482327,-0.03168251200121194,0.04485054000322165,-0.027764285105656556,-0.031518653526037714
-0.6727454909819641,0.21244890987941453,-0.029600686783199288,1.3868039063042317,0.0010579656778208582,-0.027527112157790898,-0.03167426140860768,0.046109911172950345,-0.027670792579452017,-0.031530580986946555
-0.6645290581162326,0.21650650025915358,-0.029560254871564075,1.3849207029153068,0.0010676289576357855,-0.027467740565745895,-0.03165276917738225,0.04702625889399193,-0.02759200765193651,-0.03152850209119164
-0.6563126252505012,0.22064158710437978,-0.029520079588279735,1.383052911554273,0.001069697810514673,-0.027423510405329626,-0.03161664877122985,0.04758739489398281,-0.0275283464610382,-0.031511812715521274
-0.6480961923847697,0.22485565053053136,-0.029480054972790565,1.381195874163019,0.001063866328338678,-0.02739491528488189,-0.031565194660699236,0.04779652133517841,-0.027479569022209164,-0.031480540923371964
-0.6398797595190382,0.22915019892197075,-0.029440063199713012,1.3793441825304098,0.001050144964894925,-0.02738181688997288,-0.03149830950945315,0.04767099517173928,-0.02744483104834912,-0.031435295351076906
-0.6316633266533067,0.23352676947189663,-0.029399974446575685,1.377491672147512,0.0010288494043808765,-0.02738346666847368,-0.03141648222467769,0.04724210454978769,-0.027422693176145856,-0.03137725571700551
-0.6234468937875753,0.2379869287325676,-0.029359646525415624,1.3756313982627186,0.0010006141718120701,-0.02739847878624359,-0.03132081426458765,0.04655555170366761,-0.027411100386426922,-0.03130819266440433
-0.6152304609218439,0.24253227317603523,-0.02931892427199218,1.3737555936651473,0.0009664312610285935,-0.027424753806842506,-0.03121309473714185,0.04567230761460451,-0.027407345622304926,-0.03123050292167943
-0.6070140280561124,0.24716442976558578,-0.029277638680834432,1.371855607302227,0.0009277145611848287,-0.027459351552978788,-0.031095925808690077,0.0446693420280328,-0.027408038369921735,-0.03114723899174713
-0.5987975951903809,0.2518850565380965,-0.02923560576853997,1.3699218223958585,0.0008863881016753174,-0.027498317012931518,-0.03097289452414842,0.043639409291777835,-0.02740911248532231,-0.03106209905175763
-0.5905811623246495,0.2566958431975146,-0.02919262514158398,1.3679435522524377,0.0008449857113414841,-0.027536483579903712,-0.03084876670326425,0.04268860982894536,-0.027405926824905377,-0.030979323458262584
-0.582364729458918,0.2615985117196706,-0.029148478238248496,1.3659089114555782,0.00080672430726316,-0.027567327650559678,-0.030729628825937313,0.041930038258148866,-0.027393529340303674,-0.030903427136193318
-0.5741482965931866,0.2665948169686434,-0.02910292620700645,1.363804659576286,0.0007754669243859208,-0.027583038964008003,-0.0306228134500049,0.04147195117985826,-0.02736715018479953,-0.030838702229213373
-0.5659318637274551,0.27168654732489755,-0.02905570737565394,1.3616160139227487,0.0007554402932573483,-0.02757507160839916,-0.030536343142908717,0.04140019703765901,-0.027322934566847402,-0.030788480184460475
-0.5577154308617236,0.2768755253254171,-0.02900658053407158,1.359329189996006,0.0007499500525443412,-0.02753670544088075,-0.030476455627262408,0.04174614724139773,-0.027259328250549157,-0.030753832817594
-0.5494989979959922,0.28216360831606535,-0.02895562042003698,1.3569490047265478,0.0007566386419803397,-0.027472635932444218,-0.03043860490762974,0.042410077669216534,-0.027180579848666137,-0.03073066099140782
-0.5412825651302607,0.28755268911640497,-0.028903029744218715,1.3544876712576468,0.0007705965389268598,-0.02739268828131085,-0.030413371207126578,0.043242254796427855,-0.027093159051222344,-0.030712900437215085
-0.5330661322645293,0.29304469669721417,-0.028848987583575753,1.3519557908837707,0.0007873216977924508,-0.02730586541165562,-0.030392109755495885,0.04410559852275891,-0.027002982315367595,-0.03069499285178391
-0.5248496993987978,0.2986415968709442,-0.028793651099451933,1.3493624920410277,0.0008031575432075063,-0.027219491240853547,-0.030367810958050318,0.044887327200953626,-0.026914927189924075,-0.03067237500897979
-0.5166332665330663,0.30434539299536323,-0.02873715756159988,1.3467155804337956,0.0008153961346348417,-0.02713901050458242,-0.030335304618617342,0.04550343814202578,-0.026832646811373487,-0.030641668311826274
-0.5084168336673349,0.3101581266906392,-0.028679625969726168,1.344021658717689,0.0008222193506453555,-0.027068105655069362,-0.030291146284382973,0.04589937418120752,-0.02675854362680671,-0.030600708312645625
-0.5002004008016034,0.3160818785701192,-0.028621158306866498,1.341286218349207,0.0008225980371438412,-0.027008895780311227,-0.03023342083342177,0.04604925219969099,-0.02669380293691701,-0.030548513676815988
-0.4919839679358719,0.3221187689850648,-0.028561840450711223,1.3385137055887457,0.0008162093606256857,-0.026962099500040415,-0.03016158140138203,0.04595498111056324,-0.02663843072333316,-0.03048525017808929
-0.4837675350701405,0.32827095878361184,-0.028501742761345927,1.3357075630604869,0.0008033942095676632,-0.026927119045205283,-0.03007636647748657,0.04564574446805548,-0.026591275891344524,-0.03041220963134733
-0.475551102204409,0.33454065008422634,-0.02844092035658254,1.3328702477175374,0.0007851569054794706,-0.026902041099629858,-0.02997979961353522,0.04517764943878518,-0.02655004523726578,-0.030331795475899297
-0.4673346693386775,0.3409300870639314,-0.02837941307899877,1.330003225523068,0.0007631965947047915,-0.026883575240253765,-0.029875250917743772,0.04463268302975415,-0.02651134710173568,-0.030247479056261857
-0.4591182364729461,0.34744155676158955,-0.02831724515182239,1.3271069426264899,0.0007399417228731601,-0.02686698602433248,-0.0297675042793123,0.04411535162365524,-0.02647083167521804,-0.030163658628426737
-0.4509018036072146,0.35407738989652693,-0.028254424513759018,1.3241807722776462,0.0007185265111490413,-0.02684613842996968,-0.029662710597548356,0.04374461957082549,-0.026423527736746995,-0.03008532129077104
-0.4426853707414832,0.3608399617027919,-0.02819094181562027,1.321222936170372,0.000702602395705626,-0.026813866424585685,-0.029568017206654855,0.043638532264301574,-0.026364485239700454,-0.030017398391540086
-0.4344689378757517,0.3677316927793485,-0.028126774929852758,1.3182308189631364,0.0006956200852517008,-0.02676338461583674,-0.029490165243868775,0.04388430591898208,-0.026290031690186774,-0.02996351816951874
-0.4262525050100202,0.37475504995650594,-0.0280619724178081,1.3152069349357003,0.0006968227175569835,-0.026696224987787086,-0.029427719847829117,0.04443388913659837,-0.02620222680318251,-0.029921718032433695
-0.4180360721442888,0.38191254717889844,-0.027996634360491435,1.3121575546357056,0.0007022285384054329,-0.026620291716300586,-0.029372977004682284,0.04514712581610923,-0.026107036783485672,-0.029886231937497197
-0.4098196392785573,0.38920674640532754,-0.027930844471388272,1.3090878499015817,0.0007081309733029396,-0.026542933267377215,-0.02931875567539933,0.04589411234492254,-0.026009982358503728,-0.029851706584272816
-0.4016032064128259,0.39664025852579093,-0.02786466951683491,1.3060018563566185,0.0007116205860720925,-0.026469918797476323,-0.029259420236193497,0.0465747591269556,-0.025915319466194037,-0.029814019567475782
-0.3933867735470944,0.40421574429602647,-0.027798160296077665,1.3029025460604904,0.0007107513320911574,-0.02640511328321513,-0.0291912073089402,0.04712640890711865,-0.025825721376121,-0.02977059921603433
-0.3851703406813629,0.41193591528990436,-0.027731352277269947,1.299791874128263,0.0007045656336870883,-0.026350429010498614,-0.02911227554404128,0.04752558284917436,-0.025742206244732415,-0.02972049830980748
-0.3769539078156314,0.41980353487000965,-0.027664265902144963,1.2966708002854856,0.0006930810790878022,-0.026305851948766713,-0.029022679855523214,0.04778659560286102,-0.02566419538531262,-0.029664336418977307
-0.3687374749499,0.4278214191767614,-0.02759690656460899,1.293539285757318,0.0006772861383151274,-0.026269450126283126,-0.028924363002934852,0.047957983023101246,-0.025589662761589298,-0.02960415036762868
-0.3605210420841686,0.4359924381364247,-0.02752926426111756,1.2903962653271195,0.0006591409014072629,-0.026237371833622056,-0.028821156688613063,0.04811611750974948,-0.02551540186306197,-0.02954312665917315
-0.3523046092184371,0.4443195164883728,-0.027461312903251,1.2872395938329482,0.0006415228642539267,-0.026203951194054324,-0.028718674612447675,0.048354265825958045,-0.02543748299401632,-0.02948514281248568
-0.3440881763527056,0.45280563483197034,-0.027393009275270528,1.2840659657887072,0.0006279891442918468,-0.02616217316977638,-0.028623845380764675,0.048764944769473274,-0.025351990720633384,-0.029434027829907672
-0.3358717434869741,0.46145383069345103,-0.02732429510958882,1.2808712812579928,0.0006216267496661037,-0.02610592906841656,-0.028542661150761078,0.049403346735770855,-0.025256556740857968,-0.02939203347831967
-0.3276553106212427,0.47026719961317126,-0.027255118291945313,1.277653607334908,0.0006207936388213266,-0.026038385118023945,-0.02847185146586668,0.05020180844393737,-0.025153960934036088,-0.02935627564985454
-0.3194388777555113,0.47924889625363026,-0.027185418786286504,1.274411254877704,0.0006218138932406537,-0.02596668595044819,-0.02840415162212482,0.0510468290325975,-0.025048893753736017,-0.02932194381883699
-0.3112224448897798,0.4884021355286512,-0.0271151178168776,1.2711412583711046,0.0006216261931281316,-0.025896752866499725,-0.028333482767255478,0.051845163978284176,-0.02494517910069301,-0.029285056533062192
-0.3030060120240483,0.4977301937541296,-0.02704411833826542,1.2678394112566416,0.0006182162948061743,-0.025832436665789524,-0.02825580001074132,0.05253729343044451,-0.02484521108616332,-0.029243025590367525
-0.2947895791583168,0.50723640982076,-0.026972305156799797,1.264500278319151,0.0006107813934801842,-0.025775195623151448,-0.028169414690448147,0.0531015335599909,-0.024749782076173347,-0.029194828237426248
-0.2865731462925854,0.5169241863891598,-0.026899544650630627,1.261117177660673,0.0005997734345347919,-0.025724010320058544,-0.02807507898120271,0.0535520619016028,-0.024658165059267483,-0.02914092424199377
-0.278356713426854,0.5267969911078207,-0.026825684083449642,1.2576821319040636,0.0005868790414287958,-0.025675422298967812,-0.027975945867931472,0.05393199596437356,-0.024568402649578124,-0.02908296551732116
-0.2701402805611225,0.5368583578543202,-0.026750550498152007,1.2541857875760165,0.000574887449630838,-0.025623791801711482,-0.027877309194592532,0.054300935601721646,-0.024477827384833742,-0.029023273611470272
-0.261923847695391,0.5471118880002395,-0.02667394925340096,1.2506173083446173,0.0005672845640712726,-0.02556209193883576,-0.027785806567966156,0.05471526412042878,-0.024383884744570112,-0.028964013762231806
-0.2537074148296595,0.5575612517002411,-0.026595694299990882,1.2469670124082364,0.0005657290745335973,-0.025486885688897856,-0.02770450291108391,0.055187294315462106,-0.02428587333719569,-0.028905515262786074
-0.2454909819639281,0.568210189205766,-0.02651565548026912,1.2432304707057251,0.0005671409964362646,-0.02540407955309788,-0.027627231407440358,0.05566197793921393,-0.024185967006329603,-0.028845343954208635
-0.2372745490981966,0.579062512203822,-0.026433691433761553,1.2394027089882538,0.0005681853476538102,-0.025320068615816715,-0.02754731425170639,0.05608057611085946,-0.02408648286133111,-0.028780900006191996
-0.2290581162324652,0.59012210518134,-0.02634963864904711,1.235477254533426,0.0005666400780061322,-0.025239044503958124,-0.027460232794136095,0.056409271445983095,-0.023988672790906995,-0.028710604507187223
-0.2208416833667337,0.601392926815591,-0.026263312430029672,1.231446216207216,0.0005616920984287293,-0.025162416146708635,-0.02736420871335071,0.056650049730047905,-0.0238922689854665,-0.028634355874592843
-0.2126252505010022,0.6128790113911561,-0.02617450741744857,1.2273003308548198,0.0005539961160491673,-0.02508869498241713,-0.02726031985248001,0.056842315180482286,-0.02379541685310279,-0.028553597981794347
-0.2044088176352707,0.6245844702439616,-0.026082997682277082,1.22302897729495,0.0005455650452631691,-0.025013709842337306,-0.027152285522216858,0.05705565369469316,-0.02369497800157566,-0.028471017362978503
-0.1961923847695393,0.6365134932328925,-0.02598853639812056,1.2186201584654945,0.0005393989090415516,-0.024931333963098923,-0.027045738833142197,0.05737217571250989,-0.023587268936367214,-0.028389803859873906
-0.1879759519038079,0.6486703502395137,-0.025890858576921416,1.2140607353045818,0.0005376496546451865,-0.024837084617516453,-0.02694463253632638,0.057829546270111866,-0.02347044822884218,-0.028311268925000653
-0.1797595190380764,0.6610593926964333,-0.025789689977591776,1.2093371647763986,0.0005381145605659447,-0.024735004819325928,-0.026844375135857624,0.05832899292628093,-0.023348375681048916,-0.028231004274134636
-0.1715430861723449,0.6736850551448572,-0.025684735840202904,1.2044345964864454,0.0005380100425732415,-0.024630255533438488,-0.02673921614696732,0.05874757381217986,-0.0232259021686505,-0.02814356951175531
-0.1633266533066134,0.6865518568218915,-0.025575676250134186,1.1993365108812293,0.0005357487301607121,-0.024525628034256123,-0.02662572446601225,0.05898926577739316,-0.023106726750750147,-0.028044625749518225
-0.155110220440882,0.6996644032781603,-0.02546216424034205,1.1940245831311813,0.000531292388710244,-0.024420850293209718,-0.026503478187474384,0.05899294904187924,-0.022993060580808886,-0.027931267899875215
-0.1468937875751506,0.7130273880263206,-0.025343823359695605,1.1884785066010808,0.0005261761352333885,-0.024312537085113686,-0.026375109634277524,0.05872772399174554,-0.022885820486824592,-0.027801826232566617
-0.1386773547094191,0.7266455942210599,-0.0252202446590844,1.1826757722360188,0.0005232085647817294,-0.02419477471570932,-0.02624571460245948,0.05817719816843771,-0.022785283613195657,-0.027655205704973145
-0.1304609218436876,0.7405238963711813,-0.025090967310015255,1.1765921882281365,0.0005247730541126667,-0.02406243102389734,-0.02611950359613317,0.05733110883047646,-0.022691418670432374,-0.027490515949598136
-0.1222444889779561,0.7546672620843887,-0.024955419666139175,1.1702045298475938,0.0005288158409377848,-0.023918959663446853,-0.025991879668831496,0.056233542523516256,-0.022601808804360416,-0.027309030527917933
-0.1140280561122246,0.7690807538453952,-0.024812973476263107,1.1634881900684417,0.000532581285472973,-0.023769133337896035,-0.02585681361463018,0.05494285114511199,-0.022513383490834902,-0.027112563461691313
-0.1058116232464932,0.783769530827991,-0.024662968892773546,1.1564165003263398,0.0005346222317462786,-0.023615128573216414,-0.02571080921233068,0.05353996190034282,-0.022422095737482453,-0.02690384204806464
-0.0975951903807617,0.7987388507417227,-0.024504718270845376,1.1489610472024518,0.0005350260422415417,-0.02345608649726095,-0.025553350044429803,0.05214876234820264,-0.022322072682765606,-0.026687363858925145
-0.0893787575150304,0.8139940717138392,-0.024337509514554653,1.1410919551757113,0.0005351888177691563,-0.023288558706798537,-0.025386460322310768,0.050938841282929796,-0.022205504224655104,-0.0264695148044542
-0.0811623246492989,0.829540654207185,-0.024160744589423903,1.132784589891269,0.0005367625143733604,-0.023108709393000953,-0.025212779785846854,0.05009240137472037,-0.022064166378673276,-0.02625732280017453
-0.0729458917835674,0.8453841629747193,-0.02397507413768729,1.1240736466974623,0.0005379728974672022,-0.022920666633992916,-0.025029481641381666,0.04968691469832931,-0.021895467254066932,-0.02605468102130765
-0.0647294589178359,0.8615302690513682,-0.023781827253775648,1.1150261589309352,0.0005358088499756561,-0.022731661205225538,-0.02483199330232576,0.04975933030619594,-0.021699189471627675,-0.02586446503592362
-0.0565130260521045,0.8779847517839182,-0.023582333902865252,1.1057094150085527,0.0005289280328688984,-0.022545654008028593,-0.02461901379770191,0.05041210106230999,-0.02147237491218415,-0.025692292893546353
-0.048296593186373,0.8947535008996794,-0.023377924865688515,1.0961911102463144,0.0005183264437022358,-0.022362023703797404,-0.024393826027579626,0.05184135436837002,-0.021208145597741947,-0.025547704133635083
-0.0400801603206415,0.9118425186146568,-0.02316993765124117,1.086539758205901,0.0005076916784990713,-0.022174880246132303,-0.024164995056350037,0.054321182084456084,-0.020896367137251737,-0.025443508165230604
-0.03186372745491,0.9292579217819882,-0.022959266102631503,1.0767920015248869,0.0005022296766589761,-0.021974914024412713,-0.023943618180850293,0.05776513013073615,-0.020541551841594,-0.025376980363669005
-0.0236472945891785,0.9470059440814136,-0.022745666486590394,1.0669022133551596,0.0005029853823447023,-0.02175983325244467,-0.02373149972073612,0.06110378338746221,-0.020188215509420217,-0.02530311746376057
-0.015430861723447,0.9650929382505626,-0.022528695311043564,1.0568103718338764,0.0005052439751452588,-0.021538435316353008,-0.02351895530573412,0.06311030478824693,-0.019887262952808807,-0.02517012766927832
-0.0072144288577156,0.9835253783588568,-0.02230784592337671,1.0464517893704384,0.0005027116065164915,-0.021322549279994118,-0.023293142566759305,0.06255326673299721,-0.01968972795648964,-0.02492596389026378
0.0010020040080156,1.0023098621248416,-0.022082508227064986,1.0357540294179313,0.0004964161223110715,-0.021109550505990254,-0.023055465948139717,0.0582047697293879,-0.019646393195095757,-0.024518623259034214
0.0092184368737471,1.0214531132777804,-0.021852554161329734,1.024697398829691,0.0005064749793172452,-0.020859881442797264,-0.022845226879862204,0.049890687153036094,-0.019764418541279003,-0.023940689781380465
0.0174348697394786,1.0409619839643451,-0.021619454526619977,1.0134285148453275,0.0005524497853547032,-0.020536672844057875,-0.02270223620918208,0.04024456904323899,-0.01993504962205325,-0.023303859431186704
0.02565130260521,1.0608434572012815,-0.02138490397962808,1.002118832920506,0.0006195974062431343,-0.020170515378477104,-0.022599292580779057,0.03223114878373644,-0.020035894501285404,-0.022733913457970756
0.0338677354709415,1.0811046493749135,-0.0211506136220689,0.9909412143736231,0.0006688760007662431,-0.019839640750443876,-0.02246158649369392,0.027923650980659936,-0.019981891089229778,-0.02231933615490802
0.042084168336673,1.101752812788386,-0.020918251245024277,0.98006507579832,0.0006618072346585302,-0.01962113290038551,-0.022215369589663046,0.02797567709443296,-0.019747351199957092,-0.022089151290091463
0.0503006012024045,1.1227953382575593,-0.020686456393682186,0.9694221588086397,0.00060152375477369,-0.01950749149848045,-0.021865421288883923,0.032352990478806146,-0.01933234732665872,-0.022040565460705652
0.058517034068136,1.1442397577564816,-0.02045102142244137,0.9587207818558503,0.0005310184659092842,-0.019410244354133462,-0.021491798490749277,0.040296724787309855,-0.01876443358007203,-0.02213760926481071
0.0667334669338675,1.1660937471133888,-0.02020772056501611,0.9476679444015583,0.0004915164395530014,-0.019244366045682866,-0.02117107508434935,0.04958783718038915,-0.018132260493279147,-0.02228318063675307
0.0749498997995989,1.188365128758194,-0.019952354701255788,0.9359728402363048,0.0004919963722595091,-0.01898805953110279,-0.020916649871408788,0.05717164733941941,-0.017559480197438592,-0.022345229205072984
0.0831663326653302,1.2110618745224544,-0.01968289435807067,0.9234942955472993,0.000505467069533315,-0.018692197106414368,-0.020673591609726972,0.061315723483279724,-0.017116572794251002,-0.022249215921890338
0.0913827655310617,1.2341921084928127,-0.019401094067726582,0.9103520199592178,0.0005140760497909745,-0.018393523524821653,-0.02040866461063151,0.06291430482244276,-0.016767865134489142,-0.022034323000964022
0.0995991983967932,1.257764109918936,-0.019108987335275784,0.8966845914994942,0.0005171671090541688,-0.018095358427540915,-0.020122616243010653,0.06321662553989098,-0.01646310500528623,-0.02175486966526534
0.1078156312625246,1.2817863161769967,-0.018808524515291428,0.8826246521544987,0.0005210348418761446,-0.01778731499052366,-0.019829734040059194,0.06350117055931023,-0.01615073277646301,-0.021466316254119846
0.1160320641282561,1.306267325789753,-0.018500903549783267,0.8682495667812694,0.0005295612998811121,-0.017462982474410072,-0.01953882462515646,0.06441558531611569,-0.015804839697778125,-0.02119696740178841
0.1242484969939876,1.3312159015043068,-0.018186309730780226,0.8535622388337557,0.0005410305804567657,-0.017125909278550164,-0.019246710183010288,0.06573869767311873,-0.015434868047768016,-0.020937751413792435
0.1324649298597191,1.3566409734286482,-0.017864847777396185,0.8385599091061293,0.0005546848205289373,-0.016777685506388404,-0.018952010048403967,0.06724739604241944,-0.015050260706243986,-0.020679434848548384
0.1406813627254506,1.3825516422281035,-0.017536835221960975,0.8232503872665895,0.0005705597217599335,-0.01641855871628231,-0.018655111727639638,0.06877578277965489,-0.01465827872145526,-0.02041539172246669
0.1488977955911821,1.4089571823828324,-0.017204690235146515,0.8077462348745142,0.0005876748189469722,-0.016052868755389353,-0.018356511714903677,0.07027992496241856,-0.01426317904211842,-0.02014620142817461
0.1571142284569135,1.4358670455075404,-0.016871972619291326,0.7922167980700494,0.000605664668600897,-0.01568489168212518,-0.018059053556457472,0.07181055342904363,-0.01386639817108257,-0.01987754706750008
0.165330661322645,1.4632908637345976,-0.016542240923165794,0.7768311070059758,0.000625941085031121,-0.015315418940060874,-0.017769062906270713,0.07347155888770762,-0.013467146392928585,-0.019617335453403002
0.1735470941883763,1.4912384531617662,-0.016218840230904245,0.7617450646493125,0.0006486244881088057,-0.014947559594720258,-0.017490120867088232,0.07525355989911188,-0.013069161444582016,-0.019368519017226474
0.1817635270541078,1.5197198173657849,-0.01590477523502298,0.7470936503981842,0.0006709131783072236,-0.014589809568787523,-0.017219740901258437,0.07694435714300073,-0.012684329454844403,-0.019125221015201557
0.1899799599198393,1.5487451509830508,-0.015603018011250481,0.7330095317936782,0.0006909018536785967,-0.01424887526118847,-0.016957160761312495,0.07835651148364378,-0.012323467617606451,-0.01888256840489451
0.1981963927855707,1.5783248433586956,-0.015315683314412262,0.7195877009835621,0.0007076007728350158,-0.013928811284222922,-0.0167025553446016,0.07938839343952703,-0.011992944310012923,-0.0186384223188116
0.2064128256513022,1.608469482265355,-0.015042433853391986,0.7068163078773043,0.0007211074270824144,-0.013629089267326111,-0.016455778439457863,0.08012784010379513,-0.011688745888236714,-0.01839612181854726
0.2146292585170337,1.6391898576929596,-0.014782495791323737,0.6946640552778882,0.0007330117285573542,-0.013345819203105872,-0.0162191723795416,0.08073215934158796,-0.011403514517971558,-0.018161477064675916
0.2228456913827652,1.670496965710913,-0.014534799860740718,0.6830848414738114,0.0007451589266930957,-0.013074315201663727,-0.015995284519817708,0.08134667537418327,-0.011130098500334648,-0.01793950122114679
0.2310621242484967,1.7024020124040296,-0.014297371607019164,0.6719881372930416,0.000757489117409709,-0.012812720218215102,-0.015782022995823226,0.08200263196578521,-0.010865215697431811,-0.017729527516606516
0.2392785571142281,1.7349164178836476,-0.01406807029159801,0.6612750592684383,0.0007707363475033183,-0.012557454808915559,-0.015578685774280461,0.08275118187303729,-0.010604584412152271,-0.01753155617104375
0.2474949899799596,1.768051820375352,-0.013844946715717298,0.6508537290430372,0.0007851392448504272,-0.012306102072961487,-0.01538379135847311,0.0835888411350036,-0.010346401264191266,-0.017343492167243332
0.2557114228456911,1.801820080384765,-0.013626433773062746,0.6406463319048906,0.0007986238357893499,-0.01206115981772039,-0.015191707728405102,0.08435384895484416,-0.01009586951864217,-0.01715699802748332
0.2639278557114224,1.8362332849429048,-0.013411029097161497,0.6305775566580324,0.0008099228905151744,-0.011823609401497178,-0.014998448792825816,0.08491038616180469,-0.009857171414005952,-0.016964886780317042
0.2721442885771539,1.8713037519326252,-0.013197714781416497,0.6205996571109313,0.0008189317482098717,-0.011592638049128724,-0.01480279151370427,0.08525389664832202,-0.00962947973599778,-0.016765949826835214
0.2803607214428854,1.907044034497683,-0.012985928124402576,0.6106907749941269,0.0008268589845615273,-0.011365314294368621,-0.01460654195443653,0.08550991714511796,-0.009406977541689638,-0.016564878707115514
0.2885771543086168,1.9434669255360189,-0.012775144208997516,0.6008296293125255,0.0008353471569915626,-0.011137893866706126,-0.014412394551288905,0.08580131330333082,-0.009183997468399565,-0.016366290949595467
0.2967935871743483,1.9805854622788575,-0.012564969368929702,0.590995969824613,0.0008433375659359291,-0.010912058112885608,-0.014217880624973795,0.0860534239357137,-0.008963270735349051,-0.01616666800251035
0.3050100200400798,2.018412930957258,-0.01235506868736107,0.5811707286120487,0.000849857681949988,-0.010689378238754398,-0.014020759135967741,0.08617082415497929,-0.008748456359589391,-0.015961681015132748
0.3132264529058113,2.056962871557797,-0.012145759992666406,0.5713696085169203,0.0008551845864176222,-0.010469629003154086,-0.013821890982178727,0.08617940938022774,-0.008538788337018717,-0.015752731648314096
0.3214428857715428,2.0962490826690803,-0.01193804318506866,0.5616446746657405,0.000860937867179907,-0.010250635972469314,-0.013625450397668007,0.08623287940327222,-0.008328833583501692,-0.01554725278663563
0.3296593186372742,2.1362856264208165,-0.01173307231721462,0.5520524215675294,0.0008682826592846964,-0.010031269576615952,-0.013434875057813288,0.08642117181707681,-0.008115981884200199,-0.015350162750229041
0.3378757515030057,2.1770868335172255,-0.011532339928835744,0.5426575529456049,0.0008749854401831214,-0.0098173999790799,-0.013247279878591587,0.08656785514469349,-0.00790911018007439,-0.015155569677597097
0.3460921843687372,2.218667308366577,-0.011337617959751412,0.5335378402219908,0.0008794547778048675,-0.009613918269222196,-0.013061317650280627,0.08652616254367564,-0.0077161332221383485,-0.014959102697364474
0.3543086172344685,2.261041934308703,-0.01115195303909987,0.5248389035413966,0.0008823713792469447,-0.009422536914786925,-0.012881369163412815,0.08637497890775,-0.007536795974111895,-0.014767110104087846
0.3625250501002,2.3042258789423493,-0.010978868092030962,0.5167309721029125,0.0008857461733781202,-0.009242837492765676,-0.012714898691296248,0.08628738375015536,-0.007367377253730871,-0.014590358930331053
0.3707414829659314,2.3482345995542735,-0.010822132558032169,0.5093920894157647,0.0008898620020969713,-0.009078035082711398,-0.01256623003335294,0.0863029964816618,-0.0072099882610878845,-0.014434276854976454
0.3789579158316629,2.393083848652037,-0.010685648209354094,0.503004331689963,0.0008945189538071194,-0.008932423276403692,-0.012438873142304496,0.08640808256251045,-0.007069105616833753,-0.014302190801874434
0.3871743486973944,2.438789679602465,-0.010573164584830338,0.49774112200577025,0.000898730050147305,-0.008811686054717743,-0.012334643114942933,0.08653069291894316,-0.006951490231910128,-0.014194838937750549
0.3953907815631259,2.485368452377799,-0.010488157657060126,0.49376199744197546,0.0009013187794169697,-0.008721605310813264,-0.012254710003306989,0.08657481722539542,-0.006864636515865977,-0.014111678798254276
0.4036072144288574,2.532836839411596,-0.010431957015315178,0.4911258229511512,0.000900911596676702,-0.008666202732574367,-0.01219771129805599,0.08643046698883153,-0.00681447754016999,-0.014049436490460367
0.4118236472945888,2.5812118315664674,-0.010403971066802981,0.48980187347914383,0.0008965323088385279,-0.008646800030502926,-0.012161142103103036,0.08600889151624971,-0.006804136302746608,-0.014003805830859355
0.4200400801603203,2.6305107442158007,-0.0103988857778422,0.4895437164407181,0.0008890900383524315,-0.008656301323658099,-0.012141470232026302,0.08537946835648037,-0.006825395026967438,-0.013972376528716962
0.4282565130260518,2.6807512234416326,-0.010408542992539028,0.48997351804128736,0.0008804776170070327,-0.008682838574011593,-0.012134247411066463,0.08467907801014132,-0.006864366530834991,-0.013952719454243066
0.4364729458917831,2.7319512523508975,-0.010422797890885311,0.49061460189070494,0.0008702521003942728,-0.0087171351166422,-0.012128460665128422,0.08385107604012286,-0.006913276802873847,-0.013932318978896775
0.4446893787575146,2.7841291575123153,-0.010432019913626302,0.4910141421780291,0.0008581700828766299,-0.008750037458578355,-0.01211400236867425,0.08284520022639719,-0.0069645989696666775,-0.013899440857585927
0.452905811623246,2.8373036155162095,-0.0104303102858427,0.49089996163957234,0.0008457452457201381,-0.00877268006413525,-0.01208794050755015,0.08178196917420746,-0.007007390044501405,-0.013853230527183995
0.4611222444889775,2.8914936596596204,-0.010414095318736296,0.4901078884928956,0.0008342659389821007,-0.008778964124802889,-0.012049226512669703,0.08076267527121583,-0.007033836825059621,-0.01379435381241297
0.469338677354709,2.9467186867590924,-0.010382295148178091,0.48858770064079987,0.0008238714944740414,-0.00876753669111978,-0.011997053605236402,0.0797979585644989,-0.007042414116378709,-0.013722176179977473
0.4775551102204405,3.0029984640935834,-0.010335478622541958,0.48636557697131566,0.0008143155211959533,-0.008739449528945927,-0.011931507716137988,0.0788708549042845,-0.007034400788029372,-0.013636556457054543
0.485771543086172,3.0603531364799763,-0.010275072617478814,0.48350652136105615,0.0008050066090939429,-0.008697288656337973,-0.011852856578619656,0.07792945479811486,-0.007013396346796819,-0.01353674888816081
0.4939879759519034,3.118803233483727,-0.010202339024614263,0.4800649064830225,0.0007942034461345065,-0.008645728873793035,-0.011758949175435492,0.07682518839555016,-0.006986880958988206,-0.01341779709024032
0.502204408817635,3.178369676767228,-0.010118412727032417,0.4760991718463025,0.0007837414337823478,-0.008582307743627232,-0.011654517710437602,0.07572201791954498,-0.0069491269973148365,-0.013287698456749998
0.5104208416833664,3.239073787578522,-0.010024498484252504,0.4716787274138194,0.0007780926708721486,-0.008499464872708515,-0.011549532095796494,0.07502152489224212,-0.0068845313413369354,-0.013164465627168073
0.5186372745490979,3.30093729438304,-0.009922593359848823,0.46689276311410327,0.000775619355803922,-0.008402407356760979,-0.011442779362936667,0.07458719032599054,-0.006800804949890513,-0.013044381769807132
0.5268537074148292,3.3639823406411025,-0.009815843222405371,0.46189147925335755,0.0007772360198183997,-0.008292488616074048,-0.011339197828736694,0.0745079421319216,-0.0066973716835166544,-0.012934314761294089
0.5350701402805607,3.428231492733967,-0.009707961158534327,0.45685570633318573,0.0007853044528425619,-0.008168792714063972,-0.011247129603004682,0.07499919222489863,-0.006568928731912154,-0.0128469935851565
0.5432865731462921,3.4937077480412437,-0.009600867369349224,0.4518446195641192,0.0007891517714386739,-0.008054158318993438,-0.01114757641970501,0.07511435755804205,-0.006457014787943572,-0.012744719950754876
0.5515030060120236,3.5604345431725952,-0.009496429777887732,0.44693451377037974,0.0007848149107416843,-0.007958220818304013,-0.011034638737471451,0.07450925472580208,-0.006377903301410602,-0.012614956254364863
0.5597194388777551,3.6284357623566525,-0.00939647795689636,0.4422247261226759,0.0007770226450948511,-0.007873541557338402,-0.010919414356454316,0.0736056937095324,-0.006315769318790035,-0.012477186595002684
0.5679358717434866,3.6977357459901468,-0.0093018555057057,0.437771146961872,0.0007714203376203857,-0.007789899427028016,-0.010813811584383385,0.07290737263566256,-0.006250374548992234,-0.012353336462419168
0.5761523046092181,3.7683592993503265,-0.009211831771229908,0.4335437876292824,0.000769438449512225,-0.007703760121865607,-0.01071990342059421,0.07254263415207358,-0.006175616657964322,-0.012248046884495494
0.5843687374749496,3.8403317014737737,-0.00912466356795322,0.4294568017034492,0.0007696635620849638,-0.007616150706053884,-0.010633176429852557,0.07238175652648453,-0.006095181861654576,-0.012154145274251866
0.592585170340681,3.913678714204797,-0.009038390312806949,0.4254165023722481,0.0007715127586935574,-0.007526253092154435,-0.010550527533459463,0.07236752385191134,-0.0060095043039508685,-0.01206727632166303
0.6008016032064125,3.9884265914166415,-0.008951059595936842,0.4213354738646106,0.0007764350156995899,-0.007429274928829855,-0.01047284426304383,0.07262338336775119,-0.005911464787518325,-0.01199065440435536
0.6090180360721438,4.064602088408812,-0.008859645710921777,0.4170645887967032,0.0007819563554818829,-0.007327039416695087,-0.010392252005148468,0.07292105629505702,-0.005807592035365882,-0.011911699386477672
0.6172344689378753,4.142232471483892,-0.008760524596838825,0.41242304553940456,0.000784315763717925,-0.007223293947444666,-0.010297755246232986,0.07291973463059477,-0.0057085262385134375,-0.011812522955164214
0.6254509018036067,4.221345527707245,-0.008652065514745079,0.40733440452517744,0.0007835106706368247,-0.007116412818794078,-0.010187718210696079,0.07261702788901153,-0.005612736709909515,-0.011691394319580642
0.6336673346693382,4.301969574853144,-0.008535516886581562,0.40187569540336743,0.0007859568192062915,-0.006995069827533572,-0.010075963945629552,0.0725829831003242,-0.005497612999701468,-0.011573420773461655
0.6418837675350697,4.38413347154085,-0.00841317994406626,0.39615389999198664,0.0007913415903063218,-0.0068621789275972195,-0.009964180960535302,0.0727937114670153,-0.005366456186509841,-0.01145990370162268
0.6501002004008012,4.4678666275642795,-0.008286674386210158,0.3901890593064697,0.0007801821002371093,-0.0067575455683626055,-0.009815803204057711,0.07153669286635037,-0.00529256215727557,-0.011280786615144747
0.6583166332665327,4.553199014418969,-0.008159960545662606,0.38415999681263735,0.0007504407638168378,-0.006689123676050875,-0.009630797415274337,0.06861620356112816,-0.005288083108313578,-0.011031837983011635
0.6665330661322642,4.640161176030086,-0.008041619980738261,0.3785897246620142,0.0007434856018837624,-0.006584414978022002,-0.00949882498345452,0.06773848666511742,-0.005206478696356186,-0.010876761265120338
0.6747494989979956,4.72878423968534,-0.007935135947034915,0.37361799006535445,0.0007509499851455321,-0.006463301021958783,-0.009406970872111047,0.06818278075439951,-0.005081399081662701,-0.010788872812407129
0.6829659318637271,4.819099927176707,-0.00784195779659008,0.36925458453383225,0.0007530766351726435,-0.006365954714053089,-0.009317960879127072,0.06817668266655465,-0.004988476161906593,-0.010695439431273568
0.6911823647294586,4.911140566154939,-0.007764841900906821,0.3656362568439667,0.00075238114270038,-0.006290201958566985,-0.009239481843246657,0.06795419837411301,-0.004920672171960853,-0.01060901162985279
0.6993987975951899,5.004939101700948,-0.0077062338291709765,0.3629016047041559,0.0007570283316226752,-0.006222485563914089,-0.009189982094427864,0.06825025566338049,-0.00484967285435183,-0.010562794803990123
0.7076152304609213,5.10052910811819,-0.007664388722198805,0.36091391070385404,0.0007482551075359472,-0.0061978356601802035,-0.009130941784217406,0.06738585079158163,-0.004844006736003566,-0.010484770708394046
0.7158316633266528,5.19794480095026,-0.007636920586084473,0.35955260215150053,0.0007233968173359161,-0.006219088877575177,-0.009054752294593769,0.06509667696351754,-0.004912350176831557,-0.010361490995337388
0.7240480961923843,5.297221049228036,-0.007624489842558692,0.35898777285498273,0.0007292959803612759,-0.00619509598698076,-0.009053883698136624,0.0656171169830238,-0.004878136824068557,-0.010370842861048828
0.7322645290581158,5.3983933879507155,-0.00762039899829051,0.3588592467568296,0.0007505899021453029,-0.006149269822926273,-0.009091528173654747,0.06753336737033985,-0.004793842821274683,-0.010446955175306336
0.7404809619238473,5.501498030805234,-0.007614497933317577,0.3585408975679414,0.0007363183277317908,-0.006171340529806507,-0.009057655336828648,0.06624937895891476,-0.0048416820852213525,-0.010387313781413802
0.7486973947895788,5.606571883128613,-0.00760220738114012,0.3577935596250487,0.0006798066242322367,-0.0062698108811931825,-0.008934603881087059,0.061039959426292124,-0.005047427705856868,-0.010156987056423372
0.7569138276553102,5.713652555117879,-0.007586370744575391,0.35688987323248755,0.0006296294299264913,-0.006352319738312982,-0.0088204217508378,0.05617953395752297,-0.005235020369009071,-0.009937721120141713
0.7651302605210417,5.822778375292286,-0.007573483376464839,0.3563436940836728,0.0006476853537398911,-0.006304043409820568,-0.00884292334310911,0.05789786418470295,-0.005150213635599378,-0.0099967531173303
0.7733466933867732,5.933988404212633,-0.007556058557633447,0.3555993490258135,0.0006709121908760175,-0.006241094826727591,-0.008871022288539305,0.060056411334970805,-0.005042444517075192,-0.010069672598191703
0.7815631262525047,6.047322448462642,-0.007530186768145705,0.354385500980716,0.0006710421806075363,-0.006214968262047712,-0.008845405274243698,0.059993011834469714,-0.005019226264005652,-0.010041147272285758
0.7897795591182359,6.1628210748973355,-0.007496227514441968,0.35277630711183017,0.0006657587893088194,-0.006191364265005691,-0.008801090763878243,0.059421687918493726,-0.005009179325156927,-0.009983275703727007
0.7979959919839674,6.280525625163577,-0.0074556026046631,0.3509427769670837,0.0006884994218843193,-0.006106168534393186,-0.008805036674933014,0.06148900748630266,-0.004882028374669739,-0.010029176834656463
0.8062124248496989,6.400478230497903,-0.007402817361995058,0.3485396824431374,0.0007121875808254981,-0.006006955353340373,-0.008798679370649744,0.06356521462481887,-0.004742345108985081,-0.010063289615005036
0.8144288577154304,6.522721826807022,-0.00733333616337909,0.3452858755091874,0.000713933030908916,-0.005934053135424094,-0.008732619191334086,0.0635635018202524,-0.0046729355984622125,-0.009993736728295968
0.8226452905811619,6.647300170036307,-0.007249957290894721,0.3413687898751321,0.0007119405193679739,-0.005854579513798751,-0.00864533506799069,0.06318531112300504,-0.004605385601288212,-0.00989452898050123
0.8308617234468934,6.774257851831833,-0.007161156054075813,0.33725384775179035,0.0007286414771286599,-0.005733045001261575,-0.008589267106890052,0.0645035433609702,-0.004461410787020859,-0.009860901321130768
0.8390781563126248,6.903640315501528,-0.007071548094099268,0.3330947885428126,0.0007434248958081835,-0.005614462073104786,-0.008528634115093749,0.06563178893410339,-0.004324580992592578,-0.009818515195605958
0.8472945891783563,7.035493872281186,-0.006982114381405245,0.3289616256258448,0.0007644555327411938,-0.005483809069450125,-0.008480419693360365,0.06730267317217963,-0.004165213729298101,-0.009799015033512389
0.8555110220440878,7.169865717911131,-0.006885208252367931,0.3244512693865793,0.0007764344854168283,-0.0053634246245960575,-0.008406991880139804,0.06814354117049799,-0.004033113729034612,-0.00973730277570125
0.8637274549098193,7.306803949529495,-0.006790651395134692,0.3200192980835572,0.0007775208158237918,-0.0052667385988898596,-0.008314564191379525,0.06802180851755997,-0.003943651896609178,-0.009637650893660206
0.8719438877755508,7.446357582888134,-0.006734493061020757,0.31738588874738866,0.0007777685917120737,-0.005210094632958654,-0.00825889148908286,0.0679130585147619,-0.0038920452086537074,-0.009576940913387807
0.880160320641282,7.588576569897345,-0.00675066952852068,0.3181305321055836,0.0007729218359373365,-0.0052357705672189244,-0.008265568489822437,0.06752182942616598,-0.003924596263117951,-0.009576742793923409
0.8883767535070135,7.733511816505708,-0.006848068246128081,0.322649303015341,0.0007558193299659566,-0.005366689580575611,-0.008329446911680551,0.06623227322806054,-0.004075968344993944,-0.009620168147262218
0.896593186372745,7.881215200921364,-0.007022728518738485,0.3307611158296411,0.0007285363957748789,-0.005594823421593104,-0.008450633615883867,0.06418634536130781,-0.004336259325425954,-0.009709197712051016
0.9048096192384768,8.03173959218135,-0.0072660076148668585,0.3420984096504438,0.0007041521236895789,-0.005885894812797891,-0.008646120416935826,0.0625162210214682,-0.004649440167209489,-0.009882575062524228
0.913026052104208,8.185138869075539,-0.007563739528914879,0.3559951655022835,0.0006821223884428299,-0.006226804214518491,-0.008900674843311265,0.06114030082789142,-0.005004760142887964,-0.010122718914941794
0.9212424849699392,8.341467939432114,-0.007899168309297959,0.3716466481425568,0.0006564526462654911,-0.006612544765061584,-0.009185791853534332,0.05945306793731396,-0.0054108067339123135,-0.010387529884683604
0.9294589178356708,8.500782759771253,-0.008257918449522575,0.3884028467499027,0.0006348715498758102,-0.007013593076956862,-0.009502243822088287,0.05814828955380476,-0.005824167351048591,-0.010691669547996559
0.9376753507014022,8.663140355334237,-0.00862587539170105,0.40559963367988433,0.0006164540975500359,-0.007417647562380838,-0.00983410322102126,0.057128741524062186,-0.006234796677167732,-0.011016954106234367
0.945891783567134,8.828598840495143,-0.00899028393621467,0.42262243937543176,0.0005964143601915877,-0.007821333270376658,-0.010159234602052682,0.05587948650901543,-0.006651491811510119,-0.011329076060919221
0.9541082164328653,8.997217439562275,-0.009342081392995572,0.43905399845925613,0.0005772228293807122,-0.008210745436355069,-0.010473417349636076,0.05461280866907167,-0.007056305076804586,-0.011627857709186559
0.9623246492985968,9.169056507977023,-0.00967527195822463,0.45460179828137426,0.0005560730872448002,-0.008585388734452823,-0.010765155181996439,0.05298643515323429,-0.00745756623123018,-0.011892977685219082
0.970541082164328,9.344177553917449,-0.009987512912097471,0.4691438543770213,0.0005308304187597342,-0.008947104409430078,-0.011027921414764864,0.050648330491203354,-0.007867666723762358,-0.012107359100432584
0.9787575150300598,9.522643260314638,-0.010281721971405335,0.48284783328090586,0.0005097526140036729,-0.009282625206932989,-0.011280818735877681,0.04851749673778036,-0.00825106016025229,-0.01231238378255838
0.9869739478957912,9.704517507289376,-0.01056107693123544,0.4958933047296964,0.0004982668860939768,-0.009584491779802324,-0.011537662082668557,0.04747183882761854,-0.008574180312610192,-0.012547973549860689
0.9951903807615228,9.889865395017523,-0.010823969168618613,0.5081783212763686,0.0004897069835774824,-0.009864161117829,-0.011783777219408226,0.046731125189211756,-0.008868074538959164,-0.012779863798278062
1.003406813627254,10.078753267031942,-0.01106785797740454,0.5195543889646189,0.0004786089977727363,-0.010129801579093165,-0.012005914375715914,0.045443346396368836,-0.009165862320109066,-0.012969853634700013
1.0116232464929853,10.271248733969596,-0.011293305389047173,0.5300687883015572,0.00046912311790915656,-0.010373840973630089,-0.012212769804464257,0.04421697514388452,-0.009442638539628479,-0.013143972238465867
1.019839679358717,10.467420697772113,-0.011498793909698901,0.5396517385686121,0.0004613442047403679,-0.010594575883931508,-0.012403011935466295,0.04308828386778667,-0.009695367549280309,-0.013302220270117494
1.0280561122244485,10.667339376348565,-0.011674606501243925,0.5478461392120774,0.0004549366229265769,-0.010782947105059556,-0.012566265897428295,0.04199792173124851,-0.009916816393721106,-0.013432396608766745
1.03627254509018,10.871076328709355,-0.011806768940237753,0.5540017931549452,0.0004502862769589743,-0.010924224054665536,-0.01268931382580997,0.041063620933006244,-0.01008808326057473,-0.013525454619900776
1.0444889779559112,11.078704480580058,-0.011886107441043814,0.5576849060324488,0.0004467767538250491,-0.011010441094417,-0.012761773787670629,0.040168423703236464,-0.010204889540020903,-0.013567325342066726
1.052705410821643,11.29029815050453,-0.011910120275003874,0.5587878873377119,0.0004449116169036814,-0.011038109529569176,-0.012782131020438571,0.03957494979329601,-0.010253741759478222,-0.013566498790529525
1.0609218436873742,11.505933076446473,-0.011879640574500564,0.5573545266138237,0.00044463313019369344,-0.011008175652987616,-0.012751105496013512,0.039408706549578516,-0.010230220039684507,-0.01352906110931662
1.069138276553106,11.725686442899212,-0.011796167081549533,0.5534405464170657,0.0004448660777406287,-0.010924245591234304,-0.012668088571864761,0.03927458929428446,-0.010152359919369212,-0.013439974243729853
1.0773547094188372,11.949636908513066,-0.01166293787684677,0.5471925318582314,0.0004451789555299764,-0.010790403157332859,-0.012535472596360682,0.039032366621518336,-0.010029268754846882,-0.013296606998846659
1.0855711422845689,12.17786463425056,-0.011489098830655733,0.5390510631813686,0.00044625878717403624,-0.010614447680010098,-0.012363749981301369,0.03901434145566882,-0.009856184137849257,-0.01312201352346221
1.0937875751503,12.410451312079191,-0.011291742691399482,0.5298100658193148,0.0004475175062659663,-0.01041462449666701,-0.012168860886131953,0.03903999551912375,-0.00965775426786777,-0.012925731114931192
1.1020040080160314,12.647480194212422,-0.01109339099505209,0.5205182075008393,0.000448503079101968,-0.010214341113056913,-0.011972440877047266,0.0389495358168316,-0.009463188691482128,-0.01272359329862205
1.110220440881763,12.889036122908916,-0.010913984335230663,0.5121216808093123,0.00045008972823733126,-0.010031824678074073,-0.011796143992387252,0.03907980200613713,-0.009278329842374497,-0.012549638828086828
1.1184368737474943,13.135205560841055,-0.010765580972198492,0.5051947202042696,0.00045330247158516127,-0.009877124453788584,-0.0116540374906084,0.039695033117956816,-0.009104176463207783,-0.012426985481189201
1.126653306613226,13.3860766220435,-0.010650043583727774,0.49978593975768604,0.00045428395150963485,-0.00975966340001435,-0.011540423767441198,0.039737931473532544,-0.008986843597676496,-0.012313243569779052
1.1348697394789573,13.641739103452684,-0.010565178498719009,0.4958071555530377,0.000454381270863761,-0.009674607572576498,-0.011455749424861519,0.0396074425058088,-0.008907440026170076,-0.012222916971267941
1.143086172344689,13.90228451704888,-0.010507132958730894,0.4930928468652731,0.0004552280079392725,-0.009614902458416006,-0.011399363459045781,0.039712383864097034,-0.008845002247855277,-0.01216926366960651
1.1513026052104205,14.167806122611962,-0.010471126276311252,0.4913979904763654,0.00045458754738533303,-0.009580151055615604,-0.0113621014970069,0.039473972403295816,-0.008818974090325468,-0.012123278462297037
1.159519038076152,14.438398961102932,-0.010453038790513758,0.4905166189487644,0.000451228181407816,-0.009568647806144933,-0.011337429774882583,0.03853854033870262,-0.008840038380654508,-0.012066039200373009
1.1677354709418832,14.714159888682902,-0.010451492424705638,0.4904310724160364,0.0004500540034743403,-0.009569402786797868,-0.01133358206261341,0.03818430700490852,-0.00885331817348068,-0.012049666675930597
1.175951903807615,14.995187611381885,-0.010464570248637879,0.49105129172698175,0.00045082499876149837,-0.009580969487735028,-0.01134817100954073,0.03839903520182398,-0.008857408716976533,-0.012071731780299225
1.1841683366733462,15.281582720429615,-0.010490089133136428,0.49224903731028724,0.0004510237516747174,-0.009606098823681845,-0.011374079442591011,0.038476671195502944,-0.008879678207789607,-0.01210050005848325
1.1923847695390777,15.573447728261328,-0.010526258895824073,0.4939448456698445,0.00045097860053466485,-0.009642357080977854,-0.011410160710670292,0.03853157057433029,-0.008913550199991623,-0.012138967591656523
1.2006012024048092,15.870887105211049,-0.010569896828290994,0.495998246918145,0.0004515882877710766,-0.009684800048419574,-0.011454993608162413,0.03879975553564567,-0.008945963461033057,-0.01219383019554893
1.2088176352705404,16.174007316905787,-0.010617007433795912,0.4982126119523666,0.00045204442797498566,-0.00973101663555293,-0.011502998232038894,0.039024598581123573,-0.008983663437040271,-0.012250351430551552
1.217034068136272,16.482916862373937,-0.010666954324070848,0.500556645959697,0.0004522070453319438,-0.009780644801664967,-0.011553263846476728,0.03916378193874732,-0.009027784916935892,-0.012306123731205803
1.2252505010020034,16.797726312881434,-0.010722683974966066,0.5031757430335883,0.0004528314698157916,-0.00983515060306078,-0.011610217346871354,0.039422490853603685,-0.009072686508905421,-0.012372681441026712
1.233466933867735,17.118548351509737,-0.010788041249751305,0.5062403505010292,0.00045282528022163335,-0.009900520009227646,-0.011675562490274963,0.039534433734871866,-0.009133358502105537,-0.012442723997397072
1.2416833667334664,17.44549781348963,-0.010865199947335567,0.5098416597603106,0.00045111518941170163,-0.009981030423209667,-0.011749369471461466,0.03920914776776302,-0.009224131788972547,-0.012506268105698586
1.249899799599198,17.778691727305514,-0.010953776462962892,0.5139772167866734,0.0004494464612790008,-0.010072877585877075,-0.011834675340048709,0.038874200146926004,-0.009326727274829237,-0.012580825651096547
1.258116232464929,18.118249356584492,-0.011050105836742435,0.5184768351519597,0.0004479761885595375,-0.010172088641234218,-0.011928123032250652,0.0385680907445009,-0.009435868617802061,-0.012664343055682809
1.2663326653306606,18.464292242785852,-0.011149682909390154,0.5231375687288187,0.00044727749487921106,-0.010273035128331602,-0.012026330690448707,0.03850704724425283,-0.009538000618323385,-0.012761365200456924
1.2745490981963925,18.816944248705546,-0.011249933329539778,0.5278493498045103,0.00044807130487033815,-0.010371729709488048,-0.012128136949591507,0.03897563625667273,-0.009618638612510685,-0.01288122804656887
1.2827655310621235,19.1763316028117,-0.011349298536952981,0.5325310563426748,0.00044980441788708934,-0.010467698077807282,-0.01223089899609868,0.03975559714912554,-0.009685359167891306,-0.013013237906014656
1.2909819639278552,19.542582944427092,-0.011444228140277814,0.5369881440509264,0.00045020178328587877,-0.010561848859261785,-0.012326607421293843,0.04007584417869913,-0.009766885082715783,-0.013121571197839845
1.2991983967935865,19.91582936977414,-0.01153242113733115,0.5411214407298958,0.0004499448340415291,-0.010650545467579901,-0.012414296807082397,0.04016926106638635,-0.009851168189129697,-0.013213674085532602
1.3074148296593182,20.296204478899778,-0.011611772465948219,0.5448510505759138,0.00045060208444484677,-0.010728608609077643,-0.012494936322818794,0.04054617469178416,-0.009914744093278038,-0.0133088008386184
1.3156312625250497,20.683844423496158,-0.011681086499961866,0.5481193125927797,0.00045210191024265566,-0.0107949830385445,-0.012567189961379231,0.04116302253668836,-0.009958240444060646,-0.013403932555863085
1.3238476953907812,21.078887955635004,-0.01174322839841446,0.551045222467845,0.000453041440113123,-0.01085528349228858,-0.012631173304540342,0.04160077033982286,-0.010002060751200612,-0.01348439604562831
1.3320641282565124,21.481476477432526,-0.011807050537970336,0.5540462657131099,0.00045362662588693787,-0.010917958688803513,-0.01269614238713716,0.04194054866623967,-0.010051661735130071,-0.013562439340810601
1.340280561122244,21.891754091663046,-0.011885880394450488,0.5577507383706081,0.0004542244637836368,-0.01099561680453754,-0.012776143984363435,0.04230031846941512,-0.010115433708387953,-0.013656327080513023
1.3484969939879754,22.309867653339158,-0.011995854529537518,0.5629216983364078,0.00045556512653629225,-0.011102963288913952,-0.012888745770161084,0.042889383754686455,-0.010200752977508968,-0.013790956081566068
1.3567134268537069,22.73596682227714,-0.012150368897858697,0.5701553237806495,0.0004541371494551493,-0.01126027644088492,-0.013040461354832474,0.04283381165077373,-0.010357593272697127,-0.013943144523020267
1.3649298597194384,23.170204116666277,-0.012354305577256893,0.5796736197541228,0.0004496388541128313,-0.011473029617145884,-0.013235581537367902,0.041946969592692736,-0.01059864803157091,-0.014109963122942876
1.3731462925851696,23.612734967661286,-0.012597035783026667,0.5909991220048391,0.0004451176876124462,-0.011724621146424523,-0.013469450419628812,0.04080562769430181,-0.010889148208224748,-0.014304923357828587
1.381362725450901,24.063717775017494,-0.01285361872474321,0.6029769268465902,0.0004420373164864443,-0.011987241504607046,-0.013719995944879375,0.03977258921969129,-0.011188968165881765,-0.014518269283604656
1.3895791583166326,24.523313963788475,-0.013097838922094526,0.6143787459243251,0.00044030979751294956,-0.012234847576929022,-0.01396083026726003,0.03882928324822437,-0.01147266969556239,-0.014723008148626662
1.3977955911823643,24.991688042106663,-0.013315751417798897,0.6245485875554321,0.00043973308090219666,-0.012453890416419753,-0.01417761241917804,0.03789496842224689,-0.011729687206246424,-0.01490181562935137
1.4060120240480956,25.469007660067444,-0.013505712900487285,0.6334113060062673,0.00044009583304264137,-0.012643140917977556,-0.014368284882997014,0.03701660931638628,-0.011956411721091843,-0.015055014079882727
1.4142284569138273,25.955443669738056,-0.01367276074493827,0.6412098078747306,0.00044093823377894774,-0.012808537687324829,-0.01453698380255171,0.036377907262100426,-0.012150191939584156,-0.015195329550292383
1.4224448897795583,26.451170186312282,-0.01382568083115088,0.6483475038425235,0.0004421781584954622,-0.01295902756574953,-0.014692334096552231,0.0357627782545245,-0.012328857768438188,-0.015322503893863573
1.4306613226452902,26.956364650433603,-0.01397821935238824,0.6554584460945186,0.00044444445881190655,-0.013107124219988508,-0.014849314484787973,0.03492332809497004,-0.012516530818371176,-0.015439907886405304
1.4388777555110217,27.4712078917081,-0.014145076485545175,0.6632389406810899,0.0004476526847126165,-0.013267693345925782,-0.015022459625164568,0.034070764439663455,-0.012719071335313656,-0.015571081635776694
1.4470941883767527,27.995884193430946,-0.014331801275691712,0.6719515861605305,0.00045166312494066604,-0.013446557817663192,-0.015217044733720233,0.03327628626760401,-0.012939048386856018,-0.015724554164527407
1.4553106212424844,28.530581358548876,-0.014529204560153188,0.6811643252481377,0.00045649090641965807,-0.013634498824300614,-0.015423910296005762,0.03249340973300834,-0.013169218355267479,-0.015889190765038898
1.4635270541082157,29.07549077688227,-0.014720048478732026,0.6900765382180309,0.00046115356699650764,-0.013816204096076692,-0.01562389286138736,0.0318849437767703,-0.013385529139694676,-0.016054567817769375
1.4717434869739474,29.63080749363161,-0.014894486917499809,0.6982242576134685,0.0004656499372299838,-0.013981829811125704,-0.015807144023873915,0.03137525965075972,-0.013581300008204959,-0.01620767382679466
1.479959919839679,30.196730279191847,-0.015051821199776784,0.7055661069732556,0.0004711031580090974,-0.01412847597707587,-0.015975166422477698,0.030754601657539148,-0.013764611444485398,-0.01633903095506817
1.4881763527054104,30.773461700300555,-0.015197780852531427,0.712368736926797,0.0004779529874386538,-0.01426101021084834,-0.016134551494214514,0.029990872561044754,-0.013942536380170846,-0.01645302532489201
1.4963927855711416,31.361208192544684,-0.015340394278618625,0.7190107192001838,0.00048601237848502747,-0.014387827520747323,-0.016292961036489927,0.029152647505550317,-0.014120233059183142,-0.016560555498054106
1.5046092184368731,31.960180134252344,-0.015486999355488855,0.7258338574108729,0.0004958874047020145,-0.014515077901885868,-0.01645892080909184,0.02821002252873201,-0.014306290965885243,-0.016667707745092467
1.5128256513026046,32.57059192179563,-0.015642457079163653,0.7330692185517829,0.0005071859602547686,-0.014648390863599944,-0.016636523294727364,0.027252533396426467,-0.01450182364697335,-0.016783090511353956
1.5210420841683363,33.19266204633187,-0.015809094323102835,0.7408279392902901,0.0005195497152020379,-0.014790795593128798,-0.016827393053076872,0.02633485473444082,-0.014706869612283213,-0.016911319033922456
1.5292585170340676,33.82661317201038,-0.015985424079374772,0.7490558769230519,0.0005292482370745408,-0.014948116595827355,-0.017022731562922187,0.02575701637981873,-0.01490738434013545,-0.017063463818614094
1.5374749498997988,34.47267221567318,-0.016165054619664623,0.7574546097125591,0.0005355134357718089,-0.015115467572314575,-0.017214641667014672,0.02550676454734686,-0.015097488974794147,-0.0172326202645351
1.5456913827655303,35.13107042807759,-0.016342521697381585,0.7657474689851731,0.000543074619217907,-0.015278115002796683,-0.017406928391966486,0.025178472452835506,-0.015288696460900905,-0.017396346933862265
1.5539078156312618,35.80204347667029,-0.016516350545140477,0.7738735068364924,0.0005498737238773634,-0.015438617850295922,-0.017594083239985032,0.024923276674031384,-0.01547320632802866,-0.017559494762252294
1.5621242484969935,36.485831529942324,-0.016684391154162113,0.7817484310977142,0.0005515602242482174,-0.015603352979330772,-0.017765429328993457,0.025030669269404063,-0.015636752104116056,-0.01773203020420817
1.5703406813627248,37.18267934339502,-0.01684085707061413,0.7891069783039449,0.0005465182556036372,-0.015769700972737347,-0.017912013168490913,0.025618910648745934,-0.015768597638539182,-0.017913116502689078
1.5785571142284565,37.89283634714817,-0.016977947175556087,0.7955786356937234,0.0005362380458133983,-0.015926939918621687,-0.018028954432490488,0.02664555728361584,-0.015862718252984825,-0.01809317609812735
1.5867735470941875,38.616556735220826,-0.01709003391478889,0.8008323062569936,0.0005370953522523757,-0.01603734636811038,-0.018142721461467403,0.02674513612606396,-0.015970637197789753,-0.01820943063178803
1.5949899799599194,39.35409955651814,-0.017182238246590764,0.8051448305569601,0.0005400616445994966,-0.01612373687374428,-0.018240739619437247,0.026638787680400917,-0.01606729266045789,-0.018297183832723638
1.603206412825651,40.10572880755494,-0.0172616505954636,0.8088740909431559,0.0005389540793339315,-0.01620532001064815,-0.018317981180279046,0.026855366220494847,-0.016137640284230398,-0.0183856609066968
1.6114228456913824,40.87171352695123,-0.01733344966985172,0.8122543380076223,0.0005358829194133639,-0.016283138447871347,-0.018383760891832093,0.027230376535915774,-0.016193743595697578,-0.018473155744005862
1.6196392785571136,41.652327891731815,-0.017401773361926054,0.8154634432103013,0.0005347498629929094,-0.016353682889722224,-0.018449863834129884,0.02743167504586903,-0.016253642096360793,-0.018549904627491315
1.627855711422845,42.44785131546548,-0.017469739276775354,0.8186349682206737,0.0005386115065968125,-0.016414080122186744,-0.018525398431363964,0.027192614927963148,-0.016331613685134798,-0.01860786486841591
1.6360721442885766,43.258568548278454,-0.01753842869769187,0.821825927421904,0.0005461396051805247,-0.01646801474100712,-0.018608842654376623,0.026659106853800192,-0.016422632668477006,-0.018654224726906737
1.644288577154308,44.084769778777876,-0.017606446656457202,0.8249796320064542,0.0005553831865039136,-0.01651791561329044,-0.018694977699623964,0.026027652749423643,-0.016517079644019182,-0.018695813668895223
1.6525050100200396,44.9267507379223,-0.01767195670436281,0.828034190274836,0.000560064026930379,-0.016574251382542798,-0.018769662026182823,0.025771236016883654,-0.016593321813355617,-0.018750591595370004
1.6607214428857708,45.784812804875656,-0.017732280856912808,0.8308601614450203,0.0005609612388490549,-0.01663281703204569,-0.018831744681779925,0.025792810383978428,-0.016652742987674978,-0.018811818726150637
1.6689378757515023,46.659263114883224,-0.017783915550232482,0.8332706114857723,0.0005639833241232917,-0.01667852854706965,-0.018889302553395312,0.02565014823905916,-0.016710348693290494,-0.01885748240717447
1.6771543086172338,47.55041466920765,-0.01782603188044458,0.8352162320362883,0.0005719519449955617,-0.016705026667365647,-0.018947037093523515,0.02515076001599262,-0.016773366526294495,-0.018878697234594666
1.6853707414829655,48.45858644716491,-0.01785933748922211,0.8367399465289699,0.0005824733052034197,-0.016717710789067402,-0.01900096418937682,0.024507624288545235,-0.016833590077029625,-0.018885084901414596
1.6935871743486968,49.38410352029985,-0.017884957253168972,0.8379308720546963,0.0005854744474438991,-0.016737448422310442,-0.0190324660840275,0.024356986062861137,-0.016865514685883258,-0.018904399820454686
1.7018036072144285,50.327297168742724,-0.017905480975117176,0.8388861785865065,0.0005875153338294669,-0.016753972080446395,-0.019056989869787957,0.024258481946035235,-0.016890161220460498,-0.018920800729773854
1.7100200400801595,51.28850499978739,-0.017927713533504478,0.8399406824363631,0.0005842134801029546,-0.01678267615321988,-0.019072750913789075,0.024486845025260183,-0.016902835821095658,-0.018952591245913298
1.718236472945891,52.26807106873521,-0.017957752647564117,0.8413786348242961,0.0005762194606667679,-0.01682838325746616,-0.019087122037662076,0.025044995598613614,-0.016909513980234072,-0.019005991314894163
1.7264529058116227,53.26634600204592,-0.017999040404981334,0.8433157185527078,0.0005760654981484148,-0.016869972775874317,-0.01912810803408835,0.025112065221881124,-0.016947994591120338,-0.01905008621884233
1.734669338677354,54.28368712284122,-0.0180563555998642,0.8459785492528019,0.0005830382428938922,-0.016913621642182654,-0.019199089557545745,0.024729542519352804,-0.017021319974000363,-0.019091391225728036
1.7428857715430857,55.320458578805464,-0.01813256131119063,0.8495444373010219,0.0005853298283356315,-0.01698533592857578,-0.019279786693805482,0.024680208402001337,-0.017099590526153886,-0.019165532096227376
1.751102204408817,56.37703147252848,-0.018222950401358688,0.8537775946129551,0.0005870746530538365,-0.017072305225136822,-0.019373595577580553,0.02468630329098566,-0.017189724519519018,-0.019256176283198357
1.7593186372745486,57.45378399433868,-0.018322191716304323,0.8585532586970432,0.0005546122693974547,-0.017235171642901285,-0.01940921178970736,0.027180355781466457,-0.017184579221635004,-0.019459804210973642
1.76753507014028,58.551101557672354,-0.018413739986758073,0.8631438089636583,0.0004886232034522775,-0.01745605610598102,-0.019371423867535126,0.03433917237107399,-0.016976500832862437,-0.01985097914065371
1.7757515030060116,59.66937693702904,-0.01846959956589548,0.8658899668245466,0.000467959444582035,-0.017552415908289324,-0.019386783223501635,0.03776882797710867,-0.016888814863839724,-0.020050384267951235
1.7839679358717428,60.80901040856134,-0.01849002867925749,0.866896560281527,0.0004621105536637081,-0.017584308637200757,-0.01939574872131422,0.03916905078041338,-0.016850638748882884,-0.020129418609632094
1.7921843687374746,61.970409893350144,-0.018481059213639413,0.8665129233630136,0.00046003633151732426,-0.017579404572285528,-0.019382713854993298,0.040323909691817046,-0.016793333568392053,-0.020168784858886773
1.8004008016032058,63.15399110341583,-0.018446181980399542,0.8649054274079099,0.0004613023427751806,-0.017542046002576236,-0.019350317958222847,0.04131416912801483,-0.016717009802345906,-0.020175354158453177
1.808617234468937,64.36017769051885,-0.018388188005738167,0.8622071346823632,0.0004652731037942406,-0.01747626947932629,-0.019300106532150044,0.04218652544481895,-0.016622504037560108,-0.020153871973916226
1.8168336673346688,65.58940139780175,-0.018308847730405142,0.8585029965297307,0.00047123748082594167,-0.017385239239820913,-0.01923245622098937,0.04297135256913544,-0.016510315437872673,-0.02010738002293761
1.8250501002004,66.84210221432734,-0.018211060920996693,0.8539303417097945,0.00047852910861970513,-0.017273161102548014,-0.019148960739445373,0.04368354028221804,-0.016382720569752013,-0.020039401272241374
1.833266533066132,68.11872853256911,-0.018100578226549424,0.8487593469227147,0.0004866025298168465,-0.017146854793322328,-0.01905430165977652,0.04432228881803176,-0.01624550355581549,-0.01995565289728336
1.841482965931863,69.41973730890844,-0.01798451968894568,0.8433238843347782,0.000495046344260392,-0.017014246683517094,-0.018954792694374265,0.044879683531077554,-0.016106115699231455,-0.019862923678659904
1.8496993987975947,70.74559422719871,-0.017870410546210958,0.8379765250631405,0.0005035221201904304,-0.016883525325218467,-0.01885729576720345,0.045344399597519895,-0.01597255622965374,-0.019768264862768177
1.857915831663326,72.09677386545154,-0.01776592593035402,0.8330766493266377,0.0005118278904891736,-0.01676276169871213,-0.018769090161995912,0.0457051492741071,-0.015852972718740643,-0.0196788791419674
1.8661322645290577,73.47375986570826,-0.017678364518098597,0.8289658907961909,0.0005198716776215913,-0.01665943475337786,-0.018697294282819334,0.04595238744449918,-0.015755063346581433,-0.01960166568961576
1.874348697394789,74.87704510715447,-0.017616989141494965,0.8260774928559894,0.0005276680947866022,-0.016582778679922357,-0.018651199603067572,0.046070939747940964,-0.01568872605620627,-0.01954525222678366
1.88256513026052,76.30713188254192,-0.017591957302825843,0.8248863747423827,0.0005353443045668245,-0.016542701746546224,-0.01864121285910546,0.04604397941772612,-0.015664822621034122,-0.019519091984617563
1.890781563126252,77.76453207797948,-0.017610317059118294,0.8257221171832742,0.000543083348224936,-0.016545893255993996,-0.018674740862242592,0.045864328991350775,-0.01569070150516141,-0.019529932613075177
1.8989979959919832,79.24976735615734,-0.017677450626105148,0.8288364094075493,0.0005511681550920639,-0.016597180892699317,-0.01875772035951098,0.045530637504549616,-0.015771801467871775,-0.01958309978433852
1.9072144288577149,80.76336934307214,-0.01780220567846111,0.8346427468520752,0.0005600318339049679,-0.016704563453811456,-0.018899847903110768,0.045032418421847145,-0.015917409089565758,-0.019687002267356465
1.915430861723446,82.30587981831673,-0.01799216666080743,0.843495564533709,0.0005702482462188513,-0.016874500635971353,-0.019109832685643507,0.044365230020285557,-0.016135294719698785,-0.019849038601916075
1.9236472945891776,83.87785090900583,-0.018234398604695043,0.8547907862050786,0.0005820515422128421,-0.017093598544811878,-0.019375198664578208,0.043580513342041285,-0.016410370365306994,-0.020058426844083092
1.931863727454909,85.47984528740396,-0.018475037188418746,0.8660124797455704,0.0005943155182818055,-0.01731020017713315,-0.01963987419970434,0.04282529532488001,-0.01668261800740468,-0.02026745636943281
1.9400801603206408,87.11243637232926,-0.01866335378220089,0.8747911520366151,0.0006053411519803106,-0.017476906925959497,-0.019849800638442286,0.042220320846077006,-0.016896255333982813,-0.02043045223041897
1.948296593186372,88.77620853440293,-0.018780473054633116,0.8802451604868294,0.000614091535756805,-0.017576875761338887,-0.019984070347927346,0.04179837786069129,-0.017031034699464303,-0.02052991140980193
1.956513026052104,90.47175730521981,-0.018831867309123427,0.8826301266908577,0.0006204031861800519,-0.017615899408316628,-0.020047835209930226,0.04153524230368806,-0.017093442286518965,-0.02057029233172789
1.964729458917835,92.19968959051238,-0.018834682981404165,0.8827469583913771,0.0006246829985042931,-0.01761032680258126,-0.02005903916022707,0.04138470011595992,-0.017102558784113077,-0.020566807178695252
1.9729458917835665,93.96062388738807,-0.018812621165994452,0.8817027211177706,0.0006277008361830759,-0.017582350134009946,-0.02004289219797896,0.04129096408563216,-0.01708442021680795,-0.020540822115180955
1.981162324649298,95.75519050571354,-0.018787586336233154,0.8805205508565204,0.0006302501771036003,-0.017552318687860106,-0.020022853984606202,0.04120632589101807,-0.017062927852365847,-0.020512244820100462
1.9893787575150288,97.58403179372853,-0.018769871525193996,0.8796812039975623,0.0006327468266117936,-0.01752971053370287,-0.020010032516685122,0.04111028305266736,-0.017049232839073624,-0.02049051021131437
1.997595190380761,99.44780236796893,-0.01875463833709411,0.8789586397868355,0.0006350523492406974,-0.01750995860428479,-0.01999931806990343,0.04101438257164148,-0.017038013490466384,-0.020471263183721836
2.005811623246492,101.34716934757911,-0.018736996143587124,0.8781243744553358,0.0006369992806178509,-0.017488500495398213,-0.019985491791776035,0.04092896593478596,-0.01702394634336868,-0.02045004594380557
2.014028056112224,103.28281259310275,-0.018718729533330675,0.8772617231242422,0.0006386619604286943,-0.017466975092594688,-0.01997048397406666,0.04085011781403863,-0.017008979859426416,-0.020428479207234933
2.022244488977955,105.25542494983108,-0.018705754288442757,0.8766469689111049,0.0006402785262496839,-0.017450831436918994,-0.01996067713996652,0.04076581377342596,-0.01699953309410378,-0.020411975482781734
2.030460921843687,107.26571249580142,-0.01870323734836809,0.8765214161668639,0.0006420861388573113,-0.017444771641235375,-0.019961703055500803,0.04066661268763102,-0.017001168137748254,-0.020405306558987923
2.038677354709418,109.3143947945302,-0.01871131855542103,0.8768915528956023,0.000644138560319778,-0.017448830176140784,-0.019973806934701275,0.04055349626531701,-0.017013983744027288,-0.020408653366814772
2.04689378757515,111.40220515257488,-0.018733420412433158,0.8779172018512511,0.0006465927657194989,-0.017466121878958796,-0.02000071894590752,0.04042009959292701,-0.0170416688142423,-0.020425172010624014
2.055110220440881,113.52989088201322,-0.018776325246351366,0.8799151252333773,0.0006497106195410075,-0.017502915831677787,-0.020049734661024946,0.0402526034551831,-0.017091584067767902,-0.02046106642493483
2.0633266533066124,115.69821356793743,-0.01884609287894801,0.8831683384559095,0.0006537654725708046,-0.017564736098373425,-0.020127449659522595,0.04004007345959298,-0.017170246976806813,-0.020521938781089207
2.071543086172344,117.90794934105602,-0.018942366812347722,0.8876601510079042,0.0006588273141223227,-0.017651089004636713,-0.020233644620058732,0.039785845426427636,-0.017277161425339933,-0.020607572199355512
2.0797595190380758,120.15988915550228,-0.01905566116175135,0.8929474386078543,0.0006646012243726005,-0.01775306669789983,-0.02035825562560287,0.039510773602929435,-0.017401968690389662,-0.020709353633113037
2.087975951903807,122.45483907194907,-0.0191745836274258,0.898498029889562,0.000670659454769673,-0.017860115250185972,-0.02048905200466563,0.03923723686848177,-0.01753233982176079,-0.020816827433090813
2.0961923847695383,124.79362054613088,-0.01929155312060342,0.903957777998269,0.0006766717007260785,-0.01796530095782284,-0.020617805283384,0.03897816615157027,-0.01766015251680563,-0.020922953724401207
2.10440881763527,127.17707072287604,-0.019407447902967664,0.9093676762073643,0.0006826608190252883,-0.018069457284021484,-0.020745438521913843,0.03873087728593962,-0.01778639738088315,-0.021028498425052177
2.1126252505010013,129.6060427357544,-0.019523955024419618,0.9148064984410239,0.0006887055986710463,-0.01817411685507327,-0.020873793193765967,0.03849209953150217,-0.01791289835815808,-0.021135011690681157
2.120841683366733,132.0814060124492,-0.019634303089695982,0.919957924711203,0.0006944964448016267,-0.018273115070493683,-0.02099549110889828,0.03827254712576336,-0.018032435617351232,-0.021236170562040732
2.129058116232464,134.60404658595988,-0.019725286122410316,0.9242050761889494,0.0006994003059756968,-0.018354486711921657,-0.021096085532898975,0.03809210394773581,-0.018130970957899666,-0.021319601286920967
2.137274549098196,137.17486741174991,-0.019784117350456397,0.9269506569562367,0.0007027765110928199,-0.018406700699533755,-0.02116153400137904,0.03796845344215993,-0.018194977480973016,-0.021373257219939778
2.145490981963927,139.79478869095038,-0.019815232065866602,0.9284018192109552,0.0007048052863714006,-0.018433839088465218,-0.021196625043267987,0.03789231898236682,-0.0182292787445444,-0.021401185387188805
2.1537074148296584,142.46474819973812,-0.019836264528608736,0.9293822434692831,0.0007063194746134653,-0.01845190379678709,-0.021220625260430382,0.03783523146428672,-0.01825270056062612,-0.021419828496591353
2.16192384769539,145.18570162500367,-0.01987060182518461,0.9309843275698094,0.0007084370865852031,-0.018482090650165126,-0.021259113000204093,0.037760704452004086,-0.018290157126907097,-0.021451046523462122
2.1701402805611214,147.95862290642975,-0.019936370352746893,0.9340547428285283,0.0007120444920973354,-0.018540788792846,-0.021331951912647786,0.03764164328816417,-0.01836090886619417,-0.021511831839299615
2.178356713426853,150.78450458510497,-0.020035441824353517,0.9386809020310406,0.0007172680865311717,-0.018629622207492463,-0.02144126144121457,0.03747707638953385,-0.01846686815640023,-0.021604015492306804
2.1865731462925844,153.6643581587933,-0.02015250705525003,0.9441476956972493,0.0007234099349446022,-0.018734649636700147,-0.021570364473799914,0.03729222707326601,-0.01859167011059456,-0.0217133439999055
2.194789579158316,156.59921444399157,-0.020270978442516834,0.9496803003247808,0.0007296721862814778,-0.018840847236884537,-0.02170110964814913,0.037112138949393914,-0.01871767894518198,-0.02182427793985169
2.2030060120240478,159.59012394489912,-0.020379213816785775,0.9547348957915933,0.0007354598082571222,-0.01893773908052508,-0.021820688553046468,0.036952318990652384,-0.018832603458600668,-0.02192582417497088
2.211222444889779,162.63815722943676,-0.020469663186588917,0.9589588095170911,0.0007403695483676612,-0.019018565536538114,-0.02192076083663972,0.0368214929089493,-0.018928528451547622,-0.02201079792163021
2.2194388777555103,165.7444053124465,-0.020534780878315183,0.961999571542953,0.0007439809639314839,-0.019076604983826084,-0.021992956772804283,0.03672731221839391,-0.018997588002283898,-0.02207197375434647
2.227655310621242,168.9099800462099,-0.02056807437151723,0.9635539057899267,0.0007459257144140923,-0.019106086836123297,-0.02203006190691116,0.03667583710385886,-0.019033035946072623,-0.022103112796961834
2.2358717434869733,172.1360145184246,-0.020571911522347074,0.9637324071177956,0.0007463181348575224,-0.019109154857017224,-0.022034668187676923,0.03666296573294668,-0.019037411818046922,-0.022106411226647225
2.2440881763527045,175.4236634577833,-0.02055151463702459,0.9627790031099287,0.0007454364733537562,-0.019090485996488674,-0.022012543277560505,0.036682007354381034,-0.01901621796057894,-0.022086811313470237
2.252304609218436,178.77410364729755,-0.020513337124038064,0.9609951270804056,0.0007436203617868742,-0.019055867996765147,-0.02197080625131098,0.0367248206871282,-0.01897624852909572,-0.02205042571898041
2.2605210420841675,182.18853434551633,-0.020464485682614098,0.9587127283146798,0.000741243247545907,-0.019011675613640613,-0.021917295751587584,0.036782493326547254,-0.018924983244536984,-0.022003988120691213
2.268737474949899,185.668177715789,-0.02041177290175522,0.956250018710234,0.0007386620463740414,-0.018964021894115446,-0.021859523909394996,0.036846381636924566,-0.018869596468505532,-0.02195394933500491
2.2769539078156305,189.21427926372732,-0.020359419518401946,0.9538041447009923,0.0007360929668704855,-0.01891670381406256,-0.021802135222741333,0.036910826412518354,-0.018814545799564052,-0.02190429323723984
2.285170340681362,192.82810828302323,-0.0203104338089598,0.9515156188952087,0.0007336940036027144,-0.01887241998622548,-0.02174844763169412,0.03697188209054534,-0.018763004652556908,-0.021857862965362695
2.2933867735470934,196.5109583097791,-0.020267662069734297,0.9495173882070954,0.0007316153371272002,-0.018833722358427854,-0.02170160178104074,0.037025793672477124,-0.01871797648631087,-0.021817347653157723
2.301603206412825,200.26414758551854,-0.020228615874311715,0.9476932138711041,0.0007297245789301897,-0.018798381980974888,-0.021658849767648543,0.03707552727096293,-0.01867684873009132,-0.02178038301853211
2.3098196392785564,204.08901952903676,-0.02018797138644236,0.9457944148626976,0.000727753280135257,-0.018761601167746368,-0.02161434160513835,0.03712830583896887,-0.01863399523661155,-0.02174194753627317
2.318036072144288,207.9869432172665,-0.020144416670893252,0.9437597072654059,0.0007256403231419744,-0.018722187771804975,-0.02156664556998153,0.037186104160837036,-0.018588021417587242,-0.021700811924199263
2.32625250501002,211.95931387532463,-0.02010513453528966,0.9419245987718392,0.0007237415347911601,-0.018686627192983245,-0.021523641877596075,0.03723866388955972,-0.01854653943571997,-0.02166372963485935
2.3344689378757506,216.00755337592037,-0.020085579249288606,0.9410109591600465,0.0007228256138965181,-0.018668867078948374,-0.02150229141962884,0.03726398909437067,-0.018525924183114557,-0.021645234315462655
2.3426853707414823,220.1331107483028,-0.020098212664850783,0.9416008819640105,0.0007235072569690332,-0.018680164498638113,-0.021516260831063453,0.03724408691659555,-0.018539390588733603,-0.021657034740967963
2.3509018036072136,224.3374626969243,-0.020144174954794234,0.9437476228130008,0.0007258461571729524,-0.018721542628418446,-0.02156680728117002,0.037177569466225385,-0.018588136914444026,-0.021700212995144443
2.3591182364729453,228.6221141300157,-0.0202173097971938,0.9471636166613608,0.0007295581618322581,-0.01878740207537533,-0.02164721751901227,0.03707442860586464,-0.01866558863674026,-0.021769030957647338
2.3673346693386765,232.98859869825205,-0.02030808035653275,0.9514033941123179,0.0007341906364872028,-0.018869093151231295,-0.021747067561834206,0.03694946561207692,-0.018761589424272217,-0.021854571288793284
2.375551102204408,237.43847934371007,-0.020406132290974283,0.9559833000353083,0.0007392409072856119,-0.01895724673679577,-0.021855017845152796,0.03681805150023392,-0.018865141593398332,-0.021947122988550234
2.3837675350701395,241.97334885930778,-0.020510705160328553,0.9608678127111747,0.000744681690215289,-0.019051155867560173,-0.021970254453096933,0.03668197095617306,-0.01897541000730138,-0.022046000313355726
2.391983967935871,246.59483045892932,-0.02062622075656766,0.9662634737638506,0.0007507510864029883,-0.019154775665863485,-0.022097665847271835,0.0365363204643255,-0.019097021690755563,-0.022155419822379757
2.4002004008016025,251.30457835843956,-0.0207499586986574,0.972043212465537,0.000757318489429568,-0.01926564173454917,-0.022234275662765632,0.03638552036795485,-0.01922707125272283,-0.022272846144591973
2.4084168336673337,256.10427836779564,-0.02087480547043092,0.9778747538898666,0.0007640161084833586,-0.01937736141419509,-0.02237224952666675,0.03623889761486959,-0.019358054804943733,-0.022391556135918107
2.416633266533065,260.9956484944659,-0.02099446286242622,0.9834639063673749,0.0007705081657860665,-0.01948429460769151,-0.022504631117160927,0.0361038791044718,-0.019483363290900977,-0.02250556243395146
2.4248496993987967,265.98043955837534,-0.021092195384727504,0.9880289506494018,0.0007758672782888393,-0.019571523462498262,-0.022612867306956747,0.03599767096290434,-0.019585541071750538,-0.02259884969770447
2.4330661322645284,271.06043581859376,-0.021148192580045237,0.9906445351659301,0.0007789674787790592,-0.01962144437651031,-0.022674940783580164,0.035938411127718214,-0.01964401854103826,-0.022652366619052216
2.44128256513026,276.2374556119961,-0.02115852086312145,0.991126920613335,0.000779555547703202,-0.019630620065674776,-0.022686421660568123,0.03592739988683523,-0.019654807690974014,-0.022662234035268885
2.449498997995992,281.5133520041179,-0.0211358902131027,0.9900697923168436,0.0007783215917385167,-0.01961040792490532,-0.02266137250130008,0.03595061005337335,-0.019631205597620622,-0.022640574828584777
2.4577154308617226,286.8900134524428,-0.02109666987851588,0.9882377609415227,0.0007761739700954097,-0.019575396851391407,-0.022617942905640353,0.035991439605899234,-0.01959027637410392,-0.02260306338292784
2.4659318637274543,292.36936448236014,-0.021055304573926088,0.9863055418014964,0.0007739154285300636,-0.019538458206927282,-0.022572150940924893,0.03603520196330917,-0.019547079430333757,-0.02256352971751842
2.4741482965931856,297.9533663760268,-0.021027163044304045,0.984991011924006,0.0007723853276780795,-0.01951331561986784,-0.022541010468740248,0.03606524088310838,-0.019517680645259848,-0.02253664544334824
2.4823647294589173,303.6440178743935,-0.02102773749891313,0.9850178154249524,0.0007724237261304949,-0.01951381481489313,-0.022541660182933132,0.036064286056179534,-0.019518295063401907,-0.022537179934424355
2.4905811623246485,309.4433558926326,-0.021061590394952433,0.9865990653322345,0.0007742786629640197,-0.01954403210154513,-0.022579148688359738,0.03602736309376743,-0.019553693341102803,-0.022569487448802064
2.49879759519038,315.3534562492346,-0.02111704080259491,0.9891891425215369,0.0007773242908211642,-0.01959351318827729,-0.022640568416912532,0.03596803911486549,-0.019611626707400232,-0.02262245489778959
2.5070140280561115,321.37643440902724,-0.02117906040304091,0.992086070624205,0.0007807459391555531,-0.019648826481220124,-0.022709294324861694,0.03590308191650867,-0.019676365040487687,-0.02268175576559413
2.5152304609218428,327.51444624038504,-0.02123719628545648,0.9948015916152458,0.0007839703983664728,-0.019700642539712675,-0.022773750031200288,0.03584357059042762,-0.019736991722827602,-0.02273740084808536
2.5234468937875745,333.76968878690457,-0.021292183823914092,0.9973700547498389,0.0007870360277122153,-0.019749621555062682,-0.022834746092765503,0.03578855604048379,-0.019794281852167684,-0.0227900857956605
2.5316633266533057,340.1444010538126,-0.02134633889207299,0.9998996347907808,0.0007900695958970602,-0.019797830938834637,-0.022894846845311345,0.03573558088743404,-0.019850654153849977,-0.022842023630296006
2.539879759519037,346.6408648093997,-0.021397480570502118,1.002288460325674,0.0007929453438207304,-0.019843336254904757,-0.02295162488609948,0.035686548716753294,-0.01990384803536488,-0.022891113105639356
2.5480961923847687,353.26140540175646,-0.021446812142048518,1.004592736795482,0.0007957294292183985,-0.019887211119341844,-0.023006413164755192,0.035640183576614776,-0.0199551201835234,-0.022938504100573635
2.5563126252505004,360.0083925911092,-0.021499198307141296,1.007039695280547,0.0007986971316903798,-0.019933780694472707,-0.023064615919809885,0.03559199791980139,-0.020009523121527303,-0.022988873492755288
2.564529058116232,366.88424139805477,-0.021552079674211577,1.0095097859030255,0.0008017038357400699,-0.019980769029893423,-0.02312339031852973,0.03554440666678091,-0.020064396383203686,-0.02303976296521947
2.572745490981964,373.8914129679936,-0.02160190833046039,1.011837284754349,0.0008045441469176444,-0.020025030778529306,-0.023178785882391476,0.03550037914868092,-0.020116067776725793,-0.02308774888419499
2.580961923847694,381.0324154520728,-0.02165039216189923,1.014101967459209,0.0008073155869215903,-0.0200680826873751,-0.023232701636423363,0.035458366820720524,-0.02016631000123359,-0.023134474322564873
2.589178356713426,388.3098049049597,-0.021690530249816566,1.0159768194653238,0.0008096217467238262,-0.020103700785137457,-0.023277359714495675,0.03542448341719105,-0.02020786625245706,-0.023173194247176072
2.5973947895791576,395.7261861997507,-0.021709112630014734,1.01684480034722,0.0008107070989491417,-0.020120155914063468,-0.023298069345966,0.035409714995474365,-0.02022706675337471,-0.023191158506654756
2.605611222444889,403.2842139603653,-0.021706594012985105,1.0167271496549295,0.0008105997052242899,-0.020117847784866714,-0.023295340241103496,0.03541355596295306,-0.020224387375660766,-0.023188800650309444
2.613827655310621,410.98659351174456,-0.021688990903042136,1.0159048995618734,0.0008096500861432569,-0.020102105894121598,-0.023275875911962673,0.035431227476673675,-0.020206044638357144,-0.023171937167727127
2.622044088176352,418.83608184819184,-0.0216620550293804,1.014646714544483,0.0008081907590397465,-0.02007803024902441,-0.023246079809736392,0.03545811684224223,-0.0201779833313681,-0.0231461267273927
2.6302605210420835,426.83548862022064,-0.021638663254612077,1.0135540756380395,0.0008069461600539953,-0.020057077843443353,-0.0232202486657808,0.03548268241794435,-0.020153563383676576,-0.023123763125547578
2.638476953907815,434.9876771402346,-0.021632639009800364,1.0132726783046084,0.0008066755981033482,-0.020051583890310493,-0.023213694129290235,0.03549144419370687,-0.02014717242160542,-0.02311810559799531
2.6466933867735465,443.2955654074292,-0.02165652826268796,1.014388547418195,0.0008080698736855598,-0.020072740413272432,-0.023240316112103487,0.035472307809446185,-0.020171862612862357,-0.023141193912513562
2.6549098196392777,451.7621271522579,-0.021715112229741332,1.0171250146139408,0.0008114359045669565,-0.020124727081027416,-0.023305497378455248,0.03542329379866629,-0.02023249802293308,-0.023197726436549583
2.663126252505009,460.3903929008543,-0.021803372471998518,1.0212476674661763,0.0008167043145463397,-0.02020266142946922,-0.023404083514527815,0.03536062387371445,-0.020323381265795498,-0.023283363678201538
2.6713426853707407,469.1834510597789,-0.021915319018998704,1.0264767131025352,0.0008241427459599696,-0.02030002891879722,-0.02353060911920019,0.03532196245773505,-0.020436945956069208,-0.0233936920819282
2.679559118236472,478.1444490214842,-0.02204520220390082,1.0325435832890506,0.0008347081583549069,-0.020409204275923448,-0.023681200131878192,0.0353809907597641,-0.020564358557640213,-0.023526045850161426
2.687775551102204,487.2765942908973,-0.022179110413718936,1.0387984634913727,0.0008497686146351979,-0.020513594533841453,-0.02384462629359642,0.03566572529571239,-0.020686349426553636,-0.023671871400884236
2.695991983967935,496.58315563351056,-0.02230434161194496,1.0446480387617259,0.0008714945234858661,-0.020596243733188763,-0.024012439490701153,0.03634268122175647,-0.02078324716490886,-0.023825436058981058
2.704208416833666,506.06746424541336,-0.022419352078809792,1.0500202015890128,0.0009025073562064604,-0.02065047016486267,-0.024188233992756915,0.03755880296598497,-0.020847357809034184,-0.0239913463485854
2.712424849699398,515.732914945656,-0.022524684801356106,1.0549403149994017,0.0009441255122252308,-0.020674232800509222,-0.02437513680220299,0.03937917439661119,-0.020876500311663233,-0.02417286929104898
2.7206412825651296,525.5829673913952,-0.022620744550262747,1.059427285904174,0.000996642782054939,-0.020667360591983264,-0.02457412850854223,0.041807977154899,-0.020870904424156185,-0.02437058467636931
2.728857715430861,535.6211473162454,-0.022707922081411397,1.0634993665820787,0.0010596680756270408,-0.02063101081761553,-0.024784833345207265,0.044808574683697214,-0.02083249429678852,-0.024583349866034273
2.737074148296593,545.8510477922849,-0.022786594579404993,1.06717417539599,0.0011323491935453676,-0.020567230942133096,-0.02500595821667689,0.04831958209740035,-0.020764216330453434,-0.024808972828356552
2.745290581162324,556.2763305161558,-0.02285712608776919,1.0704687168875537,0.0012135866714933082,-0.020478539919524464,-0.025235712256013915,0.05226944210293183,-0.02066942954311117,-0.02504482263242721
2.7535070140280555,566.9007271197428,-0.02291986792622738,1.0733994012680457,0.0013021998872126685,-0.02036760304661843,-0.02547213280583633,0.056586585507386794,-0.020551480726977708,-0.02528825512547705
2.761723446893787,577.7280405058667,-0.022975159095424844,1.0759820633229975,0.0013970357520975499,-0.020237019336198817,-0.02571329885465087,0.061205049663903104,-0.020413469697599173,-0.025536848493250514
2.769939879759518,588.7621462095041,-0.023023326669460765,1.0782319807473373,0.0014970284799718095,-0.020089204764885276,-0.025957448574036254,0.066066774988361,-0.020258153567476782,-0.025788499771444748
2.7781563126252498,600.0069937849962,-0.0230646861765902,1.080163891927955,0.0016012250656654151,-0.019926342716743206,-0.026203029636437197,0.07112194023417955,-0.020087933094104914,-0.02604143925907549
2.786372745490981,611.4666082197532,-0.023099541968434917,1.0817920131895309,0.0017087899498243189,-0.019750375209635247,-0.026448708727234586,0.07632833956124034,-0.01990487912147403,-0.026294204815395805
2.7945891783567127,623.1450913749646,-0.023128187578034618,1.0831300555191015,0.0018189986561398142,-0.019563015724073825,-0.02669335943199541,0.08165040234121312,-0.019710773963402033,-0.026545601192667204
2.802805611222444,635.0466234538172,-0.023150906067076156,1.0841912407851388,0.0019312265706243734,-0.019365771542665586,-0.026936040591486726,0.0870581656986869,-0.01950715475424935,-0.026794657379902963
2.811022044088176,647.175464497765,-0.023167970362597098,1.0849883174649801,0.002044936358393848,-0.019159968749468664,-0.027175971975725532,0.09252633645786237,-0.019295353047108724,-0.02704058767808547
2.819238476953907,659.5359559113624,-0.023179643583490082,1.0855335758958582,0.0021596658001252827,-0.01894677639660165,-0.027412510770378515,0.09803348804904964,-0.019076528753158854,-0.02728275841382131
2.8274549098196387,672.1325220162414,-0.023186179357090223,1.0858388630627143,0.002275016831625088,-0.018727228302882627,-0.02764513041129782,0.10356139507433074,-0.0188516983094846,-0.027520660404695845
2.83567134268537,684.9696716347432,-0.023187822126145223,1.0859155969367933,0.002390646031365657,-0.01850224200488492,-0.027873402247405525,0.10909449086494677,-0.018621757689557657,-0.02775388656273279
2.8438877755511016,698.0519997038188,-0.02318480744644311,1.0857747803778566,0.002506256533970513,-0.01827263490384272,-0.0280969799890435,0.11461942835992912,-0.018387501079945096,-0.027982113812941124
2.852104208416833,711.3841889197356,-0.02317736227537825,1.0854270146131262,0.0026215912312398913,-0.018039137879962048,-0.028315586670794455,0.12012472507578303,-0.018149636028391113,-0.02820508852236539
2.860320641282564,724.9710114142107,-0.023165705251709596,1.0848825123048178,0.002736427084495067,-0.017802406719779323,-0.02852900378363987,0.1256004754096687,-0.017908795764900204,-0.028422614738518988
2.868537074148296,738.8173304625478,-0.02315004696678176,1.0841511102189099,0.0028505703723916294,-0.017563031701497235,-0.028737062232066284,0.1310381164540709,-0.017665549274601754,-0.028634544658961765
2.876753507014027,752.9281022243991,-0.023130590227450856,1.0832422815064362,0.002963852715244158,-0.017321545650091058,-0.028939634804810654,0.13643023624630202,-0.017420409586242698,-0.028840770868659014
2.884969939879759,767.3083775177806,-0.023107530310962122,1.0821651476088532,0.003076127739229986,-0.017078430730226732,-0.02913662989169751,0.14177041571012686,-0.01717384064247456,-0.029041219979449685
2.89318637274549,781.9633036269593,-0.023081055212014524,1.0809284897984606,0.0031872682662863992,-0.016834124201025764,-0.029327986223003283,0.147053097439582,-0.01692626303886853,-0.029235847385160517
2.9014028056112218,796.8981261448811,-0.02305134588224379,1.0795407603646847,0.0032971639357988105,-0.016589023316953784,-0.029513668447533795,0.15227347597150728,-0.01667805885595569,-0.029424632908531888
2.909619238476953,812.1181908507757,-0.023018576462343402,1.078010093456486,0.003405719181547738,-0.016343489525052605,-0.0296936633996342,0.15742740536039326,-0.01642957575973036,-0.029607577164956444
2.9178356713426843,827.6289456236327,-0.02298291450704524,1.0763443155912373,0.003512851501817424,-0.016097852080445646,-0.029867976933644833,0.16251132077320501,-0.016181130508217942,-0.029784698505872537
2.926052104208416,843.435942392217,-0.022944521203167468,1.0745509558397757,0.0036184899723566677,-0.015852411178929063,-0.030036631227405873,0.16752217152046223,-0.01593301197245451,-0.029956030433880426
2.934268537074148,859.5448391223285,-0.022903551580932692,1.0726372556971067,0.0037225739614092966,-0.015607440686783873,-0.03019966247508151,0.17245736347977086,-0.015685483757622895,-0.03012161940424249
2.9424849699398785,875.9614018420135,-0.022860154718760236,1.0706101786482853,0.0038250520136924337,-0.015363190532930657,-0.030357118904589815,0.17731470928632184,-0.015438786492582648,-0.030281522944937824
2.95070140280561,892.6915067054762,-0.022814473941718746,1.0684764194381717,0.003925880876342205,-0.015119888816493478,-0.030509059066944014,0.1820923849899299,-0.015193139842408302,-0.03043580804102919
2.958917835671342,909.7411420963725,-0.022766647013834136,1.06624241305417,0.004025024644771459,-0.014877743673195953,-0.03065555035447232,0.18678889213195513,-0.014948744287938066,-0.030584549739730207
2.9671342685370736,927.1164107713079,-0.02271680632442804,1.0639143434301264,0.004122454010336075,-0.01463694493624662,-0.030796667712609457,0.19140302439447926,-0.014705782707984852,-0.030727829940871226
2.9753507014028044,944.8235320442564,-0.022665079068667143,1.0614981518798252,0.004218145594885394,-0.01439766562114549,-0.030932492516188796,0.19593383813101845,-0.01446442179329956,-0.030865736344034726
2.983567134268536,962.8688440127136,-0.02261158742249679,1.0589995452681686,0.004312081359836451,-0.014160063258810845,-0.031063111586182735,0.20038062621244174,-0.014224813316163251,-0.03099836152883033
2.991783567134268,981.2588058263477,-0.022556448712119686,1.0564240039275572,0.00440424807948635,-0.013924281097346738,-0.031188616326892633,0.20474289472088408,-0.013987095275323875,-0.0311258021489155
3.0,999.999999999,-0.02249977557819014,1.0537767893274361,0.0044946368699643685,-0.01369044918947414,-0.031309101966906144,0.20902034210396422,-0.013751392932674383,-0.0312481582237059
