x_transformed,x_real,y_real,y_normalised,Std_real,Upper_CI_real,Lower_CI_real,Std_normalised,Upper_CI_normalised,Lower_CI_normalised
-1.1,0.0794328224724281,-0.024094623850376706,1.8334169474588693,0.0006642468751218926,-0.022792723898294523,-0.025396523802458888,0.0006642468751218926,-0.024077514381807802,-0.02411173331894561
-1.0917835671342686,0.0809499206727581,-0.024108858055999823,1.8345000618492453,0.0006275074270059663,-0.02287896609903673,-0.025338750012962916,0.0006275074270059663,-0.02409269491093852,-0.024125021201061126
-1.0835671342685371,0.0824959941360692,-0.024121787762747426,1.835483913833154,0.0005941035777024488,-0.022957366147364232,-0.02528620937813062,0.0005941035777024488,-0.024106485023856095,-0.024137090501638758
-1.0753507014028056,0.084071596264814,-0.02413338132334146,1.8363660952943168,0.0005645214734073435,-0.02302693956696358,-0.02523982307971934,0.0005645214734073435,-0.024118840551276916,-0.024147922095406005
-1.0671342685370742,0.085677291030953,-0.024143606537852243,1.8371441560638848,0.0005392611794651647,-0.02308667404783993,-0.025200539027864555,0.0005392611794651647,-0.024129716412740556,-0.02415749666296393
-1.058917835671343,0.0873136531778233,-0.024152430645203428,1.837815603274031,0.0005188003102833791,-0.023135600721879798,-0.025169260568527058,0.0005188003102833791,-0.02413906754492433,-0.024165793745482524
-1.0507014028056114,0.0889812684258623,-0.02415982031455517,1.838377900702276,0.0005035441491779647,-0.023172891917540493,-0.025146748711569845,0.0005035441491779647,-0.02414685017782425,-0.024172790451286088
-1.04248496993988,0.0906807336822611,-0.024165741636564642,1.8388284681064797,0.000493768737217483,-0.023197972694926555,-0.02513351057820273,0.000493768737217483,-0.02415302329191578,-0.024178459981213506
-1.0342685370741485,0.0924126572546218,-0.024170169525794708,1.8391653966763668,0.0004895027038009604,-0.02321076185600985,-0.025129577195579567,0.0004895027038009604,-0.02415756106433444,-0.024182777987254975
-1.026052104208417,0.0941776590686951,-0.024173134625608123,1.8393910181379252,0.0004901827373993056,-0.02321239411446223,-0.025133875136754018,0.0004901827373993056,-0.024160508648049684,-0.024185760603166562
-1.0178356713426857,0.0959763708902774,-0.02417468785288451,1.8395092068770176,0.0004949748396556356,-0.023204554993905977,-0.025144820711863042,0.0004949748396556356,-0.024161938441816626,-0.024187437263952394
-1.009619238476954,0.0978094365513449,-0.024174879585393962,1.839523796257387,0.0005030035715296312,-0.023189010701100868,-0.025160748469687057,0.0005030035715296312,-0.02416192337269736,-0.024187835798090564
-1.0014028056112223,0.0996775121805077,-0.02417375964083988,1.839438577025976,0.0005134187186251625,-0.02316747744334586,-0.025180041838333903,0.0005134187186251625,-0.024160535157958584,-0.024186984123721177
-0.993186372745491,0.1015812664378647,-0.02417137728970016,1.8392572982900437,0.0005254409256540386,-0.023141531999414856,-0.025201222579985465,0.0005254409256540386,-0.024157843142474187,-0.024184911436926134
-0.9849699398797596,0.103521380754344,-0.024167781267949825,1.8389836684852607,0.0005383858084249267,-0.023112564473649486,-0.025222998062250163,0.0005383858084249267,-0.02415391369037861,-0.02418164884552104
-0.9767535070140282,0.1054985495756148,-0.02416301978966536,1.838621356334803,0.0005516711367735846,-0.023081764230278863,-0.025244275349051853,0.0005516711367735846,-0.024148810012655467,-0.02417722956667525
-0.9685370741482968,0.1075134806106578,-0.024157140559515615,1.8381739917998143,0.0005648131344201306,-0.023050127158056977,-0.025264153960974253,0.0005648131344201306,-0.02414259227493559,-0.02417168884409564
-0.9603206412825652,0.109566895085083,-0.02415019078514103,1.8376451670213698,0.0005774170941489011,-0.02301847407655141,-0.02528190749373065,0.0005774170941489011,-0.024135317851607583,-0.024165063718674478
-0.952104208416834,0.1116595279992853,-0.024142217189422444,1.83703843725404,0.000589165910370179,-0.02298747322417814,-0.025296961154666748,0.000589165910370179,-0.024127041633461417,-0.02415739274538347
-0.9438877755511024,0.1137921283915314,-0.02413326602264318,1.8363573217913316,0.0005998086571384427,-0.0229576626570365,-0.02530886938824986,0.0005998086571384427,-0.024117816334054454,-0.024148715711231904
-0.9356713426853708,0.1159654596060707,-0.024123383074546017,1.8356053048831318,0.0006091502792187215,-0.022929470466104804,-0.02531729568298723,0.0006091502792187215,-0.024107692767302766,-0.024139073381789267
-0.9274549098196394,0.1181802995663672,-0.024112613686288288,1.8347858366454,0.0006170428075697799,-0.02290323200653204,-0.025321995366044535,0.0006170428075697799,-0.024096720085705153,-0.024128507286871423
-0.919238476953908,0.1204374410535501,-0.02410100276229619,1.833902333962189,0.0006233781516121734,-0.02287920403638718,-0.0253228014882052,0.0006233781516121734,-0.024084945977852015,-0.024117059546740368
-0.9110220440881764,0.1227376919901823,-0.02408859478202095,1.8329581813802007,0.0006280823500329058,-0.022857575996631175,-0.025319613567410724,0.0006280823500329058,-0.024072416828267537,-0.02410477273577436
-0.902805611222445,0.1250818757294485,-0.024075433811600908,1.8319567319961827,0.0006311110988603041,-0.022838478787591213,-0.025312388835610603,0.0006311110988603041,-0.02405917784425826,-0.024091689778943555
-0.8945891783567136,0.1274708313498667,-0.024061563515428024,1.830901308337048,0.000632446368313869,-0.022821991411379687,-0.02530113561947636,0.000632446368313869,-0.024045273154621738,-0.02407785387623431
-0.8863727454909821,0.1299054139556289,-0.024047027167625756,1.8297952032332565,0.0006320939382058334,-0.022808145813896237,-0.025285908521355274,0.0006320939382058334,-0.024030745884606783,-0.02406330845064473
-0.8781563126252506,0.1323864949826771,-0.02403186766343563,1.8286416806852457,0.0006300817088961658,-0.022796930206681696,-0.025266805120189566,0.0006300817088961658,-0.024015638210805955,-0.024048097116065308
-0.8699398797595191,0.1349149625106259,-0.024016127530519484,1.827443976723444,0.0006264586724307169,-0.022788291094752503,-0.025243963966286465,0.0006264586724307169,-0.023999991398958906,-0.024032263662080063
-0.8617234468937878,0.1374917215806419,-0.02399984894017586,1.826205300261754,0.0006212944522192355,-0.022782134190031618,-0.025217563690320105,0.0006212944522192355,-0.023983845827025604,-0.02401585205332612
-0.8535070140280563,0.1401176945193952,-0.023983073718474263,1.8249288339447831,0.0006146793370821286,-0.022778324355752336,-0.02518782308119619,0.0006146793370821286,-0.02396724099544364,-0.023998906441504885
-0.8452905811623248,0.1427938212691972,-0.023965843357310293,1.823617734989056,0.0006067247449173932,-0.02277668470874295,-0.025155002005877634,0.0006067247449173932,-0.023950215526240354,-0.023981471188380232
-0.8370741482965933,0.1455210597244441,-0.0239481990253817,1.8222751360182088,0.0005975640505250494,-0.02277699500789673,-0.02511940304286667,0.0005975640505250494,-0.02393280715268604,-0.02396359089807736
-0.8288577154308618,0.1483003860744863,-0.02393018157908957,1.820904145892484,0.0005873536983196476,-0.022778989484196654,-0.025081373673982485,0.0005873536983196476,-0.02391505270153424,-0.0239453104566449
-0.8206412825651304,0.1511327951530462,-0.02391183157336517,1.8195078505325728,0.0005762744896384911,-0.022782354328464528,-0.02504130881826581,0.0005762744896384911,-0.023896988070690472,-0.023926675076039867
-0.8124248496993989,0.1540193007943095,-0.02389318927242595,1.8180893137380645,0.0005645328808474853,-0.022786725157876237,-0.02499965338697566,0.0005645328808474853,-0.023878648206532037,-0.02390773033831986
-0.8042084168336675,0.1569609361958175,-0.02387429466046118,1.8166515780005412,0.0005523620468091748,-0.02279168494228837,-0.02495690437863399,0.0005523620468091748,-0.023860067087201158,-0.0238885222337212
-0.795991983967936,0.1599587542882909,-0.023855187452252173,1.815197665311696,0.0005400223504954123,-0.0227967630944345,-0.024913611810069847,0.0005400223504954123,-0.02384127772112907,-0.023869097183375276
-0.7877755511022045,0.1630138281125158,-0.0238359071037244,1.813730577966268,0.0005278007154841131,-0.022801436710361066,-0.024870377497087735,0.0005278007154841131,-0.023822312173751168,-0.023849502033697633
-0.7795591182364732,0.1661272512034292,-0.02381649282243823,1.8122532993603089,0.00051600823874107,-0.022805135258779786,-0.024827850386096674,0.00051600823874107,-0.023803201639486987,-0.023829784005389473
-0.7713426853707417,0.169300137981539,-0.023796983578018634,1.8107687947848017,0.0005049752444288684,-0.02280725028585374,-0.024786716870183526,0.0005049752444288684,-0.023783976579572392,-0.023809990576464875
-0.7631262525050102,0.1725336241518206,-0.02377741811252608,1.8092800122148092,0.0004950429357716057,-0.022807151787612757,-0.024747684437439403,0.0004950429357716057,-0.023764666947459195,-0.023790169277592966
-0.7549098196392787,0.1758288671102318,-0.023757834950767286,1.807789883094041,0.0004865509534469882,-0.022804212605367566,-0.024711457296167007,0.0004865509534469882,-0.02374530251959304,-0.02377036738194153
-0.7466933867735472,0.1791870463579919,-0.023738272410555535,1.806301323115587,0.0004798206048592375,-0.022797841305991204,-0.024678703515119867,0.0004798206048592375,-0.023725913337649028,-0.023750631483462042
-0.7384769539078158,0.1826093639237728,-0.023718768492154988,1.8048172238094733,0.0004751332157742898,-0.02278752450137868,-0.024650012482931295,0.0004751332157742898,-0.02370653015558797,-0.023731006828722007
-0.7302605210420843,0.1860970447939539,-0.02369934292462398,1.803339086406436,0.00047254281362527,-0.02277317602876523,-0.02462550982048273,0.00047254281362527,-0.023687171310846047,-0.023711514538401913
-0.7220440881763528,0.1896513373510949,-0.023679978090189676,1.8018655703284487,0.00047170498848920275,-0.022755453301422958,-0.024604502878956394,0.00047170498848920275,-0.023667828056856254,-0.023692128123523098
-0.7138276553106214,0.1932735138207818,-0.023660651616016305,1.8003949731734932,0.0004722103621163521,-0.022735136313141637,-0.024586166918890973,0.0004722103621163521,-0.02364848856542302,-0.02367281466660959
-0.7056112224448899,0.1969648707270089,-0.02364134093834654,1.7989255780118787,0.000473652288950811,-0.02271299951080799,-0.02456968236588509,0.000473652288950811,-0.023629140747041304,-0.023653541129651776
-0.6973947895791585,0.2007267293562568,-0.023622023297004052,1.7974556529679278,0.0004756467285355824,-0.02268977283971001,-0.024554273754298094,0.0004756467285355824,-0.02360977173353183,-0.023634274860476274
-0.6891783567134271,0.2045604362304347,-0.023602675729847093,1.7959834507979355,0.0004778466201540203,-0.02266611356421102,-0.024539237895483165,0.0004778466201540203,-0.023590367502237017,-0.023614983957457168
-0.6809619238476956,0.2084673635888552,-0.02358327506716844,1.7945072084640503,0.0004799511686918479,-0.02264258806219451,-0.024523962072142372,0.0004799511686918479,-0.023570912631238526,-0.023595637503098357
-0.6727454909819641,0.2124489098794145,-0.023563797926043743,1.7930251467042226,0.0004817110228476539,-0.02261966167030639,-0.024507934181781096,0.0004817110228476539,-0.023551390160326827,-0.02357620569176066
-0.6645290581162326,0.2165065002591535,-0.02354422070462504,1.7915354695979897,0.00048293048762119387,-0.022597694341851132,-0.024490747067398948,0.00048293048762119387,-0.02353178152830614,-0.02355665988094394
-0.6563126252505012,0.2206415871043797,-0.023524519576379098,1.7900363641280528,0.00048346780958647193,-0.022576940081905143,-0.024472099070853053,0.00048346780958647193,-0.023512066559884772,-0.023536972592873424
-0.6480961923847697,0.2248556505305313,-0.023504670484269425,1.7885259997375758,0.00048323434469890064,-0.022557548572566765,-0.024451792395972085,0.00048323434469890064,-0.023492223481292523,-0.023517117487246327
-0.6398797595190382,0.2291501989219707,-0.023484649134881675,1.787002527883172,0.0004821931573402234,-0.02253956791290318,-0.02442973035686017,0.0004821931573402234,-0.023472228950491437,-0.023497069319271913
-0.6316633266533067,0.2335267694718966,-0.023464430992488506,1.7854640815832852,0.0004803573521862589,-0.022522947882494416,-0.024405914102482596,0.0004803573521862589,-0.02345205809420793,-0.02347680389076908
-0.6234468937875753,0.2379869287325676,-0.023443991273058885,1.7839087749623443,0.00047778822071630514,-0.022507543568217454,-0.024380438977900317,0.00047778822071630514,-0.023431684549683727,-0.023456297996434044
-0.6152304609218439,0.2425322731760352,-0.02342330493820135,1.7823347027898908,0.00047459308796738586,-0.022493119578473622,-0.024353490297929076,0.00047459308796738586,-0.023411080514081768,-0.02343552936232093
-0.6070140280561124,0.2471644297655857,-0.023402346689049777,1.7807399400153328,0.00047092256402358855,-0.022479355424056286,-0.024325337954043267,0.00047092256402358855,-0.023390216809167284,-0.02341447656893227
-0.5987975951903809,0.2518850565380965,-0.023381090960083978,1.7791225412977396,0.00046696673520328007,-0.022465852977107296,-0.02429632894306066,0.00046696673520328007,-0.023369062973234635,-0.02339311894693332
-0.5905811623246495,0.2566958431975146,-0.023359511912885735,1.777480540530724,0.00046294968137295604,-0.022452147210740448,-0.024266876615031022,0.00046294968137295604,-0.023347587396084685,-0.023371436429686785
-0.582364729458918,0.2615985117196706,-0.023337583429831808,1.7758119503625274,0.00045912160728167666,-0.02243772161503558,-0.024237445244628036,0.00045912160728167666,-0.023325757515396534,-0.02334940934426708
-0.5741482965931866,0.2665948169686434,-0.02331527910771648,1.774114761710745,0.0004557478786385343,-0.02242202967955442,-0.02420852853587854,0.0004557478786385343,-0.023303540092755395,-0.023327018122677564
-0.5659318637274551,0.2716865473248975,-0.02329257225131039,1.772386943272202,0.0004530944245239688,-0.02240452349764751,-0.02418062100497327,0.0004530944245239688,-0.0232809015832117,-0.02330424291940908
-0.5577154308617236,0.2768755253254171,-0.023269438502343493,1.7706266415684877,0.0004513702435998245,-0.022384769081194765,-0.02415410792349222,0.0004513702435998245,-0.023257812245171577,-0.02328106475951541
-0.5494989979959922,0.2821636083160653,-0.023245872807788157,1.7688334721027723,0.00045046281601767357,-0.022362981912019023,-0.02412876370355729,0.00045046281601767357,-0.023234269923859345,-0.023257475691716968
-0.5412825651302607,0.2875526891164049,-0.02322187864999314,1.7670076998552138,0.0004501140374140932,-0.022339671347725604,-0.024104085952260677,0.0004501140374140932,-0.023210284749797305,-0.023233472550188976
-0.5330661322645293,0.2930446966972141,-0.023197459250059137,1.7651495699269857,0.0004500723572487306,-0.02231533363941458,-0.024079584860703693,0.0004500723572487306,-0.023185866423448297,-0.023209052076669977
-0.5248496993987978,0.2986415968709442,-0.023172617526247608,1.7632593043755094,0.00045010974063115604,-0.022290418645519876,-0.02405481640697534,0.00045010974063115604,-0.023161023736726998,-0.023184211315768217
-0.5166332665330663,0.3043453929953632,-0.023147356095139883,1.7613371023026496,0.00045003388817100264,-0.022265305882502192,-0.024029406307777574,0.00045003388817100264,-0.023135764259403824,-0.02315894793087594
-0.5084168336673349,0.3101581266906392,-0.023121677272723563,1.759383139937384,0.00044969673412480806,-0.022240287869873653,-0.024003066675573472,0.00044969673412480806,-0.023110094121298674,-0.02313326042414845
-0.5002004008016034,0.3160818785701192,-0.023095583075409796,1.7573975707132083,0.00044899980060818684,-0.022215559637152084,-0.023975606513667508,0.00044899980060818684,-0.023084017875386022,-0.02310714827543357
-0.4919839679358719,0.3221187689850647,-0.023069075220980454,1.7553805253402106,0.0004478969725362393,-0.0221912132860249,-0.02394693715593601,0.0004478969725362393,-0.023057538427266055,-0.023080612014694853
-0.4837675350701405,0.3282709587836118,-0.023042155129463497,1.7533321118716783,0.00044639510179406285,-0.02216723680707204,-0.023917073451854953,0.00044639510179406285,-0.023030657020477952,-0.023053653238449042
-0.475551102204409,0.3345406500842263,-0.02301482392394105,1.751252415765588,0.0004445526146621572,-0.022143516809970107,-0.02388613103791199,0.0004445526146621572,-0.02300337327317752,-0.02302627457470458
-0.4673346693386775,0.3409300870639314,-0.02298708243128553,1.749141499940619,0.0004424760346560171,-0.02211984533933764,-0.02385431952323342,0.0004424760346560171,-0.022975685268436928,-0.022998479594134133
-0.4591182364729461,0.3474415567615895,-0.02295893118282701,1.7469994048269337,0.0004403140859758313,-0.022095931432428707,-0.02382193093322531,0.0004403140859758313,-0.022947589706793618,-0.0229702726588604
-0.4509018036072146,0.3540773898965269,-0.022930370414951325,1.7448261484116898,0.000438248855059474,-0.02207141844276884,-0.02378932238713381,0.000438248855059474,-0.022919082134506465,-0.022941658695396185
-0.4426853707414832,0.3608399617027919,-0.022901400069629315,1.7426217262793111,0.0004364834137399794,-0.02204590829884986,-0.02375689184040877,0.0004364834137399794,-0.022890157262883914,-0.022912642876374716
-0.4344689378757517,0.3677316927793485,-0.022872020734652283,1.740386183156229,0.0004352118000218289,-0.02201902128096265,-0.023725020188341918,0.0004352118000218289,-0.02286081068174549,-0.022883230787559078
-0.4262525050100202,0.3747550499565059,-0.022842247224918285,1.738120646343095,0.00043440679792019295,-0.021990825546355338,-0.023693668903481232,0.00043440679792019295,-0.022831057907010285,-0.022853436542826285
-0.4180360721442888,0.3819125471788984,-0.022812105483290965,1.7358270898937964,0.00043387265778059743,-0.02196173070016432,-0.02366248026641761,0.00043387265778059743,-0.022800929923601894,-0.022823281042980037
-0.4098196392785573,0.3892067464053275,-0.02278162147863417,1.7335074898406373,0.0004334256761431046,-0.021932122763418764,-0.023631120193849574,0.0004334256761431046,-0.02277045743216189,-0.022792785525106447
-0.4016032064128259,0.3966402585257909,-0.02275082090517765,1.7311638013183634,0.0004329137820784678,-0.021902325483892832,-0.023599316326462467,0.0004329137820784678,-0.02273967004391668,-0.02276197176643862
-0.3933867735470944,0.4042157442960264,-0.02271972918964712,1.7287979591067053,0.00043222723485884313,-0.02187257937618645,-0.023566879003107787,0.00043222723485884313,-0.022708596012260194,-0.022730862367034043
-0.3851703406813629,0.4119359152899043,-0.022688371498332277,1.726411878168201,0.00043130530799718634,-0.021843028628316837,-0.023533714368347718,0.00043130530799718634,-0.022677262067656485,-0.02269948092900807
-0.3769539078156314,0.4198035348700096,-0.022656772744093424,1.7240074541813457,0.00043013934913007734,-0.021813715111464974,-0.023499830376721875,0.00043013934913007734,-0.022645693345830782,-0.022667852142356067
-0.3687374749499,0.4278214191767613,-0.022624957593304657,1.721586564068916,0.0004287724435682171,-0.02178457904634772,-0.023465336140261594,0.0004287724435682171,-0.022613913403378892,-0.02263600178323042
-0.3605210420841686,0.4359924381364247,-0.022592950472738436,1.7191510665218337,0.0004272956619710234,-0.02175546636452503,-0.023430434580951842,0.0004272956619710234,-0.022581944321302977,-0.022603956624173895
-0.3523046092184371,0.4443195164883728,-0.022560775576392852,1.7167028025186666,0.0004258406190795791,-0.021726143299842637,-0.023395407852943067,0.0004258406190795791,-0.022549806903508742,-0.02257174424927696
-0.3440881763527056,0.4528056348319703,-0.022528456872261945,1.7142435958408009,0.00042456789081970044,-0.0216963190972632,-0.02336059464726069,0.00042456789081970044,-0.022517520981924468,-0.022539392762599423
-0.3358717434869741,0.461453830693451,-0.022496013339546525,1.7117748906605388,0.00042362182352014243,-0.021665729822381862,-0.023326296856711188,0.00042362182352014243,-0.02248510181772222,-0.02250692486137083
-0.3276553106212427,0.4702671996131712,-0.02246342818522566,1.7092954091571781,0.000422930210298401,-0.021634500205066843,-0.023292356165384474,0.000422930210298401,-0.022452534477763936,-0.02247432189268738
-0.3194388777555113,0.4792488962536302,-0.022430668339989468,1.7068026350086736,0.00042233458262772467,-0.021602907768613372,-0.023258428911365564,0.00042233458262772467,-0.02241978997452376,-0.022441546705455177
-0.3112224448897798,0.4884021355286512,-0.022397700430507636,1.7042940287593449,0.0004217052651556155,-0.021571173298711714,-0.023224227562303558,0.0004217052651556155,-0.02238683827480958,-0.02240856258620569
-0.3030060120240483,0.4977301937541296,-0.022364490849754705,1.7017670331710957,0.00042095410544301583,-0.021539435963942116,-0.023189545735567293,0.00042095410544301583,-0.022353648042199598,-0.02237533365730981
-0.2947895791583168,0.5072364098207599,-0.02233100574889321,1.6992190726057814,0.0004200417912000084,-0.0215077389661395,-0.023154272531646918,0.0004200417912000084,-0.022320186440450328,-0.02234182505733609
-0.2865731462925854,0.5169241863891597,-0.022297211029097742,1.6966475524030844,0.0004189805197591422,-0.02147602430014595,-0.023118397758049535,0.0004189805197591422,-0.022286419056561195,-0.02230800300163429
-0.278356713426854,0.5267969911078207,-0.0222630723333203,1.6940498582539174,0.00041783213403748676,-0.021444136399023313,-0.023082008267617287,0.00041783213403748676,-0.022252309940553182,-0.02227383472608742
-0.2701402805611225,0.5368583578543202,-0.022228555037994417,1.6914233555691731,0.00041670159359421177,-0.021411834922249316,-0.023045275153739518,0.00041670159359421177,-0.022217821765343485,-0.02223928831064535
-0.261923847695391,0.5471118880002395,-0.022193624245994276,1.688765388943966,0.00041572522378076284,-0.021378817779919127,-0.023008430712069424,0.00041572522378076284,-0.022182916122379433,-0.022204332369609118
-0.2537074148296595,0.5575612517002411,-0.02215824527188318,1.6860733190813364,0.0004149756820579346,-0.021344907880589684,-0.022971582663176674,0.0004149756820579346,-0.0221475564547356,-0.02216893408903076
-0.2454909819639281,0.5682101892057659,-0.02212238437393319,1.6833445784933576,0.00041433846530308327,-0.021310295904529545,-0.022934472843336832,0.00041433846530308327,-0.022111711970020577,-0.0221330567778458
-0.2372745490981966,0.5790625122038219,-0.022086007700176512,1.6805765913036912,0.0004136949344571157,-0.021275180528053907,-0.022896834872299116,0.0004136949344571157,-0.022075351872135305,-0.02209666352821772
-0.2290581162324652,0.59012210518134,-0.022049081090736857,1.6777667582065126,0.00041296676543675826,-0.02123968110366881,-0.022858481077804905,0.00041296676543675826,-0.022038444018651352,-0.022059718162822362
-0.2208416833667337,0.601392926815591,-0.022011570069626275,1.6749124558423132,0.0004121240874519489,-0.021203821701059018,-0.02281931843819353,0.0004121240874519489,-0.022000954702983484,-0.022022185436269066
-0.2126252505010022,0.612879011391156,-0.021973439836469454,1.672011036168182,0.0004111879884134558,-0.021167526188303608,-0.0227793534846353,0.0004111879884134558,-0.021962848581580402,-0.021984031091358505
-0.2044088176352707,0.6245844702439615,-0.021934655258155487,1.6690598258225695,0.00041022744599011196,-0.021130624238545018,-0.022738686277765957,0.00041022744599011196,-0.021924088744625436,-0.02194522177168554
-0.1961923847695393,0.6365134932328924,-0.021895180860416467,1.6660561254844826,0.0004093505072441385,-0.021092868609164754,-0.02269749311166818,0.0004093505072441385,-0.021884636934807373,-0.021905724786025562
-0.1879759519038079,0.6486703502395137,-0.02185498274822262,1.6629973560008953,0.0004086416029265262,-0.021054059923901913,-0.02265590557254333,0.0004086416029265262,-0.021844457082354888,-0.021865508414090355
-0.1797595190380764,0.6610593926964333,-0.021814034101710504,1.6598814765849297,0.0004080158548589168,-0.021014337721065705,-0.022613730482355304,0.0004080158548589168,-0.02180352455367079,-0.021824543649750217
-0.1715430861723449,0.6736850551448572,-0.02177230952710578,1.6567065549642042,0.00040737317770348527,-0.020973872770539314,-0.022570746283672245,0.00040737317770348527,-0.02176181653294837,-0.02178280252126319
-0.1633266533066134,0.6865518568218913,-0.021729783260774856,1.6534706307228697,0.00040665651012216107,-0.020932751146856672,-0.02252681537469304,0.00040665651012216107,-0.02171930872632259,-0.021740257795227123
-0.155110220440882,0.6996644032781602,-0.02168642916327533,1.650171714848897,0.0004058585414306474,-0.020890961039253305,-0.022481897287297357,0.0004058585414306474,-0.021675975182657424,-0.021696883143893238
-0.1468937875751506,0.7130273880263206,-0.021642220713323872,1.6468077892750754,0.00040502190792254404,-0.02084839236084599,-0.022436049065801756,0.00040502190792254404,-0.02163178828245689,-0.021652653144190855
-0.1386773547094191,0.7266455942210599,-0.021597131001679024,1.6433768064135437,0.0004042328075189571,-0.020804849257572356,-0.02238941274578569,0.0004042328075189571,-0.021586718896219746,-0.0216075431071383
-0.1304609218436876,0.7405238963711813,-0.02155113457359687,1.6398768293525996,0.0004035710512154591,-0.0207601498480116,-0.02234211929918214,0.0004035710512154591,-0.021540739513454775,-0.021561529633738967
-0.1222444889779561,0.7546672620843887,-0.021504214054469173,1.6363065360171865,0.00040296833448195984,-0.02071441063197444,-0.022294017476963905,0.00040296833448195984,-0.02149383451892101,-0.021514593590017336
-0.1140280561122246,0.7690807538453951,-0.021456354096019706,1.632664758520645,0.0004023409196154215,-0.020667780384066754,-0.02224492780797266,0.0004023409196154215,-0.02144599072123246,-0.021466717470806952
-0.1058116232464932,0.7837695308279908,-0.021407538943304976,1.6289502980320418,0.0004016506937858539,-0.020620318049119176,-0.022194759837490776,0.0004016506937858539,-0.02139719334714429,-0.02141788453946566
-0.0975951903807617,0.7987388507417227,-0.021357752431247292,1.6251619245123616,0.00040091003028891264,-0.02057198321084016,-0.022143521651654424,0.00040091003028891264,-0.021347425912871233,-0.02136807894962335
-0.0893787575150304,0.8139940717138392,-0.021306977981277665,1.6212983764590576,0.0004001792240128413,-0.02052264111485131,-0.02209131484770402,0.0004001792240128413,-0.021296670286786938,-0.02131728567576839
-0.0811623246492989,0.8295406542071849,-0.021255199757032286,1.6173584488457315,0.0003995411632978334,-0.020472113466627296,-0.022038286047437277,0.0003995411632978334,-0.021244908497514998,-0.021265491016549575
-0.0729458917835674,0.8453841629747192,-0.021202412338827845,1.613341729275855,0.0003989625821324551,-0.02042046004666913,-0.02198436463098656,0.0003989625821324551,-0.02119213598222788,-0.02121268869542781
-0.0647294589178359,0.8615302690513681,-0.021148615799758005,1.609248223311298,0.00039836606328170294,-0.020367832663062864,-0.021929398936453147,0.00039836606328170294,-0.0211383548081088,-0.02115887679140721
-0.0565130260521045,0.8779847517839182,-0.02109380985285659,1.6050779091161247,0.0003977195619327001,-0.020314293835521448,-0.02187332587019173,0.0003977195619327001,-0.021083565513592098,-0.02110405419212108
-0.048296593186373,0.8947535008996793,-0.021037993792159346,1.6008307329718447,0.00039704166630244274,-0.020259806425844788,-0.021816181158473905,0.00039704166630244274,-0.0210277669139239,-0.02104822067039479
-0.0400801603206415,0.9118425186146568,-0.020981166510409533,1.5965066106246724,0.00039639763027147845,-0.02020424143152041,-0.021758091589298655,0.00039639763027147845,-0.020970956221057893,-0.020991376799761173
-0.03186372745491,0.929257921781988,-0.020923332911393335,1.5921059152153028,0.0003958313868604114,-0.020147517649196388,-0.021699148173590282,0.0003958313868604114,-0.020913137207166903,-0.020933528615619767
-0.0236472945891785,0.9470059440814136,-0.020864513556218146,1.5876302112870546,0.00039527580068513744,-0.020089787222915042,-0.02163923988952125,0.00039527580068513744,-0.020854332162611094,-0.020874694949825197
-0.015430861723447,0.9650929382505624,-0.020804731067586294,1.5830812202548832,0.0003946845729117166,-0.020031163519425757,-0.02157829861574683,0.0003946845729117166,-0.02079456490264404,-0.020814897232528547
-0.0072144288577156,0.9835253783588568,-0.020744007665853895,1.5784606329182689,0.0003940617084711535,-0.01997166090956411,-0.02151635442214368,0.0003940617084711535,-0.020733857544464076,-0.020754157787243713
0.0010020040080156,1.002309862124842,-0.02068236518360479,1.573770110570182,0.00039345994971156414,-0.01991119785281118,-0.021453532514398396,0.00039345994971156414,-0.0206722305621337,-0.020692499805075877
0.0092184368737471,1.0214531132777804,-0.020619831146419115,1.5690117476971526,0.0003929223872010441,-0.019849717418785565,-0.021389944874052665,0.0003929223872010441,-0.020609710371319343,-0.020629951921518886
0.0174348697394786,1.0409619839643451,-0.020556449651363693,1.564188899749349,0.0003923907572137715,-0.0197873778993583,-0.021325521403369085,0.0003923907572137715,-0.02054634256982711,-0.020566556732900275
0.02565130260521,1.0608434572012817,-0.02049226735735746,1.5593051171143288,0.00039182795865505603,-0.0197242986702577,-0.02126023604445722,0.00039182795865505603,-0.02048217477221463,-0.02050235994250029
0.0338677354709415,1.0811046493749137,-0.020427330567948015,1.5543639231386037,0.00039124785150920923,-0.01966049886996129,-0.021194162265934742,0.00039124785150920923,-0.020417252925028252,-0.02043740821086778
0.042084168336673,1.1017528127883862,-0.020361685484463467,1.5493688333905624,0.00039070710869529887,-0.019595913622916905,-0.02112745734601003,0.00039070710869529887,-0.020351621769832302,-0.02037174919909463
0.0503006012024045,1.1227953382575593,-0.020295382952826693,1.5443237168568014,0.00039020350135696364,-0.019530598143525618,-0.02106016776212777,0.00039020350135696364,-0.020285332209959865,-0.02030543369569352
0.058517034068136,1.1442397577564816,-0.020228478190356454,1.5392327751537738,0.00038968380558801653,-0.019464711966045434,-0.020992244414667474,0.00038968380558801653,-0.020218440833654858,-0.02023851554705805
0.0667334669338675,1.1660937471133888,-0.020161026297141164,1.5341002009775986,0.00038914096173964154,-0.019398324027222188,-0.02092372856706014,0.00038914096173964154,-0.020151002922845974,-0.020171049671436354
0.0749498997995989,1.1883651287581942,-0.02009308194990846,1.5289301548098713,0.00038861747282302445,-0.019331405699412357,-0.020854758200404562,0.00038861747282302445,-0.02008307205948124,-0.02010309184033568
0.0831663326653302,1.2110618745224546,-0.020024688085312405,1.523725903802207,0.0003881341421893288,-0.01926395914545097,-0.02078541702517384,0.0003881341421893288,-0.020014690644368345,-0.020034685526256465
0.0913827655310617,1.234192108492813,-0.019955867514922385,1.5184891837409027,0.00038764183126294285,-0.019196103486745865,-0.020715631543098904,0.00038764183126294285,-0.019945882754773128,-0.019965852275071642
0.0995991983967932,1.257764109918936,-0.019886640821442186,1.5132215608125974,0.0003871298988315547,-0.019127880162393703,-0.02064540148049067,0.0003871298988315547,-0.019876669247492477,-0.019896612395391894
0.1078156312625246,1.2817863161769971,-0.019817027365999537,1.507924508251317,0.00038663709160958803,-0.01905923259135743,-0.020574822140641644,0.00038663709160958803,-0.01980706848562806,-0.019826986246371015
0.1160320641282561,1.3062673257897532,-0.01974700194722747,1.5025961084254114,0.00038617511363309484,-0.018990112632780942,-0.020503891261673998,0.00038617511363309484,-0.019737054966343915,-0.019756948928111025
0.1242484969939876,1.331215901504307,-0.019676477601019246,1.4972297440302023,0.0003857010641418523,-0.01892051740650244,-0.02043243779553605,0.0003857010641418523,-0.019666542830558013,-0.01968641237148048
0.1324649298597191,1.3566409734286484,-0.019605362566080274,1.4918184327316364,0.0003852159451254048,-0.018850353187363923,-0.020360371944796625,0.0003852159451254048,-0.01959544029116682,-0.01961528484099373
0.1406813627254506,1.3825516422281037,-0.01953356713208978,1.4863553482591108,0.0003847599877102858,-0.018779451413485544,-0.020287682850694013,0.0003847599877102858,-0.01952365660158846,-0.019543477662591097
0.1488977955911821,1.4089571823828324,-0.01946102317887108,1.480835307187179,0.0003843149992832486,-0.018707779621557376,-0.02021426673618478,0.0003843149992832486,-0.019451124110246045,-0.019470922247496112
0.1571142284569135,1.4358670455075406,-0.019387674230742277,1.4752540121475586,0.00038385488808107373,-0.01863533247481372,-0.020140015986670833,0.00038385488808107373,-0.01937778701352136,-0.01939756144796319
0.165330661322645,1.4632908637345978,-0.019313463088315046,1.4696071107034323,0.00038340460936582386,-0.01856200386245138,-0.02006492231417871,0.00038340460936582386,-0.01930358746923605,-0.01932333870739404
0.1735470941883763,1.4912384531617662,-0.019238297830363675,1.4638876083512091,0.0003829781943046297,-0.018487674362662417,-0.019988921298064934,0.0003829781943046297,-0.01922843319475387,-0.01924816246597348
0.1817635270541078,1.5197198173657849,-0.0191620304862008,1.4580842456511225,0.0003825417775524706,-0.018412262379616025,-0.019911798592785572,0.0003825417775524706,-0.019152177091680687,-0.01917188388072091
0.1899799599198393,1.5487451509830508,-0.01908450759681884,1.452185345544133,0.00038210540579153686,-0.018335594763169368,-0.019833420430468315,0.00038210540579153686,-0.019074665442229556,-0.019094349751408127
0.1981963927855707,1.5783248433586958,-0.019005579208715716,1.4461794977134097,0.00038169358982990346,-0.018257473519519302,-0.01975368489791213,0.00038169358982990346,-0.018995747661556463,-0.01901541075587497
0.2064128256513022,1.6084694822653551,-0.018925106215215075,1.4400561172027604,0.0003812761018827577,-0.018177818787359044,-0.019672393643071107,0.0003812761018827577,-0.01891528542158313,-0.01893492700884702
0.2146292585170337,1.6391898576929598,-0.018842951021757592,1.4338047341165554,0.0003808571822402766,-0.018096484661313243,-0.01958941738220194,0.0003808571822402766,-0.018833141018530123,-0.018852761024985062
0.2228456913827652,1.670496965710913,-0.018759003054156436,1.427416934603251,0.0003804600039611137,-0.018013315148834686,-0.019504690959478186,0.0003804600039611137,-0.018749203281326034,-0.018768802826986838
0.2310621242484967,1.7024020124040296,-0.018673235235718743,1.4208906583332117,0.00038005765602216156,-0.017928335917866595,-0.01941813455357089,0.00038005765602216156,-0.01866344582644393,-0.018683024644993555
0.2392785571142281,1.7349164178836478,-0.018585635834768098,1.414225012615416,0.0003796575204354145,-0.017841520768254907,-0.01932975090128129,0.0003796575204354145,-0.018575856732063783,-0.018595414937472413
0.2474949899799596,1.768051820375352,-0.018496187629327376,1.4074186869888703,0.0003792746827895021,-0.017752822910812097,-0.019239552347842654,0.0003792746827895021,-0.018486418387638467,-0.018505956871016284
0.2557114228456911,1.8018200803847653,-0.01840486284119131,1.4004695677441994,0.00037888524590319367,-0.017662261404947446,-0.01914746427743517,0.00037888524590319367,-0.01839510363049903,-0.018414622051883586
0.2639278557114224,1.8362332849429048,-0.018311634298677496,1.3933755873237896,0.0003785054301129908,-0.017569777287703193,-0.0190534913096518,0.0003785054301129908,-0.018301884871164586,-0.018321383726190407
0.2721442885771539,1.8713037519326248,-0.01821652437709727,1.38613844831803,0.0003781342580759211,-0.01747539484994769,-0.018957653904246852,0.0003781342580759211,-0.01820678451012057,-0.018226264244073972
0.2803607214428854,1.907044034497683,-0.018119602185563775,1.3787634094028824,0.00037775856922307944,-0.01737920899503516,-0.01885999537609239,0.00037775856922307944,-0.01810987199546605,-0.0181293323756615
0.2885771543086168,1.943466925536019,-0.018020933034711046,1.3712554402190456,0.00037739826950646736,-0.01728124601865063,-0.018760620050771462,0.00037739826950646736,-0.018011212125103614,-0.018030653944318478
0.2967935871743483,1.9805854622788577,-0.017920557622702026,1.3636176375860476,0.00037703584287157474,-0.017181580949793038,-0.018659534295611013,0.00037703584287157474,-0.0179108460483694,-0.01793026919703465
0.3050100200400798,2.018412930957258,-0.017818510532978622,1.355852633039823,0.00037667983732348376,-0.017080231618122187,-0.018556789447835058,0.00037667983732348376,-0.017808808128528406,-0.01782821293742884
0.3132264529058113,2.056962871557797,-0.017714864374542595,1.3479659515711415,0.0003763311704014293,-0.016977268834295987,-0.018452459914789204,0.0003763311704014293,-0.017705170950948694,-0.017724557798136496
0.3214428857715428,2.0962490826690803,-0.017609731380236544,1.3399661332425894,0.0003759812546531661,-0.016872821662254154,-0.018346641098218933,0.0003759812546531661,-0.017600046969665842,-0.017619415790807245
0.3296593186372742,2.136285626420817,-0.01750321020442606,1.3318606848983054,0.0003756433044233643,-0.01676696285672265,-0.01823945755212947,0.0003756433044233643,-0.017493534498674385,-0.017512885910177738
0.3378757515030057,2.177086833517226,-0.017395358841311912,1.3236540194542656,0.0003753025639863799,-0.016659779332593067,-0.018130938350030757,0.0003753025639863799,-0.017385691912248563,-0.01740502577037526
0.3460921843687372,2.2186673083665776,-0.017286233265149387,1.3153503961240156,0.00037497275648839753,-0.016551300167248418,-0.018021166363050355,0.00037497275648839753,-0.017276574831167058,-0.017295891699131715
0.3543086172344685,2.261041934308703,-0.0171759178821619,1.306956237576838,0.0003746421269851652,-0.016441632806179496,-0.017910202958144307,0.0003746421269851652,-0.017166267964433553,-0.01718556779989025
0.3625250501002,2.3042258789423493,-0.017064499275228785,1.2984781321089145,0.00037431980395480655,-0.01633084594077727,-0.0177981526096803,0.00037431980395480655,-0.017054857659798816,-0.017074140890658753
0.3707414829659314,2.348234599554274,-0.016951992682830597,1.2899172392522926,0.00037399874307421653,-0.016218968616141884,-0.01768501674951931,0.00037399874307421653,-0.016942359337188944,-0.01696162602847225
0.3789579158316629,2.3930838486520374,-0.01683837256097438,1.281271615304099,0.000373684258135742,-0.016105964873438756,-0.017570780248510002,0.000373684258135742,-0.016828747315739925,-0.016847997806208832
0.3871743486973944,2.438789679602465,-0.016723593754533143,1.272537824303864,0.0003733719394363069,-0.01599179820040011,-0.017455389308666174,0.0003733719394363069,-0.016713976553908563,-0.016733210955157722
0.3953907815631259,2.485368452377799,-0.01660760011006603,1.263711593403389,0.00037306567689752247,-0.01587640481947883,-0.01733879540065323,0.00037306567689752247,-0.016597990798058588,-0.01661720942207347
0.4036072144288574,2.532836839411596,-0.01649035802402233,1.2547903656289785,0.0003727613962712706,-0.015759759112503775,-0.017220956935540883,0.0003727613962712706,-0.016480756549582525,-0.016499959498462134
0.4118236472945888,2.581211831566468,-0.016371855728364904,1.2457732455228387,0.0003724635211942775,-0.01564184064126915,-0.01710187081546066,0.0003724635211942775,-0.01636226192650055,-0.01638144953022926
0.4200400801603203,2.630510744215801,-0.01625214493077703,1.236664167644954,0.0003721668620846714,-0.01552271128485179,-0.016981578576702273,0.0003721668620846714,-0.016242558770167607,-0.016261731091386455
0.4282565130260518,2.680751223441633,-0.016131299629535675,1.227468762699331,0.00037187719021639467,-0.015402433730039591,-0.01686016552903176,0.00037187719021639467,-0.016121720930205953,-0.016140878328865398
0.4364729458917831,2.731951252350897,-0.016009329680703878,1.2181877806571313,0.0003715883128406738,-0.015281029970460155,-0.0167376293909476,0.0003715883128406738,-0.01599975842218956,-0.016018900939218195
0.4446893787575146,2.7841291575123157,-0.01588621051621962,1.2088193520763761,0.00037130603943500085,-0.01515846405168481,-0.01661395698075443,0.00037130603943500085,-0.015876646528417658,-0.015895774504021583
0.452905811623246,2.83730361551621,-0.01576188233281177,1.1993589263846438,0.0003710256291743189,-0.01503468546228879,-0.01648907920333475,0.0003710256291743189,-0.015752325567731842,-0.015771439097891696
0.4611222444889775,2.8914936596596204,-0.01563627189709923,1.1898009310806639,0.00037074959373206533,-0.014909616046101524,-0.016362927748096934,0.00037074959373206533,-0.015626722242056097,-0.01564582155214236
0.469338677354709,2.9467186867590924,-0.015509296789102303,1.1801390946331385,0.000370477858309774,-0.014783173529745612,-0.016235420048458994,0.000370477858309774,-0.015499754133337361,-0.015518839444867245
0.4775551102204405,3.0029984640935834,-0.015380879865892644,1.1703675470540948,0.0003702081434773049,-0.01465528523789369,-0.0161064744938916,0.0003702081434773049,-0.015371344157360158,-0.01539041557442513
0.485771543086172,3.0603531364799763,-0.015250953728319628,1.1604811597826656,0.00036994385465672995,-0.014525877096890516,-0.01597603035974874,0.00036994385465672995,-0.015241424827258035,-0.015260482629381221
0.4939879759519034,3.1188032334837272,-0.015119472478978466,1.1504764403767065,0.00036968216964052263,-0.014394908740756416,-0.015844036217200517,0.00036968216964052263,-0.015109950318319769,-0.015128994639637164
0.502204408817635,3.178369676767228,-0.014986415638741268,1.1403518305309133,0.00036942350555028893,-0.014262358872820168,-0.015710472404662366,0.00036942350555028893,-0.014976900140673374,-0.014995931136809162
0.5104208416833664,3.239073787578522,-0.014851792754323464,1.130108056677455,0.0003691696093884998,-0.014128233615735284,-0.015575351892911643,0.0003691696093884998,-0.014842283796035525,-0.014861301712611403
0.5186372745490979,3.30093729438304,-0.014715652912805481,1.1197488539684437,0.0003689182755327828,-0.013992586379522602,-0.01543871944608836,0.0003689182755327828,-0.014706150428298401,-0.014725155397312562
0.5268537074148292,3.3639823406411025,-0.01457812793998243,1.1092842533405878,0.0003686699531209123,-0.013855548109683372,-0.015300707770281488,0.0003686699531209123,-0.014568631851688354,-0.014587624028276507
0.5350701402805607,3.428231492733967,-0.014439440178941143,1.098731173405528,0.0003684259489541725,-0.013717338588020973,-0.015161541769861312,0.0003684259489541725,-0.01442995037563203,-0.014448929982250256
0.5432865731462921,3.493707748041244,-0.014299852941777652,1.0881096502037662,0.0003681849280006168,-0.01357822374324597,-0.015021482140309335,0.0003681849280006168,-0.014290369346612805,-0.0143093365369425
0.5515030060120236,3.5604345431725952,-0.014159647662497289,1.0774410987147665,0.00036794663248285154,-0.013438485514598104,-0.014880809810396474,0.00036794663248285154,-0.014150170205275764,-0.014169125119718814
0.5597194388777551,3.628435762356653,-0.014019104595228551,1.0667468441383736,0.00036771188217966683,-0.01329840254946897,-0.014739806640988133,0.00036771188217966683,-0.014009633184633791,-0.014028576005823312
0.5679358717434866,3.6977357459901463,-0.013878476720446918,1.056046136357632,0.00036748076676868104,-0.013158227652569139,-0.014598725788324697,0.00036748076676868104,-0.013869011262852478,-0.013887942178041358
0.5761523046092181,3.768359299350327,-0.01373795597904872,1.0453535806095615,0.0003672525662252155,-0.013018154176017387,-0.014457757782080053,0.0003672525662252155,-0.01372849639937433,-0.01374741555872311
0.5843687374749496,3.8403317014737737,-0.013597660771142477,1.0346781862386072,0.0003670272255782279,-0.012878300627663493,-0.014317020914621462,0.0003670272255782279,-0.013588206995723797,-0.013607114546561157
0.592585170340681,3.913678714204797,-0.013457629227695583,1.0240228547203132,0.0003668049981648438,-0.012738704641943209,-0.014176553813447958,0.0003668049981648438,-0.013448181176342888,-0.013467077279048278
0.6008016032064125,3.9884265914166415,-0.013317823308974568,1.0133846915213405,0.00036658610136447813,-0.012599327753067241,-0.014036318864881894,0.00036658610136447813,-0.013308380895898945,-0.01332726572205019
0.6090180360721438,4.064602088408812,-0.013178152514801485,1.0027568102689852,0.00036637029754590407,-0.012460079926606289,-0.01389622510299668,0.00036637029754590407,-0.01316871566033485,-0.013187589369268119
0.6172344689378753,4.142232471483892,-0.01303850995261108,0.9921310772550016,0.0003661573320102219,-0.01232085476919577,-0.01375616513602639,0.0003661573320102219,-0.01302907858364581,-0.013047941321576351
0.6254509018036067,4.221345527707245,-0.012898829526611585,0.9815024630941814,0.0003659471057061465,-0.012181586379180865,-0.013616072674042305,0.0003659471057061465,-0.012889403572591385,-0.012908255480631785
0.6336673346693382,4.301969574853144,-0.012759112893153617,0.970871093822163,0.00036573957171074744,-0.012042276504879447,-0.013475949281427787,0.00036573957171074744,-0.01274969228473082,-0.012768533501576413
0.6418837675350697,4.38413347154085,-0.012619412147907157,0.9602409335217568,0.0003655346965571527,-0.01190297730755536,-0.013335846988258954,0.0003655346965571527,-0.012609996816596128,-0.012628827479218186
0.6501002004008012,4.46786662756428,-0.012479809276162691,0.9496182206477299,0.0003653324723950755,-0.01176377078788537,-0.013195847764440013,0.0003653324723950755,-0.012470399153679998,-0.012489219398645385
0.6583166332665327,4.553199014418969,-0.012340431348009445,0.9390126242638764,0.00036513296989168183,-0.0116247838774536,-0.013056078818565289,0.00036513296989168183,-0.012331026364251431,-0.012349836331767458
0.6665330661322642,4.640161176030086,-0.012201475749571486,0.9284391639474806,0.00036493642762688784,-0.011486213494776078,-0.012916738004366895,0.00036493642762688784,-0.01219207582828923,-0.012210875670853742
0.6747494989979956,4.72878423968534,-0.012063221148719105,0.917919044196246,0.00036474337464532144,-0.011348337270814676,-0.012778105026623535,0.00036474337464532144,-0.012053826200036713,-0.012072616097401498
0.6829659318637271,4.819099927176707,-0.011926003544068808,0.907477831940026,0.00036455478378940253,-0.011211489297449794,-0.012640517790687823,0.00036455478378940253,-0.011916613453052206,-0.01193539363508541
0.6911823647294586,4.911140566154939,-0.011790184813647945,0.8971430633342871,0.00036437224779653363,-0.011076028331000834,-0.012504341296295055,0.00036437224779653363,-0.011780799424337815,-0.011799570202958075
0.6993987975951899,5.004939101700948,-0.011656087989791059,0.8869393186738044,0.000364198158143002,-0.010942272716594951,-0.012369903262987167,0.000364198158143002,-0.01164670708462917,-0.011665468894952949
0.7076152304609213,5.10052910811819,-0.011523960764997317,0.8768854454669908,0.0003640358496461559,-0.010810463610609413,-0.012237457919385221,0.0003640358496461559,-0.011514584040528223,-0.011533337489466411
0.7158316633266528,5.19794480095026,-0.011393983051754028,0.8669951336807593,0.000363889650950135,-0.010680772441544912,-0.012107193661963144,0.000363889650950135,-0.011384610093026389,-0.011403356010481668
0.7240480961923843,5.297221049228036,-0.011266257255074175,0.857276175554884,0.0003637647550856957,-0.010553291436261178,-0.011979223073887173,0.0003637647550856957,-0.011256887513376149,-0.011275626996772202
0.7322645290581158,5.398393387950716,-0.011140797246314348,0.8477296265937136,0.00036366680157811547,-0.010428023412848368,-0.011853571079780328,0.00036366680157811547,-0.011131430027672917,-0.01115016446495578
0.7404809619238473,5.501498030805234,-0.011017540978874708,0.8383507655246363,0.00036360105370695166,-0.010304896008868268,-0.011730185948881148,0.00036360105370695166,-0.011008175453746903,-0.011026906504002513
0.7486973947895788,5.606571883128613,-0.010896333705958834,0.8291278172977122,0.00036357108055960383,-0.0101837474822417,-0.011608919929675969,0.00036357108055960383,-0.010886968952870224,-0.010905698459047444
0.7569138276553102,5.713652555117879,-0.010776892052947773,0.8200392192675936,0.0003635769406282114,-0.01006429434370722,-0.011489489762188325,0.0003635769406282114,-0.010767527148917301,-0.010786256956978244
0.7651302605210417,5.822778375292286,-0.010658806590382961,0.8110538169778849,0.00036361304509300506,-0.009946138117691733,-0.011371475063074189,0.00036361304509300506,-0.010649440756384689,-0.010668172424381233
0.7733466933867732,5.933988404212633,-0.010541596139083275,0.8021349963660085,0.0003636660895105543,-0.009828823701244068,-0.011254368576922481,0.0003636660895105543,-0.010532228938783063,-0.010550963339383487
0.7815631262525047,6.047322448462642,-0.010424802693529437,0.7932479067081564,0.0003637140883031727,-0.009711936179785398,-0.011137669207273477,0.0003637140883031727,-0.010415434256890952,-0.010434171130167922
0.7897795591182359,6.162821074897336,-0.010308063020282957,0.7843649087124204,0.0003637311470486959,-0.00959516307201207,-0.011020962968553843,0.0003637311470486959,-0.010298694144250505,-0.01031743189631541
0.7979959919839674,6.280525625163577,-0.010191081023166935,0.7754634717200041,0.00036372508454056624,-0.009478192957193638,-0.010903969089140231,0.00036372508454056624,-0.01018171230329072,-0.01020044974304315
0.8062124248496989,6.400478230497903,-0.010073664248503223,0.7665289514751055,0.00036372289780424216,-0.009360780468454365,-0.01078654802855208,0.00036372289780424216,-0.010064295584952294,-0.010083032912054151
0.8144288577154304,6.522721826807022,-0.009955820361310118,0.7575619312271056,0.00036373498225157527,-0.009242912896179714,-0.010668727826440521,0.00036373498225157527,-0.009946451386491677,-0.009965189336128558
0.8226452905811619,6.647300170036307,-0.009837776014617402,0.7485796575414032,0.00036375074377767804,-0.009124837657463495,-0.01055071437177131,0.00036375074377767804,-0.009828406633818378,-0.009847145395416427
0.8308617234468934,6.774257851831833,-0.009719927439036033,0.7396122805428453,0.00036375474160718055,-0.009006981246280285,-0.01043287363179178,0.00036375474160718055,-0.009710557955262133,-0.009729296922809933
0.8390781563126248,6.903640315501528,-0.009602740845056511,0.7306952752909175,0.00036375825282971533,-0.008889787770431054,-0.010315693919681969,0.00036375825282971533,-0.009593371270841611,-0.009612110419271411
0.8472945891783563,7.035493872281186,-0.009486737007835477,0.7218682687996757,0.00036376001238183403,-0.008773780484551238,-0.010199693531119717,0.00036376001238183403,-0.00947736738829857,-0.009496106627372384
0.8555110220440878,7.169865717911131,-0.00937245011760171,0.7131719088677615,0.0003637568697127588,-0.008659499753835674,-0.010085400481367747,0.0003637568697127588,-0.009363080579012716,-0.009381819656190706
0.8637274549098193,7.306803949529495,-0.009260345000276775,0.7046415651995332,0.00036376169915332756,-0.00854738517098116,-0.00997330482957239,0.00036376169915332756,-0.009250975337292522,-0.009269714663261028
0.8719438877755508,7.446357582888134,-0.009150700230561368,0.6962984352031998,0.00036376411880849395,-0.008437735658828771,-0.009863664802293965,0.00036376411880849395,-0.009141330505252376,-0.00916006995587036
0.880160320641282,7.588576569897345,-0.009043637619000863,0.6881517877314166,0.0003637602737334456,-0.008330680583476878,-0.009756594654524848,0.0003637602737334456,-0.009034267992732142,-0.009053007245269584
0.8883767535070135,7.733511816505708,-0.0089391420596972,0.6802004733406533,0.0003637476405143204,-0.008226209784827708,-0.00965207433456669,0.0003637476405143204,-0.008929772758831086,-0.008948511360563313
0.896593186372745,7.881215200921364,-0.00883712596718728,0.6724378274457561,0.00036373170321131877,-0.008124224928857683,-0.009550027005516876,0.00036373170321131877,-0.00882775707682936,-0.0088464948575452
0.9048096192384768,8.031739592181346,-0.00873754755220499,0.6648606702025743,0.00036371423840158114,-0.008024680744273475,-0.009450414360136505,0.00036371423840158114,-0.008728179111700317,-0.008746915992709664
0.913026052104208,8.185138869075539,-0.008640409612548403,0.6574692145021842,0.0003637031893397023,-0.007927564460380234,-0.009353254764716571,0.0003637031893397023,-0.008631041456642098,-0.008649777768454707
0.9212424849699392,8.341467939432114,-0.008545766301851394,0.6502675810227391,0.0003636971052012242,-0.00783293307437552,-0.009258599529327269,0.0003636971052012242,-0.008536398302658474,-0.008555134301044315
0.9294589178356708,8.500782759771255,-0.008453741422446615,0.643265190176702,0.0003636975311112834,-0.007740907360202364,-0.009166575484690867,0.0003636975311112834,-0.008444373412283233,-0.008463109432609996
0.9376753507014022,8.663140355334237,-0.008364553361063558,0.6364786595271215,0.00036369618280882824,-0.007651721941443559,-0.009077384780683557,0.00036369618280882824,-0.00835518538562934,-0.008373921336497775
0.945891783567134,8.828598840495141,-0.008278473976667065,0.6299286754659721,0.00036369872081115905,-0.007565637582653904,-0.008991310370680225,0.00036369872081115905,-0.008269105935859757,-0.008287842017474373
0.9541082164328653,8.997217439562274,-0.008195786337573275,0.6236367773312955,0.0003637124097922897,-0.0074829231136501135,-0.008908649561496436,0.0003637124097922897,-0.008186417944169362,-0.008205154730977188
0.9623246492985968,9.169056507977023,-0.00811674456672171,0.617622301938929,0.00036373393593296387,-0.007403839152338101,-0.008829649981105319,0.00036373393593296387,-0.008107375618854025,-0.008126113514589394
0.970541082164328,9.344177553917453,-0.008041565916811265,0.6119017805608485,0.000363767815970169,-0.007328594098774939,-0.00875453773484759,0.000363767815970169,-0.008032196096271907,-0.008050935737350622
0.9787575150300598,9.522643260314638,-0.007970391228840955,0.6064859301219622,0.0003638037405604688,-0.007257348999901483,-0.008683433457780427,0.0003638037405604688,-0.00796102048296695,-0.00797976197471496
0.9869739478957912,9.704517507289374,-0.007903268581249635,0.6013784090244576,0.00036382486175947493,-0.0071901849555208,-0.00861635220697847,0.00036382486175947493,-0.007893897291342223,-0.007912639871157047
0.9951903807615228,9.889865395017525,-0.007840152196825979,0.5965757339719956,0.0003638214189186891,-0.007127075318941089,-0.008553229074710868,0.0003638214189186891,-0.00783078099559821,-0.007849523398053747
1.003406813627254,10.078753267031942,-0.007780892068627753,0.592066490581358,0.0003637906689351978,-0.007067875459603031,-0.008493908677652475,0.0003637906689351978,-0.007771521659448688,-0.007790262477806818
1.0116232464929853,10.271248733969596,-0.0077252108351279275,0.5878295737575912,0.0003637356202064999,-0.007012302119628848,-0.008438119550627007,0.0003637356202064999,-0.007715841843877239,-0.007734579826378616
1.019839679358717,10.467420697772113,-0.007672691870217733,0.5838332814341547,0.0003636633763642949,-0.00695992475004748,-0.008385458990387985,0.0003636633763642949,-0.007663324739801914,-0.007682059000633551
1.0280561122244485,10.66733937634856,-0.007622822415843719,0.5800385966373462,0.00036358350200632996,-0.006910211846538366,-0.008335432985149072,0.00036358350200632996,-0.00761345734280727,-0.0076321874888801685
1.03627254509018,10.871076328709355,-0.0075750425133927855,0.5764029107911817,0.00036350654244136265,-0.006862582782063034,-0.008287502244722536,0.00036350654244136265,-0.007565679422657357,-0.007584405604128214
1.0444889779559112,11.078704480580058,-0.00752876028064252,0.572881186176699,0.00036344265704169645,-0.006816425762395253,-0.008241094798889789,0.00036344265704169645,-0.007519398835447746,-0.007538121725837295
1.052705410821643,11.29029815050453,-0.007483454740785537,0.5694337804357595,0.0003634002253309822,-0.0067712033871630715,-0.008195706094408003,0.0003634002253309822,-0.007474094388533835,-0.007492815093037238
1.0609218436873742,11.505933076446471,-0.007438728924077857,0.5660304872011355,0.00036338421706539454,-0.006726508946079399,-0.008150948902076316,0.00036338421706539454,-0.007429368984162182,-0.007448088863993532
1.069138276553106,11.725686442899212,-0.007394297154703707,0.5626495687239674,0.0003633944984268138,-0.006682057025607154,-0.008106537283800258,0.0003633944984268138,-0.007384936949963857,-0.007403657359443557
1.0773547094188372,11.949636908513066,-0.0073499700081364255,0.5592766112437586,0.0003634243759663189,-0.006637671320138497,-0.008062268696134354,0.0003634243759663189,-0.007340609033820019,-0.007359330982452832
1.0855711422845689,12.17786463425056,-0.007305605753075443,0.5559008300904487,0.00036345990765197794,-0.006593237424253312,-0.008017974081897574,0.00036345990765197794,-0.007296243863544706,-0.0073149676426061796
1.0937875751503,12.410451312079198,-0.007261045073262953,0.5525101025129675,0.0003634889451418029,-0.006548619832006564,-0.007973470314519343,0.0003634889451418029,-0.007251682435793403,-0.007270407710732503
1.1020040080160314,12.647480194212422,-0.00721607085514521,0.5490879078272226,0.0003635144290398036,-0.006503595666366553,-0.007928546043923866,0.0003635144290398036,-0.007206707561269182,-0.007225434149021237
1.110220440881763,12.889036122908916,-0.007170390070759554,0.5456119488420996,0.0003635314934717382,-0.00645788143630889,-0.00788289870521022,0.0003635314934717382,-0.007161026337343088,-0.00717975380417602
1.1184368737474943,13.135205560841056,-0.007123659416988195,0.5420561028109567,0.0003635386383982318,-0.0064111367787389306,-0.00783618205523746,0.0003635386383982318,-0.0071142954995348905,-0.007133023334441499
1.126653306613226,13.3860766220435,-0.007075529765614749,0.5383938037416155,0.00036353832726292607,-0.0063630077371794784,-0.00778805179405002,0.00036353832726292607,-0.007066165856175573,-0.007084893675053925
1.1348697394789573,13.641739103452684,-0.007025707016460329,0.5346026728554913,0.00036353658616520776,-0.00631318840051388,-0.007738225632406778,0.00036353658616520776,-0.007016343151867817,-0.00703507088105284
1.143086172344689,13.90228451704888,-0.006974064724452406,0.53067308864779,0.0003635366234578264,-0.006261546035413767,-0.0076865834134910455,0.0003635366234578264,-0.006964700858899323,-0.00698342859000549
1.1513026052104205,14.167806122611957,-0.006920679790471112,0.5266109026884624,0.0003635429614062069,-0.006208148679281912,-0.007633210901660312,0.0003635429614062069,-0.006911315761667086,-0.0069300438192751385
1.159519038076152,14.438398961102932,-0.0068658405623638645,0.5224380560475792,0.0003635525794655492,-0.006153290600124752,-0.007578390524602977,0.0003635525794655492,-0.006856476285820797,-0.006875204838906932
1.1677354709418832,14.714159888682902,-0.006809991779283107,0.5181883899797018,0.00036356794689153135,-0.006097411697442535,-0.00752257186112368,0.00036356794689153135,-0.006800627106910565,-0.00681935645165565
1.175951903807615,14.995187611381883,-0.006753719465552279,0.5139064964623972,0.00036359131983076313,-0.0060410935735926,-0.0074663453575119585,0.00036359131983076313,-0.0067443541911466915,-0.006763084739957867
1.1841683366733462,15.281582720429617,-0.006697730657690907,0.5096461755776014,0.00036361497815913985,-0.005985058396259674,-0.0074104029191221395,0.00036361497815913985,-0.006688364773901307,-0.006707096541480506
1.1923847695390777,15.57344772826132,-0.006642828223887896,0.5054685194657544,0.0003636353346771495,-0.005930116064414514,-0.007355540383361278,0.0003636353346771495,-0.006633461815761309,-0.006652194632014483
1.2006012024048092,15.870887105211049,-0.0065898971004026445,0.50144086502099,0.0003636529558922829,-0.005877150403982237,-0.007302643796823052,0.0003636529558922829,-0.006580530238394168,-0.006599263962411121
1.2088176352705404,16.174007316905787,-0.006539865741196051,0.49763386050233105,0.0003636706845330963,-0.005827084297278155,-0.007252647185113948,0.0003636706845330963,-0.006530498422538648,-0.0065492330598534544
1.217034068136272,16.482916862373944,-0.0064936356354400055,0.49411610235419445,0.000363691221895559,-0.005780813939031345,-0.007206457331848666,0.000363691221895559,-0.0064842677877874795,-0.0065030034830925315
1.2252505010020034,16.797726312881434,-0.006452060267578645,0.49095253422766133,0.00036371474744613207,-0.005739192461938145,-0.007164928073219145,0.00036371474744613207,-0.006442691813962157,-0.006461428721195133
1.233466933867735,17.118548351509737,-0.006415983383948188,0.48820735877813687,0.00036373717966704024,-0.005703071611962614,-0.007128895155933761,0.00036373717966704024,-0.00640661435252939,-0.006425352415366985
1.2416833667334664,17.44549781348963,-0.006386246467435181,0.4859446064297841,0.000363753898957275,-0.0056733019262429,-0.007099191008627462,0.000363753898957275,-0.006376877005366001,-0.006395615929504361
1.249899799599198,17.778691727305514,-0.006363705939737453,0.4842294443362686,0.000363770326482511,-0.005650729201187354,-0.007076682678287551,0.000363770326482511,-0.006354336054533084,-0.006373075824941821
1.258116232464929,18.118249356584503,-0.0063491990388262615,0.48312557991610383,0.00036378537822116444,-0.005636192799410498,-0.007062205278242025,0.00036378537822116444,-0.006339828765923796,-0.006358569311728727
1.2663326653306606,18.46429224278585,-0.006343444238841879,0.482687683566855,0.00036379536792580737,-0.005630418419964798,-0.007056470057718959,0.00036379536792580737,-0.006334073708627646,-0.006352814769056111
1.2745490981963925,18.816944248705536,-0.0063469373913426505,0.4829534858070038,0.000363798413360978,-0.005633905603522319,-0.007059969179162982,0.000363798413360978,-0.006337566782685026,-0.006356308000000275
1.2827655310621235,19.1763316028117,-0.006359825986931156,0.4839342095455294,0.00036379128228785826,-0.0056468081757573094,-0.007072843798105003,0.00036379128228785826,-0.006350455561953541,-0.0063691964119087716
1.2909819639278552,19.54258294442709,-0.006381956006510804,0.48561813510489393,0.00036377802647028705,-0.005668964176261984,-0.007094947836759625,0.00036377802647028705,-0.006372585922972498,-0.006391326090049111
1.2991983967935865,19.91582936977414,-0.006412826857987997,0.4879671712480702,0.00036375788416144006,-0.005699874505939082,-0.007125779210036913,0.00036375788416144006,-0.006403457293269143,-0.006422196422706852
1.3074148296593182,20.296204478899774,-0.0064515479225616765,0.4909135486828822,0.0003637274063762463,-0.00573865530587407,-0.0071644405392492835,0.0003637274063762463,-0.006442179142880325,-0.006460916702243028
1.3156312625250497,20.683844423496147,-0.006497040954983735,0.4943752211767898,0.00036368736150012895,-0.005784226824811083,-0.007209855085156387,0.00036368736150012895,-0.006487673206766098,-0.006506408703201372
1.3238476953907812,21.078887955635004,-0.006548598707391336,0.49829837256624404,0.0003636420630811432,-0.0058358733604884526,-0.007261324054294219,0.0003636420630811432,-0.00653923212595657,-0.006557965288826102
1.3320641282565124,21.48147647743253,-0.006606092978416205,0.5026732477057512,0.000363598027327678,-0.005893453940004146,-0.007318732016828264,0.000363598027327678,-0.006596727531240956,-0.006615458425591454
1.340280561122244,21.89175409166306,-0.006669663969993099,0.5075105148923074,0.0003635622972954251,-0.005957094961157422,-0.007382232978828776,0.0003635622972954251,-0.006660299443141131,-0.006679028496845067
1.3484969939879754,22.30986765333916,-0.006739450555220353,0.5128207413086011,0.00036354061967864713,-0.006026924033732832,-0.007451977076707875,0.00036354061967864713,-0.006730086586733832,-0.006748814523706874
1.3567134268537069,22.735966822277128,-0.006815522951634594,0.5186092699731604,0.00036353563027305993,-0.0061030062092023276,-0.007528039694066861,0.00036353563027305993,-0.006806159111663661,-0.006824886791605527
1.3649298597194384,23.17020411666628,-0.006897804208199345,0.524870245499519,0.00036354523453445447,-0.006185268641760647,-0.007610339774638044,0.00036354523453445447,-0.006888440120844774,-0.006907168295553916
1.3731462925851696,23.61273496766129,-0.006986033690527011,0.531583835600347,0.00036356209403078473,-0.006273465080082708,-0.0076986023009713135,0.00036356209403078473,-0.0069766691689106715,-0.00699539821214335
1.381362725450901,24.06371777501751,-0.007080104921170054,0.5387419381546881,0.00036358322981237714,-0.006367494885355045,-0.0077927149569850624,0.00036358322981237714,-0.007070739855144694,-0.007089469987195413
1.3895791583166326,24.523313963788475,-0.0071802878521372866,0.54636509444972,0.000363605701994332,-0.006467633771654992,-0.007892941932619581,0.000363605701994332,-0.007170922207280312,-0.007189653496994261
1.3977955911823643,24.991688042106663,-0.007287000483061068,0.5544851110666437,0.00036362866629649737,-0.006574301393373599,-0.007999699572748537,0.00036362866629649737,-0.007277634246696598,-0.007296366719425538
1.4060120240480956,25.469007660067444,-0.0074003961014311136,0.5631136520132984,0.00036364702801481566,-0.006687661023437047,-0.00811313117942518,0.00036364702801481566,-0.007391029392111099,-0.007409762810751128
1.4142284569138273,25.955443669738056,-0.007520136504160049,0.5722249826164258,0.0003636584029019535,-0.006807379131796864,-0.008232893876523234,0.0003636584029019535,-0.007510769501849158,-0.00752950350647094
1.4224448897795583,26.451170186312293,-0.007645442465398249,0.5817598097371302,0.00036366416972352417,-0.006932673790272481,-0.008358211140524019,0.00036366416972352417,-0.007636075314547326,-0.007654809616249173
1.4306613226452902,26.956364650433603,-0.007775489594971178,0.5916554035761541,0.00036366756931774467,-0.007062714256763175,-0.008488264933179182,0.00036366756931774467,-0.007766122356554543,-0.007784856833387813
1.4388777555110217,27.471207891708087,-0.00790955613880802,0.6018568441582557,0.000363671460165391,-0.007196773174678761,-0.00862233910293728,0.000363671460165391,-0.007900188800172117,-0.007918923477443924
1.4470941883767527,27.995884193430943,-0.008046946616360377,0.6123112107226882,0.0003636762118332399,-0.007334154339133267,-0.008759738893587487,0.0003636762118332399,-0.008037579155332462,-0.008056314077388292
1.4553106212424844,28.53058135854888,-0.008186923065619812,0.622962349993881,0.00036367859045901733,-0.007474126126371846,-0.008899720004867778,0.00036367859045901733,-0.008177555543323979,-0.008196290587915645
1.4635270541082157,29.07549077688227,-0.008329175022298303,0.6337866380094606,0.00036367902160501964,-0.007616377238019701,-0.009041972806576907,0.00036367902160501964,-0.008319807488897143,-0.008338542555699463
1.4717434869739474,29.63080749363161,-0.00847322537351057,0.644747770120923,0.00036367777950014615,-0.007760430023712785,-0.009186020723308356,0.00036367777950014615,-0.00846385787210317,-0.008482592874917972
1.479959919839679,30.196730279191836,-0.008616401771296103,0.6556424010479794,0.0003636764272113096,-0.007903609071935734,-0.009329194470656471,0.0003636764272113096,-0.008607034304720545,-0.00862576923787166
1.4881763527054104,30.773461700300555,-0.00875382068363254,0.6660989312824223,0.00036367250566462714,-0.008041035670362432,-0.009466605696902648,0.00036367250566462714,-0.008744453318066987,-0.008763188049198093
1.4963927855711416,31.361208192544684,-0.00888210575834548,0.6758604461973378,0.0003636649579399301,-0.008169335538343944,-0.009594875978347015,0.0003636649579399301,-0.008872738587191918,-0.008891472929499041
1.5046092184368731,31.96018013425236,-0.009000911865984498,0.6849006840761123,0.00036365531582125717,-0.008288160544188294,-0.009713663187780702,0.00036365531582125717,-0.00899154494318969,-0.009010278788779306
1.5128256513026046,32.57059192179563,-0.009112684635682534,0.6934057386269261,0.00036364615653745343,-0.00839995126575271,-0.009825418005612357,0.00036364615653745343,-0.009103317948809767,-0.009122051322555301
1.5210420841683363,33.19266204633187,-0.009221351562759108,0.7016744622628568,0.0003636393308569227,-0.008508631570917295,-0.00993407155460092,0.0003636393308569227,-0.00921198505170014,-0.009230718073818076
1.5292585170340676,33.82661317201038,-0.009331111438156427,0.7100263509229188,0.00036363449080025227,-0.008618400932651371,-0.010043821943661484,0.00036363449080025227,-0.009321745051766164,-0.009340477824546691
1.5374749498997988,34.47267221567318,-0.009446608074313982,0.7188147632849753,0.0003636336018244751,-0.008733899311169432,-0.010159316837458533,0.0003636336018244751,-0.009437241710821687,-0.009455974437806278
1.5456913827655303,35.13107042807761,-0.009572438399595507,0.7283894905066165,0.00036363879317533244,-0.008859719461590245,-0.010285157337600768,0.00036363879317533244,-0.009563071902385978,-0.009581804896805036
1.5539078156312618,35.80204347667029,-0.009711351164366057,0.7389596915078955,0.00036364585476681105,-0.008998618385895824,-0.01042408394283629,0.00036364585476681105,-0.009701984485266208,-0.009720717843465907
1.5621242484969935,36.48583152994232,-0.009863828405140582,0.7505620455879495,0.0003636515133499528,-0.009151084536051188,-0.010576572274229977,0.0003636515133499528,-0.009854461580288671,-0.009873195229992493
1.5703406813627248,37.18267934339502,-0.010030020950136241,0.7632080296227489,0.0003636555404574947,-0.009317269188061103,-0.01074277271221138,0.0003636555404574947,-0.010020654021555322,-0.01003938787871716
1.5785571142284565,37.89283634714817,-0.0102089937863725,0.7768264962619451,0.00036365915663173716,-0.009496234936726085,-0.010921752636018914,0.00036365915663173716,-0.010199626764647267,-0.010218360808097732
1.5867735470941875,38.61655673522085,-0.010398155671020202,0.7912202717066252,0.0003636630297509836,-0.009685389230199556,-0.011110922111840848,0.0003636630297509836,-0.010388788549532344,-0.01040752279250806
1.5949899799599194,39.35409955651814,-0.010593019624997233,0.8060479311002268,0.00036366549591430663,-0.009880248350585295,-0.011305790899409172,0.00036366549591430663,-0.010583652439986692,-0.010602386810007774
1.603206412825651,40.10572880755492,-0.01078903230701883,0.8209629999291449,0.0003636649602769556,-0.010076262082436806,-0.011501802531600852,0.0003636649602769556,-0.010779665135805071,-0.010798399478232587
1.6114228456913824,40.87171352695123,-0.010983288506481611,0.8357444138435376,0.0003636610267640939,-0.01027052599144313,-0.011696051021520092,0.0003636610267640939,-0.010973921436586079,-0.010992655576377143
1.6196392785571136,41.652327891731815,-0.01117357046053598,0.8502234180199574,0.0003636526189516646,-0.01046082442450705,-0.01188631649656491,0.0003636526189516646,-0.011164203607206317,-0.011182937313865642
1.627855711422845,42.44785131546548,-0.011357031497662715,0.8641834024860058,0.00036364167828427634,-0.010644306904947833,-0.012069756090377597,0.00036364167828427634,-0.01134766492613943,-0.011366398069186
1.6360721442885766,43.25856854827845,-0.011530095964425668,0.8773522873101268,0.0003636316904711477,-0.010817390947464802,-0.012242800981386534,0.0003636316904711477,-0.011520729650165429,-0.011539462278685908
1.644288577154308,44.084769778777854,-0.011689093441048308,0.8894507815656654,0.00036362579147200693,-0.010976399985913304,-0.012401786896183313,0.00036362579147200693,-0.01167972727873269,-0.011698459603363926
1.6525050100200396,44.9267507379223,-0.011830803849469837,0.9002338618928266,0.00036362494735651415,-0.011118112048770796,-0.012543495650168879,0.00036362494735651415,-0.01182143770889669,-0.011840169990042984
1.6607214428857708,45.784812804875656,-0.011953614311605224,0.909578800581328,0.0003636281283440704,-0.011240916276285137,-0.01266631234692531,0.0003636281283440704,-0.011944248089097168,-0.01196298053411328
1.6689378757515023,46.659263114883245,-0.01205750121775874,0.9174838011135504,0.00036363556268897393,-0.011344788611390395,-0.012770213824127085,0.00036363556268897393,-0.012048134803759094,-0.012066867631758385
1.6771543086172338,47.55041466920765,-0.01214360852448365,0.9240359098507457,0.00036364479103420715,-0.01143087783089101,-0.01285633921807629,0.00036364479103420715,-0.0121342418727831,-0.012152975176184199
1.6853707414829655,48.45858644716491,-0.012213510183641139,0.9293548925147076,0.0003636543759232511,-0.011500760704011178,-0.0129262596632711,0.0003636543759232511,-0.012204143285055938,-0.01222287708222634
1.6935871743486968,49.38410352029985,-0.012268520968403553,0.9335407933074624,0.0003636629894553384,-0.011555754606560921,-0.012981287330246186,0.0003636629894553384,-0.012259153847953619,-0.012277888088853488
1.7018036072144285,50.32729716874272,-0.012309683501863802,0.9366729478874636,0.00036366810208808667,-0.011596907119445117,-0.013022459884282488,0.00036366810208808667,-0.012300316249724231,-0.012319050754003373
1.7100200400801595,51.28850499978742,-0.012338116978711428,0.9388365184271548,0.0003636695336947115,-0.011625337790395318,-0.013050896167027537,0.0003636695336947115,-0.01232874968969697,-0.012347484267725885
1.718236472945891,52.26807106873521,-0.012356175397241296,0.9402106262274079,0.00036367071632812005,-0.011643393891006298,-0.013068956903476293,0.00036367071632812005,-0.012346808077764927,-0.012365542716717665
1.7264529058116227,53.26634600204592,-0.012366405852038327,0.9409890857427572,0.00036367218065246954,-0.011653621475780343,-0.013079190228296312,0.00036367218065246954,-0.012357038494844338,-0.012375773209232317
1.734669338677354,54.28368712284122,-0.012370972702885319,0.9413365882309216,0.00036367285832393655,-0.011658186998415665,-0.013083758407354972,0.00036367285832393655,-0.012361605328236073,-0.012380340077534564
1.7428857715430857,55.32045857880546,-0.012372253092339597,0.9414340160944732,0.0003636720836698227,-0.011659468906164108,-0.013085037278515087,0.0003636720836698227,-0.012362885737643657,-0.012381620447035538
1.751102204408817,56.37703147252848,-0.012372799453463038,0.9414755900052912,0.0003636720832742403,-0.011660015268062877,-0.0130855836388632,0.0003636720832742403,-0.012363432098777287,-0.01238216680814879
1.7593186372745486,57.45378399433868,-0.012374206149281019,0.9415826288189544,0.0003636738109843502,-0.011661418577631266,-0.013086993720930772,0.0003636738109843502,-0.012364838750093437,-0.0123835735484686
1.76753507014028,58.551101557672325,-0.012375929663541117,0.9417137750976128,0.00036367694880433984,-0.011663135941877194,-0.01308872338520504,0.00036367694880433984,-0.012366562183530525,-0.012385297143551709
1.7757515030060116,59.66937693702904,-0.012375854233318082,0.9417080354334404,0.0003636773409489017,-0.011663059743064941,-0.013088648723571223,0.0003636773409489017,-0.012366486743206749,-0.012385221723429415
1.7839679358717428,60.80901040856134,-0.012372366289619397,0.9414426295433687,0.0003636732395699886,-0.011659579837921213,-0.013085152741317581,0.0003636732395699886,-0.012362998905150132,-0.012381733674088662
1.7921843687374746,61.970409893350144,-0.012363737927476045,0.9407860770493074,0.00036366439053585906,-0.011650968819566053,-0.013076507035386037,0.00036366439053585906,-0.012354370770937505,-0.012373105084014586
1.8004008016032058,63.15399110341583,-0.012348607873885597,0.9396347954671193,0.0003636516667596119,-0.011635863704118796,-0.013061352043652398,0.0003636516667596119,-0.012339241045082208,-0.012357974702688986
1.808617234468937,64.36017769051885,-0.012325882707001265,0.937905583740956,0.0003636381001022233,-0.011613165127394336,-0.013038600286608193,0.0003636381001022233,-0.012316516227643702,-0.012335249186358827
1.8168336673346688,65.58940139780175,-0.012294715884173545,0.9355340264373172,0.0003636271505195767,-0.01158201976535425,-0.01300741200299284,0.0003636271505195767,-0.012285349686851995,-0.012304082081495095
1.8250501002004,66.84210221432734,-0.012254890381492058,0.9325036096932864,0.00036362088115718904,-0.011542206550397248,-0.012967574212586867,0.00036362088115718904,-0.012245524345654834,-0.012264256417329282
1.833266533066132,68.11872853256908,-0.012206844462815152,0.928847682042974,0.00036361960242487537,-0.011494163137989623,-0.012919525787640681,0.00036361960242487537,-0.012197478459915125,-0.01221621046571518
1.841482965931863,69.41973730890844,-0.012151677806292132,0.924649920599092,0.0003636232563449304,-0.011438989319914892,-0.012864366292669372,0.0003636232563449304,-0.012142311709275546,-0.012161043903308718
1.8496993987975947,70.74559422719871,-0.012090954569237741,0.9200293457932172,0.00036362867624127414,-0.011378255460058868,-0.012803653678416614,0.00036362867624127414,-0.012081588332617117,-0.012100320805858366
1.857915831663326,72.09677386545154,-0.012026639125938703,0.9151354315134164,0.00036363427654226743,-0.01131392904037158,-0.012739349211505826,0.00036363427654226743,-0.01201727274506723,-0.012036005506810174
1.8661322645290577,73.47375986570826,-0.011961277798010057,0.9101619333971168,0.00036363977953734095,-0.011248556926770783,-0.01267399866924933,0.00036363977953734095,-0.011951911275394116,-0.011970644320625997
1.874348697394789,74.87704510715447,-0.011898494963548945,0.9053846389506336,0.0003636447883333778,-0.011185764275249832,-0.012611225651848057,0.0003636447883333778,-0.011889128311917962,-0.011907861615179927
1.88256513026052,76.30713188254197,-0.011842913827640297,0.9011553387894552,0.00036364966958529353,-0.01113017357226323,-0.012555654083017363,0.00036364966958529353,-0.011833547050279515,-0.011852280605001079
1.890781563126252,77.76453207797948,-0.011798405293043851,0.8977685790648618,0.0003636543599128738,-0.011085655844793652,-0.01251115474129405,0.0003636543599128738,-0.01178903839487104,-0.011807772191216662
1.8989979959919832,79.24976735615734,-0.01176702795931134,0.8953810034883143,0.0003636597775697695,-0.011054267892648744,-0.012479788025973935,0.0003636597775697695,-0.011757660921592174,-0.011776394997030506
1.9072144288577149,80.76336934307214,-0.01174911566038368,0.8940180142743778,0.000363664634269844,-0.011036346074763854,-0.012461885246003505,0.000363664634269844,-0.011739748497567114,-0.011758482823200245
1.915430861723446,82.30587981831677,-0.011743920403554433,0.8936226948879332,0.00036366781808145097,-0.011031144577778524,-0.012456696229330341,0.00036366781808145097,-0.011734553158730218,-0.011753287648378647
1.9236472945891776,83.87785090900589,-0.011750150470001275,0.8940967553870042,0.0003636700542487637,-0.01103737026141797,-0.01246293067858458,0.0003636700542487637,-0.011740783167578544,-0.011759517772424006
1.931863727454909,85.47984528740396,-0.011766075599868094,0.8953085362045682,0.00036367102136155747,-0.011053293495778544,-0.012478857703957643,0.00036367102136155747,-0.011756708272534765,-0.011775442927201422
1.9400801603206408,87.11243637232926,-0.011790143924925172,0.8971399520146103,0.00036367072459102376,-0.011077362402495182,-0.012502925447355163,0.00036367072459102376,-0.01178077660523597,-0.011799511244614374
1.948296593186372,88.77620853440293,-0.01182079080635307,0.8994719457467222,0.00036367033302828905,-0.011108010051371936,-0.012533571561334205,0.00036367033302828905,-0.011811423496749622,-0.011830158115956519
1.956513026052104,90.47175730521975,-0.011856098303628106,0.9021585767677496,0.0003636707026276919,-0.011143316824245453,-0.012568879783010758,0.0003636707026276919,-0.011846730984504629,-0.011865465622751583
1.964729458917835,92.19968959051238,-0.011893697354690433,0.9050195775392956,0.00036367134348047874,-0.011180914619259399,-0.012606480090121467,0.00036367134348047874,-0.011884330019060065,-0.011903064690320802
1.9729458917835665,93.96062388738802,-0.011931266869751014,0.9078783308465735,0.0003636712189388139,-0.011218484378417158,-0.01264404936108487,0.0003636712189388139,-0.011921899537328551,-0.011940634202173476
1.981162324649298,95.75519050571354,-0.011967361092129106,0.9106248256424367,0.00036367050874053355,-0.011254579992758302,-0.01268014219149991,0.00036367050874053355,-0.011957993777999713,-0.011976728406258498
1.9893787575150288,97.58403179372864,-0.012001786114642836,0.9132443070705454,0.00036367021010440275,-0.011289005600588091,-0.01271456662869758,0.00036367021010440275,-0.011992418808205622,-0.01201115342108005
1.997595190380761,99.44780236796892,-0.012034250524111324,0.915714600812352,0.00036367043818033215,-0.011321469563035973,-0.012747031485186675,0.00036367043818033215,-0.0120248832117994,-0.012043617836423248
2.005811623246492,101.34716934757913,-0.012063534574287575,0.9179428934894562,0.00036366994674642437,-0.011350754576404984,-0.012776314572170166,0.00036366994674642437,-0.012054167274633857,-0.012072901873941293
2.014028056112224,103.28281259310276,-0.012088320864796777,0.9198289409897786,0.00036366776145906163,-0.011375545149998712,-0.012801096579594842,0.00036366776145906163,-0.012078953621431025,-0.01209768810816253
2.022244488977955,105.25542494983108,-0.012107546759350546,0.921291884803462,0.0003636637642423552,-0.011394778878953266,-0.012820314639747827,0.0003636637642423552,-0.012098179618943883,-0.01211691389975721
2.030460921843687,107.26571249580142,-0.01212082780610987,0.9223024710802907,0.00036365967815994623,-0.011408067934286949,-0.012833587677932792,0.00036365967815994623,-0.012111460770951273,-0.012130194841268468
2.038677354709418,109.3143947945302,-0.012128494230129733,0.9228858274261588,0.0003636573757962549,-0.011415738870856725,-0.012841249589402741,0.0003636573757962549,-0.012119127254274718,-0.012137861205984748
2.04689378757515,111.40220515257488,-0.012130782779596894,0.9230599685708492,0.00036365704130469695,-0.011418028075915293,-0.012843537483278494,0.00036365704130469695,-0.01212141581235761,-0.012140149746836177
2.055110220440881,113.52989088201322,-0.012128149026880062,0.9228595600939856,0.00036365630678901413,-0.011415395762822746,-0.012840902290937378,0.00036365630678901413,-0.012118782078560209,-0.012137515975199915
2.0633266533066124,115.69821356793744,-0.012122495534136912,0.9224293724524606,0.0003636542913878634,-0.011409746220193265,-0.01283524484808056,0.0003636542913878634,-0.012113128637729148,-0.012131862430544677
2.071543086172344,117.90794934105602,-0.012115613321509103,0.9219056886072097,0.0003636522743150417,-0.011402867960955541,-0.012828358682062665,0.0003636522743150417,-0.012106246477056486,-0.01212498016596172
2.0797595190380758,120.15988915550216,-0.012108560747598106,0.9213690415687698,0.0003636519833499826,-0.01139581595732558,-0.012821305537870632,0.0003636519833499826,-0.012099193910640078,-0.012117927584556133
2.087975951903807,122.45483907194908,-0.012101524770789546,0.9208336574431304,0.00036365372673172636,-0.01138877656355159,-0.0128142729780275,0.00036365372673172636,-0.012092157888926022,-0.012110891652653069
2.0961923847695383,124.79362054613088,-0.012094412286416285,0.9202924516758418,0.0003636558781805594,-0.011381659862416104,-0.012807164710416466,0.0003636558781805594,-0.0120850453491364,-0.012103779223696171
2.10440881763527,127.17707072287604,-0.012086693556368957,0.9197051152405644,0.00036365713932865975,-0.01137393866056392,-0.012799448452173994,0.00036365713932865975,-0.012077326586604802,-0.012096060526133112
2.1126252505010013,129.6060427357544,-0.012077351801210718,0.9189942789837925,0.0003636574755376896,-0.01136459624644809,-0.012790107355973345,0.0003636574755376896,-0.012067984822786593,-0.012086718779634843
2.120841683366733,132.0814060124492,-0.012065143554154348,0.9180653245750868,0.00036365673828629214,-0.011352389444377907,-0.012777897663930789,0.00036365673828629214,-0.01205577659472012,-0.012074510513588576
2.129058116232464,134.60404658595988,-0.012049673015324136,0.9168881346652644,0.00036365498796141443,-0.011336922336121416,-0.012762423694526856,0.00036365498796141443,-0.012040306100974243,-0.01205903992967403
2.137274549098196,137.17486741174991,-0.012032472341297444,0.9155792946740661,0.0003636525474173642,-0.011319726445473166,-0.012745218237121722,0.0003636525474173642,-0.01202310548981034,-0.012041839192784547
2.145490981963927,139.79478869095038,-0.012015556863535618,0.9142921559415638,0.0003636505355268311,-0.011302814910944326,-0.01272829881612691,0.0003636505355268311,-0.012006190063870178,-0.012024923663201058
2.1537074148296584,142.46474819973812,-0.012000632881629017,0.9131565548414575,0.0003636501086047676,-0.011287891765789593,-0.012713373997468441,0.0003636501086047676,-0.011991266092960105,-0.012009999670297929
2.16192384769539,145.18570162500367,-0.011989406046793931,0.9123022784111308,0.00036365133014871,-0.011276662536772375,-0.012702149556815487,0.00036365133014871,-0.011980039226660863,-0.011998772866926999
2.1701402805611214,147.95862290642975,-0.011982723169318718,0.9117937624493572,0.0003636537396133956,-0.011269974936833155,-0.01269547140180428,0.0003636537396133956,-0.011973356287123392,-0.011992090051514043
2.178356713426853,150.78450458510497,-0.011979792156154901,0.911570734721631,0.00036365619332772353,-0.011267039114477628,-0.012692545197832174,0.00036365619332772353,-0.01197042521075755,-0.011989159101552252
2.1865731462925844,153.6643581587933,-0.011978191103220489,0.9114489068150424,0.00036365833287657314,-0.011265433868104528,-0.01269094833833645,0.00036365833287657314,-0.01196882410271329,-0.011987558103727687
2.194789579158316,156.59921444399157,-0.011976461155484614,0.9113172709979876,0.0003636598946922197,-0.011263700859266234,-0.012689221451702993,0.0003636598946922197,-0.011967094114748644,-0.011985828196220584
2.2030060120240478,159.59012394489898,-0.011973950449821172,0.911126225462601,0.00036366037526128995,-0.011261189211704723,-0.012686711687937622,0.00036366037526128995,-0.01196458339670685,-0.011983317502935494
2.211222444889779,162.63815722943676,-0.011969947535128433,0.9108216342109394,0.00036366016787279707,-0.011257186703485961,-0.012682708366770904,0.00036366016787279707,-0.011960580487355961,-0.011979314582900904
2.2194388777555103,165.7444053124465,-0.01196407751273532,0.9103749703159424,0.0003636592154028742,-0.011251318547899592,-0.012676836477571047,0.0003636592154028742,-0.011954710489496277,-0.011973444535974362
2.227655310621242,168.9099800462099,-0.011957404895684106,0.9098672350941118,0.00036365744985182,-0.011244649391264858,-0.012670160400103355,0.00036365744985182,-0.011948037917921591,-0.011966771873446622
2.2358717434869733,172.1360145184246,-0.011951613933001102,0.9094265870395477,0.000363655783941515,-0.011238861693706054,-0.01266436617229615,0.000363655783941515,-0.011942246998148595,-0.011960980867853608
2.2440881763527045,175.4236634577833,-0.011948945598329217,0.9092235471398876,0.0003636550824422583,-0.011236194733947446,-0.012661696462710988,0.0003636550824422583,-0.011939578681545715,-0.011958312515112719
2.252304609218436,178.77410364729772,-0.011951298703298394,0.9094026004654938,0.0003636550859200921,-0.011238547832100194,-0.012664049574496595,0.0003636550859200921,-0.011941931786425311,-0.011960665620171477
2.2605210420841675,182.18853434551636,-0.011959335582129863,0.9100141455946392,0.00036365528204847653,-0.011246584326527094,-0.012672086837732632,0.00036365528204847653,-0.011949968660204965,-0.011968702504054761
2.268737474949899,185.668177715789,-0.01197205787513495,0.910982214976046,0.000363655336158606,-0.011259306513478276,-0.012684809236791625,0.000363655336158606,-0.0119626909518163,-0.011981424798453601
2.2769539078156305,189.2142792637273,-0.011987273357867374,0.9121399970638108,0.0003636547773815475,-0.01127452309139361,-0.012700023624341139,0.0003636547773815475,-0.011977906448941533,-0.011996640266793215
2.285170340681362,192.82810828302323,-0.01200308088660304,0.9133428293330085,0.00036365390783093697,-0.011290332324417155,-0.012715829448788926,0.00036365390783093697,-0.01199371400007482,-0.012012447773131261
2.2933867735470934,196.5109583097791,-0.012018610873672368,0.9145245428000264,0.0003636534210018603,-0.01130586326565394,-0.012731358481690797,0.0003636534210018603,-0.012009243999683741,-0.012027977747660994
2.301603206412825,200.26414758551851,-0.012034974310825616,0.9157696754562464,0.00036365307786832775,-0.011322227375336554,-0.012747721246314677,0.00036365307786832775,-0.012025607445675318,-0.012044341175975913
2.3098196392785564,204.0890195290368,-0.012053778514159471,0.9172005317870962,0.00036365301220301943,-0.011341031707372048,-0.012766525320946895,0.00036365301220301943,-0.01204441165070056,-0.012063145377618382
2.318036072144288,207.9869432172663,-0.01207604270596352,0.9188946668285269,0.00036365349599831086,-0.01136329495095475,-0.012788790460972291,0.00036365349599831086,-0.012066675830043158,-0.012085409581883883
2.32625250501002,211.9593138753244,-0.012102446700934306,0.9209038092895454,0.0003636541112969865,-0.011389697739962292,-0.012815195661906321,0.0003636541112969865,-0.01209307980916527,-0.012111813592703344
2.3344689378757506,216.0075533759204,-0.012133970574148849,0.9233025354020588,0.0003636551081474873,-0.011421219659385756,-0.012846721488911942,0.0003636551081474873,-0.01212460365670324,-0.012143337491594458
2.3426853707414823,220.1331107483028,-0.012170974538076255,0.9261182545852658,0.0003636564408552677,-0.01145822101125391,-0.0128837280648986,0.0003636564408552677,-0.012161607586303164,-0.012180341489849346
2.3509018036072136,224.3374626969243,-0.012213058062475123,0.929320489545264,0.0003636575462424902,-0.011500302369133632,-0.012925813755816614,0.0003636575462424902,-0.012203691082229805,-0.01222242504272044
2.3591182364729453,228.6221141300157,-0.012259485098556476,0.9328532325878787,0.0003636583357627983,-0.011546727857783616,-0.012972242339329336,0.0003636583357627983,-0.012250118097974935,-0.012268852099138017
2.3673346693386765,232.98859869825205,-0.012310054575753442,0.9367011837778535,0.0003636587451958249,-0.011597296532506598,-0.013022812619000287,0.0003636587451958249,-0.01230068756462585,-0.012319421586881034
2.375551102204408,237.4384793437103,-0.012364369445448681,0.9408341307463,0.00036365914880464055,-0.011651610611143094,-0.013077128279754269,0.00036365914880464055,-0.012355002423925057,-0.012373736466972306
2.3837675350701395,241.97334885930775,-0.01242155561158798,0.9451855614559498,0.0003636597083452947,-0.011708795680602863,-0.013134315542573098,0.0003636597083452947,-0.012412188575651878,-0.012430922647524083
2.391983967935871,246.59483045892927,-0.012479631108074075,0.9496046634162416,0.00036366013313975717,-0.01176687034450711,-0.01319239187164104,0.00036366013313975717,-0.012470264061196246,-0.012488998154951905
2.4002004008016025,251.3045783584396,-0.012535325128316187,0.9538425532134882,0.00036366016176638037,-0.011822564308642073,-0.013248085947990302,0.00036366016176638037,-0.012525958080701003,-0.012544692175931372
2.4084168336673337,256.10427836779564,-0.01258641087012864,0.957729788199769,0.00036365999221814565,-0.011873650382762958,-0.013299171357494323,0.00036365999221814565,-0.012577043826880628,-0.012595777913376653
2.416633266533065,260.9956484944662,-0.012632245316054877,0.9612174396551468,0.00036366023975911043,-0.01191948434351782,-0.013345006288591935,0.00036366023975911043,-0.012622878266430779,-0.012641612365678975
2.4248496993987967,265.98043955837534,-0.012673485844892187,0.9643555290879607,0.0003636609961820381,-0.011960723389793435,-0.01338624829999094,0.0003636609961820381,-0.012664118775784378,-0.012682852913999997
2.4330661322645284,271.06043581859376,-0.012711435369363635,0.967243198210584,0.00036366189982167777,-0.011998671143163733,-0.013424199595563537,0.00036366189982167777,-0.012702068276980151,-0.01272080246174712
2.44128256513026,276.2374556119958,-0.01274677703372989,0.969932429086437,0.0003636624464802027,-0.012034011736098967,-0.013459542331360812,0.0003636624464802027,-0.012737409927265742,-0.012756144140194037
2.449498997995992,281.5133520041176,-0.01277957563768261,0.9724281524774028,0.00036366227464068563,-0.012066810676850951,-0.013492340598514268,0.00036366227464068563,-0.012770208535644652,-0.012788942739720567
2.4577154308617226,286.8900134524428,-0.012809359638091843,0.974694487550841,0.00036366140650222336,-0.012096596378780305,-0.01352212289740338,0.00036366140650222336,-0.012799992558415131,-0.012818726717768554
2.4659318637274543,292.36936448236014,-0.012835410216528087,0.9766767377114042,0.0003636603316199518,-0.01212264906394709,-0.013548171369109085,0.0003636603316199518,-0.012826043164537866,-0.012844777268518308
2.4741482965931856,297.9533663760268,-0.012858266577648951,0.9784159323174896,0.00036365926213191113,-0.012145507521225994,-0.013571025634071908,0.00036365926213191113,-0.012848899553206276,-0.012867633602091626
2.4823647294589173,303.6440178743935,-0.012879354965053458,0.9800205976196787,0.0003636585804638592,-0.012166597244675333,-0.013592112685431583,0.0003636585804638592,-0.012869987958168981,-0.012888721971937935
2.4905811623246485,309.4433558926326,-0.012900374223326343,0.9816200027226524,0.00036365854796663625,-0.012187616566641604,-0.013613131880011082,0.00036365854796663625,-0.01289100721727892,-0.012909741229373765
2.49879759519038,315.3534562492346,-0.01292307887370618,0.9833476532994374,0.0003636598300197521,-0.012210318704243507,-0.013635839043168852,0.0003636598300197521,-0.012913711834636023,-0.012932445912776336
2.5070140280561115,321.37643440902724,-0.012948518192133255,0.9852833912393876,0.0003636631465011678,-0.012235751522486453,-0.013661284861780056,0.0003636631465011678,-0.012939151067638181,-0.012957885316628328
2.5152304609218428,327.51444624038504,-0.012977296026049103,0.987473164723303,0.0003636696262527738,-0.012264516656322524,-0.013690075395775683,0.0003636696262527738,-0.012967928734650563,-0.012986663317447644
2.5234468937875745,333.76968878690457,-0.013009953869541412,0.9899581773177338,0.00036368046077225034,-0.01229715326454687,-0.013722754474535954,0.00036368046077225034,-0.01300058629907062,-0.013019321440012204
2.5316633266533057,340.1444010538126,-0.013046344367557515,0.9927272164280144,0.0003636968958473475,-0.012333511550407699,-0.013759177184707332,0.0003636968958473475,-0.01303697637375707,-0.013055712361357961
2.539879759519037,346.64086480940006,-0.013086402340051284,0.9957753223501896,0.00036371999181950514,-0.01237352425562785,-0.013799280424474718,0.00036371999181950514,-0.013077033751351826,-0.013095770928750743
2.5480961923847687,353.26140540175646,-0.013130400598439982,0.9991232539505932,0.00036375085934595136,-0.012417462014776422,-0.013843339182103542,0.00036375085934595136,-0.013121031214664184,-0.01313976998221578
2.5563126252505004,360.0083925911092,-0.013178556416567575,1.0027875441101797,0.0003637901213879004,-0.012465540880715836,-0.013891571952419314,0.0003637901213879004,-0.013169186021492066,-0.013187926811643083
2.564529058116232,366.8842413980544,-0.013231930747306834,1.0068489232437288,0.00036383722286722597,-0.012518822894251998,-0.01394503860036167,0.00036383722286722597,-0.013222559139005776,-0.013241302355607892
2.572745490981964,373.8914129679932,-0.013291614655325426,1.0113904130437512,0.00036388988962054894,-0.012578403577330895,-0.014004825733319957,0.00036388988962054894,-0.013282241690450187,-0.013300987620200665
2.580961923847694,381.0324154520732,-0.013357080819769041,1.016371888418565,0.0003639443411529666,-0.012643763018732069,-0.014070398620806014,0.0003639443411529666,-0.013347706452347825,-0.013366455187190257
2.589178356713426,388.3098049049597,-0.013426835593247215,1.0216796942035904,0.0003639951693770162,-0.012713418170721707,-0.014140253015772724,0.0003639951693770162,-0.013417459916608095,-0.013436211269886335
2.5973947895791576,395.7261861997507,-0.01349916880979912,1.0271836998238484,0.0003640357442505167,-0.012785671861982874,-0.014212665757615367,0.0003640357442505167,-0.013489792088044775,-0.013508545531553466
2.605611222444889,403.2842139603653,-0.013572359129084052,1.0327529244193516,0.00036406001499681627,-0.01285881461147918,-0.014285903646688924,0.00036406001499681627,-0.013562981782171218,-0.013581736475996885
2.613827655310621,410.9865935117441,-0.013644330497647116,1.038229396169844,0.0003640669969220631,-0.012930772295720218,-0.014357888699574014,0.0003640669969220631,-0.01363495297089598,-0.013653708024398251
2.622044088176352,418.83608184819184,-0.013713268481977084,1.0434750505356931,0.00036406850831384745,-0.01299970731777672,-0.014426829646177447,0.00036406850831384745,-0.01370389091629598,-0.013722646047658188
2.6302605210420835,426.83548862022064,-0.013778231439294044,1.048418235689426,0.00036410043224994353,-0.013064607705328688,-0.0144918551732594,0.00036410043224994353,-0.013768853051325924,-0.013787609827262164
2.638476953907815,434.9876771402346,-0.013839096634815471,1.0530496124509952,0.00036423929041885816,-0.013125200743840083,-0.01455299252579086,0.00036423929041885816,-0.013829714670180956,-0.013848478599449987
2.6466933867735465,443.2955654074292,-0.0138969749720184,1.0574537120948635,0.000364623485897058,-0.013182326071742717,-0.014611623872294081,0.000364623485897058,-0.013887583111393846,-0.013906366832642953
2.6549098196392777,451.7621271522579,-0.013953103336103502,1.0617246521429755,0.0003654760566088574,-0.01323678342793842,-0.014669423244268585,0.0003654760566088574,-0.01394368951522239,-0.013962517156984615
2.663126252505009,460.3903929008548,-0.014008249725319296,1.065920871399489,0.0003671266214998139,-0.013288694769413793,-0.0147278046812248,0.0003671266214998139,-0.01399879338969076,-0.014017706060947833
2.6713426853707407,469.1834510597789,-0.014062749561668633,1.0700678929183598,0.0003700236342951214,-0.013337516565021575,-0.01478798255831569,0.0003700236342951214,-0.014053218605667429,-0.014072280517669837
2.679559118236472,478.1444490214842,-0.014116462167590745,1.0741550122110828,0.0003747254118395165,-0.013382013856293354,-0.014850910478888136,0.0003747254118395165,-0.014106810104636498,-0.014126114230544991
2.687775551102204,487.2765942908968,-0.01416902558341018,1.078154686909394,0.0003818544963821252,-0.013420604523166534,-0.014917446643653826,0.0003818544963821252,-0.014159189891668995,-0.014178861275151364
2.695991983967935,496.58315563351056,-0.01422042175435678,1.0820655431831068,0.0003920030883010533,-0.013452109819458241,-0.01498873368925532,0.0003920030883010533,-0.014210324658277903,-0.014230518850435659
2.704208416833666,506.0674642454139,-0.01427039588897665,1.0858681933475427,0.000405593288654163,-0.013475447650843332,-0.015065344127109966,0.000405593288654163,-0.01425994874065892,-0.014280843037294379
2.712424849699398,515.732914945656,-0.014318907202534472,1.0895595339956772,0.0004227859261134316,-0.013490262014181733,-0.015147552390887211,0.0004227859261134316,-0.014308017211500814,-0.01432979719356813
2.7206412825651296,525.5829673913952,-0.014365982355215398,1.0931415937640878,0.0004435769078001704,-0.01349658759155342,-0.015235377118877376,0.0004435769078001704,-0.014354556836411857,-0.014377407874018939
2.728857715430861,535.6211473162454,-0.014411647591677759,1.096616369670934,0.0004678476722702428,-0.013494683003777184,-0.015328612179578333,0.0004678476722702428,-0.014399596913919923,-0.014423698269435594
2.737074148296593,545.8510477922845,-0.014455928747039692,1.099985827571492,0.0004953989863380443,-0.013484964575839475,-0.015426892918239909,0.0004953989863380443,-0.014443168410930829,-0.014468689083148556
2.745290581162324,556.2763305161558,-0.014498851252780762,1.1032519026072245,0.0005259835156332937,-0.013467942505677746,-0.015529759999883777,0.0005259835156332937,-0.014485303129687464,-0.01451239937587406
2.7535070140280555,566.9007271197428,-0.014540440142562585,1.1064164996486845,0.0005593327062815253,-0.013444168182875475,-0.015636712102249695,0.0005593327062815253,-0.014526033021180301,-0.014554847263944869
2.761723446893787,577.7280405058667,-0.014580720057969896,1.1094814937323676,0.0005951763368038177,-0.013414195873383933,-0.01574724424255586,0.0005951763368038177,-0.014565389687276572,-0.01459605042866322
2.769939879759518,588.7621462095041,-0.014619715254172716,1.1124487304915591,0.0006332551381797812,-0.013378557990315409,-0.015860872518030023,0.0006332551381797812,-0.01460340406131871,-0.014636026447026723
2.7781563126252498,600.0069937849962,-0.014657449605512575,1.1153200265814038,0.0006733278763743916,-0.01333775121803193,-0.01597714799299322,0.0006733278763743916,-0.014640106231280998,-0.014674792979744153
2.786372745490981,611.4666082197532,-0.014693946611005928,1.1180971700976727,0.0007151745015855433,-0.01329223034523688,-0.016095662876774976,0.0007151745015855433,-0.01467552536415563,-0.014712367857856226
2.7945891783567127,623.1450913749646,-0.014729229399779404,1.1207819209903451,0.0007585967615550388,-0.013242407068342808,-0.016216051731216,0.0007585967615550388,-0.01470968969559048,-0.014748769103968327
2.802805611222444,635.0466234538172,-0.014763320736425336,1.1233760114711226,0.0008034173309655762,-0.01318865170317751,-0.016337989769673163,0.0008034173309655762,-0.014742626557669364,-0.014784014915181307
2.811022044088176,647.1754644977643,-0.014796243026283924,1.1258811464153622,0.0008494781757969223,-0.013131296396069171,-0.016461189656498676,0.0008494781757969223,-0.014774362426324609,-0.014818123626243239
2.819238476953907,659.5359559113624,-0.014828018320654616,1.1282990037586222,0.0008966386078516575,-0.013070638942117234,-0.016585397699191998,0.0008966386078516575,-0.014804922976659375,-0.014851113664649857
2.8274549098196387,672.1325220162414,-0.014858668321935038,1.1306312348876957,0.0009447732977053429,-0.013006946684877427,-0.01671038995899265,0.0009447732977053429,-0.014834333139268407,-0.014883003504601668
2.83567134268537,684.9696716347432,-0.014888214388685546,1.1328794650259837,0.000993770391237233,-0.01294046021295829,-0.0168359685644128,0.000993770391237233,-0.014862617153816416,-0.014913811623554676
2.8438877755511016,698.0519997038188,-0.01491667754062931,1.1350452936139648,0.001043529798413024,-0.01287139671894544,-0.01696195836231318,0.001043529798413024,-0.014889798618115168,-0.014943556463143453
2.852104208416833,711.3841889197356,-0.014944078463580894,1.1371302946842206,0.0010939616779761512,-0.012799952974280633,-0.017088203952881156,0.0010939616779761512,-0.014915900532082934,-0.014972256395078853
2.860320641282564,724.9710114142107,-0.014970437514304685,1.139136017231127,0.001144985116802492,-0.012726307922537414,-0.017214567106071957,0.001144985116802492,-0.014940945336619695,-0.014999929691989676
2.868537074148296,738.8173304625478,-0.01499577472531002,1.141063985575725,0.0011965269900775638,-0.01265062491822788,-0.01734092453239216,0.0011965269900775638,-0.014964954947761469,-0.015026594502858572
2.876753507014027,752.9281022243991,-0.015020109809576113,1.1429156997252528,0.0012485209830842257,-0.012573053648788489,-0.017467165970363737,0.0012485209830842257,-0.014987950786601745,-0.01505226883255048
2.884969939879759,767.3083775177806,-0.015043462165215618,1.144692635728007,0.0013009067540644338,-0.012493731780004421,-0.017593192550426812,0.0013009067540644338,-0.015009953805517793,-0.015076970524913443
2.89318637274549,781.9633036269593,-0.015065850880071134,1.1463962460231014,0.0013536292184224935,-0.012412786363541945,-0.017718915396600324,0.0013536292184224935,-0.015030984511204439,-0.01510071724893783
2.9014028056112218,796.8981261448811,-0.015087294736246818,1.148027959785288,0.0014066379363370104,-0.012330335041738532,-0.017844254430755102,0.0014066379363370104,-0.015051062984979385,-0.015123526487514251
2.909619238476953,812.1181908507765,-0.015107812214580145,1.1495891832652243,0.0014598865880123516,-0.012246487080562873,-0.017969137348597418,0.0014598865880123516,-0.015070208900771287,-0.015145415528389003
2.9178356713426843,827.6289456236327,-0.015127421499050853,1.15108130012496,0.0015133325229838102,-0.012161344257369451,-0.018093498740732253,0.0015133325229838102,-0.015088441541137554,-0.015166401456964152
2.926052104208416,843.435942392217,-0.015146140481128376,1.1525056717687436,0.0015669363719215015,-0.012075001626096373,-0.018217279336160377,0.0015669363719215015,-0.01510577981161082,-0.015186501150645931
2.934268537074148,859.5448391223276,-0.015163986764057696,1.1538636376691431,0.0016206617111878656,-0.011987548179006425,-0.018340425349108968,0.0016206617111878656,-0.015122242253625025,-0.015205731274490368
2.9424849699398785,875.9614018420135,-0.015180977667087592,1.1551565156887829,0.0016744747719692182,-0.011899067421007005,-0.018462887913168177,0.0016744747719692182,-0.015137847056235757,-0.015224108277939427
2.95070140280561,892.6915067054762,-0.015197130229639118,1.156385602397534,0.001728344187136999,-0.011809637869961444,-0.018584622589316792,0.001728344187136999,-0.015152612066809007,-0.015241648392469229
2.958917835671342,909.7411420963724,-0.015212461215417179,1.1575521733853733,0.0017822407701171203,-0.011719333494208693,-0.018705588936625665,0.0017822407701171203,-0.015166554800828562,-0.015258367630005796
2.9671342685370736,927.116410771308,-0.015226987116463902,1.1586574835708134,0.0018361373209854804,-0.0116282240966625,-0.018825750136265303,0.0018361373209854804,-0.015179692450943905,-0.015274281781983898
2.9753507014028044,944.8235320442564,-0.015240724157155657,1.1597027675050469,0.0018900084557894339,-0.011536375653332204,-0.018945072660979112,0.0018900084557894339,-0.015192041895363521,-0.015289406418947793
2.983567134268536,962.8688440127136,-0.015253688298145163,1.1606892396719088,0.0019438304557441457,-0.011443850612834558,-0.019063525983455766,0.0019438304557441457,-0.015203619705681359,-0.015303756890608967
2.991783567134268,981.2588058263476,-0.015265895240248562,1.161618094783655,0.0019975811334918543,-0.01135070816240783,-0.019181082318089293,0.0019975811334918543,-0.015214442154208762,-0.015317348326288362
3.0,999.999999999,-0.015277360428276498,1.1624905080724763,0.0020512397140579437,-0.01125700446506469,-0.019297716391488307,0.0020512397140579437,-0.015224525220871837,-0.015330195635681158
