x_transformed,x_real,y_real,y_normalised,Std_real,Upper_CI_real,Lower_CI_real,Std_normalised,Upper_CI_normalised,Lower_CI_normalised
-1.1,0.0794328224724281,-0.02652065154534306,1.704313474499744,0.0014131797561215528,-0.02375087011966372,-0.029290432971022403,0.0014131797561215528,-0.02647755125355621,-0.026563751837129914
-1.0917835671342686,0.0809499206727581,-0.02666984537978023,1.713901212640672,0.001247396497923612,-0.024224993169408557,-0.0291146975901519,0.001247396497923612,-0.026631801279019856,-0.026707889480540602
-1.0835671342685371,0.0824959941360692,-0.026811247001825144,1.722988194887516,0.001078967152816085,-0.024696510241803894,-0.028925983761846394,0.001078967152816085,-0.02677833979457613,-0.02684415420907416
-1.0753507014028056,0.084071596264814,-0.026943845237942514,1.731509439553144,0.0009097669536981838,-0.025160734774369354,-0.028726955701515674,0.0009097669536981838,-0.026916098434329898,-0.02697159204155513
-1.0671342685370742,0.085677291030953,-0.027066553336040144,1.7393951079976189,0.0007434184055467465,-0.02560948003572433,-0.028523626636355957,0.0007434184055467465,-0.02704387996412126,-0.02708922670795903
-1.058917835671343,0.0873136531778233,-0.027178204195036616,1.746570198062877,0.0005876108652717475,-0.026026508062179574,-0.02832990032789366,0.0005876108652717475,-0.02716028276668284,-0.027196125623390393
-1.0507014028056114,0.0889812684258623,-0.027277545317410827,1.752954219705212,0.0004599009031454396,-0.02637615611078832,-0.028178934524033333,0.0004599009031454396,-0.027263518890105493,-0.02729157174471616
-1.04248496993988,0.0906807336822611,-0.027363233469428795,1.75846085184204,0.00039626951135308193,-0.026586559499005468,-0.028139907439852122,0.00039626951135308193,-0.027351147723442434,-0.027375319215415157
-1.0342685370741485,0.0924126572546218,-0.027434158353848916,1.7630187427365334,0.0004302886260005087,-0.026590808143930694,-0.028277508563767137,0.0004302886260005087,-0.0274210350655674,-0.027447281642130433
-1.026052104208417,0.0941776590686951,-0.0274910799012492,1.7666767282900862,0.0005359955586349163,-0.026440547910451334,-0.028541611892047063,0.0005359955586349163,-0.027474732677993594,-0.027507427124504803
-1.0178356713426857,0.0959763708902774,-0.02753538967353577,1.7695242353293046,0.0006714075819429916,-0.02621945499398038,-0.028851324353091158,0.0006714075819429916,-0.027514912545580677,-0.02755586680149086
-1.009619238476954,0.0978094365513449,-0.027568387296574442,1.7716447825366428,0.0008144719006232831,-0.02597205170493292,-0.029164722888215963,0.0008144719006232831,-0.02754354687806647,-0.027593227715082415
-1.0014028056112223,0.0996775121805077,-0.02759128419861219,1.7731162206949596,0.0009556546733783831,-0.02571823545713317,-0.02946433294009121,0.0009556546733783831,-0.027562137874450908,-0.02762043052277347
-0.993186372745491,0.1015812664378647,-0.027605208233142282,1.7740110297696334,0.0010906001761707875,-0.0254676711663145,-0.029742745299970064,0.0010906001761707875,-0.027571946232599082,-0.027638470233685482
-0.9849699398797596,0.103521380754344,-0.027611208012913,1.7743965974277196,0.0012171108628466255,-0.025225714556541143,-0.029996701469284855,0.0012171108628466255,-0.027574087587787743,-0.027648328438038255
-0.9767535070140282,0.1054985495756148,-0.027610256967738313,1.7743354798076152,0.001333975624570461,-0.024995712787325885,-0.03022480114815074,0.001333975624570461,-0.027569572307201334,-0.02765094162827529
-0.9685370741482968,0.1075134806106578,-0.027603257137989997,1.7738856453026497,0.0014404803160895825,-0.024779967598015543,-0.03042654667796445,0.0014404803160895825,-0.02755932421178741,-0.027647190064192584
-0.9603206412825652,0.109566895085083,-0.027591042714903685,1.7731007020740246,0.0015361838493831426,-0.02458017769648062,-0.030601907733326748,0.0015361838493831426,-0.027544190945438505,-0.027637894484368864
-0.952104208416834,0.1116595279992853,-0.02757438333811273,1.7720301099623244,0.0016208068598960901,-0.024397660266820935,-0.030751106409404524,0.0016208068598960901,-0.027524950668072666,-0.027623816008152793
-0.9438877755511024,0.1137921283915314,-0.02755398716013294,1.7707193774224463,0.0016941722389874428,-0.024233470588109967,-0.030874503732155913,0.0016941722389874428,-0.027502316933807346,-0.027605657386458534
-0.9356713426853708,0.1159654596060707,-0.027530503686855206,1.7692102440639816,0.0017561714273838093,-0.024088470938504643,-0.03097253643520577,0.0017561714273838093,-0.027476942559461398,-0.027584064814249014
-0.9274549098196394,0.1181802995663672,-0.027504526402461645,1.7675408493378693,0.0018067443986039878,-0.02396337245192835,-0.03104568035299494,0.0018067443986039878,-0.02744942285995279,-0.0275596299449705
-0.919238476953908,0.1204374410535501,-0.027476595186560576,1.765745887870276,0.001845867389221029,-0.02385876158345038,-0.03109442878967077,0.001845867389221029,-0.027420298439645937,-0.027532891933475214
-0.9110220440881764,0.1227376919901823,-0.0274471985307365,1.763856751906156,0.001873545291797495,-0.023775117235408823,-0.031119279826064175,0.001873545291797495,-0.027390057640908034,-0.027504339420564964
-0.902805611222445,0.1250818757294485,-0.02741677556113085,1.7619016612876413,0.001889807042560553,-0.023712821819982015,-0.031120729302279687,0.001889807042560553,-0.027359138707360207,-0.027474412414901495
-0.8945891783567136,0.1274708313498667,-0.02738571787310631,1.75990578135624,0.001894703078635221,-0.023672168077584113,-0.031099267668628507,0.001894703078635221,-0.02732793169609317,-0.02744350405011945
-0.8863727454909821,0.1299054139556289,-0.027354371183499947,1.7578913291326306,0.0018883043537782603,-0.023653362658244376,-0.031055379708755517,0.0018883043537782603,-0.027296780159939298,-0.027411962207060596
-0.8781563126252506,0.1323864949826771,-0.027323036805438787,1.75587766809367,0.0018707026514863507,-0.023656526982741954,-0.03098954662813562,0.0018707026514863507,-0.027265982612738784,-0.02738009099813879
-0.8699398797595191,0.1349149625106259,-0.027291972950171363,1.7538813918328224,0.0018420121045753773,-0.023681695566116795,-0.03090225033422593,0.0018420121045753773,-0.027235793784825827,-0.0273481521155169
-0.8617234468937878,0.1374917215806419,-0.027261395859861124,1.7519163968575808,0.0018023719699067702,-0.023728811712099344,-0.030793980007622904,0.0018023719699067702,-0.02720642567119622,-0.02731636604852603
-0.8535070140280563,0.1401176945193952,-0.027231480774791355,1.7499939447455712,0.001751950851730994,-0.023797720202714333,-0.030665241346868377,0.001751950851730994,-0.02717804836990532,-0.02728491317967739
-0.8452905811623248,0.1427938212691972,-0.02720236273794217,1.7481227138495958,0.0016909527541668838,-0.023888156240216264,-0.030516569235668076,0.0016909527541668838,-0.027150790702051706,-0.027253934773832634
-0.8370741482965933,0.1455210597244441,-0.02717413723942102,1.7463088407110787,0.0016196256256006956,-0.0239997293448055,-0.030348545134036536,0.0016196256256006956,-0.027124740595613695,-0.027223533883228342
-0.8288577154308618,0.1483003860744863,-0.02714686070275417,1.744555951310925,0.0015382735275428975,-0.024131899990398706,-0.030161821415109633,0.0015382735275428975,-0.027099945200605276,-0.027193776204903063
-0.8206412825651304,0.1511327951530462,-0.02712055081457885,1.7428651822567367,0.0014472743959334131,-0.024283945122802398,-0.0299571565063553,0.0014472743959334131,-0.027076410677069684,-0.027164690952088014
-0.8124248496993989,0.1540193007943095,-0.02709518669881197,1.741235191975527,0.0013471069311658198,-0.024454905630402687,-0.029735467767221253,0.0013471069311658198,-0.02705410154913456,-0.02713627184848938
-0.8042084168336675,0.1569609361958175,-0.027070708935910133,1.7396621619514383,0.0012383932522648492,-0.024643502762773602,-0.029497915109046664,0.0012383932522648492,-0.027032939423370574,-0.027108478448449692
-0.795991983967936,0.1599587542882909,-0.027047019427376768,1.7381397880184806,0.00112197040885479,-0.0248479978343017,-0.029246041020451835,0.00112197040885479,-0.027012800672269088,-0.027081238182484448
-0.7877755511022045,0.1630138281125158,-0.027023981105213566,1.7366592616888208,0.0009990180741516514,-0.025065941659971766,-0.028982020550455366,0.0009990180741516514,-0.0269935122492101,-0.02705444996121703
-0.7795591182364732,0.1661272512034292,-0.027001417485553913,1.7352092414676477,0.0008713028987039933,-0.025293695184468737,-0.02870913978663909,0.0008713028987039933,-0.026974843789598957,-0.027027991181508868
-0.7713426853707417,0.169300137981539,-0.026979112065255134,1.7337758140759942,0.0007416808731283698,-0.02552544426590131,-0.02843277986460896,0.0007416808731283698,-0.02695649168599617,-0.0270017324445141
-0.7631262525050102,0.1725336241518206,-0.026956807559761823,1.7323424454730656,0.000615196051987313,-0.025751045454435458,-0.028162569665088188,0.000615196051987313,-0.02693804481621705,-0.026975570303306596
-0.7549098196392787,0.1758288671102318,-0.026934204980084385,1.7308899215395246,0.0005015028544676465,-0.025951277447183764,-0.027917132512985006,0.0005015028544676465,-0.02691890974303767,-0.0269495002171311
-0.7466933867735472,0.1791870463579919,-0.02691096254626239,1.729396278252697,0.0004191363233178589,-0.02608947044794685,-0.02773245464457793,0.0004191363233178589,-0.02689817938986971,-0.02692374570265507
-0.7384769539078158,0.1826093639237728,-0.02688669619221323,1.727836834129982,0.0003953804449227191,-0.026111764759973278,-0.02766162762445318,0.0003953804449227191,-0.026874637561689285,-0.026898754822737174
-0.7302605210420843,0.1860970447939539,-0.026861239731337576,1.726200909416395,0.00043834545031695216,-0.026002098435929356,-0.027720381026745795,0.00043834545031695216,-0.026847870719553857,-0.026874608743121295
-0.7220440881763528,0.1896513373510949,-0.0268349221993106,1.7245096491405127,0.0005199003527471306,-0.025815936232376553,-0.027853908166244647,0.0005199003527471306,-0.026819065860577737,-0.026850778538043463
-0.7138276553106214,0.1932735138207818,-0.026808094531291935,1.7227856056713904,0.0006139542063276871,-0.025604766398732794,-0.028011422663851076,0.0006139542063276871,-0.026789369662553995,-0.026826819400029876
-0.7056112224448899,0.1969648707270089,-0.026781064508442323,1.721048558145244,0.0007064378939158373,-0.025396471679052957,-0.02816565733783169,0.0007064378939158373,-0.026759518997883477,-0.02680261001900117
-0.6973947895791585,0.2007267293562568,-0.026754098067747784,1.7193155966395124,0.0007904320348097432,-0.025204879747293976,-0.02830331638820159,0.0007904320348097432,-0.026729990836385033,-0.026778205299110534
-0.6891783567134271,0.2045604362304347,-0.02672742044856196,1.7176011958538364,0.0008623871398693621,-0.025037172713687505,-0.028417668183436415,0.0008623871398693621,-0.026701118672584352,-0.026753722224539568
-0.6809619238476956,0.2084673635888552,-0.026701217179339935,1.7159172785211614,0.0009203741210809375,-0.02489731704971859,-0.02850511730896128,0.0009203741210809375,-0.02667314686981291,-0.026729287488866958
-0.6727454909819641,0.2124489098794145,-0.026675634907566685,1.714273268741955,0.0009633176732544252,-0.024787566962317088,-0.028563702852816283,0.0009633176732544252,-0.02664625487107745,-0.02670501494405592
-0.6645290581162326,0.2165065002591535,-0.026650782075420987,1.7126761354048283,0.0009906474187116189,-0.024709148813368643,-0.02859241533747333,0.0009906474187116189,-0.026620568514393518,-0.026680995636448455
-0.6563126252505012,0.2206415871043797,-0.02662672944326038,1.7111304258275797,0.0010021327957338844,-0.024662585255895535,-0.02859087363062523,0.0010021327957338844,-0.026596165591975217,-0.026657293294545546
-0.6480961923847697,0.2248556505305313,-0.02660351046256291,1.7096382897237894,0.0009978062440405388,-0.024647846160694268,-0.02855917476443155,0.0009978062440405388,-0.02657307856592796,-0.026633942359197856
-0.6398797595190382,0.2291501989219707,-0.026581121499515883,1.7081994935714442,0.0009779353594987657,-0.02466440341569007,-0.028497839583341695,0.0009779353594987657,-0.026551295641085278,-0.026610947357946488
-0.6316633266533067,0.2335267694718966,-0.026559521909999585,1.7068114254316646,0.0009430296150020388,-0.024711217828240917,-0.028407825991758253,0.0009430296150020388,-0.026530760635013747,-0.026588283184985424
-0.6234468937875753,0.2379869287325676,-0.026538633966274202,1.7054690902373388,0.0008938815105063738,-0.024786658399235446,-0.028290609533312958,0.0008938815105063738,-0.026511371649673068,-0.026565896282875336
-0.6152304609218439,0.2425322731760352,-0.02651834263523838,1.704165095543213,0.0008316554906009965,-0.024888327826115438,-0.02814835744436132,0.0008316554906009965,-0.0264929781377951,-0.02654370713268166
-0.6070140280561124,0.2471644297655857,-0.026498495207689016,1.702889627700777,0.0007580591275610174,-0.025012726619517568,-0.027984263795860463,0.0007580591275610174,-0.02647537531126534,-0.026521615104112693
-0.5987975951903809,0.2518850565380965,-0.026478900777570608,1.7016304183929345,0.000675673487768745,-0.025154605076235303,-0.027803196478905914,0.000675673487768745,-0.0264582935445917,-0.026499508010549518
-0.5905811623246495,0.2566958431975146,-0.02645932956975939,1.700372701434968,0.0005886076901848176,-0.025305679695973835,-0.027612979443544943,0.0005886076901848176,-0.026441377739438398,-0.02647728140008038
-0.582364729458918,0.2615985117196706,-0.026439512114480267,1.699099159719571,0.0005037894581871876,-0.02545210292064243,-0.027426921308318104,0.0005037894581871876,-0.026424147138755877,-0.026454877090204658
-0.5741482965931866,0.2665948169686434,-0.026419138266002774,1.6977898621546812,0.00043314582057845595,-0.02557018805761495,-0.027268088474390596,0.00043314582057845595,-0.026405927836705072,-0.026432348695300475
-0.5659318637274551,0.2716865473248975,-0.026397856062804252,1.6964221904134245,0.000394917861817692,-0.02562383127679001,-0.027171880848818494,0.000394917861817692,-0.026385811540511565,-0.02640990058509694
-0.5577154308617236,0.2768755253254171,-0.026375334292979093,1.6949748596147458,0.000404615107518463,-0.025582303254642103,-0.027168365331316082,0.000404615107518463,-0.026362994016294633,-0.026387674569663552
-0.5494989979959922,0.2821636083160653,-0.026351672733370357,1.6934542817812828,0.0004506243832384205,-0.025468465171667478,-0.027234880295073236,0.0004506243832384205,-0.026337929228823456,-0.026365416237917258
-0.5412825651302607,0.2875526891164049,-0.0263271415744732,1.6918778203364333,0.0005108078234878197,-0.02532597663741578,-0.02732830651153062,0.0005108078234878197,-0.026311562547004144,-0.026342720601942256
-0.5330661322645293,0.2930446966972141,-0.02630196933813575,1.6902601609248664,0.0005700669867940026,-0.025184658575244233,-0.027419280101027267,0.0005700669867940026,-0.026284582977085472,-0.026319355699186028
-0.5248496993987978,0.2986415968709442,-0.026276342830232502,1.688613308371142,0.0006200517604002687,-0.025061063711297318,-0.027491621949167686,0.0006200517604002687,-0.026257431993390663,-0.02629525366707434
-0.5166332665330663,0.3043453929953632,-0.026250407969815884,1.6869466399640052,0.0006563523142998111,-0.02496398107261874,-0.027536834867013027,0.0006563523142998111,-0.02623039000951129,-0.026270425930120477
-0.5084168336673349,0.3101581266906392,-0.02622427045970772,1.68526694855103,0.0006767317708449987,-0.02489790056165751,-0.027550640357757932,0.0006767317708449987,-0.02620363095036115,-0.026244909969054292
-0.5002004008016034,0.3160818785701192,-0.026197996300598932,1.683578475576537,0.0006802750358652692,-0.02486468173072131,-0.027531310870476555,0.0006802750358652692,-0.026177248725908524,-0.02621874387528934
-0.4919839679358719,0.3221187689850647,-0.02617161215026702,1.6818829341662132,0.0006670317634694296,-0.0248642539173227,-0.027478970383211343,0.0006670317634694296,-0.02615126847954,-0.026191955820994043
-0.4837675350701405,0.3282709587836118,-0.026145105529065862,1.6801795223326328,0.000637939487468408,-0.024894767109311843,-0.027395443948819882,0.000637939487468408,-0.026125649137949913,-0.026164561920181812
-0.475551102204409,0.3345406500842263,-0.026118424872391265,1.6784649263468867,0.0005949687617631574,-0.024952307527409085,-0.027284542217373444,0.0005949687617631574,-0.026100279036997732,-0.026136570707784797
-0.4673346693386775,0.3409300870639314,-0.02609147943037589,1.676733314292611,0.0005415436218786748,-0.02503007343543631,-0.02715288542531547,0.0005415436218786748,-0.026074962997829233,-0.026107995862922544
-0.4591182364729461,0.3474415567615895,-0.02606413901461829,1.6749763197898768,0.00048338955962378696,-0.02511671288725299,-0.02701156514198359,0.00048338955962378696,-0.02604939621139297,-0.026078881817843607
-0.4509018036072146,0.3540773898965269,-0.02603623359130201,1.6731830158475418,0.00042991490872923573,-0.025193615853775882,-0.026878851328828137,0.00042991490872923573,-0.026023121700950138,-0.02604934548165388
-0.4426853707414832,0.3608399617027919,-0.0260075527196097,1.6713398787737024,0.000395233695375926,-0.02523290891119621,-0.026782196528023192,0.000395233695375926,-0.02599549856477136,-0.026019606874448042
-0.4344689378757517,0.3677316927793485,-0.02597786236364949,1.6694318685711942,0.0003940458864226988,-0.02520554661800484,-0.02675017810929414,0.0003940458864226988,-0.025965844435563087,-0.025989880291735892
-0.4262525050100202,0.3747550499565059,-0.025947157478916072,1.6674586610617688,0.0004221550961942092,-0.02511974869448538,-0.026774566263346764,0.0004221550961942092,-0.025934282253562424,-0.02596003270426972
-0.4180360721442888,0.3819125471788984,-0.025915604195681074,1.6654309323805871,0.000461743949570778,-0.02501060268444307,-0.026820605706919076,0.000461743949570778,-0.025901521557664852,-0.025929686833697296
-0.4098196392785573,0.3892067464053275,-0.02588333331749923,1.6633570884395654,0.0004990676767960737,-0.024905178645130848,-0.02686148798986761,0.0004990676767960737,-0.025868112350457974,-0.025898554284540486
-0.4016032064128259,0.3966402585257909,-0.02585043521349359,1.661242936687055,0.0005260404105874369,-0.02481941495432955,-0.026881455472657627,0.0005260404105874369,-0.025834391610342764,-0.025866478816644414
-0.3933867735470944,0.4042157442960264,-0.025816960296685267,1.6590917168470507,0.0005385594221636741,-0.02476140322570976,-0.026872517367660772,0.0005385594221636741,-0.025800534878659524,-0.02583338571471101
-0.3851703406813629,0.4119359152899043,-0.025782919348077107,1.656904121745986,0.0005351678051504663,-0.024734009724296842,-0.02683182897185737,0.0005351678051504663,-0.025766597370312425,-0.025799241325841788
-0.3769539078156314,0.4198035348700096,-0.02574828368756774,1.6546783082962904,0.0005164748300425274,-0.02473601162176294,-0.02676055575337254,0.0005164748300425274,-0.02573253182317896,-0.02576403555195652
-0.3687374749499,0.4278214191767613,-0.02571298519232481,1.6524098986771212,0.000485184401968357,-0.024762041238606227,-0.026663929146043392,0.000485184401968357,-0.02569818764855539,-0.02572778273609423
-0.3605210420841686,0.4359924381364247,-0.025676916162799657,1.6500919717239788,0.00044666430854331307,-0.024801470204875276,-0.026552362120724038,0.00044666430854331307,-0.025663293435792992,-0.02569053888980632
-0.3523046092184371,0.4443195164883728,-0.025639929036119925,1.6477150445102744,0.000409922198959538,-0.024836496289695767,-0.026443361782544084,0.000409922198959538,-0.025627426899496094,-0.025652431172743757
-0.3440881763527056,0.4528056348319703,-0.025601835946150328,1.6452670440752355,0.0003878800301388907,-0.02484160505675579,-0.026362066835544866,0.0003878800301388907,-0.025590006069303547,-0.02561366582299711
-0.3358717434869741,0.461453830693451,-0.025562466536926374,1.6427370227253166,0.00039190696696686923,-0.02479434299638098,-0.026330590077471766,0.00039190696696686923,-0.0255505138433243,-0.025574419230528448
-0.3276553106212427,0.4702671996131712,-0.025522044589008423,1.6401393614127993,0.00041451450485604444,-0.02470961108842112,-0.026334478089595725,0.00041451450485604444,-0.025509402392549133,-0.025534686785467713
-0.3194388777555113,0.4792488962536302,-0.02548095017500475,1.637498484985107,0.00044089433496189253,-0.0246168131574917,-0.026345087192517797,0.00044089433496189253,-0.02546750342528893,-0.025494396924720567
-0.3112224448897798,0.4884021355286512,-0.025439525582294592,1.6348363900734917,0.0004606012744832125,-0.02453676367307425,-0.026342287491514935,0.0004606012744832125,-0.025425477794501404,-0.02545357337008778
-0.3030060120240483,0.4977301937541296,-0.025398075853160864,1.632172679803923,0.00046806376008877535,-0.024480687740918466,-0.02631546396540326,0.00046806376008877535,-0.02538380046848507,-0.025412351237836656
-0.2947895791583168,0.5072364098207599,-0.025356870139972437,1.629524650886031,0.0004615702897900848,-0.024452208995650156,-0.026261531284294717,0.0004615702897900848,-0.025342792798371754,-0.02537094748157312
-0.2865731462925854,0.5169241863891597,-0.025316142919748087,1.626907371665398,0.0004427136838969604,-0.024448440043846994,-0.02618384579564918,0.0004427136838969604,-0.025302640682066477,-0.025329645157429696
-0.278356713426854,0.5267969911078207,-0.025276095071830595,1.6243337513788147,0.00041655350480966977,-0.02445966520476971,-0.02609252493889148,0.00041655350480966977,-0.025263390688312248,-0.025288799455348943
-0.2701402805611225,0.5368583578543202,-0.0252368948219946,1.6218146008260836,0.00039211808174980246,-0.024468357504078053,-0.026005432139911147,0.00039211808174980246,-0.02522493568964423,-0.02524885395434497
-0.261923847695391,0.5471118880002395,-0.02519867818331334,1.6193586607017167,0.0003816641721525137,-0.024450630151705118,-0.02594672621492156,0.0003816641721525137,-0.025187037882698285,-0.025210318483928393
-0.2537074148296595,0.5575612517002411,-0.025161410309111138,1.6169636916316628,0.00039090850942333585,-0.024395243709391164,-0.025927576908831112,0.00039090850942333585,-0.025149488067269556,-0.02517333255095272
-0.2454909819639281,0.5682101892057659,-0.025124676500172822,1.6146030435368666,0.0004086803809807162,-0.02432367767226251,-0.025925675328083132,0.0004086803809807162,-0.025112212237511592,-0.02513714076283405
-0.2372745490981966,0.5790625122038219,-0.025087975940725506,1.6122445321752283,0.0004234569838568168,-0.024258015503364188,-0.025917936378086825,0.0004234569838568168,-0.025075061009355772,-0.02510089087209524
-0.2290581162324652,0.59012210518134,-0.02505077336396805,1.609853759356339,0.0004285025282102796,-0.024210923841391542,-0.025890622886544555,0.0004285025282102796,-0.025037704549532188,-0.02506384217840391
-0.2208416833667337,0.601392926815591,-0.025012497094478826,1.6073939871394862,0.00042183495807518104,-0.02418571576923151,-0.025839278419726143,0.00042183495807518104,-0.024999631632954784,-0.025025362556002868
-0.2126252505010022,0.612879011391156,-0.024972536949804405,1.604826002982116,0.00040584800049069456,-0.02417708948564505,-0.02576798441396376,0.00040584800049069456,-0.02496015907135937,-0.02498491482824944
-0.2044088176352707,0.6245844702439615,-0.024930241995199155,1.6021079754512373,0.00038732411979254224,-0.024171100670062094,-0.025689383320336216,0.00038732411979254224,-0.02491842907295283,-0.02494205491744548
-0.1961923847695393,0.6365134932328924,-0.024884918145590997,1.599195300117024,0.00037686194140623973,-0.024146282313290923,-0.02562355397789107,0.00037686194140623973,-0.024873424307268157,-0.024896411983913836
-0.1879759519038079,0.6486703502395137,-0.02483611265321664,1.5960588817624073,0.0003819638172833426,-0.024087477327943852,-0.02558474797848943,0.0003819638172833426,-0.024824463213783603,-0.02484776209264968
-0.1797595190380764,0.6610593926964333,-0.024784431776803652,1.5927376807770537,0.00039417153761866385,-0.024011869759340297,-0.025556993794267006,0.00039417153761866385,-0.024772410016506107,-0.024796453537101196
-0.1715430861723449,0.6736850551448572,-0.024730703415211032,1.5892849009511685,0.00040315359792762533,-0.023940536883035143,-0.02552086994738692,0.00040315359792762533,-0.024718407712820495,-0.02474299911760157
-0.1633266533066134,0.6865518568218913,-0.024675714165850595,1.5857510918938236,0.00040332107791856407,-0.023885219378924336,-0.025466208952776855,0.00040332107791856407,-0.024663413355520716,-0.024688014976180474
-0.155110220440882,0.6996644032781602,-0.024620212615197173,1.5821843604931063,0.00039431551954230085,-0.023847368398349063,-0.025393056832045284,0.00039431551954230085,-0.02460818646362322,-0.024632238766771127
-0.1468937875751506,0.7130273880263206,-0.02456491248511409,1.5786305731104302,0.0003808351176443024,-0.02381848937048318,-0.025311335599744997,0.0003808351176443024,-0.024553297469669628,-0.02457652750055855
-0.1386773547094191,0.7266455942210599,-0.024510495644452995,1.575133549116889,0.0003719405420721774,-0.02378150557760122,-0.025239485711304768,0.0003719405420721774,-0.02449915190292172,-0.02452183938598427
-0.1304609218436876,0.7405238963711813,-0.024457481530884336,1.5717266694654126,0.0003752094030797826,-0.02372208461418719,-0.02519287844758148,0.0003752094030797826,-0.024446038093003303,-0.02446892496876537
-0.1222444889779561,0.7546672620843887,-0.024405750516910955,1.5684022464581715,0.00038373995988431203,-0.023653634016108857,-0.025157867017713054,0.00038373995988431203,-0.024394046907253625,-0.024417454126568285
-0.1140280561122246,0.7690807538453951,-0.02435498054692145,1.5651395836308604,0.00038854489711226306,-0.023593446542204594,-0.025116514551638307,0.00038854489711226306,-0.024343130392427453,-0.02436683070141545
-0.1058116232464932,0.7837695308279908,-0.02430482150019737,1.561916180953375,0.00038558325989795835,-0.023549092197755826,-0.025060550802638915,0.00038558325989795835,-0.02429306167209501,-0.02431658132829973
-0.0975951903807617,0.7987388507417227,-0.02425489402784737,1.5587076600869727,0.0003764439986687844,-0.023517077348260307,-0.024992710707434432,0.0003764439986687844,-0.024243412936277985,-0.024266375119416754
-0.0893787575150304,0.8139940717138392,-0.024204788258247224,1.5554876811911411,0.0003678850072084499,-0.023483746893666405,-0.024925829622828043,0.0003678850072084499,-0.024193568205677116,-0.02421600831081733
-0.0811623246492989,0.8295406542071849,-0.024154128026519846,1.552232070543468,0.0003683034991454195,-0.023432266432814746,-0.024875989620224945,0.0003683034991454195,-0.02414289521044636,-0.024165360842593332
-0.0729458917835674,0.8453841629747192,-0.02410311781409351,1.548953968863852,0.00037426787074484516,-0.023369566266863123,-0.0248366693613239,0.00037426787074484516,-0.024091703091822216,-0.024114532536364808
-0.0647294589178359,0.8615302690513681,-0.024052264829268033,1.545685971201411,0.0003773975457752634,-0.023312579231694712,-0.024791950426841354,0.0003773975457752634,-0.024040754655652755,-0.02406377500288331
-0.0565130260521045,0.8779847517839182,-0.02400204962523043,1.5424589596508194,0.00037408992681577303,-0.02326884684169229,-0.02473525240876857,0.00037408992681577303,-0.023990640330036072,-0.02401345892042479
-0.048296593186373,0.8947535008996793,-0.02395292479563794,1.539302019525731,0.0003666112463652861,-0.02323437995643464,-0.024671469634841244,0.0003666112463652861,-0.023941743591249582,-0.0239641060000263
-0.0400801603206415,0.9118425186146568,-0.0239053159464486,1.5362425018121448,0.0003621960436090887,-0.02319542474563189,-0.02461520714726531,0.0003621960436090887,-0.023894269400461812,-0.023916362492435388
-0.03186372745491,0.929257921781988,-0.023859247446985046,1.5332819725713198,0.0003652447892585773,-0.02314338081449731,-0.02457511407947278,0.0003652447892585773,-0.02384810791790357,-0.023870386976066523
-0.0236472945891785,0.9470059440814136,-0.02381377687996604,1.5303598686429476,0.0003687694602467447,-0.023091002019284143,-0.024536551740647936,0.0003687694602467447,-0.023802529852636454,-0.023825023907295625
-0.015430861723447,0.9650929382505624,-0.023767789537222334,1.5274045548279558,0.0003674767323607097,-0.023047548376638877,-0.02448803069780579,0.0003674767323607097,-0.02375658193654661,-0.023778997137898057
-0.0072144288577156,0.9835253783588568,-0.023720139140871323,1.5243423671427312,0.00036189648815444585,-0.023010835057957084,-0.02442944322378556,0.00036189648815444585,-0.0237091017309675,-0.023731176550775144
0.0010020040080156,1.002309862124842,-0.02366964435636913,1.5210973887351718,0.00035799159421055256,-0.022967993724948368,-0.02437129498778989,0.00035799159421055256,-0.023658726041058654,-0.023680562671679603
0.0092184368737471,1.0214531132777804,-0.023615727093991307,1.5176324694581491,0.00036017947836055947,-0.022909788288434187,-0.024321665899548428,0.00036017947836055947,-0.023604742050831913,-0.0236267121371507
0.0174348697394786,1.0409619839643451,-0.023559560953936142,1.5140230291266024,0.00036237166355692973,-0.022849325544346693,-0.02426979636352559,0.00036237166355692973,-0.02354850905175106,-0.023570612856121224
0.02565130260521,1.0608434572012817,-0.023502591988232235,1.5103619963004864,0.0003602906153050102,-0.02279643535826664,-0.024208748618197832,0.0003602906153050102,-0.023491603555529005,-0.023513580420935466
0.0338677354709415,1.0811046493749137,-0.023446234534628838,1.5067402614648795,0.00035559290954617753,-0.02274928523876052,-0.024143183830497156,0.00035559290954617753,-0.02343538937633076,-0.023457079692926916
0.042084168336673,1.1017528127883862,-0.02339182256081311,1.5032435502325132,0.000354447935810523,-0.02269711737222992,-0.024086527749396302,0.000354447935810523,-0.023381012322844088,-0.023402632798782134
0.0503006012024045,1.1227953382575593,-0.023339542072851886,1.4998838160294,0.0003566354838286468,-0.022640549368938723,-0.02403853477676505,0.0003566354838286468,-0.02332866511728556,-0.02335041902841821
0.058517034068136,1.1442397577564816,-0.02328849720661442,1.4966034873699094,0.000356357551900089,-0.02259004923927138,-0.023986945173957455,0.000356357551900089,-0.02327762872763939,-0.023299365685589445
0.0667334669338675,1.1660937471133888,-0.023237727841443064,1.4933408634104113,0.00035278425640056856,-0.022546283404585206,-0.023929172278300923,0.00035278425640056856,-0.02322696834370556,-0.023248487339180567
0.0749498997995989,1.1883651287581942,-0.02318624674069811,1.4900325007356976,0.0003506572356687432,-0.022498971187869,-0.02387352229352722,0.0003506572356687432,-0.023175552114548092,-0.02319694136684813
0.0831663326653302,1.2110618745224546,-0.0231329810780918,1.4866094556286464,0.0003521531715192795,-0.022442773544872455,-0.023823188611311146,0.0003521531715192795,-0.02312224082768813,-0.023143721328495473
0.0913827655310617,1.234192108492813,-0.02307672781606137,1.4829944165222688,0.00035203495442057153,-0.022386751984097848,-0.02376670364802489,0.00035203495442057153,-0.023065991171137768,-0.02308746446098497
0.0995991983967932,1.257764109918936,-0.02301623570915727,1.4791069738355285,0.00034906208939302274,-0.022332086585578646,-0.023700384832735896,0.00034906208939302274,-0.023005589733060175,-0.023026881685254366
0.1078156312625246,1.2817863161769971,-0.02295023461308364,1.4748655034788247,0.0003475058076358435,-0.022269135745698884,-0.023631333480468395,0.0003475058076358435,-0.02293963610171815,-0.022960833124449128
0.1160320641282561,1.3062673257897532,-0.022878513956363953,1.47025647336362,0.00034860651136536087,-0.022195257749311692,-0.023561770163416214,0.00034860651136536087,-0.022867881874851632,-0.022889146037876274
0.1242484969939876,1.331215901504307,-0.022802351920839972,1.4653620241014322,0.00034776779165678425,-0.022120739574209645,-0.0234839642674703,0.00034776779165678425,-0.022791745419275294,-0.02281295842240465
0.1324649298597191,1.3566409734286484,-0.022723096579398323,1.4602687877563847,0.0003450890840016789,-0.022046734403297116,-0.02339945875549953,0.0003450890840016789,-0.02271257177521223,-0.022733621383584417
0.1406813627254506,1.3825516422281037,-0.022642049457108522,1.4550604050606666,0.0003448687342073752,-0.02196611915866815,-0.023317979755548893,0.0003448687342073752,-0.02263153137332752,-0.022652567540889523
0.1488977955911821,1.4089571823828324,-0.02256039758606946,1.4498131590119765,0.00034524458418561083,-0.021883730635208157,-0.023237064536930762,0.00034524458418561083,-0.022549868039313803,-0.022570927132825117
0.1571142284569135,1.4358670455075406,-0.022479255707274482,1.4445986869187828,0.0003433571684624895,-0.02180628802325435,-0.023152223391294614,0.0003433571684624895,-0.022468783724440212,-0.022489727690108752
0.165330661322645,1.4632908637345978,-0.022399700399719738,1.43948617366089,0.00034191828334098677,-0.02172955287871564,-0.023069847920723835,0.00034191828334098677,-0.022389272301160144,-0.022410128498279332
0.1735470941883763,1.4912384531617662,-0.022321774502889916,1.4344783722593115,0.0003424089894721335,-0.02165066521554178,-0.022992883790238054,0.0003424089894721335,-0.02231133143838042,-0.022332217567399414
0.1817635270541078,1.5197198173657849,-0.02224385797776656,1.429471173117658,0.0003412523103977926,-0.021575015739745806,-0.022912700215787316,0.0003412523103977926,-0.022233450190584945,-0.022254265764948176
0.1899799599198393,1.5487451509830508,-0.022164157627904375,1.4243493389138404,0.00033952505303395475,-0.02149870075210877,-0.02282961450369998,0.00033952505303395475,-0.022153802520005806,-0.022174512735802943
0.1981963927855707,1.5783248433586958,-0.022081549160148036,1.4190406184827382,0.0003397883589020804,-0.02141557621433399,-0.022747522105962082,0.0003397883589020804,-0.02207118602173552,-0.022091912298560553
0.2064128256513022,1.6084694822653551,-0.021996878235592262,1.4135993570803915,0.00033890802797148517,-0.021332630706696658,-0.022661125764487866,0.00033890802797148517,-0.02198654194621987,-0.022007214524964652
0.2146292585170337,1.6391898576929598,-0.02191131599300121,1.4081008163410351,0.00033732182774369956,-0.021250177359424336,-0.022572454626578083,0.00033732182774369956,-0.02190102808083798,-0.021921603905164438
0.2228456913827652,1.670496965710913,-0.021825534445121694,1.4025881822466373,0.00033744043092638095,-0.021164163353578312,-0.022486905536665075,0.00033744043092638095,-0.021815242915703296,-0.02183582597454009
0.2310621242484967,1.7024020124040296,-0.021738739887183896,1.397010448443464,0.0003364922507892022,-0.02107922719456024,-0.022398252579807553,0.0003364922507892022,-0.021728477276125247,-0.021749002498242544
0.2392785571142281,1.7349164178836478,-0.0216498459067031,1.3912977981159895,0.0003352396758840079,-0.02099278821578156,-0.022306903597624637,0.0003352396758840079,-0.021639621497680436,-0.02166007031572576
0.2474949899799596,1.768051820375352,-0.021558752215121525,1.3854437863569284,0.00033525057733314493,-0.0209016731577523,-0.02221583127249075,0.00033525057733314493,-0.02154852747361771,-0.02156897695662534
0.2557114228456911,1.8018200803847653,-0.021467394394566287,1.3795728007098749,0.00033406369132705523,-0.02081264159102275,-0.022122147198109822,0.00033406369132705523,-0.021457205851665627,-0.021477582937466946
0.2639278557114224,1.8362332849429048,-0.021377870863176086,1.3738196931524584,0.0003333533140696992,-0.020724510373472407,-0.022031231352879765,0.0003333533140696992,-0.021367703985931855,-0.021388037740420317
0.2721442885771539,1.8713037519326248,-0.02129089637381234,1.3682303963017783,0.00033303948022926405,-0.020638150987133043,-0.021943641760491635,0.00033303948022926405,-0.021280739068124763,-0.021301053679499915
0.2803607214428854,1.907044034497683,-0.021205882237792746,1.3627670788831463,0.000331766242194907,-0.020555632351804534,-0.021856132123780958,0.000331766242194907,-0.02119576376434187,-0.021216000711243622
0.2885771543086168,1.943466925536019,-0.021122159345241764,1.3573867414636536,0.00033156773331252356,-0.020472298529513638,-0.02177202016096989,0.00033156773331252356,-0.0211120469260743,-0.021132271764409228
0.2967935871743483,1.9805854622788577,-0.021038960021838134,1.3520400505008154,0.00033068110202513025,-0.020390836971500865,-0.021687083072175404,0.00033068110202513025,-0.021028874643864142,-0.021049045399812127
0.3050100200400798,2.018412930957258,-0.020955483207639628,1.3466755269707813,0.0003299697246748964,-0.020308754431288233,-0.021602211983991024,0.0003299697246748964,-0.0209454195258237,-0.020965546889455556
0.3132264529058113,2.056962871557797,-0.020871122707288737,1.3412542145562751,0.00032954263179084186,-0.020225231017608144,-0.02151701439696933,0.00032954263179084186,-0.020861072051294786,-0.020881173363282688
0.3214428857715428,2.0962490826690803,-0.020785474199225735,1.3357501300841044,0.0003285290195577671,-0.020141569153016257,-0.021429379245435212,0.0003285290195577671,-0.020775454457192175,-0.020795493941259294
0.3296593186372742,2.136285626420817,-0.020698200543612117,1.3301416077226973,0.00032826655497450317,-0.02005480991853305,-0.021341591168691183,0.00032826655497450317,-0.020688188806434325,-0.02070821228078991
0.3378757515030057,2.177086833517226,-0.020609155221703906,1.3244192316449503,0.00032728276974004934,-0.019967692780252892,-0.02125061766315492,0.00032728276974004934,-0.02059917348879873,-0.020619136954609082
0.3460921843687372,2.2186673083665776,-0.0205182185249407,1.3185753089436154,0.00032695123628081763,-0.019877405877129453,-0.021159031172751946,0.00032695123628081763,-0.020508246903409372,-0.020528190146472027
0.3543086172344685,2.261041934308703,-0.020425334588011632,1.3126062495107376,0.00032611093756509984,-0.019786168895419447,-0.021064500280603818,0.00032611093756509984,-0.020415388594585776,-0.02043528058143749
0.3625250501002,2.3042258789423493,-0.020330456438760972,1.3065090347448396,0.00032567004638672044,-0.01969215487699951,-0.020968758000522433,0.00032567004638672044,-0.02032052389198856,-0.020340388985533385
0.3707414829659314,2.348234599554274,-0.02023353460493591,1.300280485379118,0.0003249398423638727,-0.0195966642167606,-0.020870404993111224,0.0003249398423638727,-0.020223624328512553,-0.02024344488135927
0.3789579158316629,2.3930838486520374,-0.020134509743553238,1.293916787817751,0.00032444659382364725,-0.019498606104752195,-0.02077041338235428,0.00032444659382364725,-0.02012461451062022,-0.020144404976486258
0.3871743486973944,2.438789679602465,-0.020033327308600534,1.287414436735699,0.00032376470525316526,-0.019398760146839104,-0.020667894470361964,0.00032376470525316526,-0.02002345287245308,-0.02004320174474799
0.3953907815631259,2.485368452377799,-0.019929936862082744,1.2807701908040503,0.0003232780154345652,-0.019296323594837413,-0.020563550129328076,0.0003232780154345652,-0.019920077269392468,-0.01993979645477302
0.4036072144288574,2.532836839411596,-0.019824370108991244,1.273986087500803,0.0003225952324254481,-0.019192095071853037,-0.02045664514612945,0.0003225952324254481,-0.01981453134036584,-0.01983420887761665
0.4118236472945888,2.581211831566468,-0.019716733305129738,1.2670689552101575,0.00032215118872325687,-0.019085328577655387,-0.020348138032604088,0.00032215118872325687,-0.01970690807930598,-0.019726558530953495
0.4200400801603203,2.630510744215801,-0.01960736931952702,1.26004082794228,0.00032144663025441953,-0.018977345501276593,-0.020237393137777445,0.00032144663025441953,-0.019597565581893607,-0.01961717305716043
0.4282565130260518,2.680751223441633,-0.019496810886750503,1.252935941157035,0.0003210459441503734,-0.01886757239883311,-0.020126049374667894,0.0003210459441503734,-0.01948701936956387,-0.019506602403937135
0.4364729458917831,2.731951252350897,-0.01938599100002059,1.245814252390324,0.00032035362313664764,-0.018758109436355842,-0.020013872563685337,0.00032035362313664764,-0.01937622059779656,-0.01939576140224462
0.4446893787575146,2.7841291575123157,-0.019276074782104774,1.2387506366665666,0.0003199369277053403,-0.018649009926477913,-0.019903139637731635,0.0003199369277053403,-0.01926631708859285,-0.019285832475616698
0.452905811623246,2.83730361551621,-0.01916851357697598,1.231838362625297,0.00031934116520295603,-0.01854261639439713,-0.019794410759554827,0.00031934116520295603,-0.019158774053507587,-0.01917825310044437
0.4611222444889775,2.8914936596596204,-0.019064521220114268,1.2251554357469214,0.0003188156745830056,-0.018439653980224735,-0.0196893884600038,0.0003188156745830056,-0.019054797723481072,-0.019074244716747464
0.469338677354709,2.9467186867590924,-0.018964697858251278,1.2187404236420312,0.00031835545986505894,-0.018340732622634075,-0.01958866309386848,0.00031835545986505894,-0.018954988397616362,-0.018974407318886194
0.4775551102204405,3.0029984640935834,-0.018867485308452652,1.2124931918110555,0.0003177470096827502,-0.018244712613279163,-0.01949025800362614,0.0003177470096827502,-0.018857794404820327,-0.018877176212084977
0.485771543086172,3.0603531364799763,-0.01877060599477724,1.2062673749447168,0.00031732022437610483,-0.018148669783433904,-0.019392542206120574,0.00031732022437610483,-0.018760928107586148,-0.01878028388196833
0.4939879759519034,3.1188032334837272,-0.01867379567879023,1.2000459921206506,0.00031680952188743695,-0.0180528604259315,-0.01929473093164896,0.00031680952188743695,-0.01866413336741402,-0.01868345799016644
0.502204408817635,3.178369676767228,-0.018576176155824763,1.1937726067145709,0.000316260310948207,-0.017956317336626837,-0.01919603497502269,0.000316260310948207,-0.018566530594725107,-0.018585821716924418
0.5104208416833664,3.239073787578522,-0.018476208135150326,1.1873482983086023,0.0003158411892636654,-0.017857170779359242,-0.01909524549094141,0.0003158411892636654,-0.018466575356760596,-0.018485840913540056
0.5186372745490979,3.30093729438304,-0.01837448205507798,1.1808110106149377,0.0003153467937895956,-0.017756413696610195,-0.018992550413545767,0.0003153467937895956,-0.0183648643551587,-0.018384099754997264
0.5268537074148292,3.3639823406411025,-0.018271166821554396,1.1741715981437062,0.00031482463790472265,-0.017654121869815277,-0.018888211773293515,0.00031482463790472265,-0.018261565046764877,-0.018280768596343915
0.5350701402805607,3.428231492733967,-0.01816575696085015,1.1673975773155894,0.0003144005396718933,-0.017549543226373282,-0.01878197069532702,0.0003144005396718933,-0.01815616812054933,-0.01817534580115097
0.5432865731462921,3.493707748041244,-0.018059731043337475,1.160583966437512,0.00031395231105921543,-0.017444395820798295,-0.018675066265876655,0.00031395231105921543,-0.018050155873473066,-0.018069306213201883
0.5515030060120236,3.5604345431725952,-0.01795368713218247,1.153769199222569,0.00031345843873111813,-0.01733931988161932,-0.018568054382745617,0.00031345843873111813,-0.01794412702483318,-0.017963247239531757
0.5597194388777551,3.628435762356653,-0.01784789337980532,1.1469705081200523,0.00031299974408335884,-0.01723442515423168,-0.018461361605378958,0.00031299974408335884,-0.01783834726209399,-0.01785743949751665
0.5679358717434866,3.6977357459901463,-0.0177437255162788,1.1402763025454057,0.0003125866228046,-0.017131066993532777,-0.01835638403902482,0.0003125866228046,-0.0177341919982722,-0.017753259034285398
0.5761523046092181,3.768359299350327,-0.017640080977596544,1.1336157277276089,0.00031215458114369483,-0.017028269240945717,-0.018251892714247372,0.00031215458114369483,-0.017630560636343693,-0.017649601318849396
0.5843687374749496,3.8403317014737737,-0.017534915926031843,1.1268574392247137,0.0003117013657191175,-0.016923992475290424,-0.018145839376773262,0.0003117013657191175,-0.0175254094073072,-0.017544422444756486
0.592585170340681,3.913678714204797,-0.01742748007183821,1.1199532206902052,0.00031125484782914403,-0.016817431780079595,-0.018037528363596827,0.00031125484782914403,-0.017417987171374983,-0.01743697297230144
0.6008016032064125,3.9884265914166415,-0.01731842457498678,1.112944918030884,0.00031083910563267734,-0.016709191122960092,-0.017927658027013467,0.00031083910563267734,-0.017308944354163136,-0.017327904795810423
0.6090180360721438,4.064602088408812,-0.017205985798931848,1.1057191935512631,0.00031043762362052723,-0.016597539237189415,-0.01781443236067428,0.00031043762362052723,-0.01719651782282923,-0.017215453775034466
0.6172344689378753,4.142232471483892,-0.017087917785503233,1.0981317138149616,0.00031003347905517365,-0.016480263332553438,-0.017695572238453028,0.00031003347905517365,-0.017078462135326326,-0.01709737343568014
0.6254509018036067,4.221345527707245,-0.016964034789857627,1.0901705421831405,0.0003096253010014521,-0.016357180351192407,-0.017570889228522846,0.0003096253010014521,-0.016954591588623003,-0.01697347799109225
0.6336673346693382,4.301969574853144,-0.016834145302328827,1.0818233715484855,0.0003092172684108558,-0.016228090592845693,-0.01744020001181196,0.0003092172684108558,-0.01682471454560003,-0.016843576059057622
0.6418837675350697,4.38413347154085,-0.0166974100978364,1.0730362702566307,0.00030881371365314565,-0.01609214634114417,-0.017302673854528633,0.00030881371365314565,-0.01668799164904489,-0.016706828546627913
0.6501002004008012,4.46786662756428,-0.016552922527896727,1.0637509737802266,0.0003084171227975466,-0.01594843607499807,-0.017157408980795385,0.0003084171227975466,-0.01654351617465182,-0.016562328881141637
0.6583166332665327,4.553199014418969,-0.016398287557755586,1.0538135684796888,0.0003080280421367331,-0.015794563688939202,-0.01700201142657197,0.0003080280421367331,-0.01638889307100532,-0.01640768204450585
0.6665330661322642,4.640161176030086,-0.016232240259588155,1.043142765494808,0.0003076458444582386,-0.015629265484456596,-0.016835215034719714,0.0003076458444582386,-0.01622285742940981,-0.0162416230897665
0.6747494989979956,4.72878423968534,-0.016054091631010573,1.0316942870277797,0.0003072695446415953,-0.015451854389967023,-0.01665632887205412,0.0003072695446415953,-0.016044720277526417,-0.01606346298449473
0.6829659318637271,4.819099927176707,-0.015868373428967998,1.0197593602534558,0.0003068984164490952,-0.015266863585815397,-0.016469883272120598,0.0003068984164490952,-0.015859013394449686,-0.01587773346348631
0.6911823647294586,4.911140566154939,-0.015682481389179506,1.0078132620336555,0.000306532381362964,-0.0150816889616128,-0.016283273816746213,0.000306532381362964,-0.015673132518293383,-0.01569183026006563
0.6993987975951899,5.004939101700948,-0.015499499466435612,0.9960541785138144,0.00030617209132742024,-0.014899413194362561,-0.016099585738508664,0.00030617209132742024,-0.015490161583964511,-0.015508837348906714
0.7076152304609213,5.10052910811819,-0.015322050371049029,0.9846506545925384,0.00030581854264247985,-0.01472265704166524,-0.015921443700432816,0.00030581854264247985,-0.01531272327138982,-0.015331377470708236
0.7158316633266528,5.19794480095026,-0.015151345077891154,0.9736805119171228,0.00030547185954892973,-0.014552631234884773,-0.015750058920897533,0.00030547185954892973,-0.015142028551651516,-0.015160661604130791
0.7240480961923843,5.297221049228036,-0.01498612908342246,0.9630631315298256,0.0003051292858758136,-0.01438808667247744,-0.015584171494367482,0.0003051292858758136,-0.014976823005269986,-0.014995435161574935
0.7322645290581158,5.398393387950716,-0.014825259269557052,0.9527250525070564,0.0003047851325582037,-0.014227891386719708,-0.015422627152394397,0.0003047851325582037,-0.014815963687669008,-0.014834554851445097
0.7404809619238473,5.501498030805234,-0.014667311682374697,0.942574766393634,0.000304442289175751,-0.014070615760219297,-0.015264007604530097,0.000304442289175751,-0.01465802655679963,-0.014676596807949764
0.7486973947895788,5.606571883128613,-0.014512666144394382,0.9326366819653352,0.0003041524455096006,-0.013916538305385783,-0.015108793983402981,0.0003041524455096006,-0.014503389858704353,-0.014521942430084412
0.7569138276553102,5.713652555117879,-0.014361330576159627,0.9229113082250788,0.0003040892258366836,-0.01376532664543306,-0.014957334506886194,0.0003040892258366836,-0.014352056218593983,-0.014370604933725271
0.7651302605210417,5.822778375292286,-0.014213668780272514,0.913422024450547,0.0003045789910922159,-0.013616704927284225,-0.014810632633260802,0.0003045789910922159,-0.014204379485452548,-0.01422295807509248
0.7733466933867732,5.933988404212633,-0.014072175454702513,0.904329149001826,0.0003058422424577278,-0.0134727356745344,-0.014671615234870625,0.0003058422424577278,-0.014062847632227295,-0.01408150327717773
0.7815631262525047,6.047322448462642,-0.013941253338418136,0.8959156178895912,0.00030719107064607873,-0.013339169903579522,-0.01454333677325675,0.00030719107064607873,-0.013931884378296957,-0.013950622298539316
0.7897795591182359,6.162821074897336,-0.013823834672723452,0.8883698675991398,0.00030660067422599857,-0.013222908393604797,-0.014424760951842107,0.00030660067422599857,-0.013814483718986715,-0.013833185626460189
0.7979959919839674,6.280525625163577,-0.013720304126476743,0.8817166183496292,0.00030485180060637403,-0.013122805576666063,-0.014317802676287423,0.00030485180060637403,-0.013711006511292994,-0.013729601741660493
0.8062124248496989,6.400478230497903,-0.013627218732065755,0.8757346125266378,0.00030421188623063616,-0.013030974391384712,-0.014223463072746799,0.00030421188623063616,-0.013617940633504851,-0.01363649683062666
0.8144288577154304,6.522721826807022,-0.01353960239818114,0.8701040684138541,0.00030506788694481166,-0.012941680326929573,-0.014137524469432708,0.00030506788694481166,-0.013530298192622602,-0.01354890660373968
0.8226452905811619,6.647300170036307,-0.013454718718352753,0.8646491345842949,0.0003060175325214259,-0.012854935375972943,-0.014054502060732563,0.0003060175325214259,-0.013445385549740315,-0.013464051886965192
0.8308617234468934,6.774257851831833,-0.013371032392403929,0.8592711470675816,0.00030562361473378567,-0.012772021114700764,-0.013970043670107093,0.00030562361473378567,-0.013361711237812718,-0.01338035354699514
0.8390781563126248,6.903640315501528,-0.013285054494246504,0.8537458947905652,0.00030550921638689395,-0.012686267433183138,-0.01388384155530987,0.00030550921638689395,-0.013275736828668004,-0.013294372159825004
0.8472945891783563,7.035493872281186,-0.013192798243436008,0.8478171727493917,0.0003054607643093485,-0.012594106146699606,-0.01379149034017241,0.0003054607643093485,-0.013183482055587902,-0.013202114431284113
0.8555110220440878,7.169865717911131,-0.013095664579815399,0.8415750104309777,0.00030491629658529237,-0.012498039620208892,-0.013693289539421906,0.00030491629658529237,-0.013086364997581458,-0.01310496416204934
0.8637274549098193,7.306803949529495,-0.012996344298537268,0.8351923281132371,0.00030532232468764544,-0.012397923538473438,-0.013594765058601098,0.00030532232468764544,-0.01298703233293199,-0.013005656264142545
0.8719438877755508,7.446357582888134,-0.012898697667220422,0.8289172006259551,0.00030568217553792924,-0.01229957161245023,-0.013497823721990614,0.00030568217553792924,-0.012889374726594748,-0.012908020607846096
0.880160320641282,7.588576569897345,-0.012807499625291353,0.8230564829342362,0.00030580447789631547,-0.0122081338623035,-0.013406865388279206,0.00030580447789631547,-0.012798172954590075,-0.012816826295992631
0.8883767535070135,7.733511816505708,-0.012726835546496161,0.8178727160058971,0.0003055499425572363,-0.012127968663605696,-0.013325702429386627,0.0003055499425572363,-0.012717516638818191,-0.012736154454174132
0.896593186372745,7.881215200921364,-0.012659110290916717,0.8135204448917941,0.00030533479473418107,-0.012060665090010792,-0.013257555491822642,0.00030533479473418107,-0.01264979794498994,-0.012668422636843495
0.9048096192384768,8.031739592181346,-0.012602129893503585,0.8098586774224876,0.0003049941184142888,-0.012004352405915035,-0.013199907381092136,0.0003049941184142888,-0.01259282793779697,-0.012611431849210201
0.913026052104208,8.185138869075539,-0.012549735444623955,0.8064916196764941,0.00030503522966833746,-0.011951877380458109,-0.013147593508789801,0.00030503522966833746,-0.012540432235073277,-0.012559038654174633
0.9212424849699392,8.341467939432114,-0.012494516399095644,0.8029430430820612,0.00030519749570480587,-0.011896340299342407,-0.013092692498848882,0.00030519749570480587,-0.012485208240624995,-0.012503824557566294
0.9294589178356708,8.500782759771255,-0.012431177124718733,0.7988726310636747,0.0003056482125916556,-0.011832117636100047,-0.01303023661333742,0.0003056482125916556,-0.012421855219922288,-0.01244049902951518
0.9376753507014022,8.663140355334237,-0.01235886216630894,0.794225408961496,0.0003054281480818812,-0.011760233996203687,-0.012957490336414194,0.0003054281480818812,-0.01234954697321675,-0.012368177359401131
0.945891783567134,8.828598840495141,-0.012278948288565286,0.7890898526798121,0.00030502520566706476,-0.011681109871080916,-0.012876786706049656,0.00030502520566706476,-0.012269645384734653,-0.012288251192395919
0.9541082164328653,8.997217439562274,-0.012193316998591757,0.783586874704661,0.00030495749412925115,-0.01159561129328284,-0.012791022703900675,0.00030495749412925115,-0.012184016159882016,-0.012202617837301498
0.9623246492985968,9.169056507977023,-0.012104804507672168,0.7778987402831565,0.00030468322514735837,-0.011507636359689837,-0.0127019726556545,0.00030468322514735837,-0.01209551203383823,-0.012114096981506107
0.970541082164328,9.344177553917453,-0.012016804345237877,0.7722435299525015,0.00030506523016074185,-0.011418887481187402,-0.012614721209288353,0.00030506523016074185,-0.012007500220708074,-0.01202610846976768
0.9787575150300598,9.522643260314638,-0.011930454895384328,0.7666944004128508,0.00030584959436767646,-0.011331000705737497,-0.012529909085031158,0.00030584959436767646,-0.011921126848684653,-0.011939782942084002
0.9869739478957912,9.704517507289374,-0.011845929816319243,0.7612625115719043,0.0003062789154453478,-0.011245634172822374,-0.012446225459816112,0.0003062789154453478,-0.011836588675840353,-0.011855270956798133
0.9951903807615228,9.889865395017525,-0.011765901542872888,0.7561196038065208,0.0003062791938119615,-0.01116560535378748,-0.012366197731958295,0.0003062791938119615,-0.011756560393904148,-0.011775242691841627
1.003406813627254,10.078753267031942,-0.011695413535794393,0.7515897882381093,0.0003060325481970883,-0.011095600763231081,-0.012295226308357705,0.0003060325481970883,-0.011686079909221813,-0.011704747162366974
1.0116232464929853,10.271248733969596,-0.011639353689255708,0.7479871787143231,0.00030569682884034667,-0.011040198914540523,-0.012238508463970893,0.00030569682884034667,-0.011630030301721843,-0.011648677076789573
1.019839679358717,10.467420697772113,-0.011602233059185812,0.7456016720874638,0.00030534553114759325,-0.011003766815296277,-0.012200699303075348,0.00030534553114759325,-0.011592920385811271,-0.011611545732560354
1.0280561122244485,10.66733937634856,-0.01158833221602614,0.7447083533745569,0.00030499715361092963,-0.010990548779561488,-0.012186115652490791,0.00030499715361092963,-0.011579030167749657,-0.011597634264302622
1.03627254509018,10.871076328709355,-0.011599281795325553,0.7454120131435557,0.0003046514231882169,-0.011002175978037777,-0.01219638761261333,0.0003046514231882169,-0.01158999029141332,-0.011608573299237786
1.0444889779559112,11.078704480580058,-0.011633008582101244,0.7475794190632448,0.0003043176960327712,-0.011036556858018805,-0.012229460306183684,0.0003043176960327712,-0.01162372725646797,-0.011642289907734518
1.052705410821643,11.29029815050453,-0.011684689369902633,0.7509006143540948,0.00030404746420845976,-0.011088767290463321,-0.012280611449341944,0.00030404746420845976,-0.011675416286016685,-0.01169396245378858
1.0609218436873742,11.505933076446471,-0.011748685290647595,0.7550132248550917,0.00030396258683436177,-0.011152929567804616,-0.012344441013490573,0.00030396258683436177,-0.011739414795420008,-0.011757955785875181
1.069138276553106,11.725686442899212,-0.011818282355972294,0.7594857852677093,0.00030423214676460577,-0.011221998305374363,-0.012414566406570226,0.00030423214676460577,-0.011809003639489345,-0.011827561072455244
1.0773547094188372,11.949636908513066,-0.011887629288820251,0.7639422712581054,0.000304862353172782,-0.011290110056359468,-0.012485148521281034,0.000304862353172782,-0.011878331351795852,-0.01189692722584465
1.0855711422845689,12.17786463425056,-0.01195370775228489,0.7681887135245964,0.0003052689023681176,-0.011355391698043305,-0.012552023806526475,0.0003052689023681176,-0.011944397415996441,-0.011963018088573339
1.0937875751503,12.410451312079198,-0.012016408022806053,0.7722180608323461,0.00030501495609525016,-0.011418589694113298,-0.012614226351498808,0.00030501495609525016,-0.012007105431575097,-0.012025710614037009
1.1020040080160314,12.647480194212422,-0.012077312230146341,0.7761319865911576,0.0003050957527302872,-0.01147933554295884,-0.012675288917333842,0.0003050957527302872,-0.012068007174714686,-0.012086617285577996
1.110220440881763,12.889036122908916,-0.012142128240860372,0.7802972990547059,0.00030521431181332196,-0.011543919182140082,-0.012740337299580662,0.00030521431181332196,-0.01213281956951853,-0.012151436912202213
1.1184368737474943,13.135205560841056,-0.012220064801315832,0.7853057857396317,0.00030515075836093776,-0.01162198030507331,-0.012818149297558356,0.00030515075836093776,-0.012210758068278251,-0.012229371534353413
1.126653306613226,13.3860766220435,-0.012324367851612016,0.7920086789075194,0.00030493125074480354,-0.011726713582391449,-0.012922022120832584,0.00030493125074480354,-0.012315067813294101,-0.012333667889929931
1.1348697394789573,13.641739103452684,-0.012477101679885296,0.8018239099207178,0.00030481186400331637,-0.011879681404378275,-0.013074521955392318,0.00030481186400331637,-0.01246780528272016,-0.012486398077050433
1.143086172344689,13.90228451704888,-0.012710499383209114,0.8168228947688833,0.0003047515927805454,-0.012113197237128028,-0.0133078015292902,0.0003047515927805454,-0.012701204824244161,-0.012719793942174066
1.1513026052104205,14.167806122611957,-0.013055179039180563,0.8389732624193051,0.0003049242178684616,-0.012457538554144333,-0.013652819524216793,0.0003049242178684616,-0.013045879215356963,-0.013064478863004164
1.159519038076152,14.438398961102932,-0.013516695543801555,0.8686319906818729,0.00030481503863944245,-0.012919269046122062,-0.014114122041481048,0.00030481503863944245,-0.013507399049813814,-0.013525992037789295
1.1677354709418832,14.714159888682902,-0.01408830239976324,0.9053655251150796,0.00030472641542656046,-0.013491049600389191,-0.01468555519913729,0.00030472641542656046,-0.014079008608677461,-0.01409759619084902
1.175951903807615,14.995187611381883,-0.014774070562925028,0.9494354801409322,0.00030511103657017283,-0.014176063919961806,-0.01537207720588825,0.00030511103657017283,-0.014764765041354542,-0.014783376084495514
1.1841683366733462,15.281582720429617,-0.015582395650408918,1.0013813886349068,0.000305376203150727,-0.014983869290497907,-0.01618092201031993,0.000305376203150727,-0.01557308204157498,-0.015591709259242857
1.1923847695390777,15.57344772826132,-0.016468328812250396,1.058314674103066,0.00030535148265979276,-0.015869850903611295,-0.017066806720889498,0.00030535148265979276,-0.016459015957361853,-0.01647764166713894
1.2006012024048092,15.870887105211049,-0.01730673866168506,1.1121939387622222,0.00030516094911639703,-0.01670863419192886,-0.017904843131441257,0.00030516094911639703,-0.01729743161784163,-0.01731604570552849
1.2088176352705404,16.174007316905787,-0.01798578675137027,1.1558320374380835,0.00030500380864534516,-0.01738799027127785,-0.018583583231462694,0.00030500380864534516,-0.0179764845001232,-0.017995089002617343
1.217034068136272,16.482916862373944,-0.018481225856238175,1.18767075530581,0.0003050627010848647,-0.017883313949085333,-0.019079137763391017,0.0003050627010848647,-0.01847192180884216,-0.01849052990363419
1.2252505010020034,16.797726312881434,-0.018830023315916572,1.21008574799122,0.0003053792544868766,-0.018231490975496603,-0.01942855565633654,0.0003053792544868766,-0.01882070961402053,-0.018839337017812614
1.233466933867735,17.118548351509737,-0.01908174013556304,1.2262619858467725,0.0003055976941771341,-0.01848277966121737,-0.01968070060990871,0.0003055976941771341,-0.019072419771517794,-0.019091060499608285
1.2416833667334664,17.44549781348963,-0.01925839524727217,1.237614485490696,0.0003053251543841591,-0.018659968941105085,-0.019856821553439253,0.0003053251543841591,-0.019249083195364534,-0.019267707299179804
1.249899799599198,17.778691727305514,-0.019351291934169828,1.2435843642829034,0.0003052911397480862,-0.018752932295464396,-0.01994965157287526,0.0003052911397480862,-0.019341980919667896,-0.01936060294867176
1.258116232464929,18.118249356584503,-0.01935087411036283,1.2435575134062191,0.0003054714554888459,-0.018752161059299662,-0.019949587161426,0.0003054714554888459,-0.01934155759644654,-0.01936019062427912
1.2663326653306606,18.46429224278585,-0.019260771745774518,1.2377672079233542,0.00030561110122907516,-0.018661784994089905,-0.01985975849745913,0.00030561110122907516,-0.01925145097283023,-0.019270092518718807
1.2745490981963925,18.816944248705536,-0.01910513742681329,1.2277655808348678,0.0003056757593910957,-0.018506023947459812,-0.01970425090616677,0.0003056757593910957,-0.01909581468187242,-0.019114460171754163
1.2827655310621235,19.1763316028117,-0.018916715741818836,1.215656918418526,0.00030542257321657926,-0.018318098498248794,-0.019515332985388878,0.00030542257321657926,-0.018907400718753367,-0.018926030764884305
1.2909819639278552,19.54258294442709,-0.018720495261173004,1.2030470770439374,0.00030540913232406726,-0.018121904361268204,-0.019319086161077803,0.00030540913232406726,-0.018711180648038676,-0.01872980987430733
1.2991983967935865,19.91582936977414,-0.018532453647564444,1.1909628393964646,0.000305621901643288,-0.017933445727456955,-0.019131461567671933,0.000305621901643288,-0.018523132545220443,-0.018541774749908445
1.3074148296593182,20.296204478899774,-0.01835357786898357,1.179467631626935,0.00030566927822398124,-0.017754477092484212,-0.018952678645482925,0.00030566927822398124,-0.01834425532171054,-0.018362900416256597
1.3156312625250497,20.683844423496147,-0.018177771931653406,1.1681697030154687,0.0003055027065473026,-0.017578997629641185,-0.018776546233665627,0.0003055027065473026,-0.018168454464617224,-0.01818708939868959
1.3238476953907812,21.078887955635004,-0.018004962898975404,1.1570643663911089,0.0003052118133440437,-0.017406758737164917,-0.01860316706078589,0.0003052118133440437,-0.01799565430383389,-0.01801427149411692
1.3320641282565124,21.48147647743253,-0.01784637340453647,1.146872828983958,0.00030488800212735625,-0.01724880390104848,-0.01844394290802446,0.00030488800212735625,-0.017837074685249643,-0.017855672123823295
1.340280561122244,21.89175409166306,-0.0177131065276294,1.1383086150305834,0.00030461237944702394,-0.017116077234668185,-0.018310135820590618,0.00030461237944702394,-0.01770381621450456,-0.017722396840754242
1.3484969939879754,22.30986765333916,-0.017603079016668754,1.1312378472111997,0.0003044886446846894,-0.017006292239385348,-0.01819986579395216,0.0003044886446846894,-0.017593792477306126,-0.017612365556031382
1.3567134268537069,22.735966822277128,-0.01750799948528439,1.1251276908973382,0.00030462289781994296,-0.016910949576691075,-0.018105049393877703,0.00030462289781994296,-0.01749870885136176,-0.017517290119207017
1.3649298597194384,23.17020411666628,-0.017432107276752064,1.1202505816984922,0.0003049531887221744,-0.016834410009885958,-0.01802980454361817,0.0003049531887221744,-0.01742280656935209,-0.01744140798415204
1.3731462925851696,23.61273496766129,-0.01739584224892532,1.1179200591820089,0.00030505497697868174,-0.01679794548074241,-0.01799373901710823,0.00030505497697868174,-0.017386538437105303,-0.017405146060745336
1.381362725450901,24.06371777501751,-0.017411372720855266,1.1189181037636171,0.0003050505847341005,-0.016813484561313544,-0.018009260880396987,0.0003050505847341005,-0.01740206904299345,-0.01742067639871708
1.3895791583166326,24.523313963788475,-0.017464218221643412,1.1223141477448872,0.00030503905103658523,-0.01686635266773343,-0.018062083775553395,0.00030503905103658523,-0.017454914895545574,-0.01747352154774125
1.3977955911823643,24.991688042106663,-0.017527451757869548,1.1263777646453323,0.00030526848646370843,-0.016929136518785626,-0.01812576699695347,0.00030526848646370843,-0.017518141434265687,-0.01753676208147341
1.4060120240480956,25.469007660067444,-0.017560048289594753,1.1284725362668455,0.0003054301419048143,-0.01696141621166836,-0.018158680367521145,0.0003054301419048143,-0.017550733035693347,-0.01756936354349616
1.4142284569138273,25.955443669738056,-0.01752220795695196,1.1260407789364344,0.0003053692149017127,-0.01692369529375733,-0.01812072062014659,0.0003053692149017127,-0.017512894561251255,-0.017531521352652665
1.4224448897795583,26.451170186312293,-0.01740535420787448,1.1185313322413537,0.00030518201933179515,-0.016807208441254953,-0.018003499974494006,0.00030518201933179515,-0.01739604652141469,-0.017414661894334268
1.4306613226452902,26.956364650433603,-0.017236774197085733,1.1076977679366704,0.00030504068527792525,-0.01663890544012158,-0.017834642954049885,0.00030504068527792525,-0.01722747082114549,-0.017246077573025976
1.4388777555110217,27.471207891708087,-0.017053796523589595,1.0959389574889369,0.00030508681748643617,-0.016455837349158235,-0.017651755698020955,0.00030508681748643617,-0.017044491740672185,-0.017063101306507004
1.4470941883767527,27.995884193430943,-0.016876588265555947,1.0845509106514373,0.0003052898076765372,-0.016278231237662776,-0.017474945293449118,0.0003052898076765372,-0.016867277291680603,-0.01688589923943129
1.4553106212424844,28.53058135854888,-0.01671525809487934,1.0741832474265205,0.0003053064205227141,-0.01611686850640598,-0.017313647683352702,0.0003053064205227141,-0.016705946614332067,-0.016724569575426614
1.4635270541082157,29.07549077688227,-0.016577436743125045,1.065326346363324,0.0003052339249783619,-0.015979189243307657,-0.017175684242942434,0.0003052339249783619,-0.016568127473605136,-0.016586746012644954
1.4717434869739474,29.63080749363161,-0.016459441788375957,1.057743561643347,0.0003051549009032922,-0.015861349172899615,-0.017057534403852298,0.0003051549009032922,-0.01645013492899579,-0.01646874864775612
1.479959919839679,30.196730279191836,-0.016347154966862617,1.0505276023149446,0.00030527861545185417,-0.01574881987532673,-0.016945490058398505,0.00030527861545185417,-0.016337844334336736,-0.016356465599388498
1.4881763527054104,30.773461700300555,-0.016237065665679555,1.0434528636312526,0.0003053681827104157,-0.015638555025542695,-0.016835576305816415,0.0003053681827104157,-0.01622775230145945,-0.01624637902989966
1.4963927855711416,31.361208192544684,-0.016125887900753425,1.0363081763107165,0.00030529773392921363,-0.015527515337690475,-0.016724260463816375,0.00030529773392921363,-0.016116576685136857,-0.016135199116369993
1.5046092184368731,31.96018013425236,-0.016007230251230454,1.0286828044155838,0.00030516347004400026,-0.015409120840546946,-0.01660533966191396,0.00030516347004400026,-0.01599792313050175,-0.01601653737195916
1.5128256513026046,32.57059192179563,-0.015889931979239862,1.021144791062205,0.0003051004728064944,-0.015291946040872991,-0.016487917917606735,0.0003051004728064944,-0.01588062677985153,-0.015899237178628196
1.5210420841683363,33.19266204633187,-0.01579744929176024,1.015201517377545,0.0003051231587426541,-0.015199418889775539,-0.016395479693744937,0.0003051231587426541,-0.015788143400477996,-0.015806755183042483
1.5292585170340676,33.82661317201038,-0.01574004272518615,1.0115123627287723,0.00030501147062752295,-0.015142231227884608,-0.01633785422248769,0.00030501147062752295,-0.01573074024025779,-0.01574934521011451
1.5374749498997988,34.47267221567318,-0.01570758154926505,1.0094262895632675,0.0003049096596968547,-0.01510996959772085,-0.016305193500809247,0.0003049096596968547,-0.015698282169448265,-0.01571688092908183
1.5456913827655303,35.13107042807761,-0.015688835336950535,1.008221589814891,0.00030511841301192544,-0.015090814236427144,-0.016286856437473927,0.00030511841301192544,-0.0156795295904074,-0.01569814108349367
1.5539078156312618,35.80204347667029,-0.01567746774534994,1.0074910670558863,0.00030531377143090503,-0.015079063749361271,-0.016275871741338606,0.00030531377143090503,-0.01566815604060876,-0.01568677945009112
1.5621242484969935,36.48583152994232,-0.015657416730462555,1.0062025159510413,0.0003052994879708417,-0.015059040729541185,-0.016255792731383924,0.0003052994879708417,-0.01564810546134982,-0.015666727999575292
1.5703406813627248,37.18267934339502,-0.015614940137725497,1.003472815693533,0.00030516788452630107,-0.015016822074815668,-0.016213058200635323,0.00030516788452630107,-0.015605632882360363,-0.01562424739309063
1.5785571142284565,37.89283634714817,-0.015552812864340208,0.9994802912646576,0.00030508896896647934,-0.01495484947308545,-0.016150776255594967,0.00030508896896647934,-0.015543508015805231,-0.015562117712875185
1.5867735470941875,38.61655673522085,-0.015487917031946253,0.9953098491697946,0.00030515546110040714,-0.014889823318503742,-0.016086010745388766,0.00030515546110040714,-0.015478610155480745,-0.015497223908411762
1.5949899799599194,39.35409955651814,-0.015434727439727198,0.9918916926223548,0.0003052433083436977,-0.014836461548851695,-0.0160329933306027,0.0003052433083436977,-0.015425417884025874,-0.015444036995428522
1.603206412825651,40.10572880755492,-0.01539904367375117,0.989598524105365,0.00030529785333825396,-0.0148006708766508,-0.01599741647085154,0.00030529785333825396,-0.015389732454492771,-0.01540835489300957
1.6114228456913824,40.87171352695123,-0.015372844186457747,0.9879148498131696,0.0003053668047487487,-0.014774336247076124,-0.015971352125839368,0.0003053668047487487,-0.015363530864263824,-0.01538215750865167
1.6196392785571136,41.652327891731815,-0.01533989521533912,0.9857974291550696,0.0003052949036861094,-0.014741528199450722,-0.01593826223122752,0.0003052949036861094,-0.015330584086041583,-0.015349206344636658
1.627855711422845,42.44785131546548,-0.015293181350942637,0.9827954264176648,0.000305125806124187,-0.01469514576018548,-0.015891216941699794,0.000305125806124187,-0.015283875378918425,-0.01530248732296685
1.6360721442885766,43.25856854827845,-0.015234828441400049,0.97904545632965,0.000304986126710665,-0.014637066617262776,-0.015832590265537322,0.000304986126710665,-0.015225526729430831,-0.015244130153369267
1.644288577154308,44.084769778777854,-0.015172492213596275,0.9750395037302648,0.0003049721003007586,-0.014574757880717252,-0.0157702265464753,0.0003049721003007586,-0.015163190929415779,-0.015181793497776772
1.6525050100200396,44.9267507379223,-0.01512090976280914,0.9717246279334192,0.00030503117559040136,-0.01452305964449004,-0.015718759881128242,0.00030503117559040136,-0.015111606676902988,-0.015130212848715293
1.6607214428857708,45.784812804875656,-0.015103110488835874,0.9705807818851016,0.00030503402115597056,-0.014505254793310742,-0.015700966184361006,0.00030503402115597056,-0.015093807316143378,-0.01511241366152837
1.6689378757515023,46.659263114883245,-0.015128877523580131,0.9722366652044634,0.0003051089639520644,-0.014530874942873756,-0.01572688010428651,0.0003051089639520644,-0.015119572065222018,-0.015138182981938244
1.6771543086172338,47.55041466920765,-0.015182979224802209,0.9757134371920784,0.0003051545511453062,-0.014584887294838924,-0.015781071154765496,0.0003051545511453062,-0.015173672376089244,-0.015192286073515174
1.6853707414829655,48.45858644716491,-0.015238885465454051,0.9793061754431976,0.0003052183103886291,-0.014640668569670171,-0.01583710236123793,0.0003052183103886291,-0.015229576672160447,-0.015248194258747655
1.6935871743486968,49.38410352029985,-0.015273213896990576,0.981512245242279,0.0003053417910588885,-0.0146747549835402,-0.015871672810440954,0.0003053417910588885,-0.015263901337684266,-0.015282526456296887
1.7018036072144285,50.32729716874272,-0.015284956513770745,0.9822668684825908,0.00030533223898833114,-0.01468651632203464,-0.015883396705506852,0.00030533223898833114,-0.01527564424579116,-0.015294268781750331
1.7100200400801595,51.28850499978742,-0.015270853979380161,0.9813605883580104,0.00030515662985439125,-0.014672757975221934,-0.01586894998353839,0.00030515662985439125,-0.015261547067269055,-0.015280160891491267
1.718236472945891,52.26807106873521,-0.015221613444816456,0.9781962126108682,0.00030513488030981407,-0.01462356006898228,-0.015819666820650634,0.00030513488030981407,-0.015212307196040439,-0.015230919693592474
1.7264529058116227,53.26634600204592,-0.015146375667717708,0.9733611595548914,0.0003052493869264992,-0.014548097863038838,-0.015744653472396578,0.0003052493869264992,-0.015137065926626881,-0.015155685408808534
1.734669338677354,54.28368712284122,-0.01506971649278488,0.9684347623071212,0.0003053086659192824,-0.014471322503415113,-0.015668110482154645,0.0003053086659192824,-0.015060404943755695,-0.015079028041814064
1.7428857715430857,55.32045857880546,-0.015017349759340345,0.9650694856557364,0.00030518379795297425,-0.014419200506687367,-0.015615499011993323,0.00030518379795297425,-0.015008042018634737,-0.015026657500045953
1.751102204408817,56.37703147252848,-0.01500891197785634,0.9645272431450844,0.0003050689179136225,-0.014410987885943034,-0.015606836069769647,0.0003050689179136225,-0.014999607740854487,-0.015018216214858195
1.7593186372745486,57.45378399433868,-0.01505725926135694,0.9676342153318216,0.00030507496154649316,-0.014459323324140872,-0.01565519519857301,0.00030507496154649316,-0.015047954840031514,-0.015066563682682365
1.76753507014028,58.551101557672325,-0.015155778715870163,0.9739654336105344,0.00030527064668245434,-0.0145574592428353,-0.015754098188905025,0.00030527064668245434,-0.015146468326382216,-0.01516508910535811
1.7757515030060116,59.66937693702904,-0.015281089010883058,0.982018328688126,0.0003053804223252371,-0.014682554381541962,-0.015879623640224154,0.0003053804223252371,-0.015271775273369344,-0.015290402748396771
1.7839679358717428,60.80901040856134,-0.015388042002214917,0.9888915166998644,0.000305396580731418,-0.014789475702979659,-0.015986608301450177,0.000305396580731418,-0.015378727771889146,-0.015397356232540687
1.7921843687374746,61.970409893350144,-0.015426036517379865,0.9913331823596236,0.0003053514804560565,-0.014827558613060008,-0.01602451442169972,0.0003053514804560565,-0.015416723662558534,-0.015435349372201196
1.8004008016032058,63.15399110341583,-0.015386207188305821,0.9887736048882664,0.0003052106883935169,-0.014788005231357851,-0.015984409145253793,0.0003052106883935169,-0.01537689862747395,-0.015395515749137693
1.808617234468937,64.36017769051885,-0.01528677826059816,0.9823839405560194,0.0003050512812578951,-0.014688888735894887,-0.015884667785301433,0.0003050512812578951,-0.015277474561493205,-0.015296081959703115
1.8168336673346688,65.58940139780175,-0.01515249243748498,0.9737542454154312,0.0003049639603567952,-0.01455477405860296,-0.015750210816367,0.0003049639603567952,-0.015143191401563035,-0.015161793473406926
1.8250501002004,66.84210221432734,-0.015014530244583789,0.9648882933881582,0.00030495114850634283,-0.014416836976467232,-0.015612223512700345,0.00030495114850634283,-0.015005229599407954,-0.015023830889759624
1.833266533066132,68.11872853256908,-0.014904112620180912,0.9577924554608612,0.00030497845407049374,-0.014306365834142042,-0.015501859406219783,0.00030497845407049374,-0.01489481114221804,-0.014913414098143785
1.841482965931863,69.41973730890844,-0.014840695905525348,0.9537170668486624,0.0003051232794872834,-0.014242665266885524,-0.015438726544165173,0.0003051232794872834,-0.014831390010560538,-0.014850001800490158
1.8496993987975947,70.74559422719871,-0.01482339716027341,0.9526053865954676,0.0003051947997040765,-0.014225226344584504,-0.015421567975962315,0.0003051947997040765,-0.014814089084027557,-0.014832705236519262
1.857915831663326,72.09677386545154,-0.014841116021882322,0.953744065052942,0.0003051866064057799,-0.014242961264762993,-0.015439270779001651,0.0003051866064057799,-0.014831808195522263,-0.01485042384824238
1.8661322645290577,73.47375986570826,-0.014884741408465539,0.956547590979027,0.0003051799551610442,-0.014286599687546343,-0.015482883129384735,0.0003051799551610442,-0.014875433784960488,-0.01489404903197059
1.874348697394789,74.87704510715447,-0.01495229632896932,0.9608889157419764,0.00030515944981292323,-0.014354194797793932,-0.015550397860144706,0.00030515944981292323,-0.014942989330852852,-0.014961603327085786
1.88256513026052,76.30713188254197,-0.015034245886455558,0.9661552922038932,0.00030514786778920613,-0.014436167055629523,-0.01563232471728159,0.00030514786778920613,-0.015024939241576957,-0.015043552531334159
1.890781563126252,77.76453207797948,-0.015106808734007585,0.9708184445634628,0.0003051199936818064,-0.014508784535428155,-0.015704832932587013,0.0003051199936818064,-0.01509750293925591,-0.01511611452875926
1.8989979959919832,79.24976735615734,-0.015156319456001021,0.9740001835370078,0.0003051905926158839,-0.014558156886053454,-0.01575448202594859,0.0003051905926158839,-0.015147011508066324,-0.01516562740393572
1.9072144288577149,80.76336934307214,-0.015204116468638498,0.9770717933177708,0.00030525265960131367,-0.014605832249634859,-0.01580240068764214,0.00030525265960131367,-0.015194806627735005,-0.015213426309541991
1.915430861723446,82.30587981831677,-0.015258449660713932,0.9805634417491234,0.00030523089664795096,-0.01466020809631508,-0.01585669122511278,0.00030523089664795096,-0.015249140483554477,-0.015267758837873386
1.9236472945891776,83.87785090900589,-0.015327818555090647,0.9850213390671908,0.00030524310310772295,-0.014729553066470264,-0.01592608404371103,0.00030524310310772295,-0.015318509005648774,-0.01533712810453252
1.931863727454909,85.47984528740396,-0.015422276822755664,0.9910915707160682,0.00030524456741813275,-0.014824008464139615,-0.016020545181371713,0.00030524456741813275,-0.015412967228654076,-0.015431586416857252
1.9400801603206408,87.11243637232926,-0.015525519551016697,0.9977263237355616,0.000305185567135607,-0.014927366830829477,-0.01612367227120392,0.000305185567135607,-0.015516211756353137,-0.015534827345680258
1.948296593186372,88.77620853440293,-0.015599204049497493,1.0024615574611684,0.0003051454081920535,-0.015001130039393296,-0.01619727805960169,0.0003051454081920535,-0.015589897479633663,-0.015608510619361323
1.956513026052104,90.47175730521975,-0.015616396384704578,1.003566399418066,0.00030519082862965697,-0.015018233352178514,-0.016214559417230642,0.00030519082862965697,-0.015607088429571744,-0.015625704339837412
1.964729458917835,92.19968959051238,-0.015573254705058916,1.000793958258129,0.00030526116523775076,-0.014974953815314194,-0.016171555594803638,0.00030526116523775076,-0.015563944604743687,-0.015582564805374144
1.9729458917835665,93.96062388738802,-0.015490225134453315,0.9954581762271666,0.00030524767466489483,-0.01489195068574552,-0.01608849958316111,0.00030524767466489483,-0.015480915445584418,-0.015499534823322211
1.981162324649298,95.75519050571354,-0.01539940960430039,0.9896220401326654,0.00030517176290069387,-0.014801283939916433,-0.015997535268684346,0.00030517176290069387,-0.015390102230649478,-0.015408716977951303
1.9893787575150288,97.58403179372864,-0.015325907728626152,0.9848985424124668,0.00030515004027642544,-0.014727824639803412,-0.015923990817448892,0.00030515004027642544,-0.01531660101748929,-0.015335214439763014
1.997595190380761,99.44780236796892,-0.015285782259537422,0.9823199339072564,0.00030522055328061597,-0.014687560967766026,-0.01588400355130882,0.00030522055328061597,-0.015276473397838298,-0.015295091121236547
2.005811623246492,101.34716934757913,-0.015286026444831007,0.982335626141869,0.000305295423532628,-0.014687658410062154,-0.01588439447959986,0.000305295423532628,-0.015276715299678771,-0.015295337589983242
2.014028056112224,103.28281259310276,-0.015314744090818707,0.98418112646561,0.00030529917438825246,-0.014716368704507918,-0.015913119477129496,0.00030529917438825246,-0.015305432831269863,-0.01532405535036755
2.022244488977955,105.25542494983108,-0.015338298448612862,0.9856948151207748,0.00030518754590819013,-0.014740141850102646,-0.01593645504712308,0.00030518754590819013,-0.015328990593599105,-0.01534760630362662
2.030460921843687,107.26571249580142,-0.015345120132213957,0.9861332013067342,0.0003050674982276943,-0.01474719882283394,-0.015943041441593975,0.0003050674982276943,-0.015335815938510826,-0.015354424325917089
2.038677354709418,109.3143947945302,-0.015327310650740111,0.9849886992873236,0.00030507731691987,-0.014729370097077053,-0.01592525120440317,0.00030507731691987,-0.015318006157578615,-0.015336615143901607
2.04689378757515,111.40220515257488,-0.01529063817734736,0.9826319928376483,0.00030523131847766914,-0.014692395786177453,-0.015888880568517266,0.00030523131847766914,-0.015281328987322604,-0.015299947367372115
2.055110220440881,113.52989088201322,-0.015240215747083103,0.9793916641764362,0.00030530352285056096,-0.014641831837942803,-0.015838599656223404,0.00030530352285056096,-0.015230904354911362,-0.015249527139254844
2.0633266533066124,115.69821356793744,-0.01517991833946575,0.9755167335736206,0.0003052186002194915,-0.014581700875623818,-0.015778135803307683,0.0003052186002194915,-0.015170609537332652,-0.015189227141598847
2.071543086172344,117.90794934105602,-0.015123150018094307,0.9718685948816784,0.0003050925278998577,-0.014525179651458305,-0.01572112038473031,0.0003050925278998577,-0.015113845061016122,-0.015132454975172493
2.0797595190380758,120.15988915550216,-0.01507365815690411,0.9686880679719112,0.0003050644287554356,-0.014475742863579171,-0.01567157345022905,0.0003050644287554356,-0.01506435405681621,-0.01508296225699201
2.087975951903807,122.45483907194908,-0.01502643441400049,0.9656532985881596,0.00030515195847330987,-0.01442834756558094,-0.01562452126242004,0.00030515195847330987,-0.015017127644360919,-0.015035741183640062
2.0961923847695383,124.79362054613088,-0.014995680923696622,0.9636769675080892,0.0003052217681248002,-0.014397457250874377,-0.015593904596518866,0.0003052217681248002,-0.014986372024946203,-0.01500498982244704
2.10440881763527,127.17707072287604,-0.015008500103635998,0.964500774610466,0.00030521798475936367,-0.01441028384607375,-0.015606716361198246,0.00030521798475936367,-0.014999191320273698,-0.015017808886998298
2.1126252505010013,129.6060427357544,-0.01508043626139745,0.9691236536059902,0.0003052140718600877,-0.014482227672976859,-0.01567864484981804,0.0003052140718600877,-0.015071127597373895,-0.015089744925421004
2.120841683366733,132.0814060124492,-0.015202922365284673,0.976995055895525,0.00030522019783810715,-0.014604701770167794,-0.015801142960401554,0.00030522019783810715,-0.015193613514426118,-0.015212231216143228
2.129058116232464,134.60404658595988,-0.01535813200990616,0.9869693918671903,0.0003052150237199548,-0.01475992155587451,-0.01595634246393781,0.0003052150237199548,-0.015348823316852018,-0.0153674407029603
2.137274549098196,137.17486741174991,-0.01553329176430525,0.9982257944145424,0.00030516546421672835,-0.014935178445115016,-0.016131405083495486,0.00030516546421672835,-0.015523984582756663,-0.015542598945853837
2.145490981963927,139.79478869095038,-0.015704052728598872,1.0091995147195132,0.0003051089891487218,-0.015106050098507955,-0.01630205535868979,0.0003051089891487218,-0.01569474726947229,-0.015713358187725453
2.1537074148296584,142.46474819973812,-0.015844258784080766,1.0182096655129695,0.0003051043477411347,-0.015246265250981557,-0.016442252317179974,0.0003051043477411347,-0.01583495346651156,-0.01585356410164997
2.16192384769539,145.18570162500367,-0.015963897712846935,1.0258980979793546,0.0003051368127963476,-0.015365840549408753,-0.016561954876285118,0.0003051368127963476,-0.01595459140513239,-0.01597320402056148
2.1701402805611214,147.95862290642975,-0.01604665010859355,1.0312160677463098,0.00030518834497491877,-0.015448491943941324,-0.016644808273245777,0.00030518834497491877,-0.016037342229209214,-0.016055957987977886
2.178356713426853,150.78450458510497,-0.016070599707965424,1.032755156062016,0.0003051980006048591,-0.015472422618626266,-0.01666877679730458,0.0003051980006048591,-0.016061291534095926,-0.016079907881834922
2.1865731462925844,153.6643581587933,-0.016043702751073897,1.0310266598380493,0.00030519876952000204,-0.015445524154688754,-0.01664188134745904,0.00030519876952000204,-0.016034394553753408,-0.016053010948394387
2.194789579158316,156.59921444399157,-0.016016609224577094,1.0292855313366898,0.0003052102144132926,-0.015418408196613293,-0.016614810252540895,0.0003052102144132926,-0.016007300678201053,-0.016025917770953135
2.2030060120240478,159.59012394489898,-0.01604690211185653,1.0312322623920551,0.0003051979540811573,-0.015448725113702152,-0.016645079110010907,0.0003051979540811573,-0.016037593939405948,-0.01605621028430711
2.211222444889779,162.63815722943676,-0.01615798693057562,1.0383709766514548,0.0003052112780645076,-0.015559783817893745,-0.016756190043257495,0.0003052112780645076,-0.01614867835175949,-0.01616729550939175
2.2194388777555103,165.7444053124465,-0.016336938163988155,1.0498710334227557,0.00030522303579648305,-0.01573871200657507,-0.01693516432140124,0.00030522303579648305,-0.016327629226575265,-0.016346247101401045
2.227655310621242,168.9099800462099,-0.016557018809214907,1.064014215708276,0.00030517950397824324,-0.015958877972597752,-0.01715515964583206,0.00030517950397824324,-0.01654771119947039,-0.016566326418959422
2.2358717434869733,172.1360145184246,-0.01675478995382918,1.076723708386352,0.0003051323726913241,-0.016156741492836933,-0.01735283841482143,0.0003051323726913241,-0.016745483781532528,-0.016764096126125835
2.2440881763527045,175.4236634577833,-0.016832130607080293,1.081693899908122,0.0003051417710830275,-0.016234063725578795,-0.01743019748858179,0.0003051417710830275,-0.016822824148143935,-0.01684143706601665
2.252304609218436,178.77410364729772,-0.016772885839477503,1.0778866157791327,0.0003051716387653227,-0.016174760418394402,-0.017371011260560603,0.0003051716387653227,-0.016763578469612572,-0.016782193209342433
2.2605210420841675,182.18853434551636,-0.016640147289404664,1.069356354028666,0.0003051940593361593,-0.016041977924810213,-0.017238316653999115,0.0003051940593361593,-0.016630839235739145,-0.016649455343070184
2.268737474949899,185.668177715789,-0.016478652334750772,1.0589781011863566,0.000305211381658719,-0.015880449019027975,-0.01707685565047357,0.000305211381658719,-0.01646934375277514,-0.016487960916726403
2.2769539078156305,189.2142792637273,-0.01631342616383936,1.0483600668238575,0.00030518937310138034,-0.0157152659840963,-0.016911586343582422,0.00030518937310138034,-0.016304118253098396,-0.016322734074580326
2.285170340681362,192.82810828302323,-0.01615417059900807,1.0381257253120368,0.00030515612859855455,-0.015556075577293231,-0.016752265620722913,0.00030515612859855455,-0.01614486370218467,-0.016163477495831472
2.2933867735470934,196.5109583097791,-0.016004198743300738,1.0284879886960743,0.00030516782279314374,-0.015406080801385674,-0.0166023166852158,0.00030516782279314374,-0.01599489148981839,-0.016013505996783084
2.301603206412825,200.26414758551851,-0.015849358715591986,1.0185374056508292,0.0003051711759440516,-0.015251234201621909,-0.016447483229562063,0.0003051711759440516,-0.01584005135984255,-0.015858666071341423
2.3098196392785564,204.0890195290368,-0.01568342263716387,1.0078737500506958,0.00030516624091614,-0.015085307795670761,-0.016281537478656977,0.00030516624091614,-0.01567411543192688,-0.01569272984240086
2.318036072144288,207.9869432172663,-0.015531318441259337,0.9980989815023128,0.0003051798782876322,-0.01493317687100926,-0.016129460011509413,0.0003051798782876322,-0.015522010820098832,-0.015540626062419842
2.32625250501002,211.9593138753244,-0.01542851983709993,0.9914927695120418,0.0003051656641917916,-0.014830406125965773,-0.016026633548234085,0.0003051656641917916,-0.015419212649452342,-0.015437827024747516
2.3344689378757506,216.0075533759204,-0.015411883089351487,0.9904236316248732,0.0003051634975961049,-0.014813773624666847,-0.01600999255403613,0.0003051634975961049,-0.015402575967782476,-0.0154211902109205
2.3426853707414823,220.1331107483028,-0.015488728132971537,0.9953619734701424,0.000305187959019385,-0.014890570724778257,-0.016086885541164817,0.000305187959019385,-0.015479420265358382,-0.015498036000584692
2.3509018036072136,224.3374626969243,-0.01563660318712182,1.0048649619958887,0.0003051969594970731,-0.015038428138316427,-0.016234778235927214,0.0003051969594970731,-0.015627295045004864,-0.015645911329238777
2.3591182364729453,228.6221141300157,-0.01583333466851778,1.017507642136238,0.00030519457406557243,-0.015235164295072216,-0.016431505041963345,0.00030519457406557243,-0.01582402659915363,-0.01584264273788193
2.3673346693386765,232.98859869825205,-0.016038379361266526,1.0306845594577774,0.0003051735242795119,-0.015440250244643523,-0.016636508477889528,0.0003051735242795119,-0.016029071933895668,-0.016047686788637383
2.375551102204408,237.4384793437103,-0.01617515707715551,1.03947439268651,0.0003051686108750441,-0.015577037590628305,-0.016773276563682715,0.0003051686108750441,-0.01616584979963761,-0.01618446435467341
2.3837675350701395,241.97334885930775,-0.016198173677802116,1.0409535231125526,0.00030519465008801636,-0.0156000031553553,-0.016796344200248933,0.00030519465008801636,-0.016188865606119374,-0.01620748174948486
2.391983967935871,246.59483045892927,-0.0161209196251949,1.0359888968629645,0.0003052188959132717,-0.015522701581803808,-0.01671913766858599,0.0003052188959132717,-0.016111610814043494,-0.016130228436346306
2.4002004008016025,251.3045783584396,-0.015971054011294138,1.0263579877316955,0.00030520746401172373,-0.015372858374018354,-0.01656924964856992,0.00030520746401172373,-0.015961745548802052,-0.015980362473786223
2.4084168336673337,256.10427836779564,-0.015800650257720865,1.015407223086124,0.00030516838991352413,-0.015202531204270281,-0.01639876931117145,0.00030516838991352413,-0.015791342986942025,-0.015809957528499705
2.416633266533065,260.9956484944662,-0.0156680771814094,1.006887595281083,0.00030515364209281366,-0.015069987033156259,-0.016266167329662542,0.00030515364209281366,-0.01565877036042145,-0.015677384002397352
2.4248496993987967,265.98043955837534,-0.015592179816366732,1.0020101547061375,0.00030517022335797443,-0.014994057169431058,-0.016190302463302407,0.00030517022335797443,-0.015582872489670031,-0.015601487143063433
2.4330661322645284,271.06043581859376,-0.015554499793928644,0.9995886994922304,0.0003051984250247373,-0.014956321872741811,-0.016152677715115478,0.0003051984250247373,-0.015545191607114848,-0.015563807980742441
2.44128256513026,276.2374556119958,-0.015516167443209656,0.99712532329169,0.0003052171946608143,-0.01491795273421211,-0.0161143821522072,0.0003052171946608143,-0.015506858683944415,-0.015525476202474896
2.449498997995992,281.5133520041176,-0.015465293552749535,0.993855982157172,0.0003052124983647013,-0.01486708804832323,-0.01606349905717584,0.0003052124983647013,-0.015455984936715707,-0.015474602168783363
2.4577154308617226,286.8900134524428,-0.015402650605972432,0.9898303186815952,0.000305189630621089,-0.014804489921500016,-0.01600081129044485,0.000305189630621089,-0.015393342687377425,-0.01541195852456744
2.4659318637274543,292.36936448236014,-0.015367925084537517,0.9875987304421672,0.00030518277969615826,-0.014769777827631225,-0.01596607234144381,0.00030518277969615826,-0.015358617374887524,-0.01537723279418751
2.4741482965931856,297.9533663760268,-0.015383541888712684,0.9886023230476828,0.0003051815183732822,-0.014785397103953803,-0.015981686673471565,0.0003051815183732822,-0.01537423421753153,-0.015392849559893838
2.4823647294589173,303.6440178743935,-0.015438313862523976,0.9921221691884132,0.0003051874436302364,-0.014840157464474864,-0.016036470260573088,0.0003051874436302364,-0.015429006010629574,-0.015447621714418379
2.4905811623246485,309.4433558926326,-0.015509727068122186,0.9967114413769248,0.00030518274691510104,-0.014911579875465585,-0.016107874260778785,0.00030518274691510104,-0.015500419359471976,-0.015519034776772396
2.49879759519038,315.3534562492346,-0.015571778213106726,1.000699073518031,0.0003051770378647335,-0.014973642209983233,-0.016169914216230222,0.0003051770378647335,-0.015562470678575722,-0.015581085747637731
2.5070140280561115,321.37643440902724,-0.015591789004892663,1.0019850397401606,0.00030516413207783496,-0.014993678296646683,-0.016189899713138643,0.00030516413207783496,-0.015582481863972718,-0.015601096145812607
2.5152304609218428,327.51444624038504,-0.015567323670969625,1.0004128084474309,0.0003051588894268943,-0.014969223238130672,-0.016165424103808577,0.0003051588894268943,-0.01555801668994426,-0.015576630651994989
2.5234468937875745,333.76968878690457,-0.015524514953370403,0.9976617646389608,0.0003051655638959231,-0.014926401438812537,-0.01612262846792827,0.0003051655638959231,-0.01551520776878172,-0.015533822137959086
2.5316633266533057,340.1444010538126,-0.015481397218524677,0.9948908622589104,0.0003051823953451213,-0.014883250714932576,-0.016079543722116778,0.0003051823953451213,-0.01547208952059693,-0.015490704916452424
2.539879759519037,346.64086480940006,-0.015448802521724815,0.99279620855637,0.0003051868793592576,-0.0148506472296265,-0.01604695781382313,0.0003051868793592576,-0.015439494687040003,-0.015458110356409628
2.5480961923847687,353.26140540175646,-0.015443959196974812,0.9924849589017868,0.0003051870937154292,-0.01484580348474612,-0.016042114909203504,0.0003051870937154292,-0.015434651355752392,-0.015453267038197232
2.5563126252505004,360.0083925911092,-0.015458288956163132,0.993405841317863,0.00030520011225890903,-0.014860107728058089,-0.016056470184268173,0.00030520011225890903,-0.015448980717890711,-0.015467597194435552
2.564529058116232,366.8842413980544,-0.015489218047089961,0.9953934571322972,0.000305222703770085,-0.014890992540436656,-0.016087443553743266,0.000305222703770085,-0.01547990911980348,-0.015498526974376443
2.572745490981964,373.8914129679932,-0.015554951157831431,0.999617705777393,0.00030522128442743955,-0.014956728433038594,-0.01615317388262427,0.00030522128442743955,-0.015545642273833203,-0.01556426004182966
2.580961923847694,381.0324154520732,-0.01565276702600782,1.005903709040468,0.0003051948835547393,-0.015054596045974634,-0.016250938006041004,0.0003051948835547393,-0.01564345894720462,-0.01566207510481102
2.589178356713426,388.3098049049597,-0.015756192857511873,1.0125502289399633,0.0003051675991317158,-0.015158075353965152,-0.016354310361058593,0.0003051675991317158,-0.01574688561085093,-0.015765500104172814
2.5973947895791576,395.7261861997507,-0.015814675191251504,1.0163085162973546,0.0003051607614398631,-0.015216571089334554,-0.016412779293168457,0.0003051607614398631,-0.015805368153131986,-0.015823982229371023
2.605611222444889,403.2842139603653,-0.015773547784870043,1.013665519659534,0.0003051680699912624,-0.01517542935845557,-0.016371666211284514,0.0003051680699912624,-0.01576424052384845,-0.015782855045891636
2.613827655310621,410.9865935117441,-0.015650786900455446,1.0057764589744456,0.00030518001934922296,-0.015052645053729732,-0.01624892874718116,0.00030518001934922296,-0.015641479274992733,-0.01566009452591816
2.622044088176352,418.83608184819184,-0.015513984032917108,0.9969850094092958,0.00030521007693418357,-0.014915783274407408,-0.016112184791426808,0.00030521007693418357,-0.015504675490734015,-0.015523292575100201
2.6302605210420835,426.83548862022064,-0.015436275232125806,0.9919911593883264,0.000305254588871862,-0.014837987231821375,-0.016034563232430236,0.000305254588871862,-0.01542696533238187,-0.015445585131869742
2.638476953907815,434.9876771402346,-0.015459562566510996,0.9934876881485646,0.0003053262079328629,-0.014861134195426397,-0.016057990937595596,0.0003053262079328629,-0.015450250482471386,-0.015468874650550605
2.6466933867735465,443.2955654074292,-0.015582920626281232,1.0014151254928207,0.0003054914390252746,-0.01498416840820638,-0.016181672844356083,0.0003054914390252746,-0.015573603502890991,-0.015592237749671473
2.6549098196392777,451.7621271522579,-0.015770548657592934,1.0134727848384693,0.00030572917893983254,-0.01517133047784786,-0.016369766837338005,0.00030572917893983254,-0.01576122428341974,-0.015779873031766128
2.663126252505009,460.3903929008548,-0.015978944115523853,1.026865034511105,0.0003058791822377394,-0.01537943193471732,-0.016578456296330386,0.0003058791822377394,-0.01596961516642954,-0.015988273064618166
2.6713426853707407,469.1834510597789,-0.01616476019888557,1.038806251494809,0.00030591085329088896,-0.015565185943955513,-0.01676433445381563,0.00030591085329088896,-0.01615543028386203,-0.016174090113909113
2.679559118236472,478.1444490214842,-0.01626613286564351,1.045320827564184,0.00030733497728762364,-0.015663767378970333,-0.01686849835231669,0.00030733497728762364,-0.016256759516541937,-0.016275506214745085
2.687775551102204,487.2765942908968,-0.01624602915172728,1.044028889828177,0.0003163303763720477,-0.015626033006822065,-0.016866025296632493,0.0003163303763720477,-0.016236381453716024,-0.016255676849738533
2.695991983967935,496.58315563351056,-0.016171037573036773,1.039209658376879,0.0003458609748702023,-0.015493162518633264,-0.01684891262744028,0.0003458609748702023,-0.016160489227102705,-0.016181585918970842
2.704208416833666,506.0674642454139,-0.016095448848989675,1.034352052194261,0.0004074910563213795,-0.01529678105457759,-0.016894116643401763,0.0004074910563213795,-0.016083020859307608,-0.016107876838671743
2.712424849699398,515.732914945656,-0.016026322983913217,1.029909772822473,0.0004983500450466117,-0.015049574843927944,-0.01700307112389849,0.0004983500450466117,-0.01601112390378172,-0.016041522064044713
2.7206412825651296,525.5829673913952,-0.015963241972395258,1.0258559577142234,0.0006099792091980729,-0.014767704691048811,-0.017158779253741704,0.0006099792091980729,-0.015944638336313953,-0.015981845608476562
2.728857715430861,535.6211473162454,-0.015905811892977992,1.0221652920446758,0.0007352195024135669,-0.014464808147515943,-0.017346815638440042,0.0007352195024135669,-0.015883388577795234,-0.01592823520816075
2.737074148296593,545.8510477922845,-0.01585366160612142,1.0188139250378463,0.0008690889162377609,-0.01415027863093246,-0.01755704458131038,0.0008690889162377609,-0.0158271554339828,-0.015880167778260037
2.745290581162324,556.2763305161558,-0.01580644151977385,1.0157793906376786,0.0010082112761679318,-0.013830383729677537,-0.01778249930987016,0.0010082112761679318,-0.01577569228210794,-0.01583719075743976
2.7535070140280555,566.9007271197428,-0.015763822419130148,1.0130405323040537,0.0011502411363547252,-0.013509391218338461,-0.018018253619921834,0.0011502411363547252,-0.015728741440657747,-0.015798903397602548
2.761723446893787,577.7280405058667,-0.015725494357342742,1.0105774317258478,0.001293491904297474,-0.013190296810625562,-0.01826069190405992,0.001293491904297474,-0.01568604440183803,-0.015764944312847452
2.769939879759518,588.7621462095041,-0.01569116560408827,1.0083713412520017,0.0014367132313225458,-0.012875259414583916,-0.018507071793592622,0.0014367132313225458,-0.01564734756946401,-0.01573498363871253
2.7781563126252498,600.0069937849962,-0.01566056164907047,1.0064046198529952,0.0015789565681841803,-0.012565863642276515,-0.018755259655864425,0.0015789565681841803,-0.015612405362856551,-0.015708717935284392
2.786372745490981,611.4666082197532,-0.015633424257667478,1.0046606724333091,0.001719491012281799,-0.012263283801854832,-0.019003564713480123,0.001719491012281799,-0.015580981839048623,-0.015685866676286332
2.7945891783567127,623.1450913749646,-0.015609510576076803,1.0031238923247887,0.0018577483216166563,-0.011968390773368424,-0.01925063037878518,0.0018577483216166563,-0.015552851474938838,-0.015666169677214768
2.802805611222444,635.0466234538172,-0.01558859228344019,1.001779606799105,0.00199328542547686,-0.011681824638596947,-0.019495359928283433,0.00199328542547686,-0.015527799462795549,-0.01564938510408483
2.811022044088176,647.1754644977643,-0.015570454788564487,1.0006140254461175,0.0021257578472400553,-0.011404045968120582,-0.019736863609008393,0.0021257578472400553,-0.015505621717550442,-0.01563528785957853
2.819238476953907,659.5359559113624,-0.015554896468955613,0.9996141912714313,0.002254900203401951,-0.011135373281555746,-0.019974419656355477,0.002254900203401951,-0.015486124710588802,-0.015623668227322423
2.8274549098196387,672.1325220162414,-0.015541727950016676,0.9987679343750476,0.0023805114642939783,-0.010876011215215772,-0.020207444684817583,0.0023805114642939783,-0.015469125198478113,-0.01561433070155524
2.83567134268537,684.9696716347432,-0.015530771422352884,0.9980638280788956,0.0025024435300382833,-0.010626072230132573,-0.020435470614573195,0.0025024435300382833,-0.015454449888692663,-0.015607092956013105
2.8438877755511016,698.0519997038188,-0.015521859995236354,0.9974911473781308,0.0026205921868811136,-0.010385593690782312,-0.020658126299690396,0.0026205921868811136,-0.015441935068899374,-0.015601784921573334
2.852104208416833,711.3841889197356,-0.015514837084380758,0.9970398295973086,0.0027348898203413247,-0.010154551534826542,-0.020875122633934973,0.0027348898203413247,-0.0154314262169727,-0.015598247951788815
2.860320641282564,724.9710114142107,-0.015509555832264635,0.9967004371382528,0.0028452994569318894,-0.009932871371446758,-0.021086240293082512,0.0028452994569318894,-0.015422777603038295,-0.015596334061490975
2.868537074148296,738.8173304625478,-0.015505878559330867,0.9964641222121388,0.002951809832360935,-0.00972043759869222,-0.021291319519969515,0.002951809832360935,-0.015415851891086465,-0.01559590522757527
2.876753507014027,752.9281022243991,-0.015503676244481028,0.9963225934541724,0.003054431267832444,-0.009517100966276422,-0.021490251522685633,0.003054431267832444,-0.015410519745234415,-0.015596832743727642
2.884969939879759,767.3083775177806,-0.015502828033350955,0.9962680843235904,0.003153192193031395,-0.009322684898676551,-0.02168297116802536,0.003153192193031395,-0.015406659444046601,-0.01559899662265531
2.89318637274549,781.9633036269593,-0.01550322077293611,0.9962933231969946,0.0032481361940582677,-0.009136990815700902,-0.021869450730171318,0.0032481361940582677,-0.015404156505194569,-0.015602285040677653
2.9014028056112218,796.8981261448811,-0.015504748571211733,0.9963915050679418,0.0033393194928187904,-0.008959802632414344,-0.02204969451000912,0.0033393194928187904,-0.015402903321952701,-0.015606593820470764
2.909619238476953,812.1181908507765,-0.015507312380448435,0.9965562647692896,0.003426808784877574,-0.008790890580182925,-0.022223734180713946,0.003426808784877574,-0.015402798812456684,-0.015611825948440187
2.9178356713426843,827.6289456236327,-0.015510819603003404,0.9967816516399056,0.0035106793779448213,-0.008630014460964074,-0.022391624745042735,0.0035106793779448213,-0.015403748082268645,-0.015617891123738164
2.926052104208416,843.435942392217,-0.015515183718416344,0.9970621055604976,0.00359101358456534,-0.008476926424674198,-0.02255344101215849,0.00359101358456534,-0.015405662100494152,-0.015624705336338536
2.934268537074148,859.5448391223276,-0.015520323930710076,0.9973924342878676,0.00366789933128514,-0.008331373342472654,-0.022709274518947498,0.00366789933128514,-0.015408457389501572,-0.015632190471918578
2.9424849699398785,875.9614018420135,-0.015526164834839025,0.9977677920196792,0.0037414289533154368,-0.008193098835625377,-0.022859230834052672,0.0037414289533154368,-0.015412055728131861,-0.015640273941546188
2.95070140280561,892.6915067054762,-0.01553263610129369,0.9981836591259948,0.003811698149006404,-0.00806184500930315,-0.02300342719328423,0.003811698149006404,-0.015416383868190334,-0.015648888334397044
2.958917835671342,909.7411420963724,-0.015539672177910866,0.9986358229865154,0.003878805072647044,-0.007937353932471391,-0.023141990423350342,0.003878805072647044,-0.015421373263925406,-0.015657971091896324
2.9671342685370736,927.116410771308,-0.015547212007993281,0.9991203598759252,0.0039428495474837875,-0.007819368898465007,-0.023275055117521554,0.0039428495474837875,-0.015426959814150222,-0.01566746420183634
2.9753507014028044,944.8235320442564,-0.015555198763882271,0.9996336178423018,0.004003932383588636,-0.007707635495514932,-0.02340276203224961,0.004003932383588636,-0.015433083616619533,-0.01567731391114501
2.983567134268536,962.8688440127136,-0.015563579595177826,1.0001722005268223,0.004062154787450158,-0.007601902512148559,-0.023525256678207096,0.004062154787450158,-0.015439688734256517,-0.015687470456099136
2.991783567134268,981.2588058263476,-0.01557230539083209,1.000732951875026,0.004117617852011737,-0.007501922698789907,-0.023642688082874272,0.004117617852011737,-0.015446722972799492,-0.01569788780886469
3.0,999.999999999,-0.015581330554392174,1.001312941693101,0.004170422117422538,-0.007407453403914728,-0.02375520770486962,0.004170422117422538,-0.01545413766944131,-0.01570852343934304
